$MeshFormat
2.2 0 8
$EndMeshFormat
$Nodes
1207
1 0 0 0
2 8 0 0
3 8 2 0
4 0 2 0
5 0.1290322580642732 0 0
6 0.2580645161285403 0 0
7 0.3870967741927747 0 0
8 0.5161290322570237 0 0
9 0.6451612903213348 0 0
10 0.7741935483856542 0 0
11 0.9032258064499735 0 0
12 1.032258064514237 0 0
13 1.161290322578388 0 0
14 1.290322580642528 0 0
15 1.419354838706669 0 0
16 1.548387096770809 0 0
17 1.677419354834949 0 0
18 1.80645161289909 0 0
19 1.93548387096323 0 0
20 2.06451612902737 0 0
21 2.19354838709151 0 0
22 2.32258064515565 0 0
23 2.45161290321979 0 0
24 2.580645161283929 0 0
25 2.709677419348069 0 0
26 2.838709677412209 0 0
27 2.967741935476349 0 0
28 3.096774193540488 0 0
29 3.225806451604628 0 0
30 3.354838709668768 0 0
31 3.483870967732908 0 0
32 3.612903225797047 0 0
33 3.741935483861187 0 0
34 3.870967741925327 0 0
35 3.999999999989554 0 0
36 4.129032258054323 0 0
37 4.258064516119179 0 0
38 4.387096774184035 0 0
39 4.516129032248891 0 0
40 4.645161290313747 0 0
41 4.774193548378603 0 0
42 4.903225806443459 0 0
43 5.032258064508315 0 0
44 5.16129032257317 0 0
45 5.290322580638026 0 0
46 5.419354838702882 0 0
47 5.548387096767739 0 0
48 5.677419354832594 0 0
49 5.80645161289745 0 0
50 5.935483870962305 0 0
51 6.064516129027162 0 0
52 6.193548387092018 0 0
53 6.322580645156874 0 0
54 6.451612903221729 0 0
55 6.580645161286585 0 0
56 6.709677419351441 0 0
57 6.838709677416297 0 0
58 6.967741935481152 0 0
59 7.096774193546009 0 0
60 7.225806451610865 0 0
61 7.354838709675721 0 0
62 7.483870967740576 0 0
63 7.612903225805432 0 0
64 7.741935483870288 0 0
65 7.870967741935145 0 0
66 8 0.1249999999997466 0
67 8 0.2499999999995478 0
68 8 0.3749999999991891 0
69 8 0.499999999998825 0
70 8 0.6249999999984605 0
71 8 0.7499999999980959 0
72 8 0.8749999999977314 0
73 8 0.9999999999973884 0
74 8 1.124999999997696 0
75 8 1.249999999998025 0
76 8 1.374999999998354 0
77 8 1.499999999998683 0
78 8 1.624999999999013 0
79 8 1.749999999999342 0
80 8 1.874999999999671 0
81 7.870967741934947 2 0
82 7.741935483869892 2 0
83 7.612903225804839 2 0
84 7.483870967739785 2 0
85 7.354838709674731 2 0
86 7.225806451609678 2 0
87 7.096774193544624 2 0
88 6.967741935480012 2 0
89 6.838709677416308 2 0
90 6.709677419352687 2 0
91 6.580645161289065 2 0
92 6.451612903225445 2 0
93 6.322580645161824 2 0
94 6.193548387098202 2 0
95 6.064516129034581 2 0
96 5.935483870970961 2 0
97 5.80645161290734 2 0
98 5.677419354843719 2 0
99 5.548387096780099 2 0
100 5.419354838716478 2 0
101 5.290322580652856 2 0
102 5.161290322589235 2 0
103 5.032258064525615 2 0
104 4.903225806461993 2 0
105 4.774193548398372 2 0
106 4.645161290334752 2 0
107 4.516129032271131 2 0
108 4.38709677420751 2 0
109 4.258064516143889 2 0
110 4.129032258080269 2 0
111 4.000000000016474 2 0
112 3.870967741951593 2 0
113 3.74193548388654 2 0
114 3.612903225821487 2 0
115 3.483870967756434 2 0
116 3.35483870969138 2 0
117 3.225806451626328 2 0
118 3.096774193561274 2 0
119 2.967741935496221 2 0
120 2.838709677431169 2 0
121 2.709677419366115 2 0
122 2.580645161301062 2 0
123 2.451612903236009 2 0
124 2.322580645170955 2 0
125 2.193548387105902 2 0
126 2.064516129040849 2 0
127 1.935483870975796 2 0
128 1.806451612910743 2 0
129 1.67741935484569 2 0
130 1.548387096780637 2 0
131 1.419354838715584 2 0
132 1.290322580650531 2 0
133 1.161290322585478 2 0
134 1.032258064520425 2 0
135 0.9032258064553718 2 0
136 0.7741935483903184 2 0
137 0.6451612903252659 2 0
138 0.5161290322602126 2 0
139 0.3870967741951592 2 0
140 0.2580645161301067 2 0
141 0.1290322580650534 2 0
142 0 1.874999999999479 0
143 0 1.749999999999002 0
144 0 1.624999999999825 0
145 0 1.500000000000693 0
146 0 1.37500000000156 0
147 0 1.250000000002427 0
148 0 1.125000000003294 0
149 0 1.000000000004118 0
150 0 0.8750000000036413 0
151 0 0.7500000000031211 0
152 0 0.625000000002601 0
153 0 0.5000000000020806 0
154 0 0.3750000000015605 0
155 0 0.2500000000010403 0
156 0 0.1250000000005203 0
157 6.774193548384496 1.888254786609235 0
158 6.258064516130011 1.888254786609235 0
159 5.74193548387553 1.888254786609235 0
160 5.225806451621046 1.888254786609235 0
161 4.709677419366562 1.888254786609235 0
162 4.193548387112079 1.888254786609235 0
163 1.096774193546303 0.1112077699737182 0
164 1.612903225802879 0.111009429808614 0
165 2.12903225805944 0.1108458900510311 0
166 2.645161290315998 0.1106961340312223 0
167 3.161290322572559 0.1105512427372104 0
168 3.677469051815904 0.1117165363825264 0
169 7.03020794941892 0.1113195545033244 0
170 6.516129032254157 0.1117452133918342 0
171 5.999999999994732 0.1117452133918346 0
172 5.483870967735311 0.1117452133918346 0
173 4.967741935475887 0.1117452133918342 0
174 4.451848371930118 0.1100939607241932 0
175 1.354812637743628 1.889035769336224 0
176 1.87096774194328 1.888897057770297 0
177 2.387096774203481 1.888765640997591 0
178 2.900349862462654 1.888653369130528 0
179 3.419354838723907 1.888254786607995 0
180 0.1212162164775444 1.079924950997618 0
181 7.900243136195954 1.062467196831414 0
182 0.8384524207633711 1.888243644289858 0
183 3.806451612919066 1.888254786608069 0
184 7.161290322577153 1.888254786608185 0
185 4.064645709967083 0.1116703915734486 0
186 0.1227840832107628 0.6758785462232972 0
187 7.900543542624217 0.6880336512676912 0
188 0.7096377197309016 0.1117953695749065 0
189 0.1013738488317802 1.431336222401179 0
190 7.895086219322768 1.427278925512184 0
191 7.414084491658393 0.1094917091931908 0
192 0.4513400357480802 1.888410207438525 0
193 7.542402441716872 1.877809220100967 0
194 0.4511370649363072 0.1117061934049783 0
195 1.095796992546266 1.888627855217348 0
196 5.2258064516056 0.1117452133918346 0
197 6.771312976608977 0.1101089933725811 0
198 4.709677419346175 0.1103795285189589 0
199 6.258064516124453 0.1117452133918346 0
200 5.74193548386502 0.1117452133918342 0
201 2.129032258073386 1.888832612495173 0
202 2.64444230071709 1.889080261320928 0
203 1.612903225813163 1.888958293663748 0
204 3.158410732821479 1.888308807828651 0
205 3.419354838700839 0.1104795432684358 0
206 2.903225806444276 0.1106233678217207 0
207 2.38709677418772 0.1107701100893719 0
208 1.354838709674598 0.1111039007002656 0
209 1.87096774193116 0.1109250625015273 0
210 4.967741935493805 1.888254786609235 0
211 6.516129032257258 1.888254786609235 0
212 5.483870967748292 1.888254786609235 0
213 4.451612903239321 1.888254786609235 0
214 6.000000000002775 1.888254786609235 0
215 7.871035131605477 0.4358828104960454 0
216 0.1153668444195254 0.4400989956121784 0
217 0.08573401915583471 1.683110348667494 0
218 7.898411064730114 1.689326473901144 0
219 7.673323051037302 0.1058988290702322 0
220 0.1987794477353799 0.1084731564349337 0
221 7.884079438848925 0.1955154061879976 0
222 0.1946880455399586 1.896598002007086 0
223 7.806435770949415 1.869767378674877 0
224 0.3227685281829955 1.889963618477374 0
225 0.3870377575548333 1.777499357237294 0
226 0.5150604295403918 1.777157326295789 0
227 0.4481596463289813 1.665017721347198 0
228 0.5781432539918782 1.666028115611526 0
229 0.5112334838697626 1.554025402999837 0
230 0.6414876739403187 1.555257898286306 0
231 0.5763468842437069 1.444318842111943 0
232 0.7052371211644111 1.444753912081218 0
233 0.6401356675858361 1.333829787193746 0
234 0.7688340758169117 1.334111555469851 0
235 0.7047273052068299 1.223667893531494 0
236 0.8326469055411722 1.223497592663844 0
237 0.7685745688198493 1.113087789860774 0
238 0.8963924311335438 1.112655231472131 0
239 0.8321355753513011 1.001957677703337 0
240 0.9601957426671476 1.001655143151945 0
241 1.024292418148256 1.112639965437846 0
242 1.088352206299086 1.001317087890564 0
243 1.152590445532591 1.11252282939223 0
244 1.216711417301539 1.000924991721306 0
245 1.281211783222742 1.112060993425865 0
246 1.345241477266016 1.000548033002396 0
247 1.409808667850868 1.111764156372613 0
248 1.473867137297836 1.000187965471 0
249 1.538470266438932 1.111476831592644 0
250 1.602566323411833 0.9998503383753491 0
251 1.667212965324943 1.111196428625785 0
252 1.731342518458475 0.9995158565045147 0
253 1.796023571530405 1.110921233202035 0
254 1.860179384706217 0.9991797191658163 0
255 1.924881504263547 1.110631385244883 0
256 1.989057357297392 0.9988538377911205 0
257 2.053773724319387 1.110333085309573 0
258 2.117965204011028 0.9985349347862364 0
259 2.182698102582286 1.110035129970945 0
260 2.246902330595876 0.9982166146219728 0
261 2.311648083127166 1.10973862867487 0
262 2.375862097305604 0.9978975148524256 0
263 2.440615672184571 1.109436604655681 0
264 2.504837112545133 0.997582156951022 0
265 2.5695959608319 1.109131430261708 0
266 2.633823179825971 0.9972693642465456 0
267 2.698588137109905 1.10882637602523 0
268 2.76282006733504 0.9969567855227492 0
269 2.827589772659267 1.108521855626924 0
270 2.891825317571716 0.9966439192331649 0
271 2.95659791258867 1.108215295962531 0
272 3.020836200780004 0.996332434614204 0
273 3.085610743597767 1.107907572578257 0
274 3.149851144377974 0.9960219094840579 0
275 3.214627893265016 1.107599822153309 0
276 3.278869951893397 0.9957114706699938 0
277 3.34364764364448 1.107047716703227 0
278 3.407891652201441 0.9953601753272772 0
279 3.472889457726249 1.106564817278314 0
280 3.536952021498785 0.9950142253017824 0
281 3.60195740153495 1.10646579891651 0
282 3.665990695611769 0.9947334833436977 0
283 3.730773309323951 1.106051446201528 0
284 3.794984718652499 0.9944110106071988 0
285 3.860003041783939 1.105582026386241 0
286 3.923989290987627 0.9941024098462758 0
287 3.989061940457443 1.105519147303049 0
288 4.053019778212033 0.9940311657486116 0
289 4.117830850878105 1.105435978137282 0
290 4.18205782019845 0.9937689670340838 0
291 4.246841554109437 1.105168362535138 0
292 4.311085652055679 0.9932772180145024 0
293 4.37586821606054 1.104835783073105 0
294 4.440115128928131 0.992933529536288 0
295 4.504898069100816 1.104517060129742 0
296 4.569145572783912 0.992616871728873 0
297 4.633928799215793 1.104205167024549 0
298 4.698176515322614 0.9923058947376899 0
299 4.762959873331635 1.103895291740676 0
300 4.827207635159244 0.9919961021621941 0
301 4.891991087359234 1.103585861429062 0
302 4.956238997732104 0.9916868257225607 0
303 5.02102252730851 1.103276702971227 0
304 5.085270492185552 0.991377562150634 0
305 5.150054061292682 1.102967543072287 0
306 5.214302066268731 0.9910683010241408 0
307 5.279085666601581 1.102658358507006 0
308 5.343333703369051 0.9907590573796379 0
309 5.408117326303657 1.102349160107458 0
310 5.472365388333529 0.9904498252352003 0
311 5.537149038130307 1.102039962285441 0
312 5.60139712094684 0.9901405940976646 0
313 5.666180791702272 1.101730766800477 0
314 5.730428890500961 0.9898313617009737 0
315 5.795212574048536 1.101421562328821 0
316 5.859460684998037 0.9895221354220005 0
317 5.924244377173378 1.101112352710047 0
318 5.988492497569112 0.9892129133271369 0
319 6.053276199733946 1.100803143288178 0
320 6.11752432784024 0.9889036915924754 0
321 6.182310517639404 1.100492494982371 0
322 6.246561732863087 0.988593342462105 0
323 6.311343704285076 1.100181942724345 0
324 6.375597288061944 0.9882879102798828 0
325 6.44036817551995 1.099872189182633 0
326 6.504615925362627 0.9879853654510938 0
327 6.569381491551013 1.09954846410318 0
328 6.633685300895519 0.9876707682447915 0
329 6.698370963963376 1.09884213565862 0
330 6.762706858772248 0.9873632542751218 0
331 6.827530253921112 1.098201775862862 0
332 6.891496326916334 0.9871416326990829 0
333 6.956246233194927 1.098090378951104 0
334 7.019960790143093 0.9871573501874892 0
335 7.084326643564653 1.097876809164916 0
336 0.8958011229447347 0.8909787976449566 0
337 7.1481167141088 0.9870108422788222 0
338 3.859633299002619 0.8827334961670061 0
339 4.24677321849283 0.8819837801805548 0
340 1.280643571167768 0.8894102375086251 0
341 1.795459017327682 0.8877600429506942 0
342 2.311101737552675 0.8863702763157949 0
343 2.827050215524482 0.885076919240764 0
344 3.343111372705246 0.8838195033436124 0
345 4.633393035054433 0.8807158374951405 0
346 5.149518438711857 0.8794782954993026 0
347 6.955717247599052 0.876513184980596 0
348 5.665645195847894 0.8782411804401408 0
349 7.212226389727985 1.097440335608106 0
350 6.181772453019996 0.8770042230982563 0
351 6.568858647980919 0.8761214608534575 0
352 0.767821828888952 0.8912625864496311 0
353 7.02080555751391 1.208470355474333 0
354 7.275850994963193 0.9868872076926263 0
355 4.053636162542549 1.217136874462539 0
356 6.634438120324685 1.210071770046611 0
357 3.667029438648563 1.217128982042248 0
358 6.118059898929984 1.212393392006785 0
359 5.601932679898911 1.213630150119526 0
360 0.8314587811357972 0.7803382221561079 0
361 5.085806025990234 1.214866725948494 0
362 4.569680901745505 1.216102808309453 0
363 3.279587842696241 1.218567118397975 0
364 2.76335129122233 1.220394876484565 0
365 1.21682534797643 1.223945194276046 0
366 2.247426241019684 1.221489965596924 0
367 1.731847787152294 1.222558935728587 0
368 0.7035667107046782 0.7806990401547209 0
369 7.339839060010292 1.09706429625469 0
370 7.40316686685434 0.9867200047801843 0
371 7.339411239709812 0.8765366670742744 0
372 0.6399918501555215 0.8915923497211392 0
373 0.7671386197027399 0.6698047215087467 0
374 0.895149613421946 0.6693136879400641 0
375 0.6393009657722579 0.6701807751485817 0
376 0.8331587674596502 1.444747847331564 0
377 7.276480718395809 1.207607324720268 0
378 6.376502513013588 1.211539858491763 0
379 5.923708788701056 0.8776226904991652 0
380 5.859996249030659 1.21301178408813 0
381 5.407581720566199 0.8788597074641843 0
382 5.343869243641989 1.214248473292005 0
383 4.89145547509112 0.8800969839159873 0
384 4.827743167996916 1.215484862581403 0
385 4.311619609107387 1.216720439914754 0
386 3.601159480195917 0.8831962357217992 0
387 3.085072855017958 0.8844455088766819 0
388 3.0213685754967 1.219791446895533 0
389 2.569054129645808 0.8857167065633142 0
390 2.505364016896447 1.220988621662086 0
391 2.053221238696826 0.887046517977373 0
392 1.989572723396673 1.222061431731456 0
393 1.537891340144219 0.8885348462955079 0
394 1.474334197335279 1.223057778961036 0
395 7.40377200885098 1.207262077631587 0
396 7.340500333297642 1.317616197935178 0
397 0.5743562762033544 1.219508159092105 0
398 7.466547236966847 0.8765206564669172 0
399 7.402928971808685 0.7663836905270492 0
400 0.8308643228906754 0.5586566960402424 0
401 0.9589985217902859 0.5581447212494928 0
402 7.467664399381531 1.31708201646384 0
403 7.404554384901868 1.427573660746313 0
404 7.277084410374347 1.428147576498827 0
405 7.341616947658757 1.538197982879205 0
406 7.214551738318477 1.539960476067269 0
407 7.468944414931725 1.537648698661228 0
408 7.275511200804854 0.7663913813686293 0
409 7.33923279043557 0.6558106977044977 0
410 7.211402694045653 0.6559514281795957 0
411 7.467236225752757 0.6555542307655569 0
412 7.275353444141283 0.5450822166629254 0
413 7.147224196499886 0.545229947228469 0
414 0.894916197893866 0.4475186863061838 0
415 0.7682002457017362 0.4474170689324118 0
416 1.022861464351752 0.4471659639430023 0
417 1.087418009421979 0.5578409311921411 0
418 1.151303400487997 0.4467172667922177 0
419 1.21596930013529 0.5574926158629109 0
420 1.279928389473307 0.4464070856820213 0
421 1.344653510412211 0.5571418546316775 0
422 1.408660800945917 0.4459850643490424 0
423 1.473420990765863 0.5567610893177632 0
424 1.537465925361453 0.4456596206215882 0
425 1.602253675928218 0.5563874246798319 0
426 1.666325633950582 0.4452466950406208 0
427 1.731132400401255 0.5559951917503113 0
428 1.795226181811928 0.4449154537548377 0
429 1.86004832058532 0.5556095511971231 0
430 1.924156613604927 0.4445086874318738 0
431 1.988989390151593 0.555209340596672 0
432 2.053109753532301 0.444174061013106 0
433 2.117951322951894 0.5548177815829983 0
434 2.182080721206313 0.4437703208600443 0
435 2.246928690692036 0.5544145748087066 0
436 2.31106569930856 0.4434339094017971 0
437 2.375918843357764 0.5540193634112341 0
438 2.440060916086552 0.4430322585751232 0
439 2.504917777876567 0.5536135853185933 0
440 2.569064256960443 0.4426946985492909 0
441 2.633924117958517 0.5532164320581684 0
442 2.69807383576842 0.4422941032983491 0
443 2.762935970993434 0.552809665316684 0
444 2.827088569539971 0.4419559215915717 0
445 2.891952444047128 0.552411236025507 0
446 2.956106871066237 0.4415560797647441 0
447 3.020972065901618 0.5520035514283237 0
448 3.08512822530947 0.441217492873106 0
449 3.149994377954474 0.5516044293801525 0
450 3.214151711563469 0.4408180313734809 0
451 3.279018671255452 0.5511963960260176 0
452 3.34317719493226 0.4404792291493084 0
453 3.408044668114338 0.5507968323731449 0
454 3.472203873043882 0.4400800364029333 0
455 3.537071820641892 0.5503884870122028 0
456 3.601231807751062 0.4397384503846952 0
457 3.666099995775372 0.5499882322232916 0
458 3.730257571112676 0.4384900885177354 0
459 3.795128392555557 0.5494381313359615 0
460 3.859289209532673 0.4388016931354455 0
461 3.924158197680152 0.5491229995573753 0
462 7.530740592444673 1.206767934824494 0
463 3.988319609782634 0.4385897194869811 0
464 4.053188304002878 0.5487597183794091 0
465 4.11734693501594 0.4373083264644623 0
466 4.182218175258887 0.5482101491251623 0
467 4.246379970073875 0.4376798227505306 0
468 4.311201947517097 0.5478779318009531 0
469 7.2112391989352 0.4358033006362401 0
470 7.08297783225332 0.436307401108159 0
471 7.018924221773642 0.5458372646795058 0
472 6.95454330011264 0.4349542651449019 0
473 6.890414729618311 0.5459803979142208 0
474 6.825922805726051 0.4346106834449235 0
475 6.761753858814996 0.546071931137745 0
476 6.697202712790792 0.4346420299891661 0
477 6.632938736794093 0.5462965584327238 0
478 6.56832438008721 0.4347855067473849 0
479 6.504027409387271 0.5465180605896505 0
480 6.439390468959303 0.434952695754058 0
481 6.375066558604724 0.5467254252462588 0
482 6.310410745122798 0.4351227398341391 0
483 6.246078141158899 0.5469284378584096 0
484 6.181413757823883 0.4353041113485098 0
485 6.117073366432295 0.5471243853268144 0
486 6.052401249293919 0.4354884815857223 0
487 5.988056214808439 0.5473172664478577 0
488 5.923380791116147 0.4356755243334893 0
489 5.859032570271627 0.5475088731339834 0
490 5.794354837832078 0.4358635249990007 0
491 5.730005153978281 0.5476999585120259 0
492 5.665326387230737 0.4360524530899054 0
493 5.600975712906536 0.5478902993100597 0
494 5.536296233478708 0.4362416184392599 0
495 5.471945078423268 0.548080463300769 0
496 5.407265260931016 0.4364310431424885 0
497 5.342913844690239 0.5482703329525183 0
498 5.278233878492964 0.4366205966339636 0
499 5.213882311252431 0.5484600886432345 0
500 5.149202228697789 0.4368101876096515 0
501 5.084850586932434 0.548649783464753 0
502 5.020170458645722 0.4369997957612624 0
503 4.955818777392459 0.5488394317559724 0
504 4.891138646427523 0.4371894320001184 0
505 4.826786960043512 0.5490290689280962 0
506 4.762955501389584 0.4382649975212772 0
507 4.697896622129731 0.5493663419882879 0
508 4.636171891693607 0.4384081525617552 0
509 7.33942660954637 0.4344179716174443 0
510 0.4456674457091868 1.440012058303765 0
511 7.594714424771333 1.316686448886047 0
512 7.406033135531414 1.648438948164986 0
513 7.534272303102331 1.64931221575426 0
514 7.6573866872304 1.206519587062227 0
515 0.9606946432043202 0.3359394651544093 0
516 7.276681055886804 0.3274241362214345 0
517 0.7062980032156272 1.665954316724187 0
518 7.530134280186439 0.9864236380166057 0
519 7.593364989000897 0.8765380130483209 0
520 3.927714852184653 0.3304697568675806 0
521 7.596509581182369 1.5373425919315 0
522 4.375320708246429 0.435923190205693 0
523 4.314659008821911 0.326583909139078 0
524 4.5690749744711 0.5490317198138726 0
525 3.989029799567688 0.6602764945485696 0
526 1.151839778257227 0.6687129317555464 0
527 3.730736338390209 0.6609881599086597 0
528 7.1494867627561 1.428791191683739 0
529 7.08550062680132 1.539455392422734 0
530 3.472447588154911 0.6619325870400636 0
531 1.409114150841959 0.6680526492895877 0
532 3.214398226672116 0.6627171025927281 0
533 2.956358168004424 0.6634999983624977 0
534 1.666694885169235 0.6673434232980631 0
535 2.698332010516998 0.6642817687452001 0
536 2.440331834218315 0.6650587735900139 0
537 6.826382646937769 0.6571802886690304 0
538 1.924479150782497 0.666593078864991 0
539 2.182369748024175 0.6658326089814818 0
540 4.762403411978749 0.6607147204834356 0
541 5.020460876991409 0.6603186992517138 0
542 5.278524400542118 0.6599288149831001 0
543 6.310753322134928 0.6585394363493908 0
544 5.536598357828828 0.659445924455724 0
545 7.021099683440433 1.428982844557038 0
546 6.956999299788259 1.543140476231645 0
547 6.892541769316243 1.429754887153422 0
548 6.828423762975253 1.544253062153402 0
549 7.024528402619514 1.657834282502141 0
550 5.794684989067257 0.6593466480157626 0
551 6.052735035431009 0.6589557747369981 0
552 6.764146892574601 1.430203815312828 0
553 6.699895822128125 1.541751831811381 0
554 6.635754877387507 1.43067352023887 0
555 6.571457388849817 1.541858189127934 0
556 6.63590599270533 1.654186933853365 0
557 6.507011613448988 1.654717733031638 0
558 6.442508240704043 1.542710799720555 0
559 6.378059992707335 1.655089339794687 0
560 6.313209762414091 1.542986597528579 0
561 6.249016986468071 1.655483224315582 0
562 6.184137159366212 1.542740952870915 0
563 6.119987422618399 1.655651099753358 0
564 6.055113074023375 1.543184021188705 0
565 5.990962396333516 1.656031813784455 0
566 5.926087933721225 1.543595472354607 0
567 5.861935379250764 1.656307119364074 0
568 5.79706000401189 1.543984923413932 0
569 5.732906452860786 1.656694666160634 0
570 5.668030537051209 1.544389966547092 0
571 5.603875982874829 1.656969392788313 0
572 5.538999981108343 1.544779021073762 0
573 5.474845114257818 1.657356224655843 0
574 5.409968992917465 1.545184237489085 0
575 5.345813547334162 1.657630032653149 0
576 5.280937677843541 1.54557336823217 0
577 5.216782150517752 1.658016581264536 0
578 5.151906303207244 1.54597865444133 0
579 5.087750323896865 1.658289469915853 0
580 5.022874828761498 1.54636770531562 0
581 4.95871883987518 1.658675812752161 0
582 4.89384341794478 1.546772963627591 0
583 4.829687007607472 1.65894775428829 0
584 4.764811971633049 1.547161877146305 0
585 4.7006555748793 1.659333902462225 0
586 4.63578063668213 1.547567107096051 0
587 4.571623847820177 1.659604896879127 0
588 4.506749320525365 1.547955897936024 0
589 4.442592582876679 1.659990853512519 0
590 4.377718175495115 1.548361117195356 0
591 4.313561138448236 1.660285403261926 0
592 4.248687113646723 1.548753866537023 0
593 4.184529958450827 1.660615378565582 0
594 4.119656251370505 1.549150452765814 0
595 4.055499270156838 1.661037866646622 0
596 3.990625635634784 1.549563177051553 0
597 3.926468598953516 1.661382821023261 0
598 3.861595216016406 1.549965753128347 0
599 3.797438482249331 1.661824305227902 0
600 3.732565341580124 1.550382627314582 0
601 3.668408532130131 1.662167294003013 0
602 3.603535735351091 1.550785640068453 0
603 3.539378963338086 1.662497504175258 0
604 3.474506467957989 1.551184371385143 0
605 3.410350118063342 1.662894897100091 0
606 3.345478221487962 1.551593428913116 0
607 3.409795643599765 1.439776514966234 0
608 3.28132190417246 1.663235303190095 0
609 3.216450613241575 1.551995106450447 0
610 3.152294878932456 1.663634808609211 0
611 3.087424206455886 1.552405474037824 0
612 3.796906345230483 1.438554132966993 0
613 3.151387896114978 1.440858907459365 0
614 3.023268891590718 1.663976055999176 0
615 2.958398986081235 1.552807863954934 0
616 2.894243448650535 1.664374227897302 0
617 2.829376273676668 1.55321671620521 0
618 2.893345574658611 1.441650038484944 0
619 4.183760775814526 1.437340805288128 0
620 4.441822639985327 1.436524343587335 0
621 2.764297751206829 1.442108007793846 0
622 2.700322117951457 1.553284288956419 0
623 2.635277519016284 1.442454097609742 0
624 2.571301994511202 1.553627475232139 0
625 2.506272868088687 1.442828773692163 0
626 2.442292664904333 1.553954348911645 0
627 2.377275751823218 1.443204760417954 0
628 2.313290283730052 1.554345027159564 0
629 2.248285371160148 1.443589924978898 0
630 2.184295788042913 1.55468288562131 0
631 2.119314050802299 1.443970569802077 0
632 2.055313846415652 1.55507488311486 0
633 1.990362905106839 1.44436277973496 0
634 1.926346137428919 1.555416858534426 0
635 1.86142622925046 1.444746432837446 0
636 1.797394027943124 1.555808216472812 0
637 1.732506826414291 1.445132362421767 0
638 1.668464242726218 1.556152913987577 0
639 1.603640046372382 1.445508357146769 0
640 1.539570379614599 1.556537551364385 0
641 1.47478916706589 1.445895838240827 0
642 1.410716841676957 1.556900920937032 0
643 1.345951273824029 1.446292856032193 0
644 1.281917825010689 1.557271626720501 0
645 1.217194628995076 1.446749260649035 0
646 1.153219285908878 1.557668577938215 0
647 1.088717277091569 1.44712307492327 0
648 1.025067165530813 1.556539330316028 0
649 4.699885087697441 1.435708020798856 0
650 4.957947804845736 1.43489185635944 0
651 5.216010640717709 1.43407580975834 0
652 5.47407326650431 1.433260082472152 0
653 5.732136315146414 1.432667465023461 0
654 5.990243824508677 1.431424206205419 0
655 6.248434824622081 1.431466149592174 0
656 2.510038577372635 1.664948027542642 0
657 2.252013174237206 1.665395616578988 0
658 1.218881978925269 0.33532074220503 0
659 1.994013636701763 1.665846877992087 0
660 1.736054656958672 1.666301254224065 0
661 1.219598832083013 1.666834872069823 0
662 1.476543586713943 0.334872301773062 0
663 1.478169883464537 1.666770354296927 0
664 1.734376716369156 0.3344196989931299 0
665 1.992305005102409 0.3339684098438929 0
666 2.250287708959102 0.3335171676328064 0
667 2.508303007018722 0.3330663215615807 0
668 2.766337564447796 0.3326154657292357 0
669 3.024383842804971 0.3321647581514252 0
670 3.282437079402323 0.3317140543047572 0
671 3.540544255834623 0.3312316674914427 0
672 7.656736799914424 0.9863687605512116 0
673 7.719802412430199 0.8763878470760882 0
674 7.656639212816641 0.7670543465004933 0
675 4.83158708462949 0.3270572605747953 0
676 5.088660890387614 0.3257056235643254 0
677 5.346724537216303 0.3253877061462349 0
678 5.604787134805093 0.3250703915077632 0
679 5.862846157639468 0.3247550293256259 0
680 6.120893467984922 0.3244460206057153 0
681 6.378907233792803 0.3241554170352853 0
682 6.636097255229086 0.3243113760608492 0
683 6.890224004562588 0.3239109361755262 0
684 7.403592418425253 0.3242563233273118 0
685 7.467638559153852 0.4342076281085892 0
686 7.531461079477745 0.3251684223801957 0
687 7.595388217864607 0.4341202915478077 0
688 7.662105674416116 0.3237869773097179 0
689 4.444584126833305 0.3260513641892679 0
690 7.661572952530596 1.647810257442137 0
691 0.3233295315490807 1.666749548915176 0
692 3.991342734191849 1.77306574967993 0
693 3.604252876488945 1.774306922043598 0
694 7.147809602104989 0.7666207581328834 0
695 4.247090674492628 0.6595544269012255 0
696 4.375764540964681 0.6594265210758019 0
697 6.828454767256102 1.319256552612906 0
698 6.568674926449019 0.6580634280515877 0
699 7.719791578634702 1.31517001012934 0
700 7.714848365421508 1.529964566326535 0
701 7.781779522369584 1.206427182393035 0
702 7.726579668899726 0.4341434718874911 0
703 7.659658945911225 0.5440171919334591 0
704 7.785919555365909 0.3238900783001107 0
705 7.783562743789734 0.5436852146752584 0
706 7.472472902740586 1.762074356238976 0
707 7.34457877187538 1.75990323781112 0
708 6.445655127843153 1.77164510195624 0
709 6.187636226244135 1.77187497849322 0
710 5.929584014310493 1.772086445464895 0
711 5.67152363696523 1.772317259512672 0
712 5.411696854636162 1.769982128874143 0
713 5.153633576324482 1.770591182372976 0
714 7.413573562333512 1.878019427479918 0
715 7.603249242693702 1.760421692699221 0
716 7.725457711101247 1.756653440849409 0
717 4.895281622293583 1.770904728323908 0
718 4.637218498413607 1.771575032068069 0
719 7.794963290130185 0.7548972038726139 0
720 7.847196142434076 0.8755721522793066 0
721 4.378435168252673 1.77182416498431 0
722 3.346195309715724 1.775133970767323 0
723 3.09041722867991 1.77567542206416 0
724 7.83487347295468 1.311311999919305 0
725 7.673625817820902 1.875527280851051 0
726 7.71744883456609 0.6496608273619149 0
727 7.593944805120768 0.6545614440375358 0
728 7.604131008948749 0.215192387215112 0
729 7.714350480299594 1.099499988593071 0
730 0.2580401305222897 1.784810378329218 0
731 7.53240685722227 0.5441956575734626 0
732 0.5798587875147201 1.888299228811832 0
733 0.7087404574263163 1.887705107688841 0
734 0.7729313306966281 1.776780265020303 0
735 0.9020816098583322 1.777186147656864 0
736 0.8359439961442008 1.665917852303672 0
737 1.152605481997061 1.335688773909159 0
738 1.024075080496291 1.336045431652935 0
739 0.3233003866689116 0.1109040759957102 0
740 0.3867088167262694 0.2225856704604438 0
741 0.5149226484565597 0.223294400336152 0
742 0.4506054949053134 0.3336658654481887 0
743 0.322501535843567 0.3333162861743963 0
744 0.3860831882582448 0.4438312100816025 0
745 0.5136962855574752 0.4445355415586092 0
746 0.449183577221463 0.5543237858403881 0
747 0.3221495682558129 0.5537132874252897 0
748 0.3850374436888884 0.6638691562455167 0
749 0.258312003145918 0.6633717128259706 0
750 0.3235749938774877 0.7718397495652735 0
751 0.4480177549643042 0.7749615861940994 0
752 0.3837548326727906 0.8832195446630077 0
753 0.2369157959868658 0.8799671759424503 0
754 0.319788690484555 0.9921909733255204 0
755 0.4460159741584724 0.993225527127209 0
756 0.3821194812202156 1.10212211984614 0
757 0.2560234322210945 1.100357587866148 0
758 0.3181447120441904 1.210805119976853 0
759 0.1911515519846628 1.204133220273636 0
760 0.2487472152766054 1.308787251218007 0
761 0.1955302632121085 0.5535497719160064 0
762 0.38030540203101 1.320728608129458 0
763 0.3066237626022645 1.430562360514597 0
764 0.5096867608392861 1.105838717456232 0
765 0.3799334454278721 1.55383118342994 0
766 0.2513210329334308 1.562173919890655 0
767 0.5764085547247029 0.555484203336935 0
768 0.5089318496208424 1.329838513427074 0
769 0.5804290426791868 0.1117181486755979 0
770 0.6444209658534908 0.2231539675397151 0
771 0.772354408828209 0.2236288812999188 0
772 0.5784625904666294 0.3342089618695044 0
773 7.467073202306665 1.097063972401527 0
774 0.2594204169075542 0.2218958998354931 0
775 0.1949695263364933 0.3333192511425896 0
776 0.119792463907825 0.2075954082514863 0
777 0.2561001543876253 0.4429714670586771 0
778 0.5751268284324563 0.7778895516881017 0
779 0.7033139982261383 1.001013852896573 0
780 0.6385631385193232 1.109704058453867 0
781 1.088441309812169 1.223992699110088 0
782 7.658196781253599 1.425961256902369 0
783 0.9672247301222385 1.888440781373978 0
784 1.029732251990075 1.77739295617314 0
785 7.793825303989929 0.9967115740464969 0
786 7.592737007063699 1.097107313574856 0
787 6.827116608124496 0.87611918862241 0
788 6.698252010817105 0.8760371656049613 0
789 7.285799181297989 0.1099497192387014 0
790 7.531763997737071 1.427049112265216 0
791 1.281384754822811 1.335106177847871 0
792 7.403518527810939 0.5448474511209053 0
793 7.032292038136143 1.888350934317831 0
794 7.093213515515757 1.771755889921751 0
795 6.961709437815436 1.775134402362861 0
796 6.893192167402807 1.661360942881098 0
797 7.152769654781857 1.653210574097419 0
798 7.159119101828872 0.1102724951163825 0
799 7.090739211687209 0.2205486676204904 0
800 7.530110240244433 0.7661020635576455 0
801 6.763784668479784 1.656702689578151 0
802 6.70202195286177 1.769960913436122 0
803 1.224808890762155 1.888802008591625 0
804 1.286931755637123 1.778225232659877 0
805 7.148765757916463 1.207989173801338 0
806 1.410045008321605 1.334696898285388 0
807 6.505333942123039 1.210826793766842 0
808 6.441182353235786 1.322853978053945 0
809 6.899884163923533 1.88770510425348 0
810 1.280363686795945 0.6682948685121051 0
811 6.247635356428998 1.21143988644637 0
812 6.439856209350087 0.876408214115205 0
813 6.310835193505284 0.8766896730939726 0
814 1.795438345662098 0.6668714258911593 0
815 1.53777932116325 0.6675959546413295 0
816 6.95518457975966 0.6564295475453471 0
817 3.02230322644947 1.441356716407237 0
818 2.053280331608677 0.6661162578545592 0
819 2.311197139255293 0.6653601881090441 0
820 2.765222236473992 1.665248169828516 0
821 2.832225031555052 1.776951448380827 0
822 3.280666319466109 1.440435238774235 0
823 3.538590743806751 1.439491177432602 0
824 3.47392202477246 1.328630493070169 0
825 3.6677967550835 1.439224266025407 0
826 2.569179680893007 0.6645935846019948 0
827 2.82718925519129 0.6638268782340471 0
828 3.925682664765838 1.438284383446639 0
829 3.861056797020402 1.327500387141935 0
830 4.054624988114893 1.438007085055618 0
831 3.085222873728318 0.6630563444613201 0
832 3.343266282509801 0.6622858497798827 0
833 4.312764485140803 1.437002453852028 0
834 4.570826561600416 1.436192129627469 0
835 3.601357421211505 0.6614873653633881 0
836 4.633401655130776 0.6608042792112109 0
837 4.828889128953529 1.435382229960031 0
838 4.118059881372545 0.6598484708270531 0
839 4.053349076560992 0.7711964023338826 0
840 4.891409538181595 0.6604275834575508 0
841 3.85997160728683 0.6605102044827811 0
842 5.086951873719436 1.434572417142462 0
843 3.677419354854293 1.888254786608158 0
844 3.935635067442603 0.1102851087806154 0
845 3.806485113854326 0.110124257229342 0
846 3.737994595806862 0.2213617344858956 0
847 4.193569976534846 0.1102530295684619 0
848 4.125180792061737 0.2210182204664541 0
849 4.322602479374583 0.1099498442448809 0
850 6.129032258059628 0.1117452133918342 0
851 6.898203099836981 0.1105534901792408 0
852 5.096774193540771 0.1117452133918239 0
853 4.838709677411051 0.1109707188728651 0
854 5.870967741929908 0.1117452133918284 0
855 4.580919888680318 0.1111064345181647 0
856 4.644256226704675 0.2196220416266406 0
857 5.35483870967048 0.111745213391818 0
858 6.644846354693589 0.1109476953695877 0
859 5.612903225800188 0.1117452133918125 0
860 6.387096774189327 0.1117452133918185 0
861 2.00000000000833 1.88910040727854 0
862 2.062043752585538 1.777960084276311 0
863 1.483866622424869 1.889258346187707 0
864 1.546012525814797 1.778549063832075 0
865 1.741935483878221 1.88918259003342 0
866 1.804016430383834 1.778258431917014 0
867 2.516009200665782 1.888988362514677 0
868 2.577277604202753 1.777399139967887 0
869 2.258064516138433 1.889014059207966 0
870 2.320085888941069 1.777657558441955 0
871 4.064516129048434 1.888254786609219 0
872 0.9674132034790033 0.1114353315426742 0
873 1.028963403414081 0.2231403694178155 0
874 0.8379777470831745 0.1115325096915703 0
875 3.032258064508417 0.1102373984511377 0
876 3.093463109383992 0.220137258960442 0
877 2.25806451612358 0.1105334856106939 0
878 2.319303833604244 0.2210867335633127 0
879 2.774193548380138 0.1103343132096429 0
880 2.83540501103281 0.2204515747786927 0
881 3.290322580636698 0.1101413026077449 0
882 3.351523714564197 0.219823957758471 0
883 1.999999999995299 0.1106384834632158 0
884 2.061267935026786 0.2214108848700913 0
885 1.741935483867019 0.1107501073965659 0
886 1.803251457083887 0.2217432267228419 0
887 2.516129032251858 0.1104327463124001 0
888 2.577350957445384 0.220767725609311 0
889 1.483870967738739 0.1108743846546737 0
890 1.545267318996294 0.2220908400898504 0
891 1.225806451610456 0.11101876369709 0
892 1.287342203302268 0.2224636569724082 0
893 3.548445040481917 0.1102351677914655 0
894 6.38709677419365 1.888254786609246 0
895 6.573575286512183 1.771462478422763 0
896 5.353847661983552 1.887578439181473 0
897 5.541458684196274 1.772037146653631 0
898 5.87096774193914 1.888254786609253 0
899 6.05848030574275 1.771966639009475 0
900 5.612903225811912 1.888254786609253 0
901 5.800422978874615 1.772185429305859 0
902 4.837989294942775 1.887812984401171 0
903 5.024392912319144 1.772069027886098 0
904 4.580645161302948 1.888254786609237 0
905 4.766584600837568 1.772249498090382 0
906 4.322580645175692 1.888254786609238 0
907 4.507468039705083 1.771937554425834 0
908 5.095831415467582 1.887625599523603 0
909 5.283160257263429 1.771956340134813 0
910 6.129032258066395 1.888254786609235 0
911 6.316525737019003 1.771772702098286 0
912 6.644266893985357 1.887550476928855 0
913 6.052740614180219 0.8773134662382681 0
914 5.989028066183095 1.212702576850959 0
915 5.794676992265851 0.8779319318705296 0
916 5.536632846266056 0.8787529980153101 0
917 5.149472785259083 0.6600321160280967 0
918 5.731000801062535 1.213043699437031 0
919 5.472900940650078 1.213939281374778 0
920 5.278550079615648 0.8791689917268756 0
921 5.020486907910623 0.8797877089066636 0
922 5.34501464633046 1.433762709230364 0
923 5.214837634840062 1.214557609614894 0
924 4.961173491840356 0.3262085122098712 0
925 4.504362701300868 0.8812470120990901 0
926 4.956774539778264 1.215175712089741 0
927 4.762424255009368 0.8804063842634777 0
928 5.219072406334316 0.3257386144999025 0
929 4.698712034936015 1.21579386250916 0
930 4.440650100412596 1.216411401451956 0
931 5.477135850316962 0.3254411917522215 0
932 4.375646620735354 0.8817523419028377 0
933 5.40753664740571 0.6596309570379417 0
934 4.182589763949462 1.217029070564986 0
935 5.603076900350903 1.432967038555697 0
936 3.730502442534816 0.8831941806537373 0
937 5.735197580872904 0.3251446116391419 0
938 5.665654202940301 0.6593068707897187 0
939 3.47213542560231 0.8835075183272455 0
940 3.214090730539894 0.8841344843560426 0
941 5.86121420168057 1.432088316391809 0
942 3.15039987858616 1.219199296363776 0
943 6.11927480270572 1.431409934504039 0
944 5.993253611003994 0.3248507276744032 0
945 2.956061533267304 0.8847603951683976 0
946 5.923712032813053 0.6591498259339181 0
947 2.698048074331828 0.8854025972152841 0
948 2.892359935312336 1.2200939966861 0
949 2.634352863323327 1.220684864709442 0
950 6.181744189378191 0.6587541717376494 0
951 6.251292372828887 0.3245649801024849 0
952 2.440077927973977 0.886041271247561 0
953 2.182150384736186 0.8867240689207373 0
954 2.376395074729535 1.221279788452466 0
955 6.439727457183294 0.6582902280323354 0
956 2.11848597830439 1.221730457168864 0
957 1.924340111357205 0.8873972637966372 0
958 6.509162900429455 0.3243673430678981 0
959 6.697612014930391 0.6571644348907347 0
960 1.666645106133123 0.8881899074167878 0
961 1.860702211337365 1.222282622198327 0
962 1.152195139650244 0.8899910097372055 0
963 1.603066420932622 1.222774402196485 0
964 1.023363029948686 0.6689535843861742 0
965 1.409267400361381 0.8889562926920304 0
966 1.345601626588289 1.223438533194803 0
967 6.763425074071151 0.3257730931870502 0
968 0.1082531754727174 0.9375000000038798 0
969 1.538934653272388 1.33434977528108 0
970 1.023886078060315 0.8906085454340786 0
971 4.249403695187026 1.772085547078196 0
972 0.1082531754734802 0.8125000000033813 0
973 0.1193993104125807 1.562286882353069 0
974 0.1152487448334457 1.304536670557318 0
975 0.5121791874673454 0.666118176408937 0
976 4.507638949644766 0.4372789537591122 0
977 0.9595143935284114 0.7799940175117888 0
978 1.667747837458853 1.333998396289499 0
979 7.083537241410822 0.6561315249585165 0
980 7.898090368480881 1.565038473436494 0
981 4.440317528863052 0.5477422469557722 0
982 0.769608174663041 1.555262526009631 0
983 3.608955206288738 0.2207353776324044 0
984 0.444612815500901 1.21272605490467 0
985 3.988689067252923 0.8827164972878467 0
986 0.6435053770642601 1.776987393358746 0
987 4.120372182388728 1.772288589285576 0
988 7.212961131187605 1.318108073046385 0
989 4.504543917633483 0.6601984954389263 0
990 7.21177317797082 0.876729017670582 0
991 1.796599002421349 1.333670540664422 0
992 3.934732660734499 1.88836458353615 0
993 1.925454185509398 1.333331803333166 0
994 0.9603983807910731 1.22378241649669 0
995 0.8965886524688575 1.334243460391334 0
996 2.054361884605119 1.332982291778232 0
997 0.9604311936316817 1.445398386895236 0
998 1.087698045570829 0.7796469789374877 0
999 3.862309912009106 1.772694836361707 0
1000 7.083939316133273 0.8769272494762568 0
1001 2.183292155219741 1.332631027987986 0
1002 0.7035598483457007 0.5596766033565195 0
1003 3.99610701395103 0.2203403813027552 0
1004 2.312209244726912 1.332252643974295 0
1005 0.7059875995746465 0.3353733832256524 0
1006 3.733999675629638 1.773336882086856 0
1007 2.441202531789612 1.331925086205227 0
1008 1.216130044893628 0.7792521266145875 0
1009 2.570191820279067 1.331573002565649 0
1010 4.311487181791457 0.7704974346896158 0
1011 3.344591203215857 1.32908003336273 0
1012 4.18233902747364 0.7710362922765754 0
1013 2.699217396199385 1.331265894872476 0
1014 4.117704664698477 0.8824555174769257 0
1015 3.547636452903664 1.888912013034202 0
1016 2.828234197746939 1.330918163012827 0
1017 3.92454725170992 0.7713722298360145 0
1018 7.019902691322612 0.7665997860973806 0
1019 7.084946338971354 1.318569931410472 0
1020 3.731752415614188 1.327883657621482 0
1021 1.344725933724604 0.7788510552863779 0
1022 3.795133086645518 0.7719052239164201 0
1023 2.957243666343384 1.330568725989201 0
1024 7.020170251098982 0.3282232218332163 0
1025 3.665743829358668 0.7723909753560201 0
1026 3.086260812902795 1.330178557455827 0
1027 3.536464206712104 0.7729028951732733 0
1028 3.215482325497023 1.329719858635651 0
1029 3.475907049308698 1.773832885608921 0
1030 3.407454867525103 0.7732358508789146 0
1031 1.473390067063668 0.7784719360745275 0
1032 3.408900462563254 1.217949407816973 0
1033 3.278331871125417 0.7737168853642664 0
1034 3.537820831628661 1.217552552666718 0
1035 3.149381969978258 0.7739920478052962 0
1036 6.956559141013611 1.319077949899999 0
1037 1.602121703722422 0.7781217353502874 0
1038 3.020298302857195 0.7744361360835165 0
1039 3.602818701592354 1.328318521476437 0
1040 2.891351405364506 0.7747101493600812 0
1041 4.440069896626563 0.7707103003316959 0
1042 3.289097627425967 1.889038014739099 0
1043 4.514898541302001 0.2180838572761987 0
1044 3.796100471095611 1.216824463539061 0
1045 0.6402287659818605 0.4459056048551782 0
1046 2.76227123945875 0.7751604670042327 0
1047 1.730903999107221 0.7777633214218668 0
1048 2.633347155636879 0.7754275864816215 0
1049 3.925183098297615 1.216711016390258 0
1050 2.504289202595082 0.7758732013308101 0
1051 1.859776014821781 0.7773886068038105 0
1052 1.988619151605735 0.7771011887028799 0
1053 2.375372929780702 0.7761443793944824 0
1054 2.117538422486924 0.7767560987646223 0
1055 2.246432760404415 0.7764533271105193 0
1056 3.989535739067009 1.327474698959616 0
1057 4.118514931799117 1.3272447956063 0
1058 3.219622946957999 1.775837721199757 0
1059 4.24753923498746 1.326901818461891 0
1060 6.892118987521521 1.208594745231072 0
1061 4.376568945882999 1.326543720969833 0
1062 0.9007764369774419 0.2227567470022269 0
1063 4.505599488161204 1.326184639598368 0
1064 4.568689486955398 0.7710413413901686 0
1065 4.634630525374373 1.325824762744205 0
1066 3.028800490979934 1.887793078751538 0
1067 4.763661674344926 1.325465525070446 0
1068 4.697713354920088 0.7708283049018643 0
1069 4.892692929382631 1.32510555810546 0
1070 4.826740956520278 0.7705812861357624 0
1071 6.763117972229469 1.20847145858523 0
1072 5.021724260422321 1.324746298244383 0
1073 6.89130363030999 0.7666642216716096 0
1074 4.955797233115145 0.7703068739312088 0
1075 6.699387254154047 1.319881394938375 0
1076 5.150755741151701 1.324386405315898 0
1077 5.08483088947421 0.7700539792934982 0
1078 2.961550825653133 1.776237267037255 0
1079 6.506930817268565 1.431672542001111 0
1080 5.279787246496126 1.324027177847555 0
1081 5.213862815576444 0.7698033031948153 0
1082 5.408818765080522 1.323667330695526 0
1083 5.342894627178072 0.7695518132422947 0
1084 5.537850263348098 1.323309864617422 0
1085 7.279767652938333 1.650281380774051 0
1086 5.472091185794463 0.769187954727298 0
1087 5.6670582002681 1.323066483304468 0
1088 2.77179462886654 1.888947550856669 0
1089 5.796194561814297 1.322734752865856 0
1090 5.601200096313844 0.7689165537811813 0
1091 5.925330540910069 1.322398727660923 0
1092 6.570504560748938 1.320996666507626 0
1093 5.730298804742088 0.7686502493701537 0
1094 6.633409222525324 0.7669328784476478 0
1095 6.762491269134497 0.7667451034530792 0
1096 6.054362163587772 1.322044521223043 0
1097 6.183654229787838 1.321848608622042 0
1098 6.312937517115286 1.322100772883375 0
1099 5.859333722698965 0.7684081141533277 0
1100 1.090665868826968 0.3347657153730924 0
1101 6.377412425137269 1.432586911474819 0
1102 5.988357860927511 0.7681588165627834 0
1103 6.117380510981336 0.7679092220505094 0
1104 6.504376380408344 0.7671607088735448 0
1105 6.246375375221232 0.7676771172718468 0
1106 6.375357883033493 0.7674398403917262 0
1107 2.637247719621804 1.664222289134873 0
1108 0.5716471929252344 0.9958015167891456 0
1109 0.5107590722181299 0.886115012697117 0
1110 2.448114604018516 1.776829589206573 0
1111 1.158072349937557 0.2229861696065257 0
1112 2.380972532200635 1.665521694640228 0
1113 0.897932322917204 1.555924133332726 0
1114 2.190237325437275 1.777083468360622 0
1115 1.348451966344562 0.334115233603042 0
1116 0.8338215886967033 0.3354390386534671 0
1117 2.122986253903391 1.666007302657363 0
1118 1.416052458795067 0.222586719632217 0
1119 1.93221317255401 1.777356455494729 0
1120 1.86500634366172 1.666498015772522 0
1121 1.606233089371063 0.333560813634172 0
1122 0.9633255837662619 1.666463952262666 0
1123 1.674213925412269 1.777629994342286 0
1124 1.090642894547563 1.666834594279204 0
1125 1.607080935665182 1.666990188674552 0
1126 1.673994548581716 0.2222623527741956 0
1127 1.416070389909916 1.777822678880548 0
1128 1.348900921297039 1.667304280927452 0
1129 1.157480836418018 1.778000180283944 0
1130 1.864133307489256 0.3330208330318066 0
1131 1.931987574438133 0.2219511500722292 0
1132 2.704890699695049 1.777553500312887 0
1133 2.122099918486404 0.3324892218268714 0
1134 6.832464323144636 1.773186473186824 0
1135 2.190009361709926 0.2216472305924678 0
1136 2.380105678032828 0.3319626996176593 0
1137 7.284933873281971 1.874977370894504 0
1138 2.448048213756793 0.2213477227922726 0
1139 2.638134506831472 0.3314390442283682 0
1140 7.219425631828408 1.766397206684505 0
1141 2.706097146408933 0.2210507095977454 0
1142 2.896177299061354 0.3309171922301814 0
1143 7.803371501909727 0.1008027966892926 0
1144 2.964152188872637 0.2207552583989333 0
1145 3.154228403344808 0.33039636642026 0
1146 3.22221086831743 0.2204606971314809 0
1147 3.412292847585034 0.3298708918587719 0
1148 3.480185983909224 0.2203961009668318 0
1149 7.787955064729914 1.636961513018868 0
1150 0.1133723849382584 1.801138436194639 0
1151 7.905576245507557 1.806610545833432 0
1152 3.667191052804655 0.3323992884917953 0
1153 3.798902504559731 0.3294626877870034 0
1154 4.575011401959854 0.3284148293270041 0
1155 4.77327114798042 0.2166626126687656 0
1156 3.867139857966534 0.2203406544088654 0
1157 4.902591806859285 0.2159166334243615 0
1158 4.703013160570628 0.3299611672260386 0
1159 5.032258064508341 0.2151005293291858 0
1160 4.054301560337612 0.33171614860386 0
1161 5.160646174803832 0.2156501872305736 0
1162 5.290322580638052 0.2149048447300472 0
1163 4.185988796789823 0.3281531078018362 0
1164 5.418710606704384 0.2154617373292342 0
1165 5.548387096767777 0.2147093991996386 0
1166 7.895228977955684 1.197710913356388 0
1167 5.676774918747483 0.2152736420797824 0
1168 4.25576816923339 0.2173126320003132 0
1169 5.806451612897466 0.2145146768267595 0
1170 7.735488371754454 0.2108477457954105 0
1171 6.957371675381635 0.2201042517358735 0
1172 5.934838828389739 0.2150864996090306 0
1173 4.384927721135357 0.216980045012326 0
1174 6.064516129027178 0.2143222773363559 0
1175 6.19290148070883 0.2149023817502846 0
1176 6.322580645156892 0.2141363997757652 0
1177 7.542662978266187 0.108713361320526 0
1178 6.450955378916706 0.2147279880793026 0
1179 7.471160803102791 0.2186207684750734 0
1180 6.578827032437826 0.2155427346964012 0
1181 6.829496099742428 0.2186736228387409 0
1182 7.343486252575158 0.2188488651363061 0
1183 7.148224722165116 0.3307656492217563 0
1184 6.704960957313153 0.2166092895005877 0
1185 7.217341587573525 0.2196349220925118 0
1186 7.896760046552107 0.5685370483387606 0
1187 7.906370617353325 0.3150411849973753 0
1188 7.774542866070353 1.419192105573008 0
1189 0.2061717255866811 0.9982126249142405 0
1190 0.2099680103389029 0.7607114369120747 0
1191 0.08673623816847933 0.5589054627512328 0
1192 0.1914115689473875 1.472271877032212 0
1193 0.2032844500275977 1.673803195181428 0
1194 0.08712870778419027 1.187500000002861 0
1195 0.08723760367148263 0.3209728358982264 0
1196 7.908540595037696 0.7887006014830877 0
1197 7.908252916523992 0.9619501846304677 0
1198 0.09462680057730181 1.90641801646965 0
1199 7.913389451033837 1.909173422492412 0
1200 0.09511066085708011 0.09408145220646252 0
1201 7.90807926818505 0.09078862222712326 0
1202 7.81432447832516 1.506596125393974 0
1203 7.813471316854208 1.116270014357053 0
1204 7.816775693377129 0.6371162946588323 0
1205 0.1835662522533156 1.380283847065372 0
1206 7.82476717140365 1.751863870455546 0
1207 7.932154616240755 1.312412670464174 0
$EndNodes
$Elements
2288
1 1 2 10 2 2 66
2 1 2 10 2 66 67
3 1 2 10 2 67 68
4 1 2 10 2 68 69
5 1 2 10 2 69 70
6 1 2 10 2 70 71
7 1 2 10 2 71 72
8 1 2 10 2 72 73
9 1 2 10 2 73 74
10 1 2 10 2 74 75
11 1 2 10 2 75 76
12 1 2 10 2 76 77
13 1 2 10 2 77 78
14 1 2 10 2 78 79
15 1 2 10 2 79 80
16 1 2 10 2 80 3
17 1 2 1 4 4 142
18 1 2 1 4 142 143
19 1 2 1 4 143 144
20 1 2 1 4 144 145
21 1 2 1 4 145 146
22 1 2 1 4 146 147
23 1 2 1 4 147 148
24 1 2 1 4 148 149
25 1 2 1 4 149 150
26 1 2 1 4 150 151
27 1 2 1 4 151 152
28 1 2 1 4 152 153
29 1 2 1 4 153 154
30 1 2 1 4 154 155
31 1 2 1 4 155 156
32 1 2 1 4 156 1
33 2 2 100 1 1150 217 1193
34 2 2 100 1 730 1150 1193
35 2 2 100 1 215 702 704
36 2 2 100 1 180 757 759
37 2 2 100 1 753 968 972
38 2 2 100 1 221 704 1170
39 2 2 100 1 702 215 705
40 2 2 100 1 704 221 1187
41 2 2 100 1 749 186 761
42 2 2 100 1 180 759 1194
43 2 2 100 1 155 156 776
44 2 2 100 1 753 972 1190
45 2 2 100 1 761 216 777
46 2 2 100 1 776 156 1200
47 2 2 100 1 761 186 1191
48 2 2 100 1 968 753 1189
49 2 2 100 1 706 193 714
50 2 2 100 1 193 84 714
51 2 2 100 1 763 765 766
52 2 2 100 1 216 775 777
53 2 2 100 1 85 86 1137
54 2 2 100 1 229 227 765
55 2 2 100 1 193 706 715
56 2 2 100 1 84 85 714
57 2 2 100 1 548 546 796
58 2 2 100 1 716 223 725
59 2 2 100 1 82 83 725
60 2 2 100 1 730 222 1150
61 2 2 100 1 215 704 1187
62 2 2 100 1 688 728 1170
63 2 2 100 1 714 85 1137
64 2 2 100 1 759 760 974
65 2 2 100 1 973 766 1193
66 2 2 100 1 72 720 1196
67 2 2 100 1 720 72 1197
68 2 2 100 1 549 794 795
69 2 2 100 1 794 549 797
70 2 2 100 1 762 510 763
71 2 2 100 1 186 749 1190
72 2 2 100 1 795 809 1134
73 2 2 100 1 705 215 1186
74 2 2 100 1 763 766 1192
75 2 2 100 1 802 157 912
76 2 2 100 1 1143 221 1170
77 2 2 100 1 223 716 1206
78 2 2 100 1 757 180 1189
79 2 2 100 1 217 973 1193
80 2 2 100 1 227 691 765
81 2 2 100 1 510 229 765
82 2 2 100 1 708 211 894
83 2 2 100 1 510 762 768
84 2 2 100 1 546 549 796
85 2 2 100 1 223 82 725
86 2 2 100 1 83 193 725
87 2 2 100 1 764 397 984
88 2 2 100 1 709 158 910
89 2 2 100 1 397 764 780
90 2 2 100 1 766 973 1192
91 2 2 100 1 710 214 898
92 2 2 100 1 169 799 1171
93 2 2 100 1 548 796 801
94 2 2 100 1 728 219 1170
95 2 2 100 1 779 780 1108
96 2 2 100 1 513 690 715
97 2 2 100 1 711 159 900
98 2 2 100 1 397 768 984
99 2 2 100 1 211 708 895
100 2 2 100 1 895 802 912
101 2 2 100 1 976 689 1154
102 2 2 100 1 706 513 715
103 2 2 100 1 708 894 911
104 2 2 100 1 158 709 911
105 2 2 100 1 712 212 896
106 2 2 100 1 796 795 1134
107 2 2 100 1 899 709 910
108 2 2 100 1 214 710 899
109 2 2 100 1 233 231 768
110 2 2 100 1 713 160 908
111 2 2 100 1 780 764 1108
112 2 2 100 1 710 898 901
113 2 2 100 1 763 510 765
114 2 2 100 1 159 711 901
115 2 2 100 1 86 184 1137
116 2 2 100 1 897 711 900
117 2 2 100 1 557 556 895
118 2 2 100 1 529 406 797
119 2 2 100 1 549 795 796
120 2 2 100 1 191 1177 1179
121 2 2 100 1 212 712 897
122 2 2 100 1 549 529 797
123 2 2 100 1 1177 728 1179
124 2 2 100 1 717 210 902
125 2 2 100 1 712 896 909
126 2 2 100 1 216 761 1191
127 2 2 100 1 160 713 909
128 2 2 100 1 974 760 1205
129 2 2 100 1 903 713 908
130 2 2 100 1 561 559 911
131 2 2 100 1 210 717 903
132 2 2 100 1 718 161 904
133 2 2 100 1 717 902 905
134 2 2 100 1 973 189 1192
135 2 2 100 1 760 763 1205
136 2 2 100 1 161 718 905
137 2 2 100 1 157 802 1134
138 2 2 100 1 718 904 907
139 2 2 100 1 565 563 899
140 2 2 100 1 768 762 984
141 2 2 100 1 1121 890 1126
142 2 2 100 1 211 895 912
143 2 2 100 1 1115 892 1118
144 2 2 100 1 1130 886 1131
145 2 2 100 1 894 158 911
146 2 2 100 1 1100 873 1111
147 2 2 100 1 214 899 910
148 2 2 100 1 721 213 906
149 2 2 100 1 1133 884 1135
150 2 2 100 1 664 1121 1126
151 2 2 100 1 898 159 901
152 2 2 100 1 665 1130 1131
153 2 2 100 1 213 721 907
154 2 2 100 1 212 897 900
155 2 2 100 1 715 690 716
156 2 2 100 1 896 160 909
157 2 2 100 1 662 1115 1118
158 2 2 100 1 719 674 726
159 2 2 100 1 210 903 908
160 2 2 100 1 902 161 905
161 2 2 100 1 1136 878 1138
162 2 2 100 1 904 213 907
163 2 2 100 1 666 1133 1135
164 2 2 100 1 721 906 971
165 2 2 100 1 667 1136 1138
166 2 2 100 1 1139 888 1141
167 2 2 100 1 906 162 971
168 2 2 100 1 658 1100 1111
169 2 2 100 1 668 1139 1141
170 2 2 100 1 1142 880 1144
171 2 2 100 1 724 701 1166
172 2 2 100 1 971 162 987
173 2 2 100 1 669 1142 1144
174 2 2 100 1 162 871 987
175 2 2 100 1 692 992 999
176 2 2 100 1 1145 876 1146
177 2 2 100 1 726 674 727
178 2 2 100 1 763 1192 1205
179 2 2 100 1 231 510 768
180 2 2 100 1 992 183 999
181 2 2 100 1 670 1145 1146
182 2 2 100 1 569 567 901
183 2 2 100 1 1147 882 1148
184 2 2 100 1 397 233 768
185 2 2 100 1 671 1147 1148
186 2 2 100 1 693 1015 1029
187 2 2 100 1 1153 846 1156
188 2 2 100 1 1015 179 1029
189 2 2 100 1 871 692 987
190 2 2 100 1 520 1153 1156
191 2 2 100 1 722 1042 1058
192 2 2 100 1 193 715 725
193 2 2 100 1 692 871 992
194 2 2 100 1 999 183 1006
195 2 2 100 1 1163 848 1168
196 2 2 100 1 1042 204 1058
197 2 2 100 1 183 843 1006
198 2 2 100 1 723 1066 1078
199 2 2 100 1 523 1163 1168
200 2 2 100 1 1066 178 1078
201 2 2 100 1 778 751 975
202 2 2 100 1 873 515 1062
203 2 2 100 1 656 1110 1112
204 2 2 100 1 704 688 1170
205 2 2 100 1 573 571 897
206 2 2 100 1 1110 870 1112
207 2 2 100 1 184 794 1140
208 2 2 100 1 556 802 895
209 2 2 100 1 708 557 895
210 2 2 100 1 375 778 975
211 2 2 100 1 657 1114 1117
212 2 2 100 1 799 1024 1171
213 2 2 100 1 1114 862 1117
214 2 2 100 1 689 1043 1154
215 2 2 100 1 804 803 1129
216 2 2 100 1 734 517 736
217 2 2 100 1 1107 820 1132
218 2 2 100 1 809 157 1134
219 2 2 100 1 659 1119 1120
220 2 2 100 1 1119 866 1120
221 2 2 100 1 843 693 1006
222 2 2 100 1 980 218 1149
223 2 2 100 1 736 517 982
224 2 2 100 1 559 708 911
225 2 2 100 1 709 561 911
226 2 2 100 1 693 843 1015
227 2 2 100 1 660 1123 1125
228 2 2 100 1 1123 864 1125
229 2 2 100 1 771 1062 1116
230 2 2 100 1 577 575 909
231 2 2 100 1 1127 804 1128
232 2 2 100 1 663 1127 1128
233 2 2 100 1 563 709 899
234 2 2 100 1 710 565 899
235 2 2 100 1 729 672 785
236 2 2 100 1 179 722 1029
237 2 2 100 1 411 727 800
238 2 2 100 1 734 733 986
239 2 2 100 1 980 1149 1202
240 2 2 100 1 722 179 1042
241 2 2 100 1 727 411 731
242 2 2 100 1 731 411 792
243 2 2 100 1 517 734 986
244 2 2 100 1 567 710 901
245 2 2 100 1 711 569 901
246 2 2 100 1 372 779 1108
247 2 2 100 1 741 770 772
248 2 2 100 1 765 691 766
249 2 2 100 1 767 375 975
250 2 2 100 1 581 579 903
251 2 2 100 1 515 873 1100
252 2 2 100 1 801 796 1134
253 2 2 100 1 204 723 1058
254 2 2 100 1 723 204 1066
255 2 2 100 1 802 801 1134
256 2 2 100 1 712 573 897
257 2 2 100 1 571 711 897
258 2 2 100 1 727 674 800
259 2 2 100 1 375 767 1002
260 2 2 100 1 703 726 727
261 2 2 100 1 672 729 786
262 2 2 100 1 778 372 1109
263 2 2 100 1 892 658 1111
264 2 2 100 1 9 188 769
265 2 2 100 1 691 225 730
266 2 2 100 1 514 462 786
267 2 2 100 1 741 769 770
268 2 2 100 1 872 873 1062
269 2 2 100 1 511 782 790
270 2 2 100 1 1137 184 1140
271 2 2 100 1 745 742 772
272 2 2 100 1 742 741 772
273 2 2 100 1 182 136 733
274 2 2 100 1 774 775 776
275 2 2 100 1 1113 648 1122
276 2 2 100 1 713 577 909
277 2 2 100 1 575 712 909
278 2 2 100 1 243 365 781
279 2 2 100 1 224 222 730
280 2 2 100 1 178 821 1078
281 2 2 100 1 703 727 731
282 2 2 100 1 511 699 782
283 2 2 100 1 658 892 1115
284 2 2 100 1 821 178 1088
285 2 2 100 1 182 733 734
286 2 2 100 1 225 224 730
287 2 2 100 1 140 222 224
288 2 2 100 1 585 583 905
289 2 2 100 1 782 521 790
290 2 2 100 1 241 243 781
291 2 2 100 1 739 194 740
292 2 2 100 1 740 743 774
293 2 2 100 1 365 737 781
294 2 2 100 1 769 188 770
295 2 2 100 1 8 9 769
296 2 2 100 1 137 732 733
297 2 2 100 1 774 743 775
298 2 2 100 1 508 524 976
299 2 2 100 1 729 514 786
300 2 2 100 1 797 406 1085
301 2 2 100 1 976 524 981
302 2 2 100 1 739 740 774
303 2 2 100 1 717 581 903
304 2 2 100 1 579 713 903
305 2 2 100 1 372 1108 1109
306 2 2 100 1 685 731 792
307 2 2 100 1 747 761 777
308 2 2 100 1 370 518 773
309 2 2 100 1 220 774 776
310 2 2 100 1 7 194 739
311 2 2 100 1 890 662 1118
312 2 2 100 1 696 981 989
313 2 2 100 1 661 804 1129
314 2 2 100 1 521 407 790
315 2 2 100 1 737 365 791
316 2 2 100 1 1062 515 1116
317 2 2 100 1 137 138 732
318 2 2 100 1 744 747 777
319 2 2 100 1 235 397 780
320 2 2 100 1 399 411 800
321 2 2 100 1 779 237 780
322 2 2 100 1 136 137 733
323 2 2 100 1 981 524 989
324 2 2 100 1 369 370 773
325 2 2 100 1 856 1155 1158
326 2 2 100 1 192 224 225
327 2 2 100 1 715 716 725
328 2 2 100 1 220 739 774
329 2 2 100 1 662 890 1121
330 2 2 100 1 376 995 997
331 2 2 100 1 868 656 1107
332 2 2 100 1 687 688 702
333 2 2 100 1 462 773 786
334 2 2 100 1 775 743 777
335 2 2 100 1 656 868 1110
336 2 2 100 1 415 1002 1045
337 2 2 100 1 411 409 792
338 2 2 100 1 718 585 905
339 2 2 100 1 583 717 905
340 2 2 100 1 5 6 220
341 2 2 100 1 690 521 700
342 2 2 100 1 227 225 691
343 2 2 100 1 140 141 222
344 2 2 100 1 81 82 223
345 2 2 100 1 220 6 739
346 2 2 100 1 770 771 1005
347 2 2 100 1 192 139 224
348 2 2 100 1 516 1183 1185
349 2 2 100 1 702 688 704
350 2 2 100 1 685 686 687
351 2 2 100 1 409 412 792
352 2 2 100 1 368 372 778
353 2 2 100 1 743 744 777
354 2 2 100 1 781 738 994
355 2 2 100 1 673 720 785
356 2 2 100 1 239 237 779
357 2 2 100 1 703 702 705
358 2 2 100 1 733 732 986
359 2 2 100 1 740 742 743
360 2 2 100 1 237 235 780
361 2 2 100 1 188 10 874
362 2 2 100 1 195 783 784
363 2 2 100 1 773 518 786
364 2 2 100 1 1020 825 1039
365 2 2 100 1 1011 822 1028
366 2 2 100 1 1002 767 1045
367 2 2 100 1 743 742 744
368 2 2 100 1 995 738 997
369 2 2 100 1 589 587 907
370 2 2 100 1 328 351 788
371 2 2 100 1 747 749 761
372 2 2 100 1 747 748 749
373 2 2 100 1 63 64 219
374 2 2 100 1 61 191 789
375 2 2 100 1 687 686 688
376 2 2 100 1 687 702 703
377 2 2 100 1 513 521 690
378 2 2 100 1 744 746 747
379 2 2 100 1 740 194 741
380 2 2 100 1 789 191 1182
381 2 2 100 1 771 188 874
382 2 2 100 1 226 225 227
383 2 2 100 1 513 407 521
384 2 2 100 1 673 719 720
385 2 2 100 1 511 462 514
386 2 2 100 1 699 514 701
387 2 2 100 1 672 673 785
388 2 2 100 1 672 519 673
389 2 2 100 1 699 701 724
390 2 2 100 1 518 519 672
391 2 2 100 1 511 514 699
392 2 2 100 1 194 8 769
393 2 2 100 1 402 395 462
394 2 2 100 1 375 368 778
395 2 2 100 1 700 521 782
396 2 2 100 1 402 462 511
397 2 2 100 1 369 354 370
398 2 2 100 1 349 354 369
399 2 2 100 1 192 225 226
400 2 2 100 1 335 334 337
401 2 2 100 1 740 741 742
402 2 2 100 1 333 332 334
403 2 2 100 1 349 337 354
404 2 2 100 1 231 229 510
405 2 2 100 1 138 139 192
406 2 2 100 1 335 337 349
407 2 2 100 1 368 352 372
408 2 2 100 1 83 84 193
409 2 2 100 1 791 365 966
410 2 2 100 1 333 334 335
411 2 2 100 1 886 664 1126
412 2 2 100 1 370 398 518
413 2 2 100 1 518 398 519
414 2 2 100 1 139 140 224
415 2 2 100 1 509 684 685
416 2 2 100 1 518 672 786
417 2 2 100 1 994 738 995
418 2 2 100 1 195 134 783
419 2 2 100 1 750 752 753
420 2 2 100 1 757 758 759
421 2 2 100 1 182 734 735
422 2 2 100 1 747 746 748
423 2 2 100 1 1022 936 1025
424 2 2 100 1 527 1022 1025
425 2 2 100 1 770 188 771
426 2 2 100 1 806 791 966
427 2 2 100 1 331 332 333
428 2 2 100 1 61 62 191
429 2 2 100 1 7 8 194
430 2 2 100 1 754 756 757
431 2 2 100 1 703 705 726
432 2 2 100 1 783 735 784
433 2 2 100 1 182 735 783
434 2 2 100 1 1012 339 1014
435 2 2 100 1 235 233 397
436 2 2 100 1 749 748 750
437 2 2 100 1 9 10 188
438 2 2 100 1 395 369 773
439 2 2 100 1 673 674 719
440 2 2 100 1 793 88 809
441 2 2 100 1 191 1179 1182
442 2 2 100 1 839 1012 1014
443 2 2 100 1 60 789 798
444 2 2 100 1 721 589 907
445 2 2 100 1 587 718 907
446 2 2 100 1 744 745 746
447 2 2 100 1 685 684 686
448 2 2 100 1 795 793 809
449 2 2 100 1 685 687 731
450 2 2 100 1 412 509 792
451 2 2 100 1 377 369 395
452 2 2 100 1 6 7 739
453 2 2 100 1 135 136 182
454 2 2 100 1 331 330 332
455 2 2 100 1 396 395 402
456 2 2 100 1 352 239 779
457 2 2 100 1 373 368 375
458 2 2 100 1 735 734 736
459 2 2 100 1 187 719 1204
460 2 2 100 1 509 685 792
461 2 2 100 1 360 352 368
462 2 2 100 1 370 371 398
463 2 2 100 1 407 403 790
464 2 2 100 1 228 227 229
465 2 2 100 1 753 752 754
466 2 2 100 1 138 192 732
467 2 2 100 1 645 737 791
468 2 2 100 1 664 886 1130
469 2 2 100 1 135 182 783
470 2 2 100 1 645 646 647
471 2 2 100 1 330 328 788
472 2 2 100 1 737 647 738
473 2 2 100 1 86 87 184
474 2 2 100 1 184 793 794
475 2 2 100 1 643 645 791
476 2 2 100 1 462 395 773
477 2 2 100 1 60 61 789
478 2 2 100 1 701 514 729
479 2 2 100 1 806 394 969
480 2 2 100 1 870 657 1112
481 2 2 100 1 169 798 799
482 2 2 100 1 336 239 352
483 2 2 100 1 647 646 648
484 2 2 100 1 184 87 793
485 2 2 100 1 868 1107 1132
486 2 2 100 1 872 163 873
487 2 2 100 1 399 409 411
488 2 2 100 1 372 352 779
489 2 2 100 1 645 647 737
490 2 2 100 1 133 134 195
491 2 2 100 1 757 756 758
492 2 2 100 1 175 803 804
493 2 2 100 1 643 644 645
494 2 2 100 1 226 227 228
495 2 2 100 1 398 399 800
496 2 2 100 1 641 806 969
497 2 2 100 1 759 758 760
498 2 2 100 1 657 870 1114
499 2 2 100 1 643 791 806
500 2 2 100 1 175 132 803
501 2 2 100 1 645 644 646
502 2 2 100 1 334 332 347
503 2 2 100 1 526 419 810
504 2 2 100 1 737 738 781
505 2 2 100 1 133 195 803
506 2 2 100 1 169 59 798
507 2 2 100 1 59 60 798
508 2 2 100 1 553 548 801
509 2 2 100 1 329 330 331
510 2 2 100 1 673 519 674
511 2 2 100 1 641 642 643
512 2 2 100 1 230 229 231
513 2 2 100 1 349 369 377
514 2 2 100 1 374 401 964
515 2 2 100 1 327 356 807
516 2 2 100 1 744 742 745
517 2 2 100 1 531 423 815
518 2 2 100 1 556 553 801
519 2 2 100 1 1044 285 1049
520 2 2 100 1 11 12 872
521 2 2 100 1 12 163 872
522 2 2 100 1 639 640 641
523 2 2 100 1 327 328 329
524 2 2 100 1 329 328 330
525 2 2 100 1 475 537 959
526 2 2 100 1 1032 279 1034
527 2 2 100 1 643 642 644
528 2 2 100 1 641 643 806
529 2 2 100 1 333 335 353
530 2 2 100 1 891 208 892
531 2 2 100 1 134 135 783
532 2 2 100 1 637 638 639
533 2 2 100 1 325 327 807
534 2 2 100 1 473 471 816
535 2 2 100 1 327 326 328
536 2 2 100 1 537 473 816
537 2 2 100 1 88 89 809
538 2 2 100 1 10 11 874
539 2 2 100 1 232 231 233
540 2 2 100 1 794 793 795
541 2 2 100 1 419 421 810
542 2 2 100 1 87 88 793
543 2 2 100 1 322 350 813
544 2 2 100 1 641 640 642
545 2 2 100 1 378 325 807
546 2 2 100 1 534 427 814
547 2 2 100 1 336 352 360
548 2 2 100 1 635 636 637
549 2 2 100 1 889 164 890
550 2 2 100 1 370 354 371
551 2 2 100 1 414 400 415
552 2 2 100 1 325 326 327
553 2 2 100 1 378 807 808
554 2 2 100 1 203 863 864
555 2 2 100 1 405 403 407
556 2 2 100 1 323 325 378
557 2 2 100 1 538 431 818
558 2 2 100 1 633 634 635
559 2 2 100 1 423 425 815
560 2 2 100 1 631 632 633
561 2 2 100 1 512 407 513
562 2 2 100 1 327 329 356
563 2 2 100 1 639 638 640
564 2 2 100 1 358 321 811
565 2 2 100 1 885 209 886
566 2 2 100 1 629 630 631
567 2 2 100 1 328 326 351
568 2 2 100 1 421 531 810
569 2 2 100 1 427 429 814
570 2 2 100 1 132 133 803
571 2 2 100 1 637 636 638
572 2 2 100 1 421 423 531
573 2 2 100 1 176 865 866
574 2 2 100 1 539 435 819
575 2 2 100 1 627 628 629
576 2 2 100 1 324 322 813
577 2 2 100 1 323 378 811
578 2 2 100 1 883 165 884
579 2 2 100 1 394 806 966
580 2 2 100 1 429 538 814
581 2 2 100 1 201 861 862
582 2 2 100 1 536 439 826
583 2 2 100 1 325 324 326
584 2 2 100 1 431 433 818
585 2 2 100 1 625 626 627
586 2 2 100 1 615 618 817
587 2 2 100 1 323 324 325
588 2 2 100 1 623 624 625
589 2 2 100 1 401 417 964
590 2 2 100 1 877 207 878
591 2 2 100 1 429 431 538
592 2 2 100 1 633 632 634
593 2 2 100 1 631 630 632
594 2 2 100 1 635 634 636
595 2 2 100 1 618 617 621
596 2 2 100 1 435 437 819
597 2 2 100 1 425 427 534
598 2 2 100 1 621 622 623
599 2 2 100 1 89 157 809
600 2 2 100 1 177 869 870
601 2 2 100 1 611 615 817
602 2 2 100 1 609 613 822
603 2 2 100 1 629 628 630
604 2 2 100 1 535 443 827
605 2 2 100 1 425 534 815
606 2 2 100 1 615 617 618
607 2 2 100 1 437 536 819
608 2 2 100 1 887 166 888
609 2 2 100 1 615 616 617
610 2 2 100 1 606 609 822
611 2 2 100 1 202 867 868
612 2 2 100 1 417 419 526
613 2 2 100 1 533 447 831
614 2 2 100 1 439 441 826
615 2 2 100 1 613 611 817
616 2 2 100 1 433 539 818
617 2 2 100 1 602 823 825
618 2 2 100 1 437 439 536
619 2 2 100 1 655 562 943
620 2 2 100 1 433 435 539
621 2 2 100 1 611 614 615
622 2 2 100 1 332 330 787
623 2 2 100 1 879 206 880
624 2 2 100 1 609 611 613
625 2 2 100 1 443 445 827
626 2 2 100 1 823 607 824
627 2 2 100 1 609 610 611
628 2 2 100 1 621 617 622
629 2 2 100 1 627 626 628
630 2 2 100 1 321 323 811
631 2 2 100 1 604 607 823
632 2 2 100 1 607 606 822
633 2 2 100 1 625 624 626
634 2 2 100 1 532 451 832
635 2 2 100 1 606 608 609
636 2 2 100 1 600 602 825
637 2 2 100 1 604 606 607
638 2 2 100 1 812 324 813
639 2 2 100 1 445 533 827
640 2 2 100 1 623 622 624
641 2 2 100 1 875 167 876
642 2 2 100 1 596 828 830
643 2 2 100 1 602 604 823
644 2 2 100 1 604 605 606
645 2 2 100 1 530 455 835
646 2 2 100 1 447 449 831
647 2 2 100 1 441 535 826
648 2 2 100 1 828 612 829
649 2 2 100 1 598 612 828
650 2 2 100 1 612 600 825
651 2 2 100 1 445 447 533
652 2 2 100 1 441 443 535
653 2 2 100 1 602 603 604
654 2 2 100 1 594 596 830
655 2 2 100 1 598 600 612
656 2 2 100 1 881 205 882
657 2 2 100 1 451 453 832
658 2 2 100 1 600 601 602
659 2 2 100 1 592 619 833
660 2 2 100 1 596 598 828
661 2 2 100 1 598 599 600
662 2 2 100 1 168 845 846
663 2 2 100 1 453 530 832
664 2 2 100 1 527 459 841
665 2 2 100 1 596 597 598
666 2 2 100 1 449 532 831
667 2 2 100 1 619 594 830
668 2 2 100 1 525 838 839
669 2 2 100 1 590 592 833
670 2 2 100 1 594 595 596
671 2 2 100 1 588 620 834
672 2 2 100 1 525 464 838
673 2 2 100 1 609 608 610
674 2 2 100 1 449 451 532
675 2 2 100 1 455 457 835
676 2 2 100 1 592 594 619
677 2 2 100 1 611 610 614
678 2 2 100 1 453 455 530
679 2 2 100 1 586 588 834
680 2 2 100 1 592 593 594
681 2 2 100 1 606 605 608
682 2 2 100 1 615 614 616
683 2 2 100 1 620 590 833
684 2 2 100 1 185 847 848
685 2 2 100 1 584 649 837
686 2 2 100 1 590 591 592
687 2 2 100 1 459 461 841
688 2 2 100 1 183 113 843
689 2 2 100 1 113 114 843
690 2 2 100 1 588 590 620
691 2 2 100 1 588 589 590
692 2 2 100 1 602 601 603
693 2 2 100 1 464 466 838
694 2 2 100 1 649 586 834
695 2 2 100 1 586 587 588
696 2 2 100 1 35 185 844
697 2 2 100 1 34 35 844
698 2 2 100 1 524 507 836
699 2 2 100 1 582 584 837
700 2 2 100 1 507 540 836
701 2 2 100 1 168 33 845
702 2 2 100 1 584 586 649
703 2 2 100 1 596 595 597
704 2 2 100 1 461 525 841
705 2 2 100 1 508 507 524
706 2 2 100 1 503 541 840
707 2 2 100 1 34 844 845
708 2 2 100 1 461 464 525
709 2 2 100 1 110 111 871
710 2 2 100 1 162 110 871
711 2 2 100 1 466 695 838
712 2 2 100 1 584 585 586
713 2 2 100 1 457 527 835
714 2 2 100 1 507 505 540
715 2 2 100 1 457 459 527
716 2 2 100 1 604 603 605
717 2 2 100 1 650 582 837
718 2 2 100 1 598 597 599
719 2 2 100 1 600 599 601
720 2 2 100 1 582 583 584
721 2 2 100 1 506 505 507
722 2 2 100 1 580 650 842
723 2 2 100 1 36 37 847
724 2 2 100 1 185 36 847
725 2 2 100 1 855 198 856
726 2 2 100 1 580 582 650
727 2 2 100 1 38 174 849
728 2 2 100 1 466 468 695
729 2 2 100 1 594 593 595
730 2 2 100 1 505 503 840
731 2 2 100 1 580 581 582
732 2 2 100 1 847 37 849
733 2 2 100 1 590 589 591
734 2 2 100 1 588 587 589
735 2 2 100 1 578 580 842
736 2 2 100 1 504 503 505
737 2 2 100 1 592 591 593
738 2 2 100 1 586 585 587
739 2 2 100 1 651 578 842
740 2 2 100 1 501 499 917
741 2 2 100 1 33 34 845
742 2 2 100 1 578 579 580
743 2 2 100 1 503 501 541
744 2 2 100 1 540 505 840
745 2 2 100 1 37 38 849
746 2 2 100 1 506 507 508
747 2 2 100 1 584 583 585
748 2 2 100 1 112 113 183
749 2 2 100 1 35 36 185
750 2 2 100 1 171 51 850
751 2 2 100 1 200 49 854
752 2 2 100 1 197 57 851
753 2 2 100 1 173 43 852
754 2 2 100 1 56 197 858
755 2 2 100 1 40 198 855
756 2 2 100 1 198 41 853
757 2 2 100 1 196 45 857
758 2 2 100 1 199 53 860
759 2 2 100 1 172 47 859
760 2 2 100 1 127 176 861
761 2 2 100 1 202 122 867
762 2 2 100 1 125 201 869
763 2 2 100 1 203 130 863
764 2 2 100 1 129 203 865
765 2 2 100 1 52 199 850
766 2 2 100 1 44 196 852
767 2 2 100 1 170 55 858
768 2 2 100 1 54 170 860
769 2 2 100 1 46 172 857
770 2 2 100 1 42 173 853
771 2 2 100 1 58 169 851
772 2 2 100 1 174 39 855
773 2 2 100 1 50 171 854
774 2 2 100 1 48 200 859
775 2 2 100 1 42 43 173
776 2 2 100 1 54 55 170
777 2 2 100 1 48 49 200
778 2 2 100 1 58 59 169
779 2 2 100 1 51 52 850
780 2 2 100 1 56 57 197
781 2 2 100 1 44 45 196
782 2 2 100 1 52 53 199
783 2 2 100 1 40 41 198
784 2 2 100 1 46 47 172
785 2 2 100 1 38 39 174
786 2 2 100 1 50 51 171
787 2 2 100 1 123 177 867
788 2 2 100 1 131 175 863
789 2 2 100 1 201 126 861
790 2 2 100 1 176 128 865
791 2 2 100 1 177 124 869
792 2 2 100 1 49 50 854
793 2 2 100 1 57 58 851
794 2 2 100 1 123 124 177
795 2 2 100 1 129 130 203
796 2 2 100 1 117 118 204
797 2 2 100 1 121 122 202
798 2 2 100 1 115 116 179
799 2 2 100 1 127 128 176
800 2 2 100 1 131 132 175
801 2 2 100 1 43 44 852
802 2 2 100 1 55 56 858
803 2 2 100 1 119 120 178
804 2 2 100 1 125 126 201
805 2 2 100 1 39 40 855
806 2 2 100 1 45 46 857
807 2 2 100 1 53 54 860
808 2 2 100 1 41 42 853
809 2 2 100 1 126 127 861
810 2 2 100 1 122 123 867
811 2 2 100 1 124 125 869
812 2 2 100 1 130 131 863
813 2 2 100 1 128 129 865
814 2 2 100 1 47 48 859
815 2 2 100 1 27 28 875
816 2 2 100 1 12 13 163
817 2 2 100 1 29 30 881
818 2 2 100 1 24 25 166
819 2 2 100 1 26 27 206
820 2 2 100 1 22 23 207
821 2 2 100 1 28 29 167
822 2 2 100 1 30 31 205
823 2 2 100 1 32 33 168
824 2 2 100 1 20 21 165
825 2 2 100 1 18 19 209
826 2 2 100 1 16 17 164
827 2 2 100 1 15 16 889
828 2 2 100 1 17 18 885
829 2 2 100 1 14 15 208
830 2 2 100 1 19 20 883
831 2 2 100 1 21 22 877
832 2 2 100 1 25 26 879
833 2 2 100 1 13 14 891
834 2 2 100 1 23 24 887
835 2 2 100 1 93 94 158
836 2 2 100 1 103 104 210
837 2 2 100 1 31 32 893
838 2 2 100 1 94 95 910
839 2 2 100 1 89 90 157
840 2 2 100 1 91 92 211
841 2 2 100 1 95 96 214
842 2 2 100 1 97 98 159
843 2 2 100 1 99 100 212
844 2 2 100 1 105 106 161
845 2 2 100 1 107 108 213
846 2 2 100 1 109 110 162
847 2 2 100 1 101 102 160
848 2 2 100 1 100 101 896
849 2 2 100 1 106 107 904
850 2 2 100 1 102 103 908
851 2 2 100 1 104 105 902
852 2 2 100 1 108 109 906
853 2 2 100 1 92 93 894
854 2 2 100 1 206 27 875
855 2 2 100 1 28 167 875
856 2 2 100 1 30 205 881
857 2 2 100 1 163 13 891
858 2 2 100 1 96 97 898
859 2 2 100 1 26 206 879
860 2 2 100 1 98 99 900
861 2 2 100 1 165 21 877
862 2 2 100 1 167 29 881
863 2 2 100 1 20 165 883
864 2 2 100 1 16 164 889
865 2 2 100 1 24 166 887
866 2 2 100 1 18 209 885
867 2 2 100 1 164 17 885
868 2 2 100 1 22 207 877
869 2 2 100 1 209 19 883
870 2 2 100 1 208 15 889
871 2 2 100 1 32 168 893
872 2 2 100 1 166 25 879
873 2 2 100 1 14 208 891
874 2 2 100 1 207 23 887
875 2 2 100 1 205 31 893
876 2 2 100 1 90 91 912
877 2 2 100 1 93 158 894
878 2 2 100 1 212 100 896
879 2 2 100 1 210 104 902
880 2 2 100 1 107 213 904
881 2 2 100 1 213 108 906
882 2 2 100 1 214 96 898
883 2 2 100 1 103 210 908
884 2 2 100 1 157 90 912
885 2 2 100 1 95 214 910
886 2 2 100 1 158 94 910
887 2 2 100 1 160 102 908
888 2 2 100 1 101 160 896
889 2 2 100 1 161 106 904
890 2 2 100 1 105 161 902
891 2 2 100 1 109 162 906
892 2 2 100 1 99 212 900
893 2 2 100 1 159 98 900
894 2 2 100 1 211 92 894
895 2 2 100 1 97 159 898
896 2 2 100 1 91 211 912
897 2 2 100 1 576 578 651
898 2 2 100 1 582 581 583
899 2 2 100 1 502 501 503
900 2 2 100 1 318 316 379
901 2 2 100 1 322 320 350
902 2 2 100 1 314 348 915
903 2 2 100 1 323 322 324
904 2 2 100 1 574 576 922
905 2 2 100 1 319 321 358
906 2 2 100 1 316 314 915
907 2 2 100 1 321 322 323
908 2 2 100 1 504 505 506
909 2 2 100 1 315 317 380
910 2 2 100 1 318 379 913
911 2 2 100 1 321 320 322
912 2 2 100 1 350 320 913
913 2 2 100 1 319 320 321
914 2 2 100 1 319 318 320
915 2 2 100 1 580 579 581
916 2 2 100 1 310 308 381
917 2 2 100 1 313 315 918
918 2 2 100 1 317 318 319
919 2 2 100 1 314 312 348
920 2 2 100 1 320 318 913
921 2 2 100 1 359 313 918
922 2 2 100 1 379 316 915
923 2 2 100 1 306 346 920
924 2 2 100 1 317 316 318
925 2 2 100 1 380 317 914
926 2 2 100 1 319 358 914
927 2 2 100 1 315 316 317
928 2 2 100 1 317 319 914
929 2 2 100 1 315 314 316
930 2 2 100 1 311 313 359
931 2 2 100 1 308 306 920
932 2 2 100 1 313 314 315
933 2 2 100 1 541 501 917
934 2 2 100 1 307 309 382
935 2 2 100 1 315 380 918
936 2 2 100 1 310 381 916
937 2 2 100 1 313 312 314
938 2 2 100 1 502 503 504
939 2 2 100 1 695 468 696
940 2 2 100 1 348 312 916
941 2 2 100 1 311 312 313
942 2 2 100 1 576 577 578
943 2 2 100 1 311 310 312
944 2 2 100 1 302 300 383
945 2 2 100 1 305 307 923
946 2 2 100 1 309 310 311
947 2 2 100 1 306 304 346
948 2 2 100 1 312 310 916
949 2 2 100 1 361 305 923
950 2 2 100 1 578 577 579
951 2 2 100 1 381 308 920
952 2 2 100 1 298 345 927
953 2 2 100 1 309 308 310
954 2 2 100 1 382 309 919
955 2 2 100 1 311 359 919
956 2 2 100 1 499 542 917
957 2 2 100 1 307 308 309
958 2 2 100 1 309 311 919
959 2 2 100 1 307 306 308
960 2 2 100 1 303 305 361
961 2 2 100 1 296 294 925
962 2 2 100 1 300 298 927
963 2 2 100 1 305 306 307
964 2 2 100 1 576 651 922
965 2 2 100 1 500 499 501
966 2 2 100 1 299 301 384
967 2 2 100 1 307 382 923
968 2 2 100 1 302 383 921
969 2 2 100 1 500 501 502
970 2 2 100 1 583 581 717
971 2 2 100 1 305 304 306
972 2 2 100 1 579 577 713
973 2 2 100 1 652 574 922
974 2 2 100 1 346 304 921
975 2 2 100 1 303 304 305
976 2 2 100 1 504 506 675
977 2 2 100 1 500 502 676
978 2 2 100 1 303 302 304
979 2 2 100 1 587 585 718
980 2 2 100 1 576 575 577
981 2 2 100 1 297 299 929
982 2 2 100 1 502 504 924
983 2 2 100 1 301 302 303
984 2 2 100 1 298 296 345
985 2 2 100 1 304 302 921
986 2 2 100 1 678 494 931
987 2 2 100 1 362 297 929
988 2 2 100 1 499 497 542
989 2 2 100 1 574 575 576
990 2 2 100 1 383 300 927
991 2 2 100 1 301 300 302
992 2 2 100 1 384 301 926
993 2 2 100 1 303 361 926
994 2 2 100 1 345 296 925
995 2 2 100 1 676 502 924
996 2 2 100 1 504 675 924
997 2 2 100 1 299 300 301
998 2 2 100 1 291 293 385
999 2 2 100 1 301 303 926
1000 2 2 100 1 498 499 500
1001 2 2 100 1 355 289 934
1002 2 2 100 1 299 298 300
1003 2 2 100 1 494 496 931
1004 2 2 100 1 496 498 677
1005 2 2 100 1 295 297 362
1006 2 2 100 1 500 676 928
1007 2 2 100 1 572 574 652
1008 2 2 100 1 497 495 933
1009 2 2 100 1 297 298 299
1010 2 2 100 1 591 589 721
1011 2 2 100 1 575 573 712
1012 2 2 100 1 498 497 499
1013 2 2 100 1 294 292 932
1014 2 2 100 1 299 384 929
1015 2 2 100 1 466 467 468
1016 2 2 100 1 498 500 928
1017 2 2 100 1 297 296 298
1018 2 2 100 1 677 498 928
1019 2 2 100 1 292 339 932
1020 2 2 100 1 574 573 575
1021 2 2 100 1 570 572 935
1022 2 2 100 1 289 291 934
1023 2 2 100 1 522 467 523
1024 2 2 100 1 464 465 466
1025 2 2 100 1 468 467 522
1026 2 2 100 1 295 296 297
1027 2 2 100 1 679 490 937
1028 2 2 100 1 295 294 296
1029 2 2 100 1 522 523 689
1030 2 2 100 1 572 573 574
1031 2 2 100 1 385 293 930
1032 2 2 100 1 466 465 467
1033 2 2 100 1 496 497 498
1034 2 2 100 1 292 290 339
1035 2 2 100 1 293 294 295
1036 2 2 100 1 925 294 932
1037 2 2 100 1 295 362 930
1038 2 2 100 1 597 595 692
1039 2 2 100 1 293 292 294
1040 2 2 100 1 495 544 933
1041 2 2 100 1 287 289 355
1042 2 2 100 1 461 463 464
1043 2 2 100 1 496 677 931
1044 2 2 100 1 496 495 497
1045 2 2 100 1 542 497 933
1046 2 2 100 1 464 463 465
1047 2 2 100 1 291 292 293
1048 2 2 100 1 293 295 930
1049 2 2 100 1 291 385 934
1050 2 2 100 1 572 571 573
1051 2 2 100 1 490 492 937
1052 2 2 100 1 291 290 292
1053 2 2 100 1 459 460 461
1054 2 2 100 1 492 494 678
1055 2 2 100 1 463 460 520
1056 2 2 100 1 653 570 935
1057 2 2 100 1 457 458 459
1058 2 2 100 1 289 290 291
1059 2 2 100 1 572 652 935
1060 2 2 100 1 495 493 544
1061 2 2 100 1 461 460 463
1062 2 2 100 1 282 280 386
1063 2 2 100 1 494 495 496
1064 2 2 100 1 278 344 939
1065 2 2 100 1 289 288 290
1066 2 2 100 1 570 571 572
1067 2 2 100 1 562 564 943
1068 2 2 100 1 459 458 460
1069 2 2 100 1 286 284 338
1070 2 2 100 1 571 569 711
1071 2 2 100 1 287 288 289
1072 2 2 100 1 603 601 693
1073 2 2 100 1 494 493 495
1074 2 2 100 1 287 286 288
1075 2 2 100 1 455 456 457
1076 2 2 100 1 281 283 357
1077 2 2 100 1 680 486 944
1078 2 2 100 1 568 570 653
1079 2 2 100 1 280 278 939
1080 2 2 100 1 285 286 287
1081 2 2 100 1 457 456 458
1082 2 2 100 1 453 454 455
1083 2 2 100 1 570 569 571
1084 2 2 100 1 285 284 286
1085 2 2 100 1 377 395 396
1086 2 2 100 1 492 493 494
1087 2 2 100 1 566 568 941
1088 2 2 100 1 283 284 285
1089 2 2 100 1 451 452 453
1090 2 2 100 1 455 454 456
1091 2 2 100 1 282 386 936
1092 2 2 100 1 492 678 937
1093 2 2 100 1 274 272 387
1094 2 2 100 1 568 569 570
1095 2 2 100 1 283 282 284
1096 2 2 100 1 608 605 722
1097 2 2 100 1 281 282 283
1098 2 2 100 1 456 454 671
1099 2 2 100 1 338 284 936
1100 2 2 100 1 492 491 493
1101 2 2 100 1 509 516 684
1102 2 2 100 1 453 452 454
1103 2 2 100 1 486 488 944
1104 2 2 100 1 278 276 344
1105 2 2 100 1 281 280 282
1106 2 2 100 1 270 343 945
1107 2 2 100 1 544 493 938
1108 2 2 100 1 488 490 679
1109 2 2 100 1 449 450 451
1110 2 2 100 1 617 616 820
1111 2 2 100 1 284 282 936
1112 2 2 100 1 386 280 939
1113 2 2 100 1 279 280 281
1114 2 2 100 1 568 567 569
1115 2 2 100 1 491 489 550
1116 2 2 100 1 451 450 452
1117 2 2 100 1 493 491 938
1118 2 2 100 1 490 491 492
1119 2 2 100 1 279 278 280
1120 2 2 100 1 447 448 449
1121 2 2 100 1 275 277 363
1122 2 2 100 1 272 270 945
1123 2 2 100 1 654 566 941
1124 2 2 100 1 614 610 723
1125 2 2 100 1 452 450 670
1126 2 2 100 1 274 387 940
1127 2 2 100 1 271 273 388
1128 2 2 100 1 568 653 941
1129 2 2 100 1 445 446 447
1130 2 2 100 1 277 278 279
1131 2 2 100 1 483 543 950
1132 2 2 100 1 566 567 568
1133 2 2 100 1 491 550 938
1134 2 2 100 1 449 448 450
1135 2 2 100 1 490 489 491
1136 2 2 100 1 277 276 278
1137 2 2 100 1 567 565 710
1138 2 2 100 1 275 276 277
1139 2 2 100 1 344 276 940
1140 2 2 100 1 820 616 821
1141 2 2 100 1 681 482 951
1142 2 2 100 1 275 274 276
1143 2 2 100 1 447 446 448
1144 2 2 100 1 443 444 445
1145 2 2 100 1 564 566 654
1146 2 2 100 1 488 489 490
1147 2 2 100 1 273 274 275
1148 2 2 100 1 266 264 389
1149 2 2 100 1 269 271 948
1150 2 2 100 1 566 565 567
1151 2 2 100 1 276 274 940
1152 2 2 100 1 448 446 669
1153 2 2 100 1 488 679 944
1154 2 2 100 1 270 268 343
1155 2 2 100 1 445 444 446
1156 2 2 100 1 364 269 948
1157 2 2 100 1 387 272 945
1158 2 2 100 1 262 342 952
1159 2 2 100 1 275 363 942
1160 2 2 100 1 273 272 274
1161 2 2 100 1 388 273 942
1162 2 2 100 1 441 442 443
1163 2 2 100 1 485 483 950
1164 2 2 100 1 622 617 820
1165 2 2 100 1 488 487 489
1166 2 2 100 1 271 272 273
1167 2 2 100 1 273 275 942
1168 2 2 100 1 564 565 566
1169 2 2 100 1 484 486 680
1170 2 2 100 1 550 489 946
1171 2 2 100 1 482 484 951
1172 2 2 100 1 443 442 444
1173 2 2 100 1 560 562 655
1174 2 2 100 1 271 270 272
1175 2 2 100 1 564 654 943
1176 2 2 100 1 267 269 364
1177 2 2 100 1 439 440 441
1178 2 2 100 1 264 262 952
1179 2 2 100 1 326 324 812
1180 2 2 100 1 487 485 551
1181 2 2 100 1 444 442 668
1182 2 2 100 1 269 270 271
1183 2 2 100 1 486 487 488
1184 2 2 100 1 489 487 946
1185 2 2 100 1 271 388 948
1186 2 2 100 1 477 475 959
1187 2 2 100 1 263 265 390
1188 2 2 100 1 437 438 439
1189 2 2 100 1 266 389 947
1190 2 2 100 1 269 268 270
1191 2 2 100 1 441 440 442
1192 2 2 100 1 412 469 509
1193 2 2 100 1 564 563 565
1194 2 2 100 1 626 624 656
1195 2 2 100 1 343 268 947
1196 2 2 100 1 267 268 269
1197 2 2 100 1 487 551 946
1198 2 2 100 1 486 485 487
1199 2 2 100 1 439 438 440
1200 2 2 100 1 435 436 437
1201 2 2 100 1 267 266 268
1202 2 2 100 1 258 256 391
1203 2 2 100 1 562 563 564
1204 2 2 100 1 261 263 954
1205 2 2 100 1 265 266 267
1206 2 2 100 1 440 438 667
1207 2 2 100 1 563 561 709
1208 2 2 100 1 262 260 342
1209 2 2 100 1 268 266 947
1210 2 2 100 1 437 436 438
1211 2 2 100 1 366 261 954
1212 2 2 100 1 254 341 957
1213 2 2 100 1 389 264 952
1214 2 2 100 1 484 485 486
1215 2 2 100 1 265 264 266
1216 2 2 100 1 483 481 543
1217 2 2 100 1 630 628 657
1218 2 2 100 1 267 364 949
1219 2 2 100 1 390 265 949
1220 2 2 100 1 433 434 435
1221 2 2 100 1 551 485 950
1222 2 2 100 1 360 368 373
1223 2 2 100 1 263 264 265
1224 2 2 100 1 484 680 951
1225 2 2 100 1 351 326 812
1226 2 2 100 1 562 561 563
1227 2 2 100 1 265 267 949
1228 2 2 100 1 435 434 436
1229 2 2 100 1 263 262 264
1230 2 2 100 1 484 483 485
1231 2 2 100 1 259 261 366
1232 2 2 100 1 480 482 681
1233 2 2 100 1 256 254 957
1234 2 2 100 1 431 432 433
1235 2 2 100 1 682 478 958
1236 2 2 100 1 261 262 263
1237 2 2 100 1 436 434 666
1238 2 2 100 1 787 330 788
1239 2 2 100 1 255 257 392
1240 2 2 100 1 263 390 954
1241 2 2 100 1 258 391 953
1242 2 2 100 1 261 260 262
1243 2 2 100 1 429 430 431
1244 2 2 100 1 560 561 562
1245 2 2 100 1 478 480 958
1246 2 2 100 1 634 632 659
1247 2 2 100 1 433 432 434
1248 2 2 100 1 482 483 484
1249 2 2 100 1 342 260 953
1250 2 2 100 1 475 473 537
1251 2 2 100 1 259 260 261
1252 2 2 100 1 431 430 432
1253 2 2 100 1 259 258 260
1254 2 2 100 1 11 872 874
1255 2 2 100 1 427 428 429
1256 2 2 100 1 250 248 393
1257 2 2 100 1 482 481 483
1258 2 2 100 1 560 559 561
1259 2 2 100 1 253 255 961
1260 2 2 100 1 335 349 805
1261 2 2 100 1 257 258 259
1262 2 2 100 1 254 252 341
1263 2 2 100 1 432 430 665
1264 2 2 100 1 260 258 953
1265 2 2 100 1 479 477 698
1266 2 2 100 1 367 253 961
1267 2 2 100 1 543 481 955
1268 2 2 100 1 246 340 965
1269 2 2 100 1 391 256 957
1270 2 2 100 1 429 428 430
1271 2 2 100 1 257 256 258
1272 2 2 100 1 638 636 660
1273 2 2 100 1 259 366 956
1274 2 2 100 1 392 257 956
1275 2 2 100 1 558 559 560
1276 2 2 100 1 480 481 482
1277 2 2 100 1 479 698 955
1278 2 2 100 1 255 256 257
1279 2 2 100 1 646 644 661
1280 2 2 100 1 559 557 708
1281 2 2 100 1 750 751 752
1282 2 2 100 1 425 426 427
1283 2 2 100 1 480 681 958
1284 2 2 100 1 244 242 962
1285 2 2 100 1 480 479 481
1286 2 2 100 1 257 259 956
1287 2 2 100 1 247 249 394
1288 2 2 100 1 481 479 955
1289 2 2 100 1 255 254 256
1290 2 2 100 1 427 426 428
1291 2 2 100 1 228 229 230
1292 2 2 100 1 251 253 367
1293 2 2 100 1 248 246 965
1294 2 2 100 1 476 478 682
1295 2 2 100 1 558 557 559
1296 2 2 100 1 234 233 235
1297 2 2 100 1 253 254 255
1298 2 2 100 1 555 553 556
1299 2 2 100 1 428 426 664
1300 2 2 100 1 478 479 480
1301 2 2 100 1 555 557 558
1302 2 2 100 1 255 392 961
1303 2 2 100 1 365 245 966
1304 2 2 100 1 423 424 425
1305 2 2 100 1 250 393 960
1306 2 2 100 1 642 640 663
1307 2 2 100 1 402 511 790
1308 2 2 100 1 253 252 254
1309 2 2 100 1 556 801 802
1310 2 2 100 1 683 474 967
1311 2 2 100 1 425 424 426
1312 2 2 100 1 349 377 805
1313 2 2 100 1 341 252 960
1314 2 2 100 1 251 252 253
1315 2 2 100 1 245 247 966
1316 2 2 100 1 555 556 557
1317 2 2 100 1 421 422 423
1318 2 2 100 1 353 335 805
1319 2 2 100 1 478 477 479
1320 2 2 100 1 474 476 967
1321 2 2 100 1 698 477 959
1322 2 2 100 1 251 250 252
1323 2 2 100 1 398 371 399
1324 2 2 100 1 423 422 424
1325 2 2 100 1 417 526 964
1326 2 2 100 1 249 250 251
1327 2 2 100 1 394 249 963
1328 2 2 100 1 246 244 340
1329 2 2 100 1 252 250 960
1330 2 2 100 1 639 641 969
1331 2 2 100 1 591 721 971
1332 2 2 100 1 424 422 662
1333 2 2 100 1 393 248 965
1334 2 2 100 1 340 244 962
1335 2 2 100 1 251 367 963
1336 2 2 100 1 249 248 250
1337 2 2 100 1 419 420 421
1338 2 2 100 1 476 477 478
1339 2 2 100 1 547 552 697
1340 2 2 100 1 754 755 756
1341 2 2 100 1 746 745 767
1342 2 2 100 1 1005 771 1116
1343 2 2 100 1 421 420 422
1344 2 2 100 1 243 245 365
1345 2 2 100 1 247 248 249
1346 2 2 100 1 249 251 963
1347 2 2 100 1 554 553 555
1348 2 2 100 1 247 246 248
1349 2 2 100 1 247 394 966
1350 2 2 100 1 476 475 477
1351 2 2 100 1 230 231 232
1352 2 2 100 1 472 474 683
1353 2 2 100 1 240 239 336
1354 2 2 100 1 245 246 247
1355 2 2 100 1 476 682 967
1356 2 2 100 1 417 418 419
1357 2 2 100 1 236 235 237
1358 2 2 100 1 419 418 420
1359 2 2 100 1 772 1005 1045
1360 2 2 100 1 238 237 239
1361 2 2 100 1 396 402 403
1362 2 2 100 1 552 553 554
1363 2 2 100 1 245 244 246
1364 2 2 100 1 509 469 516
1365 2 2 100 1 474 475 476
1366 2 2 100 1 420 418 658
1367 2 2 100 1 394 963 969
1368 2 2 100 1 741 194 769
1369 2 2 100 1 401 416 417
1370 2 2 100 1 474 473 475
1371 2 2 100 1 232 233 234
1372 2 2 100 1 243 244 245
1373 2 2 100 1 593 591 971
1374 2 2 100 1 374 373 400
1375 2 2 100 1 241 781 994
1376 2 2 100 1 238 239 240
1377 2 2 100 1 552 548 553
1378 2 2 100 1 696 468 981
1379 2 2 100 1 401 400 414
1380 2 2 100 1 243 242 244
1381 2 2 100 1 1079 558 1101
1382 2 2 100 1 816 471 979
1383 2 2 100 1 238 240 241
1384 2 2 100 1 893 168 983
1385 2 2 100 1 417 416 418
1386 2 2 100 1 472 473 474
1387 2 2 100 1 470 413 471
1388 2 2 100 1 416 414 515
1389 2 2 100 1 750 748 751
1390 2 2 100 1 547 548 552
1391 2 2 100 1 288 286 985
1392 2 2 100 1 647 648 997
1393 2 2 100 1 472 471 473
1394 2 2 100 1 687 703 731
1395 2 2 100 1 692 595 987
1396 2 2 100 1 962 242 970
1397 2 2 100 1 519 398 800
1398 2 2 100 1 241 242 243
1399 2 2 100 1 403 402 790
1400 2 2 100 1 401 414 416
1401 2 2 100 1 234 235 236
1402 2 2 100 1 148 149 180
1403 2 2 100 1 241 240 242
1404 2 2 100 1 236 237 238
1405 2 2 100 1 331 1060 1071
1406 2 2 100 1 546 529 549
1407 2 2 100 1 192 226 732
1408 2 2 100 1 547 546 548
1409 2 2 100 1 374 400 401
1410 2 2 100 1 405 407 512
1411 2 2 100 1 990 337 1000
1412 2 2 100 1 754 752 755
1413 2 2 100 1 522 689 976
1414 2 2 100 1 545 546 547
1415 2 2 100 1 73 74 181
1416 2 2 100 1 240 336 970
1417 2 2 100 1 413 410 979
1418 2 2 100 1 760 762 763
1419 2 2 100 1 470 471 472
1420 2 2 100 1 637 639 978
1421 2 2 100 1 410 694 979
1422 2 2 100 1 347 332 787
1423 2 2 100 1 1097 811 1098
1424 2 2 100 1 528 529 545
1425 2 2 100 1 360 373 374
1426 2 2 100 1 412 413 469
1427 2 2 100 1 469 413 470
1428 2 2 100 1 149 150 968
1429 2 2 100 1 884 665 1131
1430 2 2 100 1 545 529 546
1431 2 2 100 1 932 339 1010
1432 2 2 100 1 512 513 706
1433 2 2 100 1 593 971 987
1434 2 2 100 1 146 147 974
1435 2 2 100 1 242 240 970
1436 2 2 100 1 70 71 187
1437 2 2 100 1 522 976 981
1438 2 2 100 1 145 146 189
1439 2 2 100 1 1010 339 1012
1440 2 2 100 1 688 686 728
1441 2 2 100 1 354 337 990
1442 2 2 100 1 76 77 190
1443 2 2 100 1 871 111 992
1444 2 2 100 1 112 183 992
1445 2 2 100 1 150 151 972
1446 2 2 100 1 404 406 528
1447 2 2 100 1 232 234 376
1448 2 2 100 1 528 406 529
1449 2 2 100 1 228 230 517
1450 2 2 100 1 399 408 409
1451 2 2 100 1 969 963 978
1452 2 2 100 1 746 767 975
1453 2 2 100 1 410 408 694
1454 2 2 100 1 412 410 413
1455 2 2 100 1 374 964 977
1456 2 2 100 1 756 755 764
1457 2 2 100 1 409 410 412
1458 2 2 100 1 373 375 1002
1459 2 2 100 1 637 978 991
1460 2 2 100 1 468 522 981
1461 2 2 100 1 363 1011 1028
1462 2 2 100 1 404 403 405
1463 2 2 100 1 963 367 978
1464 2 2 100 1 151 152 186
1465 2 2 100 1 760 758 762
1466 2 2 100 1 168 846 983
1467 2 2 100 1 639 969 978
1468 2 2 100 1 68 69 215
1469 2 2 100 1 404 405 406
1470 2 2 100 1 748 746 975
1471 2 2 100 1 635 637 991
1472 2 2 100 1 286 338 985
1473 2 2 100 1 595 593 987
1474 2 2 100 1 1005 415 1045
1475 2 2 100 1 674 519 800
1476 2 2 100 1 970 336 977
1477 2 2 100 1 1152 846 1153
1478 2 2 100 1 144 145 973
1479 2 2 100 1 512 706 707
1480 2 2 100 1 415 400 1002
1481 2 2 100 1 77 78 980
1482 2 2 100 1 399 371 408
1483 2 2 100 1 978 367 991
1484 2 2 100 1 597 692 999
1485 2 2 100 1 665 884 1133
1486 2 2 100 1 334 347 1000
1487 2 2 100 1 357 1020 1039
1488 2 2 100 1 707 706 714
1489 2 2 100 1 288 985 1014
1490 2 2 100 1 471 413 979
1491 2 2 100 1 409 408 410
1492 2 2 100 1 824 1032 1034
1493 2 2 100 1 694 990 1000
1494 2 2 100 1 751 748 975
1495 2 2 100 1 336 360 977
1496 2 2 100 1 675 1155 1157
1497 2 2 100 1 1017 338 1022
1498 2 2 100 1 180 149 968
1499 2 2 100 1 983 846 1152
1500 2 2 100 1 524 836 989
1501 2 2 100 1 862 659 1117
1502 2 2 100 1 844 185 1003
1503 2 2 100 1 153 154 216
1504 2 2 100 1 360 374 977
1505 2 2 100 1 633 635 993
1506 2 2 100 1 338 936 1022
1507 2 2 100 1 396 403 404
1508 2 2 100 1 635 991 993
1509 2 2 100 1 924 675 1157
1510 2 2 100 1 230 232 982
1511 2 2 100 1 143 144 217
1512 2 2 100 1 78 79 218
1513 2 2 100 1 367 961 991
1514 2 2 100 1 829 1044 1049
1515 2 2 100 1 659 862 1119
1516 2 2 100 1 693 601 1006
1517 2 2 100 1 835 527 1025
1518 2 2 100 1 238 241 994
1519 2 2 100 1 631 633 996
1520 2 2 100 1 924 1157 1159
1521 2 2 100 1 633 993 996
1522 2 2 100 1 232 376 982
1523 2 2 100 1 968 150 972
1524 2 2 100 1 1075 554 1092
1525 2 2 100 1 835 1025 1027
1526 2 2 100 1 189 146 974
1527 2 2 100 1 607 822 1011
1528 2 2 100 1 758 756 984
1529 2 2 100 1 756 764 984
1530 2 2 100 1 839 838 1012
1531 2 2 100 1 530 835 1027
1532 2 2 100 1 991 961 993
1533 2 2 100 1 676 924 1159
1534 2 2 100 1 111 112 992
1535 2 2 100 1 226 228 986
1536 2 2 100 1 629 631 1001
1537 2 2 100 1 772 770 1005
1538 2 2 100 1 339 290 1014
1539 2 2 100 1 985 839 1014
1540 2 2 100 1 517 230 982
1541 2 2 100 1 530 1027 1030
1542 2 2 100 1 985 338 1017
1543 2 2 100 1 843 114 1015
1544 2 2 100 1 115 179 1015
1545 2 2 100 1 964 526 998
1546 2 2 100 1 377 396 988
1547 2 2 100 1 805 377 988
1548 2 2 100 1 732 226 986
1549 2 2 100 1 525 839 1017
1550 2 2 100 1 832 530 1030
1551 2 2 100 1 676 1159 1161
1552 2 2 100 1 371 354 990
1553 2 2 100 1 631 996 1001
1554 2 2 100 1 970 977 998
1555 2 2 100 1 612 825 1020
1556 2 2 100 1 151 186 972
1557 2 2 100 1 629 1001 1004
1558 2 2 100 1 66 67 221
1559 2 2 100 1 998 526 1008
1560 2 2 100 1 961 392 993
1561 2 2 100 1 832 1030 1033
1562 2 2 100 1 694 408 990
1563 2 2 100 1 145 189 973
1564 2 2 100 1 928 676 1161
1565 2 2 100 1 376 234 995
1566 2 2 100 1 532 832 1033
1567 2 2 100 1 627 629 1004
1568 2 2 100 1 190 77 980
1569 2 2 100 1 993 392 996
1570 2 2 100 1 808 807 1092
1571 2 2 100 1 1124 661 1129
1572 2 2 100 1 762 758 984
1573 2 2 100 1 404 528 988
1574 2 2 100 1 228 517 986
1575 2 2 100 1 532 1033 1035
1576 2 2 100 1 997 648 1113
1577 2 2 100 1 603 693 1029
1578 2 2 100 1 722 605 1029
1579 2 2 100 1 236 238 994
1580 2 2 100 1 928 1161 1162
1581 2 2 100 1 831 532 1035
1582 2 2 100 1 738 647 997
1583 2 2 100 1 627 1004 1007
1584 2 2 100 1 392 956 996
1585 2 2 100 1 363 277 1032
1586 2 2 100 1 625 627 1007
1587 2 2 100 1 977 964 998
1588 2 2 100 1 234 236 995
1589 2 2 100 1 831 1035 1038
1590 2 2 100 1 677 928 1162
1591 2 2 100 1 279 281 1034
1592 2 2 100 1 337 334 1000
1593 2 2 100 1 408 371 990
1594 2 2 100 1 533 831 1038
1595 2 2 100 1 396 404 988
1596 2 2 100 1 851 1171 1181
1597 2 2 100 1 625 1007 1009
1598 2 2 100 1 526 810 1008
1599 2 2 100 1 623 625 1009
1600 2 2 100 1 533 1038 1040
1601 2 2 100 1 599 597 999
1602 2 2 100 1 839 985 1017
1603 2 2 100 1 677 1162 1164
1604 2 2 100 1 117 204 1042
1605 2 2 100 1 179 116 1042
1606 2 2 100 1 472 683 1024
1607 2 2 100 1 174 855 1043
1608 2 2 100 1 827 533 1040
1609 2 2 100 1 357 283 1044
1610 2 2 100 1 996 956 1001
1611 2 2 100 1 874 872 1062
1612 2 2 100 1 236 994 995
1613 2 2 100 1 827 1040 1046
1614 2 2 100 1 285 287 1049
1615 2 2 100 1 547 697 1036
1616 2 2 100 1 623 1009 1013
1617 2 2 100 1 931 677 1164
1618 2 2 100 1 621 623 1013
1619 2 2 100 1 956 366 1001
1620 2 2 100 1 535 827 1046
1621 2 2 100 1 217 144 973
1622 2 2 100 1 1019 545 1036
1623 2 2 100 1 78 218 980
1624 2 2 100 1 962 970 998
1625 2 2 100 1 736 1113 1122
1626 2 2 100 1 962 998 1008
1627 2 2 100 1 878 666 1135
1628 2 2 100 1 621 1013 1016
1629 2 2 100 1 1001 366 1004
1630 2 2 100 1 931 1164 1165
1631 2 2 100 1 535 1046 1048
1632 2 2 100 1 599 999 1006
1633 2 2 100 1 826 535 1048
1634 2 2 100 1 185 848 1003
1635 2 2 100 1 618 621 1016
1636 2 2 100 1 751 778 1109
1637 2 2 100 1 608 722 1058
1638 2 2 100 1 723 610 1058
1639 2 2 100 1 810 531 1021
1640 2 2 100 1 826 1048 1050
1641 2 2 100 1 366 954 1004
1642 2 2 100 1 536 826 1050
1643 2 2 100 1 678 931 1165
1644 2 2 100 1 618 1016 1023
1645 2 2 100 1 817 618 1023
1646 2 2 100 1 531 815 1031
1647 2 2 100 1 536 1050 1053
1648 2 2 100 1 816 1018 1073
1649 2 2 100 1 819 536 1053
1650 2 2 100 1 745 772 1045
1651 2 2 100 1 1004 954 1007
1652 2 2 100 1 678 1165 1167
1653 2 2 100 1 1160 848 1163
1654 2 2 100 1 819 1053 1055
1655 2 2 100 1 331 333 1060
1656 2 2 100 1 400 373 1002
1657 2 2 100 1 539 819 1055
1658 2 2 100 1 666 878 1136
1659 2 2 100 1 817 1023 1026
1660 2 2 100 1 601 599 1006
1661 2 2 100 1 1008 810 1021
1662 2 2 100 1 204 118 1066
1663 2 2 100 1 119 178 1066
1664 2 2 100 1 613 817 1026
1665 2 2 100 1 534 814 1047
1666 2 2 100 1 954 390 1007
1667 2 2 100 1 937 678 1167
1668 2 2 100 1 1060 697 1071
1669 2 2 100 1 1021 531 1031
1670 2 2 100 1 356 329 1071
1671 2 2 100 1 818 539 1054
1672 2 2 100 1 815 534 1037
1673 2 2 100 1 538 818 1052
1674 2 2 100 1 1047 814 1051
1675 2 2 100 1 1007 390 1009
1676 2 2 100 1 613 1026 1028
1677 2 2 100 1 814 538 1051
1678 2 2 100 1 988 528 1019
1679 2 2 100 1 1052 818 1054
1680 2 2 100 1 1031 815 1037
1681 2 2 100 1 1088 202 1132
1682 2 2 100 1 1054 539 1055
1683 2 2 100 1 937 1167 1169
1684 2 2 100 1 822 613 1028
1685 2 2 100 1 866 660 1120
1686 2 2 100 1 805 988 1019
1687 2 2 100 1 695 696 1010
1688 2 2 100 1 1051 538 1052
1689 2 2 100 1 390 949 1009
1690 2 2 100 1 660 866 1123
1691 2 2 100 1 816 979 1018
1692 2 2 100 1 696 989 1041
1693 2 2 100 1 821 616 1078
1694 2 2 100 1 614 723 1078
1695 2 2 100 1 695 1010 1012
1696 2 2 100 1 679 937 1169
1697 2 2 100 1 824 607 1011
1698 2 2 100 1 340 962 1008
1699 2 2 100 1 823 824 1039
1700 2 2 100 1 1009 949 1013
1701 2 2 100 1 838 695 1012
1702 2 2 100 1 523 1168 1173
1703 2 2 100 1 353 1019 1036
1704 2 2 100 1 528 545 1019
1705 2 2 100 1 555 558 1079
1706 2 2 100 1 679 1169 1172
1707 2 2 100 1 949 364 1013
1708 2 2 100 1 1037 534 1047
1709 2 2 100 1 290 288 1014
1710 2 2 100 1 1013 364 1016
1711 2 2 100 1 944 679 1172
1712 2 2 100 1 121 202 1088
1713 2 2 100 1 178 120 1088
1714 2 2 100 1 114 115 1015
1715 2 2 100 1 828 829 1056
1716 2 2 100 1 364 948 1016
1717 2 2 100 1 689 523 1173
1718 2 2 100 1 841 525 1017
1719 2 2 100 1 825 823 1039
1720 2 2 100 1 944 1172 1174
1721 2 2 100 1 340 1008 1021
1722 2 2 100 1 811 378 1098
1723 2 2 100 1 1016 948 1023
1724 2 2 100 1 841 1017 1022
1725 2 2 100 1 680 944 1174
1726 2 2 100 1 829 612 1020
1727 2 2 100 1 808 1079 1101
1728 2 2 100 1 527 841 1022
1729 2 2 100 1 948 388 1023
1730 2 2 100 1 1011 363 1032
1731 2 2 100 1 560 655 1101
1732 2 2 100 1 965 340 1021
1733 2 2 100 1 680 1174 1175
1734 2 2 100 1 353 805 1019
1735 2 2 100 1 1023 388 1026
1736 2 2 100 1 552 554 1075
1737 2 2 100 1 1003 848 1160
1738 2 2 100 1 936 386 1025
1739 2 2 100 1 1018 347 1073
1740 2 2 100 1 388 942 1026
1741 2 2 100 1 951 680 1175
1742 2 2 100 1 1025 386 1027
1743 2 2 100 1 851 169 1171
1744 2 2 100 1 951 1175 1176
1745 2 2 100 1 470 472 1024
1746 2 2 100 1 1026 942 1028
1747 2 2 100 1 386 939 1027
1748 2 2 100 1 873 163 1111
1749 2 2 100 1 830 828 1056
1750 2 2 100 1 197 851 1181
1751 2 2 100 1 622 820 1107
1752 2 2 100 1 965 1021 1031
1753 2 2 100 1 656 624 1107
1754 2 2 100 1 681 1176 1178
1755 2 2 100 1 1000 347 1018
1756 2 2 100 1 681 951 1176
1757 2 2 100 1 1027 939 1030
1758 2 2 100 1 942 363 1028
1759 2 2 100 1 958 1178 1180
1760 2 2 100 1 605 603 1029
1761 2 2 100 1 830 1056 1057
1762 2 2 100 1 406 405 1085
1763 2 2 100 1 939 344 1030
1764 2 2 100 1 891 892 1111
1765 2 2 100 1 658 418 1100
1766 2 2 100 1 619 830 1057
1767 2 2 100 1 1020 357 1044
1768 2 2 100 1 1030 344 1033
1769 2 2 100 1 682 958 1180
1770 2 2 100 1 416 515 1100
1771 2 2 100 1 958 681 1178
1772 2 2 100 1 277 279 1032
1773 2 2 100 1 619 1057 1059
1774 2 2 100 1 177 870 1110
1775 2 2 100 1 868 867 1110
1776 2 2 100 1 344 940 1033
1777 2 2 100 1 888 667 1138
1778 2 2 100 1 356 1075 1092
1779 2 2 100 1 393 965 1031
1780 2 2 100 1 979 694 1018
1781 2 2 100 1 833 619 1059
1782 2 2 100 1 1033 940 1035
1783 2 2 100 1 393 1031 1037
1784 2 2 100 1 281 357 1034
1785 2 2 100 1 940 387 1035
1786 2 2 100 1 833 1059 1061
1787 2 2 100 1 1035 387 1038
1788 2 2 100 1 655 1097 1098
1789 2 2 100 1 620 833 1061
1790 2 2 100 1 960 393 1037
1791 2 2 100 1 387 945 1038
1792 2 2 100 1 1010 696 1041
1793 2 2 100 1 620 1061 1063
1794 2 2 100 1 512 707 1085
1795 2 2 100 1 626 656 1112
1796 2 2 100 1 1038 945 1040
1797 2 2 100 1 657 628 1112
1798 2 2 100 1 667 888 1139
1799 2 2 100 1 752 751 1109
1800 2 2 100 1 803 195 1129
1801 2 2 100 1 834 620 1063
1802 2 2 100 1 945 343 1040
1803 2 2 100 1 545 547 1036
1804 2 2 100 1 925 932 1041
1805 2 2 100 1 116 117 1042
1806 2 2 100 1 1040 343 1046
1807 2 2 100 1 834 1063 1065
1808 2 2 100 1 855 856 1043
1809 2 2 100 1 283 285 1044
1810 2 2 100 1 343 947 1046
1811 2 2 100 1 663 864 1127
1812 2 2 100 1 649 834 1065
1813 2 2 100 1 201 862 1114
1814 2 2 100 1 870 869 1114
1815 2 2 100 1 1041 989 1064
1816 2 2 100 1 414 415 1116
1817 2 2 100 1 1046 947 1048
1818 2 2 100 1 341 960 1047
1819 2 2 100 1 947 389 1048
1820 2 2 100 1 960 1037 1047
1821 2 2 100 1 341 1047 1051
1822 2 2 100 1 649 1065 1067
1823 2 2 100 1 287 355 1049
1824 2 2 100 1 767 745 1045
1825 2 2 100 1 864 663 1125
1826 2 2 100 1 1048 389 1050
1827 2 2 100 1 837 649 1067
1828 2 2 100 1 389 952 1050
1829 2 2 100 1 957 341 1051
1830 2 2 100 1 1050 952 1053
1831 2 2 100 1 653 1087 1089
1832 2 2 100 1 1087 918 1089
1833 2 2 100 1 837 1067 1069
1834 2 2 100 1 952 342 1053
1835 2 2 100 1 957 1051 1052
1836 2 2 100 1 1053 342 1055
1837 2 2 100 1 391 1052 1054
1838 2 2 100 1 953 391 1054
1839 2 2 100 1 824 1011 1032
1840 2 2 100 1 391 957 1052
1841 2 2 100 1 342 953 1055
1842 2 2 100 1 650 837 1069
1843 2 2 100 1 662 422 1115
1844 2 2 100 1 892 208 1118
1845 2 2 100 1 953 1054 1055
1846 2 2 100 1 630 657 1117
1847 2 2 100 1 1056 355 1057
1848 2 2 100 1 333 353 1060
1849 2 2 100 1 659 632 1117
1850 2 2 100 1 1094 959 1095
1851 2 2 100 1 650 1069 1072
1852 2 2 100 1 1064 836 1068
1853 2 2 100 1 889 890 1118
1854 2 2 100 1 355 934 1057
1855 2 2 100 1 694 1000 1018
1856 2 2 100 1 842 650 1072
1857 2 2 100 1 420 658 1115
1858 2 2 100 1 836 540 1068
1859 2 2 100 1 925 1041 1064
1860 2 2 100 1 1057 934 1059
1861 2 2 100 1 176 866 1119
1862 2 2 100 1 862 861 1119
1863 2 2 100 1 610 608 1058
1864 2 2 100 1 842 1072 1076
1865 2 2 100 1 1068 540 1070
1866 2 2 100 1 771 874 1062
1867 2 2 100 1 934 385 1059
1868 2 2 100 1 651 842 1076
1869 2 2 100 1 540 840 1070
1870 2 2 100 1 1059 385 1061
1871 2 2 100 1 651 1076 1080
1872 2 2 100 1 824 1034 1039
1873 2 2 100 1 1070 840 1074
1874 2 2 100 1 385 930 1061
1875 2 2 100 1 508 976 1154
1876 2 2 100 1 922 651 1080
1877 2 2 100 1 1061 930 1063
1878 2 2 100 1 840 541 1074
1879 2 2 100 1 1086 544 1090
1880 2 2 100 1 916 1086 1090
1881 2 2 100 1 922 1080 1082
1882 2 2 100 1 1155 675 1158
1883 2 2 100 1 634 659 1120
1884 2 2 100 1 930 362 1063
1885 2 2 100 1 537 816 1073
1886 2 2 100 1 660 636 1120
1887 2 2 100 1 1074 541 1077
1888 2 2 100 1 1036 697 1060
1889 2 2 100 1 652 922 1082
1890 2 2 100 1 203 864 1123
1891 2 2 100 1 1063 362 1065
1892 2 2 100 1 989 836 1064
1893 2 2 100 1 829 1020 1044
1894 2 2 100 1 866 865 1123
1895 2 2 100 1 652 1082 1084
1896 2 2 100 1 541 917 1077
1897 2 2 100 1 345 925 1064
1898 2 2 100 1 362 929 1065
1899 2 2 100 1 664 426 1121
1900 2 2 100 1 935 652 1084
1901 2 2 100 1 1077 917 1081
1902 2 2 100 1 1065 929 1067
1903 2 2 100 1 345 1064 1068
1904 2 2 100 1 118 119 1066
1905 2 2 100 1 935 1084 1087
1906 2 2 100 1 424 662 1121
1907 2 2 100 1 175 804 1127
1908 2 2 100 1 917 542 1081
1909 2 2 100 1 890 164 1126
1910 2 2 100 1 929 384 1067
1911 2 2 100 1 829 1049 1056
1912 2 2 100 1 885 886 1126
1913 2 2 100 1 927 345 1068
1914 2 2 100 1 653 935 1087
1915 2 2 100 1 1079 808 1092
1916 2 2 100 1 784 735 1122
1917 2 2 100 1 1081 542 1083
1918 2 2 100 1 880 668 1141
1919 2 2 100 1 1067 384 1069
1920 2 2 100 1 697 552 1075
1921 2 2 100 1 927 1068 1070
1922 2 2 100 1 864 863 1127
1923 2 2 100 1 542 933 1083
1924 2 2 100 1 384 926 1069
1925 2 2 100 1 646 661 1124
1926 2 2 100 1 638 660 1125
1927 2 2 100 1 918 380 1089
1928 2 2 100 1 724 190 1188
1929 2 2 100 1 329 331 1071
1930 2 2 100 1 383 927 1070
1931 2 2 100 1 804 661 1128
1932 2 2 100 1 1083 933 1086
1933 2 2 100 1 1069 926 1072
1934 2 2 100 1 663 640 1125
1935 2 2 100 1 1089 380 1091
1936 2 2 100 1 219 728 1177
1937 2 2 100 1 736 982 1113
1938 2 2 100 1 383 1070 1074
1939 2 2 100 1 959 537 1095
1940 2 2 100 1 415 1005 1116
1941 2 2 100 1 926 361 1072
1942 2 2 100 1 933 544 1086
1943 2 2 100 1 380 914 1091
1944 2 2 100 1 932 1010 1041
1945 2 2 100 1 788 1094 1095
1946 2 2 100 1 668 880 1142
1947 2 2 100 1 921 383 1074
1948 2 2 100 1 1072 361 1076
1949 2 2 100 1 356 1071 1075
1950 2 2 100 1 1091 914 1096
1951 2 2 100 1 642 663 1128
1952 2 2 100 1 661 644 1128
1953 2 2 100 1 921 1074 1077
1954 2 2 100 1 361 923 1076
1955 2 2 100 1 914 358 1096
1956 2 2 100 1 348 916 1090
1957 2 2 100 1 788 351 1094
1958 2 2 100 1 665 430 1130
1959 2 2 100 1 358 811 1097
1960 2 2 100 1 1076 923 1080
1961 2 2 100 1 1096 358 1097
1962 2 2 100 1 346 921 1077
1963 2 2 100 1 616 614 1078
1964 2 2 100 1 428 664 1130
1965 2 2 100 1 348 1090 1093
1966 2 2 100 1 807 356 1092
1967 2 2 100 1 537 1073 1095
1968 2 2 100 1 655 1098 1101
1969 2 2 100 1 923 382 1080
1970 2 2 100 1 346 1077 1081
1971 2 2 100 1 554 555 1079
1972 2 2 100 1 915 348 1093
1973 2 2 100 1 347 787 1073
1974 2 2 100 1 1080 382 1082
1975 2 2 100 1 821 1088 1132
1976 2 2 100 1 886 209 1131
1977 2 2 100 1 920 346 1081
1978 2 2 100 1 883 884 1131
1979 2 2 100 1 915 1093 1099
1980 2 2 100 1 382 919 1082
1981 2 2 100 1 920 1081 1083
1982 2 2 100 1 379 915 1099
1983 2 2 100 1 1082 919 1084
1984 2 2 100 1 1034 357 1039
1985 2 2 100 1 381 920 1083
1986 2 2 100 1 919 359 1084
1987 2 2 100 1 379 1099 1102
1988 2 2 100 1 381 1083 1086
1989 2 2 100 1 1084 359 1087
1990 2 2 100 1 913 379 1102
1991 2 2 100 1 916 381 1086
1992 2 2 100 1 359 918 1087
1993 2 2 100 1 913 1102 1103
1994 2 2 100 1 666 434 1133
1995 2 2 100 1 120 121 1088
1996 2 2 100 1 432 665 1133
1997 2 2 100 1 350 913 1103
1998 2 2 100 1 353 1036 1060
1999 2 2 100 1 941 653 1089
2000 2 2 100 1 544 938 1090
2001 2 2 100 1 813 350 1105
2002 2 2 100 1 350 1103 1105
2003 2 2 100 1 941 1089 1091
2004 2 2 100 1 405 512 1085
2005 2 2 100 1 1090 938 1093
2006 2 2 100 1 884 165 1135
2007 2 2 100 1 654 941 1091
2008 2 2 100 1 877 878 1135
2009 2 2 100 1 813 1105 1106
2010 2 2 100 1 938 550 1093
2011 2 2 100 1 1073 787 1095
2012 2 2 100 1 812 813 1106
2013 2 2 100 1 654 1091 1096
2014 2 2 100 1 1093 550 1099
2015 2 2 100 1 943 654 1096
2016 2 2 100 1 351 812 1104
2017 2 2 100 1 943 1096 1097
2018 2 2 100 1 787 788 1095
2019 2 2 100 1 655 943 1097
2020 2 2 100 1 378 808 1098
2021 2 2 100 1 698 959 1094
2022 2 2 100 1 550 946 1099
2023 2 2 100 1 1049 355 1056
2024 2 2 100 1 1104 812 1106
2025 2 2 100 1 1099 946 1102
2026 2 2 100 1 667 438 1136
2027 2 2 100 1 1094 351 1104
2028 2 2 100 1 1183 799 1185
2029 2 2 100 1 558 560 1101
2030 2 2 100 1 418 416 1100
2031 2 2 100 1 436 666 1136
2032 2 2 100 1 946 551 1102
2033 2 2 100 1 698 1094 1104
2034 2 2 100 1 876 669 1144
2035 2 2 100 1 1102 551 1103
2036 2 2 100 1 820 821 1132
2037 2 2 100 1 551 950 1103
2038 2 2 100 1 1103 950 1105
2039 2 2 100 1 950 543 1105
2040 2 2 100 1 878 207 1138
2041 2 2 100 1 1105 543 1106
2042 2 2 100 1 887 888 1138
2043 2 2 100 1 955 698 1104
2044 2 2 100 1 543 955 1106
2045 2 2 100 1 955 1104 1106
2046 2 2 100 1 669 876 1145
2047 2 2 100 1 64 65 1143
2048 2 2 100 1 784 1124 1129
2049 2 2 100 1 668 442 1139
2050 2 2 100 1 440 667 1139
2051 2 2 100 1 624 622 1107
2052 2 2 100 1 1085 707 1140
2053 2 2 100 1 888 166 1141
2054 2 2 100 1 879 880 1141
2055 2 2 100 1 755 752 1109
2056 2 2 100 1 764 755 1108
2057 2 2 100 1 724 1166 1207
2058 2 2 100 1 669 446 1142
2059 2 2 100 1 444 668 1142
2060 2 2 100 1 867 177 1110
2061 2 2 100 1 163 891 1111
2062 2 2 100 1 880 206 1144
2063 2 2 100 1 875 876 1144
2064 2 2 100 1 785 181 1203
2065 2 2 100 1 1071 697 1075
2066 2 2 100 1 1108 755 1109
2067 2 2 100 1 670 450 1145
2068 2 2 100 1 448 669 1145
2069 2 2 100 1 174 1043 1173
2070 2 2 100 1 628 626 1112
2071 2 2 100 1 882 670 1146
2072 2 2 100 1 844 1003 1156
2073 2 2 100 1 700 782 1188
2074 2 2 100 1 876 167 1146
2075 2 2 100 1 881 882 1146
2076 2 2 100 1 893 983 1148
2077 2 2 100 1 670 882 1147
2078 2 2 100 1 671 454 1147
2079 2 2 100 1 452 670 1147
2080 2 2 100 1 869 201 1114
2081 2 2 100 1 794 797 1140
2082 2 2 100 1 422 420 1115
2083 2 2 100 1 882 205 1148
2084 2 2 100 1 983 671 1148
2085 2 2 100 1 982 376 1113
2086 2 2 100 1 456 671 1152
2087 2 2 100 1 63 219 1177
2088 2 2 100 1 515 414 1116
2089 2 2 100 1 632 630 1117
2090 2 2 100 1 1098 808 1101
2091 2 2 100 1 520 460 1153
2092 2 2 100 1 554 1079 1092
2093 2 2 100 1 856 198 1155
2094 2 2 100 1 671 983 1152
2095 2 2 100 1 846 845 1156
2096 2 2 100 1 1003 520 1156
2097 2 2 100 1 191 62 1177
2098 2 2 100 1 376 997 1113
2099 2 2 100 1 142 143 1150
2100 2 2 100 1 79 80 1151
2101 2 2 100 1 208 889 1118
2102 2 2 100 1 719 726 1204
2103 2 2 100 1 463 520 1160
2104 2 2 100 1 861 176 1119
2105 2 2 100 1 784 1122 1124
2106 2 2 100 1 759 974 1194
2107 2 2 100 1 523 467 1163
2108 2 2 100 1 797 1085 1140
2109 2 2 100 1 636 634 1120
2110 2 2 100 1 848 847 1168
2111 2 2 100 1 1043 689 1173
2112 2 2 100 1 426 424 1121
2113 2 2 100 1 195 784 1129
2114 2 2 100 1 735 736 1122
2115 2 2 100 1 865 203 1123
2116 2 2 100 1 648 646 1124
2117 2 2 100 1 520 1003 1160
2118 2 2 100 1 181 74 1166
2119 2 2 100 1 640 638 1125
2120 2 2 100 1 164 885 1126
2121 2 2 100 1 644 642 1128
2122 2 2 100 1 863 175 1127
2123 2 2 100 1 967 682 1184
2124 2 2 100 1 516 469 1183
2125 2 2 100 1 430 428 1130
2126 2 2 100 1 728 686 1179
2127 2 2 100 1 716 690 1149
2128 2 2 100 1 209 883 1131
2129 2 2 100 1 70 187 1186
2130 2 2 100 1 202 868 1132
2131 2 2 100 1 215 69 1186
2132 2 2 100 1 719 187 1196
2133 2 2 100 1 506 508 1158
2134 2 2 100 1 434 432 1133
2135 2 2 100 1 699 724 1188
2136 2 2 100 1 470 1024 1183
2137 2 2 100 1 68 215 1187
2138 2 2 100 1 165 877 1135
2139 2 2 100 1 1024 799 1183
2140 2 2 100 1 753 754 1189
2141 2 2 100 1 438 436 1136
2142 2 2 100 1 221 67 1187
2143 2 2 100 1 798 789 1185
2144 2 2 100 1 207 887 1138
2145 2 2 100 1 707 714 1137
2146 2 2 100 1 1122 648 1124
2147 2 2 100 1 442 440 1139
2148 2 2 100 1 166 879 1141
2149 2 2 100 1 1149 700 1202
2150 2 2 100 1 181 785 1197
2151 2 2 100 1 446 444 1142
2152 2 2 100 1 750 753 1190
2153 2 2 100 1 219 64 1143
2154 2 2 100 1 206 875 1144
2155 2 2 100 1 1 5 1200
2156 2 2 100 1 729 785 1203
2157 2 2 100 1 450 448 1145
2158 2 2 100 1 156 1 1200
2159 2 2 100 1 682 1180 1184
2160 2 2 100 1 858 197 1184
2161 2 2 100 1 675 506 1158
2162 2 2 100 1 972 186 1190
2163 2 2 100 1 167 881 1146
2164 2 2 100 1 454 452 1147
2165 2 2 100 1 690 700 1149
2166 2 2 100 1 775 216 1195
2167 2 2 100 1 205 893 1148
2168 2 2 100 1 143 217 1150
2169 2 2 100 1 218 79 1151
2170 2 2 100 1 458 456 1152
2171 2 2 100 1 141 4 1198
2172 2 2 100 1 3 81 1199
2173 2 2 100 1 458 1152 1153
2174 2 2 100 1 1151 223 1206
2175 2 2 100 1 4 142 1198
2176 2 2 100 1 80 3 1199
2177 2 2 100 1 460 458 1153
2178 2 2 100 1 198 853 1155
2179 2 2 100 1 190 724 1207
2180 2 2 100 1 845 844 1156
2181 2 2 100 1 1155 853 1157
2182 2 2 100 1 220 776 1200
2183 2 2 100 1 853 173 1157
2184 2 2 100 1 1157 173 1159
2185 2 2 100 1 799 798 1185
2186 2 2 100 1 173 852 1159
2187 2 2 100 1 465 463 1160
2188 2 2 100 1 1159 852 1161
2189 2 2 100 1 852 196 1161
2190 2 2 100 1 465 1160 1163
2191 2 2 100 1 1161 196 1162
2192 2 2 100 1 196 857 1162
2193 2 2 100 1 1162 857 1164
2194 2 2 100 1 467 465 1163
2195 2 2 100 1 707 1137 1140
2196 2 2 100 1 857 172 1164
2197 2 2 100 1 1171 683 1181
2198 2 2 100 1 1164 172 1165
2199 2 2 100 1 172 859 1165
2200 2 2 100 1 186 152 1191
2201 2 2 100 1 74 75 1166
2202 2 2 100 1 148 180 1194
2203 2 2 100 1 1165 859 1167
2204 2 2 100 1 974 147 1194
2205 2 2 100 1 847 849 1168
2206 2 2 100 1 859 200 1167
2207 2 2 100 1 153 216 1191
2208 2 2 100 1 1167 200 1169
2209 2 2 100 1 200 854 1169
2210 2 2 100 1 1168 849 1173
2211 2 2 100 1 1043 856 1154
2212 2 2 100 1 1169 854 1172
2213 2 2 100 1 854 171 1172
2214 2 2 100 1 849 174 1173
2215 2 2 100 1 1172 171 1174
2216 2 2 100 1 1024 683 1171
2217 2 2 100 1 171 850 1174
2218 2 2 100 1 1174 850 1175
2219 2 2 100 1 850 199 1175
2220 2 2 100 1 1175 199 1176
2221 2 2 100 1 199 860 1176
2222 2 2 100 1 1176 860 1178
2223 2 2 100 1 860 170 1178
2224 2 2 100 1 1178 170 1180
2225 2 2 100 1 686 684 1179
2226 2 2 100 1 62 63 1177
2227 2 2 100 1 508 1154 1158
2228 2 2 100 1 170 858 1180
2229 2 2 100 1 1179 684 1182
2230 2 2 100 1 683 967 1181
2231 2 2 100 1 684 516 1182
2232 2 2 100 1 71 72 1196
2233 2 2 100 1 469 470 1183
2234 2 2 100 1 72 73 1197
2235 2 2 100 1 69 70 1186
2236 2 2 100 1 782 699 1188
2237 2 2 100 1 67 68 1187
2238 2 2 100 1 789 1182 1185
2239 2 2 100 1 76 190 1207
2240 2 2 100 1 65 2 1201
2241 2 2 100 1 155 776 1195
2242 2 2 100 1 2 66 1201
2243 2 2 100 1 785 720 1197
2244 2 2 100 1 197 1181 1184
2245 2 2 100 1 180 968 1189
2246 2 2 100 1 720 719 1196
2247 2 2 100 1 1180 858 1184
2248 2 2 100 1 1154 856 1158
2249 2 2 100 1 754 757 1189
2250 2 2 100 1 219 1143 1170
2251 2 2 100 1 1181 967 1184
2252 2 2 100 1 1182 516 1185
2253 2 2 100 1 216 154 1195
2254 2 2 100 1 691 730 1193
2255 2 2 100 1 749 750 1190
2256 2 2 100 1 1166 75 1207
2257 2 2 100 1 154 155 1195
2258 2 2 100 1 766 691 1193
2259 2 2 100 1 152 153 1191
2260 2 2 100 1 147 148 1194
2261 2 2 100 1 776 775 1195
2262 2 2 100 1 1143 65 1201
2263 2 2 100 1 181 1166 1203
2264 2 2 100 1 187 71 1196
2265 2 2 100 1 1186 187 1204
2266 2 2 100 1 73 181 1197
2267 2 2 100 1 700 1188 1202
2268 2 2 100 1 5 220 1200
2269 2 2 100 1 222 141 1198
2270 2 2 100 1 81 223 1199
2271 2 2 100 1 716 1149 1206
2272 2 2 100 1 190 980 1202
2273 2 2 100 1 142 1150 1198
2274 2 2 100 1 1151 80 1199
2275 2 2 100 1 221 1143 1201
2276 2 2 100 1 1149 218 1206
2277 2 2 100 1 66 221 1201
2278 2 2 100 1 701 729 1203
2279 2 2 100 1 726 705 1204
2280 2 2 100 1 1166 701 1203
2281 2 2 100 1 189 974 1205
2282 2 2 100 1 75 76 1207
2283 2 2 100 1 705 1186 1204
2284 2 2 100 1 1150 222 1198
2285 2 2 100 1 223 1151 1199
2286 2 2 100 1 1188 190 1202
2287 2 2 100 1 218 1151 1206
2288 2 2 100 1 1192 189 1205
$EndElements
