$MeshFormat
2.2 0 8
$EndMeshFormat
$Nodes
2886
1 0 0 0
2 8 0 0
3 8 2 0
4 0 2 0
5 0.0824742268039679 0 0
6 0.1649484536079371 0 0
7 0.247422680411901 0 0
8 0.3298969072158477 0 0
9 0.4123711340197882 0 0
10 0.4948453608237386 0 0
11 0.577319587627723 0 0
12 0.6597938144317207 0 0
13 0.7422680412357187 0 0
14 0.8247422680397165 0 0
15 0.9072164948437144 0 0
16 0.989690721647694 0 0
17 1.07216494845161 0 0
18 1.154639175255493 0 0
19 1.237113402059377 0 0
20 1.31958762886326 0 0
21 1.402061855667143 0 0
22 1.484536082471027 0 0
23 1.56701030927491 0 0
24 1.649484536078794 0 0
25 1.731958762882677 0 0
26 1.814432989686561 0 0
27 1.896907216490444 0 0
28 1.979381443294327 0 0
29 2.061855670098211 0 0
30 2.144329896902094 0 0
31 2.226804123705977 0 0
32 2.309278350509861 0 0
33 2.391752577313744 0 0
34 2.474226804117628 0 0
35 2.556701030921511 0 0
36 2.639175257725394 0 0
37 2.721649484529278 0 0
38 2.804123711333161 0 0
39 2.886597938137043 0 0
40 2.969072164940927 0 0
41 3.05154639174481 0 0
42 3.134020618548692 0 0
43 3.216494845352576 0 0
44 3.298969072156459 0 0
45 3.381443298960341 0 0
46 3.463917525764225 0 0
47 3.546391752568108 0 0
48 3.628865979371991 0 0
49 3.711340206175874 0 0
50 3.793814432979757 0 0
51 3.87628865978364 0 0
52 3.958762886587552 0 0
53 4.041237113391665 0 0
54 4.123711340195976 0 0
55 4.206185567000317 0 0
56 4.288659793804658 0 0
57 4.371134020608999 0 0
58 4.45360824741334 0 0
59 4.53608247421768 0 0
60 4.618556701022022 0 0
61 4.701030927826363 0 0
62 4.783505154630703 0 0
63 4.865979381435045 0 0
64 4.948453608239385 0 0
65 5.030927835043726 0 0
66 5.113402061848067 0 0
67 5.195876288652408 0 0
68 5.278350515456749 0 0
69 5.36082474226109 0 0
70 5.443298969065431 0 0
71 5.525773195869771 0 0
72 5.608247422674112 0 0
73 5.690721649478454 0 0
74 5.773195876282794 0 0
75 5.855670103087135 0 0
76 5.938144329891477 0 0
77 6.020618556695817 0 0
78 6.103092783500158 0 0
79 6.185567010304499 0 0
80 6.268041237108839 0 0
81 6.350515463913181 0 0
82 6.432989690717522 0 0
83 6.515463917521862 0 0
84 6.597938144326204 0 0
85 6.680412371130545 0 0
86 6.762886597934886 0 0
87 6.845360824739227 0 0
88 6.927835051543567 0 0
89 7.010309278347909 0 0
90 7.09278350515225 0 0
91 7.17525773195659 0 0
92 7.257731958760932 0 0
93 7.340206185565273 0 0
94 7.422680412369613 0 0
95 7.505154639173954 0 0
96 7.587628865978296 0 0
97 7.670103092782636 0 0
98 7.752577319586977 0 0
99 7.835051546391319 0 0
100 7.917525773195659 0 0
101 8 0.0799999999998437 0
102 8 0.1599999999996903 0
103 8 0.2399999999995663 0
104 8 0.319999999999349 0
105 8 0.3999999999991158 0
106 8 0.4799999999988828 0
107 8 0.5599999999986497 0
108 8 0.6399999999984165 0
109 8 0.7199999999981832 0
110 8 0.7999999999979497 0
111 8 0.8799999999977163 0
112 8 0.9599999999974828 0
113 8 1.039999999997471 0
114 8 1.119999999997682 0
115 8 1.199999999997893 0
116 8 1.279999999998104 0
117 8 1.359999999998314 0
118 8 1.439999999998525 0
119 8 1.519999999998736 0
120 8 1.599999999998946 0
121 8 1.679999999999157 0
122 8 1.759999999999368 0
123 8 1.839999999999578 0
124 8 1.919999999999789 0
125 7.917525773195533 2 0
126 7.835051546391066 2 0
127 7.752577319586599 2 0
128 7.670103092782131 2 0
129 7.587628865977664 2 0
130 7.505154639173197 2 0
131 7.42268041236873 2 0
132 7.340206185564263 2 0
133 7.257731958759796 2 0
134 7.175257731955329 2 0
135 7.092783505150861 2 0
136 7.010309278346539 2 0
137 6.927835051542728 2 0
138 6.845360824739177 2 0
139 6.762886597935625 2 0
140 6.680412371132074 2 0
141 6.597938144328523 2 0
142 6.515463917524971 2 0
143 6.43298969072142 2 0
144 6.350515463917868 2 0
145 6.268041237114317 2 0
146 6.185567010310765 2 0
147 6.103092783507213 2 0
148 6.020618556703663 2 0
149 5.93814432990011 2 0
150 5.855670103096559 2 0
151 5.773195876293007 2 0
152 5.690721649489456 2 0
153 5.608247422685904 2 0
154 5.525773195882353 2 0
155 5.443298969078802 2 0
156 5.36082474227525 2 0
157 5.278350515471699 2 0
158 5.195876288668147 2 0
159 5.113402061864596 2 0
160 5.030927835061044 2 0
161 4.948453608257491 2 0
162 4.86597938145394 2 0
163 4.783505154650388 2 0
164 4.701030927846837 2 0
165 4.618556701043284 2 0
166 4.536082474239732 2 0
167 4.453608247436181 2 0
168 4.371134020632629 2 0
169 4.288659793829076 2 0
170 4.206185567025525 2 0
171 4.123711340221973 2 0
172 4.041237113418363 2 0
173 3.958762886614354 2 0
174 3.876288659809945 2 0
175 3.793814433005479 2 0
176 3.711340206201012 2 0
177 3.628865979396545 2 0
178 3.546391752592077 2 0
179 3.463917525787611 2 0
180 3.381443298983144 2 0
181 3.298969072178677 2 0
182 3.21649484537421 2 0
183 3.134020618569743 2 0
184 3.051546391765276 2 0
185 2.969072164960809 2 0
186 2.886597938156342 2 0
187 2.804123711351875 2 0
188 2.721649484547409 2 0
189 2.639175257742941 2 0
190 2.556701030938474 2 0
191 2.474226804134007 2 0
192 2.391752577329541 2 0
193 2.309278350525074 2 0
194 2.226804123720608 2 0
195 2.14432989691614 2 0
196 2.061855670111673 2 0
197 1.979381443307205 2 0
198 1.896907216502739 2 0
199 1.814432989698272 2 0
200 1.731958762893806 2 0
201 1.649484536089338 2 0
202 1.567010309284871 2 0
203 1.484536082480405 2 0
204 1.402061855675938 2 0
205 1.319587628871471 2 0
206 1.237113402067004 2 0
207 1.154639175262536 2 0
208 1.072164948458069 2 0
209 0.9896907216536031 2 0
210 0.9072164948491359 2 0
211 0.8247422680446688 2 0
212 0.7422680412402025 2 0
213 0.6597938144357354 2 0
214 0.5773195876312673 2 0
215 0.4948453608268011 2 0
216 0.4123711340223339 2 0
217 0.3298969072178668 2 0
218 0.2474226804134005 2 0
219 0.1649484536089334 2 0
220 0.08247422680446714 2 0
221 0 1.919999999999667 0
222 0 1.839999999999334 0
223 0 1.759999999999016 0
224 0 1.679999999999445 0
225 0 1.6 0
226 0 1.520000000000555 0
227 0 1.44000000000111 0
228 0 1.360000000001665 0
229 0 1.28000000000222 0
230 0 1.200000000002775 0
231 0 1.120000000003329 0
232 0 1.040000000003884 0
233 0 0.9600000000039952 0
234 0 0.8800000000036621 0
235 0 0.8000000000033292 0
236 0 0.7200000000029965 0
237 0 0.6400000000026635 0
238 0 0.5600000000023304 0
239 0 0.4800000000019977 0
240 0 0.4000000000016646 0
241 0 0.3200000000013319 0
242 0 0.2400000000009987 0
243 0 0.1600000000006658 0
244 0 0.08000000000033314 0
245 7.93205351800715 1.001082968080051 0
246 0.07478202031068591 1.004494079586687 0
247 6.815128395539418 1.932227574567076 0
248 6.390845979647235 1.929458685801858 0
249 5.986555299753071 1.908574740749772 0
250 5.565043959759281 1.918380304758593 0
251 5.151546490788166 1.919102524875575 0
252 4.73911223901803 1.920608072006537 0
253 4.32540563039999 1.921370263740555 0
254 1.113402061853552 0.07142477556964258 0
255 1.525773195872969 0.07142477556964229 0
256 1.938144329892385 0.07142477556964229 0
257 2.350515057682035 0.07142478279950704 0
258 2.762886405744466 0.07142477911039161 0
259 3.917525773185619 0.07023458971347084 0
260 3.175257731950635 0.07049403853649711 0
261 3.500584632937545 1.924517678211378 0
262 4.577319587619855 0.07000364684289359 0
263 4.989690712846472 0.06985906484065048 0
264 5.402061831255656 0.06971428706825808 0
265 5.814432896197046 0.06956937752784229 0
266 6.226802739913493 0.07142517383373199 0
267 6.639200511192287 0.0714130799219326 0
268 2.927122542496381 1.928104927969668 0
269 2.515221850484194 1.927775550099564 0
270 2.103019049788625 1.928370451420976 0
271 1.690721649491572 1.928575224429852 0
272 1.2781557353669 1.928439676397401 0
273 3.91557123606376 1.923840887934172 0
274 7.051546391750077 0.07142477557003842 0
275 0.8659125975712043 1.929140514640129 0
276 7.144757122947813 1.931898173007427 0
277 4.247422680402485 0.07011917593836661 0
278 3.505154656611204 0.0703787774017906 0
279 0.7785102519776445 0.07112165187776538 0
280 7.932192925275911 0.6766363851459709 0
281 0.05874716242874035 1.31637106578807 0
282 7.923354646974902 1.321308424464862 0
283 0.06928203230304331 0.68000000000283 0
284 7.381346520338575 0.07135379303111297 0
285 0.5342922204561509 1.929923094304893 0
286 7.474081156752658 1.931560579491487 0
287 0.5295325295225967 0.08063288035819266 0
288 3.25442047870331 1.926103711571156 0
289 7.930717967697447 0.4399999999989993 0
290 0.07302017730099712 1.564985866974745 0
291 7.933560954564753 1.560525311828419 0
292 0.07346693895400136 0.4439320752991997 0
293 7.626947440558976 0.06816347544113245 0
294 0.2883636215879449 1.928597941605475 0
295 7.714682307442287 1.937792558131291 0
296 0.288214462078949 0.07116635988730771 0
297 7.309453372287693 1.931737809263704 0
298 1.030871164208528 1.928609674035443 0
299 0.6999278398337561 1.930308772996029 0
300 7.216465751769609 0.06904121966141205 0
301 6.886597938141395 0.07142477557003803 0
302 3.748565292150691 1.922054731523036 0
303 4.079234679340305 1.923034116585912 0
304 4.082474226793881 0.07017689768891353 0
305 6.474225958937973 0.06933825626087294 0
306 0.9484536082457042 0.0714247755696982 0
307 5.979380999684875 0.07142484389456334 0
308 5.154639146307124 0.07142477973891805 0
309 4.412371134011144 0.07006142569159185 0
310 4.742268029954884 0.07142477672410896 0
311 5.567010200068129 0.07142479222080739 0
312 1.937917945027549 1.928134716845331 0
313 1.525510194759538 1.928297319093034 0
314 2.680412371145175 1.928575224429852 0
315 2.350271602690349 1.927883852890775 0
316 3.092073914831386 1.927890028871162 0
317 6.97998689759264 1.932063346949758 0
318 6.155264602964881 1.93304553102456 0
319 3.340206185558398 0.07043639847822659 0
320 2.597937879467799 0.07069610859228015 0
321 1.360824742265202 0.07142477556964238 0
322 2.185567010304034 0.07142477556964248 0
323 3.01030915285889 0.07055175205706894 0
324 1.690721649480736 0.07142477556964229 0
325 4.574444685005896 1.921057384863425 0
326 3.670103151454646 0.07142478029834536 0
327 6.638282577637131 1.929271243462284 0
328 4.986811515345813 1.919641329333253 0
329 5.72896684610138 1.917006184791548 0
330 5.399178307009963 1.918233454167272 0
331 7.931268454614385 0.8475853833864543 0
332 0.07489922028371124 1.155973975347584 0
333 7.930717967697062 1.159999999997787 0
334 0.06053326178705496 0.8407018694927653 0
335 7.930727485828164 0.2882978250639985 0
336 0.07236940725202889 1.716709658590467 0
337 7.930717967697062 1.719999999999263 0
338 0.05826456809961245 0.27617874666528 0
339 7.789226620489079 0.06663201782796734 0
340 7.876123011789602 1.924232453293508 0
341 0.1271280869802936 1.930601393929605 0
342 0.1270572694959037 0.06933694662470319 0
343 7.938709850113645 0.1211884760613745 0
344 0.2067049034953567 1.929071398395577 0
345 0.2471537538316918 1.857614769301169 0
346 0.3290559102533384 1.857286899077973 0
347 0.2878022091376442 1.786708081044746 0
348 0.3695132018449761 1.786266580685565 0
349 0.3291319646347128 1.716244753469554 0
350 0.4100341251645439 1.715473464143805 0
351 0.3697206736688514 1.645560557783519 0
352 0.4504356905131024 1.644737578791593 0
353 0.409389233759465 1.574468087897281 0
354 0.4899364005549512 1.574401270879143 0
355 0.4494826861167831 1.503767795121361 0
356 0.5303275936458711 1.505711185529036 0
357 0.4897976033643907 1.433378882336908 0
358 0.5714284206068868 1.434971327617574 0
359 0.5302088899272044 1.362682425600089 0
360 0.6116843319005034 1.362300619987055 0
361 0.5705498568348776 1.291619444407821 0
362 0.6520556426219147 1.291181989558262 0
363 0.6109565682641258 1.220723522038893 0
364 0.694038030729582 1.22121383657132 0
365 0.6515533592407384 1.149953460923105 0
366 0.7347830554679607 1.150521984077149 0
367 0.6920637954646676 1.079121311106303 0
368 0.7737815770586101 1.078760778482212 0
369 0.8156105159875311 1.150233354459241 0
370 0.8553867723088487 1.078345096025958 0
371 0.8974492300726983 1.15099225557669 0
372 0.9372066634733296 1.078085154794637 0
373 0.9788232241952421 1.149941375352379 0
374 1.018958867934559 1.077662249830849 0
375 1.060873887415739 1.150700375562026 0
376 1.100946681811116 1.077604630274682 0
377 1.142594900043082 1.149503246149966 0
378 1.183044252501877 1.07701819572791 0
379 1.224723899292022 1.14837851599529 0
380 1.265086079872401 1.076392392396225 0
381 1.307027386395988 1.14881167781814 0
382 1.347273923826473 1.076303185022225 0
383 1.388974545181081 1.147977518267576 0
384 1.429545234712079 1.075745479963748 0
385 1.471025517746458 1.147613747014686 0
386 1.511778786338971 1.075088987201339 0
387 1.553261893038259 1.147193087420034 0
388 1.594055282327394 1.074633766750202 0
389 1.63553621573137 1.14542899281146 0
390 1.676359565489669 1.073992848988484 0
391 1.718176849877719 1.145351332940736 0
392 1.758746250061957 1.073600365639445 0
393 1.800374828154129 1.144662646808026 0
394 1.84108523776262 1.073147790770919 0
395 1.882572546305517 1.144268531348307 0
396 1.923424239126897 1.072735759864144 0
397 1.964955655771161 1.143834200998561 0
398 2.005808346890456 1.072324754977069 0
399 2.047592391710384 1.143901129387142 0
400 2.088247409484905 1.071998495997291 0
401 2.130140904462446 1.143400654702881 0
402 2.170687556438034 1.071592021729534 0
403 2.212242344458655 1.142404932987596 0
404 2.253059067415482 1.071090588839142 0
405 2.294606725113141 1.14225595788792 0
406 2.335467865133016 1.070714621561262 0
407 2.377023969560155 1.141907011410364 0
408 2.417892676523819 1.07033180889754 0
409 2.45945482834017 1.141525142204443 0
410 2.500331678031606 1.069933025620235 0
411 2.541897119691721 1.141131091319368 0
412 2.582776366704056 1.069534433603648 0
413 2.624342806570928 1.140736466694908 0
414 2.665032470689728 1.069248159547853 0
415 2.70676087394301 1.140299162502101 0
416 2.747448165873847 1.069157039858331 0
417 2.789223809568 1.139947524988112 0
418 2.830090393006996 1.068705154130026 0
419 2.871691492572288 1.139511031487815 0
420 2.912579463552361 1.06799680190117 0
421 2.95415721265336 1.139056810125865 0
422 2.995047082949421 1.067545318157517 0
423 3.036620167149923 1.138603528358596 0
424 3.077316472488643 1.06723405485329 0
425 3.119050935420169 1.138212422355289 0
426 3.159743800652183 1.067148323597404 0
427 3.201503435039679 1.137827487921208 0
428 3.242392863172042 1.066692440325585 0
429 3.284008648487506 1.137482068241027 0
430 3.324702748843067 1.066109853797658 0
431 3.366444557872127 1.136989372044797 0
432 3.407140017832031 1.065961962997577 0
433 3.44890287764397 1.136815903596057 0
434 3.489793342090707 1.065531454551248 0
435 3.531399318355776 1.136201982283973 0
436 3.572104775800661 1.064908353826929 0
437 3.613846777825803 1.135731797223566 0
438 3.654545688621698 1.064756974664293 0
439 3.696307861867236 1.135327660711505 0
440 3.737200749956232 1.064287953348826 0
441 3.778807413983883 1.134917926228822 0
442 3.819705435899124 1.063581448630913 0
443 3.861288422885643 1.134431355411726 0
444 3.902183653148636 1.063118026599583 0
445 3.943762347485383 1.134008757890501 0
446 3.984466455428239 1.062816734432848 0
447 4.026202556292771 1.133587756528091 0
448 4.066902724629577 1.062725844218745 0
449 4.108695909412916 1.133414358239911 0
450 4.149562226760423 1.062306289640978 0
451 4.19116972472519 1.132856927329625 0
452 4.232064358788218 1.061584951071614 0
453 4.273646936324951 1.13234396549556 0
454 4.314542364924806 1.061114739448207 0
455 4.356122763064185 1.132176059301545 0
456 4.397016223679253 1.0607438945826 0
457 4.438594100035047 1.131542840880319 0
458 4.479488728786605 1.060312075962181 0
459 4.52106625368575 1.13106659111212 0
460 4.561961227271073 1.059896245991428 0
461 4.603540205382473 1.130953386794005 0
462 4.64443408266745 1.059543611070264 0
463 4.68601162785606 1.130291817433053 0
464 4.726906625515651 1.059110130025808 0
465 4.768486481465967 1.130329192715977 0
466 4.809379745129226 1.058779660669658 0
467 4.850959718591623 1.130015948455916 0
468 4.891666206780605 1.058516814164896 0
469 4.933401618361358 1.129655543424582 0
470 4.974325688830561 1.058020974586541 0
471 5.015900493744075 1.129248433924278 0
472 5.057047893675131 1.057767449627574 0
473 5.0984193313163 1.128873910962673 0
474 5.139320001510162 1.057255554224631 0
475 5.180855552976855 1.128455354879176 0
476 5.2217534333481 1.056836041726726 0
477 5.263326853488176 1.128057710755319 0
478 5.304306158069323 1.055808650528447 0
479 5.345812943718188 1.127556131630132 0
480 5.386831939774571 1.055310645920793 0
481 5.428297009790764 1.127125120307638 0
482 5.469229135599194 1.055518135858627 0
483 5.510751882250254 1.126844934206418 0
484 5.55164719102027 1.054770328592709 0
485 5.593220256531525 1.126388388936029 0
486 5.634110379644765 1.054305173001719 0
487 5.675691046183669 1.125971262612732 0
488 5.716669633882533 1.053911906294194 0
489 5.75817820030331 1.125572783806691 0
490 5.799199875857527 1.053538571039201 0
491 5.840663156892139 1.125177776752546 0
492 5.881529972672874 1.053657871072448 0
493 5.923114858497276 1.124866736537158 0
494 5.964002727100927 1.052996050141665 0
495 6.005584416909514 1.124440172560149 0
496 6.046475264472581 1.052550318049729 0
497 6.088056440687776 1.124029879528392 0
498 6.128948157635187 1.052217337546496 0
499 6.170528683373818 1.123640524710027 0
500 6.21141988022327 1.05183383506361 0
501 6.252999041774762 1.123246147019559 0
502 6.293888715202232 1.051511378895411 0
503 6.335465575466452 1.122861751877798 0
504 6.376352799127687 1.051132450713162 0
505 6.417926238224145 1.12246524324928 0
506 6.458809283570258 1.050806123865916 0
507 6.500378124714414 1.122075225316514 0
508 6.541255704970049 1.050428010450335 0
509 6.582818452702542 1.121681450223406 0
510 6.623689243905571 1.050092670189271 0
511 6.665244428845513 1.121280163636717 0
512 6.706106770280593 1.049722288064722 0
513 6.747645278793897 1.120863799817849 0
514 6.788482009209552 1.049346322738182 0
515 6.829975112249857 1.120457357664524 0
516 6.870753159569272 1.049017616398708 0
517 6.912189757830784 1.120012586531143 0
518 6.952914709787644 1.048739407463639 0
519 6.994269811184216 1.119552391559096 0
520 7.034920114017119 1.048422473107721 0
521 1.223562461415429 1.005991462881589 0
522 0.7322664811852557 1.008082175953806 0
523 1.799517460880908 1.002011982878162 0
524 2.458766812585496 0.9987364435492204 0
525 2.870942816097029 0.9972599131167215 0
526 2.129061949791136 1.000358938448629 0
527 3.778065666997378 0.992871607734273 0
528 4.850296418526939 0.9877528653780181 0
529 3.283079843842862 0.9958314000551935 0
530 5.262981178870964 0.9831469446925785 0
531 5.675245064070581 0.9817946959733955 0
532 7.076200151067637 1.11909762685289 0
533 4.190423342558665 0.9908827599488651 0
534 6.087533734181415 0.9804587749445901 0
535 4.520381926643338 0.9887793037572705 0
536 6.747029463736574 0.9781898505645119 0
537 6.417386957628461 0.9793410251693668 0
538 7.116770132406751 1.04805486025665 0
539 7.07556077812113 0.9773951140835974 0
540 7.157325024047079 0.9771043152972927 0
541 7.116181345785231 0.9064483883732147 0
542 7.157977269466774 1.118639572138669 0
543 1.470232106366419 1.004057993849788 0
544 3.530483503982567 0.9946393116507939 0
545 0.9775683680833442 1.006753570773695 0
546 7.197872368358363 0.9061463552966227 0
547 7.156749316852303 0.8355321505420594 0
548 7.238612746583692 0.835084524335124 0
549 7.035666079948417 1.190264329458531 0
550 6.541946603492311 1.193281915221872 0
551 6.294577651016788 1.194499505870189 0
552 5.882224225726628 1.196487931551473 0
553 5.304907614910423 1.199265689059564 0
554 4.893784842237579 1.200874607927488 0
555 6.78917989810547 1.191957450272177 0
556 5.634799264375606 1.197671146274555 0
557 4.481499424580752 1.201543836987925 0
558 4.234037702009151 1.2030099779291 0
559 3.656692609626649 1.206438056778261 0
560 3.408056182313918 1.208397183319312 0
561 2.830816155075246 1.211158829680624 0
562 3.986582306629686 1.204447766364985 0
563 2.255334801569536 1.214542206856423 0
564 3.161883905501487 1.20936721662582 0
565 1.842805585969696 1.216144624342647 0
566 1.430862801691546 1.220814717331293 0
567 1.184630681878595 1.221870905325534 0
568 2.583461138684732 1.212335602868166 0
569 7.279765181232918 0.9056674577012754 0
570 7.197455208054717 0.764494034172485 0
571 7.279447089828032 0.7639326123967943 0
572 7.115599045358264 0.7649041589567296 0
573 0.653574220688713 1.43831669997342 0
574 7.156440891363733 0.693760233674336 0
575 7.074401073633213 0.6942160579163563 0
576 0.650588660372137 1.008436354839471 0
577 0.6910048861346395 0.9375848047197393 0
578 0.609411919873927 0.9379724266415203 0
579 0.64981415245612 0.8671537829556343 0
580 7.11518408403558 0.6230869768052161 0
581 7.033146177561639 0.6234747491944919 0
582 0.5682757231967359 0.8675751079372881 0
583 0.6086437497351296 0.7967682752278226 0
584 0.6902490526098827 0.7962858517054423 0
585 0.6490014900719029 0.7257417935186058 0
586 0.7307558274551581 0.7253165957734089 0
587 0.6894571706111248 0.6547608938094657 0
588 0.7712525453298352 0.654262303546963 0
589 0.6077234923217238 0.655201216618279 0
590 0.6481684134649104 0.5842269748689449 0
591 0.5664324668744566 0.5847213658841491 0
592 0.938136769681517 1.221269705683789 0
593 0.5291683616043747 1.220329346117367 0
594 7.073840702584442 0.5523674580317584 0
595 6.991850960207541 0.5526963836849895 0
596 7.15596572462323 0.5519959923515418 0
597 0.606878308881077 0.5137012469207275 0
598 0.5252207891001486 0.514267585685071 0
599 6.951132392548029 0.6238647259681058 0
600 6.909793568172931 0.5529746206476608 0
601 6.869044644162576 0.6242529530604477 0
602 6.82766396335437 0.553275277054742 0
603 6.787100480927638 0.6244838556930362 0
604 6.745505113840871 0.5535678738315832 0
605 6.704908390479674 0.6245644405364411 0
606 6.663230236529559 0.5538812700965583 0
607 6.622394624968758 0.6250184553863818 0
608 6.58090342923739 0.5542612109682803 0
609 6.540023431908175 0.6256528177429473 0
610 6.49854601529213 0.5546340036222699 0
611 6.457652798587987 0.6260527158999484 0
612 6.416160740303397 0.5550237539261373 0
613 6.375253972953627 0.6264282936435588 0
614 6.333807150171188 0.5552664325653677 0
615 6.29284863127028 0.6267647255990885 0
616 6.251396489792155 0.5557307771518618 0
617 6.210469870195741 0.6267388924643045 0
618 6.168919748239603 0.5559936465712472 0
619 6.127681551995851 0.6268093388327842 0
620 6.086409496843352 0.5561253680308353 0
621 6.045117996339062 0.6274652950579501 0
622 6.003927861195342 0.5564806488845492 0
623 5.962989169587324 0.6280610753669249 0
624 5.921574377993537 0.5568942812726252 0
625 5.880604844212389 0.6284599796442056 0
626 5.83914405357928 0.5574050449940378 0
627 5.798194327916233 0.6283621260591459 0
628 5.756640130590066 0.5576678345056466 0
629 5.715314722752784 0.6283790239347893 0
630 5.674097440126503 0.5577897610798761 0
631 5.632728611722943 0.6291044940705001 0
632 5.591596872643864 0.5581568163320599 0
633 5.550651054724959 0.6297513295873691 0
634 5.509237601258793 0.5585804290992951 0
635 5.468264826955469 0.6301565631756114 0
636 5.426800218932126 0.5590911562457206 0
637 5.385847917455015 0.629984906372693 0
638 5.344293389888962 0.5593449529783385 0
639 5.302900753894856 0.6299514821136909 0
640 5.261735865616804 0.5594613964523855 0
641 5.220300904211047 0.6307431011580041 0
642 5.179228156853616 0.5598390148867016 0
643 5.138280184371874 0.631438237668891 0
644 5.096861305647582 0.5602753228111454 0
645 5.055900547113603 0.6318533201443538 0
646 5.014431554790519 0.5607792615074716 0
647 4.973381598895065 0.6322925980992788 0
648 4.931912821862753 0.5611368246810613 0
649 4.890915161803865 0.6326465979396372 0
650 4.849475070085983 0.5613650344627378 0
651 4.808461910642539 0.6330053474594217 0
652 4.767011795613241 0.561826646083848 0
653 4.726028335696533 0.6333293213717297 0
654 4.68450463439469 0.5621597622263077 0
655 4.643556176974796 0.633665252758541 0
656 4.602025477428707 0.5623602845009293 0
657 4.561082342350623 0.6340016465451238 0
658 4.519551282130543 0.5626761870154727 0
659 4.478608982511005 0.6343367549948785 0
660 4.437078017328179 0.5630111138003533 0
661 4.396135971368611 0.6346954169279475 0
662 4.354604996960179 0.5633531392544167 0
663 4.313663009683837 0.6350385736518448 0
664 4.272132068391867 0.5636937726315312 0
665 4.231121453355385 0.6354399993543016 0
666 4.189647780954015 0.5640438916322773 0
667 4.148601025466339 0.6359740326758627 0
668 4.107165204919417 0.5644177046525671 0
669 4.066187058898647 0.6361989856065233 0
670 4.024700744997555 0.5647439448419107 0
671 3.983760537554297 0.636477974576027 0
672 3.942237297346402 0.5650712726780656 0
673 3.901297305583708 0.6368053344307105 0
674 3.859768016442653 0.5654068573730189 0
675 3.818758992486949 0.6372037157324087 0
676 3.777313737378866 0.5657718198446615 0
677 3.73624479331182 0.6377914370978542 0
678 3.694838346428274 0.5662785370573068 0
679 3.653833004610417 0.6379952339591327 0
680 3.612347885501412 0.5666072718591321 0
681 3.571335846787234 0.6383123580825053 0
682 3.529868725044598 0.5668200147799127 0
683 3.488825143140937 0.6388923315991879 0
684 3.447389924056105 0.5671786417505411 0
685 3.406413311312805 0.6390385134303681 0
686 3.364927945825077 0.5674893278070837 0
687 3.323922605224321 0.6393434900396595 0
688 3.282455989919919 0.5678185131270275 0
689 3.241415488113223 0.6399721251886623 0
690 3.199980115742639 0.5682047779289741 0
691 3.159004893207569 0.6400990263657407 0
692 3.117520166289022 0.5685168850340628 0
693 3.076582631990604 0.640360439690665 0
694 3.035061398925293 0.5688390934969397 0
695 2.994124313724432 0.6406835649014087 0
696 2.952597411602075 0.5691732979197065 0
697 2.911595932466565 0.6410821055099667 0
698 2.870121736619833 0.5695385433865632 0
699 2.829086036908353 0.6417852633905561 0
700 2.787648615981825 0.5700508363656603 0
701 2.746676115178766 0.6418907471836623 0
702 2.705193145334257 0.5703640783348223 0
703 2.664258179125554 0.6421511498782544 0
704 2.62273993679721 0.5705793673950058 0
705 2.581806334543731 0.6424556400458392 0
706 2.540283169808352 0.5708929099357517 0
707 2.499349862074491 0.6428075236544974 0
708 2.457826722584264 0.5712368088434961 0
709 2.416894334665552 0.6431480805916285 0
710 2.375372927360611 0.5716786437193863 0
711 2.334441608349925 0.6435282749778395 0
712 2.292921715151532 0.5720366740516082 0
713 2.251991910863773 0.6438754182871231 0
714 2.210473492865506 0.5722815927181589 0
715 2.169546141884431 0.6442249210859931 0
716 2.128029843982866 0.5726082740244955 0
717 2.087104847369233 0.6445608086237848 0
718 2.045591674557771 0.5730401769455322 0
719 2.004668935882063 0.6449412024828003 0
720 1.963157656159946 0.5733452799676153 0
721 1.922238624862209 0.6452775619907107 0
722 1.880731910436602 0.5737370136396097 0
723 1.839816197333437 0.6456535407985862 0
724 1.798313615660066 0.5740546111598601 0
725 1.757402461312534 0.6459891550302884 0
726 1.715888442046486 0.5744040530194193 0
727 1.674996658630352 0.6463614392566782 0
728 1.633487738868401 0.574700055351669 0
729 1.592604041010547 0.6466911758127672 0
730 1.551119113770943 0.5750250483493429 0
731 1.510241547812846 0.647069510245563 0
732 1.46875415511721 0.5753722989775051 0
733 1.427898428081983 0.6479911592907712 0
734 1.386404459862882 0.5758159259498239 0
735 1.345543986993983 0.6478813144638751 0
736 1.304077600252221 0.5761146724192416 0
737 1.263222218379316 0.6475297059745773 0
738 1.221778788180498 0.5762990932268794 0
739 1.262619105757286 0.5048906798595869 0
740 1.180328684218371 0.5052195552363626 0
741 1.180994025539372 0.6483953852437152 0
742 1.839150299533954 0.5026417940528194 0
743 2.086343348575761 0.5016125632903721 0
744 0.4848904859284147 0.5851195767938442 0
745 2.498760132402794 0.4995649543492311 0
746 2.910913531308818 0.4980394048563102 0
747 3.817965651487759 0.4942222329518331 0
748 1.592001394288832 0.5034774482093926 0
749 4.890130699130895 0.4900134621927061 0
750 5.302715505219803 0.4884182550869028 0
751 5.715071103633363 0.486749733557715 0
752 6.127368548467079 0.4850839249202044 0
753 3.240941990778223 0.4964965105585634 0
754 6.374719717664235 0.4841458309990928 0
755 6.786322682167716 0.48222488834878 0
756 3.570717435468244 0.4954889081506114 0
757 4.147819888801761 0.4928570347638133 0
758 4.477717508348083 0.4914986733368679 0
759 0.5279395213866386 0.9382997763867507 0
760 0.4868805041181616 0.8680972424583856 0
761 7.114567709478846 0.4812354613400521 0
762 7.196627165112976 0.4809352052924197 0
763 0.4466425789066968 0.9386516470318773 0
764 0.4437940430037446 0.5148484104923348 0
765 1.221164909706369 0.4337970786247604 0
766 1.138893728919004 0.4341539155577763 0
767 0.4839881360756905 0.4439816072388245 0
768 0.4082457522045284 1.43289638235869 0
769 0.4026312462355834 0.4445986952920085 0
770 0.4056632906884829 0.8686468701484868 0
771 0.531375075218951 1.647674629160145 0
772 0.4034475503017451 0.585541625354125 0
773 1.427276224040523 0.5041777918915828 0
774 6.129635926093255 1.195294972034751 0
775 3.982876899747404 0.4935306412235355 0
776 5.469857017315816 1.198465085247064 0
777 5.058224889640609 1.199727321450798 0
778 4.642665786411349 0.490993582125461 0
779 4.312771284974254 0.4921732478244641 0
780 4.728841677849807 1.201146735962338 0
781 5.137680828101376 0.4888913617034555 0
782 3.405881972678827 0.4958160835607551 0
783 3.821643098404615 1.205446300073886 0
784 5.550048220236654 0.48721350106689 0
785 3.07600488447931 0.4971771702422436 0
786 2.663585916104288 0.4992059218077427 0
787 5.962381854641665 0.4855438693262383 0
788 2.996963896841341 1.210357710356685 0
789 2.251316549665511 0.5008954452486781 0
790 2.418891724907573 1.213295104532352 0
791 2.008126563015954 1.216668056831449 0
792 1.634844447087746 1.002857374914625 0
793 1.098072530110874 0.5055609548576673 0
794 1.056050915537708 0.4359377722375919 0
795 1.595618075677973 1.219227390923405 0
796 6.621665450529374 0.4831116045224336 0
797 1.964263015719196 1.001180302185966 0
798 6.950555709281682 0.4818015747310507 0
799 0.688625583437726 0.5131667850996354 0
800 0.6472944971734464 0.4425798193217732 0
801 2.293899926783631 0.9995449576143779 0
802 7.034408915273076 0.9067123576777947 0
803 2.623548932091862 0.9985845739041734 0
804 0.8125722286188799 0.7249023746446941 0
805 3.035829737844802 0.9965830025386082 0
806 3.942977712220288 0.9921839730697242 0
807 4.355437094949775 0.9895728899460215 0
808 0.7291369167465505 0.4420241334961882 0
809 4.685449125514774 0.9884703281923355 0
810 5.014260462604963 0.7033270917408951 0
811 5.427031969998073 0.7003188959609439 0
812 6.581681586293572 0.6960946299478837 0
813 5.839420318735386 0.6988105893899826 0
814 6.251734327290047 0.6972870632770976 0
815 7.155298729118392 0.410080243613235 0
816 7.23728425596113 0.4098188684860925 0
817 7.278578550799915 0.4806357921569632 0
818 7.319231651653213 0.4118629616241665 0
819 7.360374699767644 0.4807141561910713 0
820 7.401053664318047 0.4106710234400182 0
821 7.44210866361128 0.480247468604266 0
822 7.482703527360678 0.4117064094970847 0
823 7.523711103137048 0.4800504369950114 0
824 7.5641947363008 0.4099779152689771 0
825 7.606004876704031 0.4805270137602318 0
826 7.564780181792094 0.5498682511439984 0
827 0.4427700170424581 0.3737661261441586 0
828 0.6877393674517389 0.3714981562745544 0
829 0.7696861929909046 0.370827419738488 0
830 7.646462942453678 0.5500399336570529 0
831 7.605766609694293 0.6199970230991749 0
832 7.648168400338424 0.4129929530257086 0
833 0.3655541215246862 0.9390928170049164 0
834 0.3617788125665605 0.37407757038792 0
835 1.304760031949152 0.720434669580641 0
836 1.551721985969543 0.7192324819480191 0
837 1.716470654936484 0.718469147767083 0
838 1.881281928136902 0.717714736661206 0
839 2.705688370910237 0.7140358037806317 0
840 2.046129688754182 0.7169615966003277 0
841 3.118010081475847 0.7121675138735415 0
842 2.21100337531366 0.7162138461597632 0
843 1.17971364083657 0.362694228907738 0
844 1.262019232242423 0.3623345768211907 0
845 3.365360164503889 0.7110849467353618 0
846 2.375896103510883 0.7154646238049855 0
847 3.612771450898649 0.7099732194306307 0
848 2.540802891327717 0.7147179150416676 0
849 4.025185382065981 0.7080706461416912 0
850 2.953056432785726 0.7128871288319443 0
851 7.52621267848343 0.3437724163544328 0
852 3.860217062833654 0.7087920320578034 0
853 6.828748217046465 0.6950975790229694 0
854 4.272522112477363 0.7070953289670665 0
855 4.437581510689283 0.7061530053648633 0
856 4.602527434055981 0.7054140654296885 0
857 4.767476528227196 0.7046529259661598 0
858 5.097691659308108 0.9860022535366088 0
859 5.179772680064007 0.7023811342674706 0
860 5.510345332624389 0.9823933570510246 0
861 5.592145081313714 0.7007283771903293 0
862 5.922699260023487 0.9810447700929457 0
863 6.004441466421207 0.6989473110017562 0
864 7.524364151795567 0.620471954919093 0
865 7.565517606400418 0.690336137214873 0
866 7.647975891264453 0.6915521315278671 0
867 7.607471505794328 0.7612668877954958 0
868 0.8531057451756895 0.6537686412142717 0
869 0.89445490510363 0.7244848429178541 0
870 6.582258386875383 0.9787699555267605 0
871 6.416768070828148 0.6973347510318668 0
872 6.252470323329288 0.9799008101851048 0
873 0.3278499359320267 1.574744646851651 0
874 0.3221504039166064 0.4465242072013255 0
875 7.278983116606172 0.34014826579644 0
876 0.4020884681744084 0.3037136948921414 0
877 0.3246949399822152 0.8691670385930126 0
878 7.525595401443973 0.7615137329448816 0
879 7.566754044365678 0.8309923325133253 0
880 7.649698235921223 0.8325323316550125 0
881 7.608512820670793 0.9015531339062988 0
882 7.526996117914025 0.9014241033010815 0
883 7.567657072606393 0.9710220467861759 0
884 7.650468812476609 0.9723543232828146 0
885 7.609421076254707 1.041498078698164 0
886 7.527782263068548 1.041405534439329 0
887 7.569141969282002 1.111381942038628 0
888 7.487771335707554 1.11172849321585 0
889 7.529162172786966 1.181760642891482 0
890 7.447789690000896 1.182207905837301 0
891 7.488740712938967 1.252073568285739 0
892 7.407628389753243 1.252752587172461 0
893 7.448641700153719 1.322740743740603 0
894 7.367241885811002 1.323301971343491 0
895 7.4085793784256 1.393605642648127 0
896 7.326978103947214 1.394186803859029 0
897 7.490557956054039 1.393382741995603 0
898 7.368410811535381 1.464601283624534 0
899 7.28665025482227 1.465173493238739 0
900 7.32808103869585 1.535603532299765 0
901 7.24630906240116 1.536287808031089 0
902 7.409809440910028 1.534920698307086 0
903 7.571106782964322 1.252491687102635 0
904 7.204851578291086 1.465738374766948 0
905 7.164458083456748 1.536936987753402 0
906 7.122975438100912 1.467083474023017 0
907 7.082518447748845 1.537718718291041 0
908 7.041004445005291 1.46733593427743 0
909 7.000479991735695 1.538341603644557 0
910 6.958901403616888 1.468330225312002 0
911 6.918339820459474 1.539053542821559 0
912 6.8771279637033 1.468429764916691 0
913 6.836186738121563 1.539630455497507 0
914 6.794958700540297 1.469803788816929 0
915 6.753928152320488 1.540383272204819 0
916 6.712251089530564 1.4702989564369 0
917 6.671533691549325 1.541016647913021 0
918 6.630221279826633 1.470229038245857 0
919 6.589138216716078 1.541415656849239 0
920 6.547892958174288 1.471564152601215 0
921 6.506814495634805 1.541984091220473 0
922 6.465101712218587 1.472044869162811 0
923 6.424321029082488 1.542651806303835 0
924 6.382966744826562 1.471963175793941 0
925 6.341948321135079 1.543075632512819 0
926 6.300139316747877 1.472175818966313 0
927 6.25952076542273 1.543806771157503 0
928 6.21703078478131 1.473230316574097 0
929 6.176959052170245 1.544250459304143 0
930 6.135117845968321 1.473420719925677 0
931 6.094503587084715 1.54480541271587 0
932 6.052748268796013 1.473949014880626 0
933 6.012058837277424 1.545654920052927 0
934 5.970609736670422 1.474757360649218 0
935 5.929650801996658 1.54633787071272 0
936 5.887841854403582 1.475207317118433 0
937 5.847211076369488 1.546893172127351 0
938 5.804723349199669 1.476198098092068 0
939 5.764636686608144 1.547295754339898 0
940 5.723056208500968 1.476596965407337 0
941 5.682214899710333 1.54787558622583 0
942 5.640733085948646 1.477882714882913 0
943 5.599726147297208 1.548757304341061 0
944 5.558018700295126 1.478498900669496 0
945 5.517264310256907 1.549509292129333 0
946 5.475503212448822 1.478415317114491 0
947 5.434787233297174 1.55002649526174 0
948 5.393023500431047 1.478893229683641 0
949 5.352313436303285 1.550598137228838 0
950 5.310550226142863 1.479473840349364 0
951 5.269904819786607 1.551158592804703 0
952 5.228088815808393 1.480069711117328 0
953 5.187443478680359 1.551501199705172 0
954 5.14562055369882 1.480631718483546 0
955 5.104910436565289 1.552095089827696 0
956 5.063139179193247 1.481230019552104 0
957 5.022428757502387 1.552955392164995 0
958 4.980664170617094 1.481878949911611 0
959 4.939954807708329 1.553612661670111 0
960 4.898191508742609 1.482502316176721 0
961 4.857542585504918 1.554196570183668 0
962 4.815729536707732 1.483109268233603 0
963 4.775080547175888 1.554549159469183 0
964 4.733261061407884 1.483674765140955 0
965 4.692550956918926 1.555143153431203 0
966 4.650780264098989 1.484273760653712 0
967 4.610069974691609 1.555999305225241 0
968 4.568305504198092 1.484921732878154 0
969 4.527596270519611 1.556655707119317 0
970 4.485833029668978 1.485544531787826 0
971 4.445180576819785 1.557241520420403 0
972 4.403370676153775 1.486152337890393 0
973 4.362718074498708 1.557598849339553 0
974 4.320902109822649 1.486718913394602 0
975 4.280192227093044 1.558191647305111 0
976 4.238422057737422 1.487317711996297 0
977 4.197766309559197 1.559011479416215 0
978 4.155956966943923 1.48796034217018 0
979 4.115301835730863 1.559416180384563 0
980 4.073487906012986 1.488540919916605 0
981 4.0327780197774 1.560017877299692 0
982 3.99100838008569 1.48914377895105 0
983 3.950298612074413 1.560869035640689 0
984 3.908534671496206 1.489791925305743 0
985 3.867825882477763 1.561524603010351 0
986 3.826063109109726 1.490415088043203 0
987 3.78535474369214 1.562143396344895 0
988 3.743592295896734 1.491027943411303 0
989 3.702884141348434 1.562754331545173 0
990 3.661121931051274 1.491637704147056 0
991 3.62046250631368 1.563334929206297 0
992 3.578659935673921 1.492242002423452 0
993 3.538000251675094 1.563699347331985 0
994 3.496192868323573 1.492809325193666 0
995 3.455483751625256 1.564288812060374 0
996 3.413716307233773 1.493404724535083 0
997 3.373053308117559 1.565103605002137 0
998 3.331252389345976 1.494045882129523 0
999 3.290590089531256 1.565515729745722 0
1000 3.24878488730992 1.494624069583035 0
1001 3.208076893568954 1.566113376399896 0
1002 3.166309511509628 1.4952221609181 0
1003 3.12560227978462 1.566954205329466 0
1004 3.083840298414332 1.495874964545709 0
1005 3.043133905176924 1.56760867312811 0
1006 3.001372943639613 1.496498823038467 0
1007 2.960667278878806 1.56822990436655 0
1008 2.91890703431516 1.497112677878241 0
1009 2.878202143769182 1.568838504594788 0
1010 2.836441980687192 1.497724214571174 0
1011 2.795738077233618 1.569447443228917 0
1012 2.753978492155064 1.498334172590164 0
1013 2.713275343598616 1.570055667136093 0
1014 2.671516418989969 1.498947081582213 0
1015 2.630813963364464 1.570664705282266 0
1016 2.589056014615667 1.499557653280295 0
1017 2.548351411401575 1.570814980754005 0
1018 2.506597895269029 1.50009131330199 0
1019 2.465893766277208 1.571334124298424 0
1020 2.424139354894247 1.50067422098732 0
1021 2.383437894939012 1.571839377146407 0
1022 2.341685248024199 1.501263277780625 0
1023 2.300985792084796 1.572426512506727 0
1024 2.259238393539834 1.501866455988432 0
1025 2.218537829685777 1.572947014635957 0
1026 2.176793142945136 1.502462198990805 0
1027 2.136094530836647 1.573536730221731 0
1028 2.094775133839089 1.50330842228718 0
1029 2.053730953186149 1.574804847640928 0
1030 2.012409192386846 1.504309850141579 0
1031 1.971321346015288 1.575587273043207 0
1032 1.929569691481108 1.504777854584518 0
1033 1.888829511172196 1.576199416740057 0
1034 1.847076384430882 1.504622224527035 0
1035 1.806381735571916 1.575854427118899 0
1036 1.764645007392584 1.504950336549823 0
1037 1.723800302158054 1.576159953522683 0
1038 1.682206967882339 1.50597564941133 0
1039 1.641372180966035 1.577610698189048 0
1040 1.599801394459986 1.506800702220246 0
1041 1.559177359459199 1.578561499410081 0
1042 1.517451785131533 1.507509408959462 0
1043 1.476800392664474 1.579163892946018 0
1044 1.435073089575548 1.508146160943926 0
1045 1.394431062643382 1.578761313698255 0
1046 1.352719831271529 1.508604246970275 0
1047 1.311764748370766 1.578978293508825 0
1048 1.270359547763289 1.509131271934353 0
1049 1.229403367286128 1.580506553961281 0
1050 1.188069780031243 1.509878852234786 0
1051 1.147443901655042 1.58036625574856 0
1052 1.105868780891332 1.510416675501919 0
1053 1.064867073083665 1.580581601166864 0
1054 1.023603376338297 1.511028685935679 0
1055 0.9826351409022607 1.582198883053516 0
1056 7.369535268834754 1.60605817380619 0
1057 7.451409733490477 1.6053595905469 0
1058 6.548118896491816 1.612286565112429 0
1059 7.205962377053633 1.607424973891181 0
1060 7.042085176599599 1.608904255166126 0
1061 6.300679608179448 1.614463316447529 0
1062 6.877804013856534 1.610348122061313 0
1063 6.713221090959717 1.611797176006323 0
1064 5.88867514433775 1.617654845601989 0
1065 5.311060074897265 1.62211251393392 0
1066 6.053737941520971 1.616021519517389 0
1067 4.898697106297149 1.625160746169846 0
1068 5.641404667645778 1.619094640087275 0
1069 5.476237802942828 1.620786590086798 0
1070 4.486334129751391 1.628214740378569 0
1071 4.238917063829567 1.629742027191734 0
1072 5.063571223444523 1.623666246084895 0
1073 4.651212224589155 1.626722993666772 0
1074 3.661612127841964 1.634325589351279 0
1075 3.414198511225985 1.635861249073352 0
1076 3.991439684617195 1.63161328204555 0
1077 3.826497153277965 1.633136346078436 0
1078 2.83749673658483 1.640560486152179 0
1079 0.9413860967262997 1.511894762336373 0
1080 0.9009100483870798 1.583262009700305 0
1081 2.262392624584956 1.642874346266151 0
1082 3.167153686776808 1.637483737474696 0
1083 3.002427146002411 1.639345387838742 0
1084 1.850180284455292 1.646466880120961 0
1085 7.651065803949203 1.111854863186801 0
1086 2.59063738604579 1.641509671898891 0
1087 2.427307947810824 1.64211382600314 0
1088 1.438111308614768 1.648829131540675 0
1089 1.189722310890891 1.649402339380698 0
1090 2.01508457179186 1.64637753544373 0
1091 1.602720227895868 1.648823010132411 0
1092 0.9425655596046502 1.654137988527318 0
1093 0.8599893142238436 1.654424317047892 0
1094 1.064202623553719 1.439808149238608 0
1095 0.3209565007014829 0.3022684031891283 0
1096 1.311029554188481 1.437799511087852 0
1097 0.4064005107113182 1.009039646093984 0
1098 0.3254209645043946 1.009437890876224 0
1099 0.3661796451713238 1.079297769827155 0
1100 1.723130480400671 1.434182833144725 0
1101 0.733612985612032 1.290733818746069 0
1102 2.135551330761563 1.432480728448733 0
1103 0.8110524061975332 0.4415025692020331 0
1104 0.772644506254539 0.9371936934765643 0
1105 0.4830787699371755 0.3028501283238493 0
1106 2.712213315587234 1.427225539711432 0
1107 7.1624940350133 1.397033405945872 0
1108 7.405720194739282 1.113277914542709 0
1109 3.289480274784481 1.422923229864243 0
1110 3.536893052520004 1.421121896420384 0
1111 7.411016128553563 1.676558744913247 0
1112 7.492819219147536 1.675809871896833 0
1113 7.533244444737683 1.604713304772202 0
1114 7.574555959322721 1.675091882664341 0
1115 7.614792023344037 1.604128852493639 0
1116 7.656054017045052 1.674306952420406 0
1117 4.114187432809103 1.416854645135815 0
1118 4.361601373183747 1.415030848457421 0
1119 4.609013615094733 1.413200417395172 0
1120 0.8517145308022417 0.3702897259154115 0
1121 5.186315227178961 1.408955577963509 0
1122 1.220557099922668 0.2912032458535092 0
1123 1.137426650590383 0.2933574593863004 0
1124 1.302901924832368 0.290832655087662 0
1125 5.761830276304456 1.406079117407425 0
1126 6.01006984134818 1.403923606518217 0
1127 6.917334351812093 1.399235269669449 0
1128 6.423216625796517 1.402671052662104 0
1129 6.670504691854223 1.401039997792753 0
1130 7.696081610720901 1.603423550196708 0
1131 7.654987560084862 1.533435198286754 0
1132 0.7237593518868795 0.2989097431653998 0
1133 0.2853125655847997 1.079728783553887 0
1134 0.3260427926734086 1.149477046259742 0
1135 0.8188611408945461 1.583915274854876 0
1136 0.7783525544728894 1.655193619278226 0
1137 1.47569546089043 1.436532475681104 0
1138 1.888574290650683 1.433083274872774 0
1139 2.29993406213095 1.430292391213565 0
1140 7.736035104491666 1.532823667271518 0
1141 7.695047886701969 1.462989331437703 0
1142 0.9350145317763112 0.6533092034840401 0
1143 0.9763961203644406 0.7240626563278145 0
1144 2.464838314280249 1.429051581327228 0
1145 0.3647336581237893 0.7988158473389007 0
1146 0.2838427243886097 0.7993330262453937 0
1147 2.8771393575635 1.425992758034791 0
1148 3.042075505960037 1.424776028656482 0
1149 7.319751428393644 0.551353656359888 0
1150 3.701829783711578 1.419912428020139 0
1151 7.615951280108793 1.745352828588319 0
1152 7.697595784287532 1.744539671211666 0
1153 3.866771342012693 1.418690392900667 0
1154 7.325614798433939 1.254503128461319 0
1155 0.9357746938545495 0.7952404470993051 0
1156 1.017764796690196 0.794843354205291 0
1157 7.775941286210068 1.462476938431472 0
1158 7.734997933797178 1.39272653678483 0
1159 4.773960258436752 1.41198792824681 0
1160 4.93890018287621 1.410776460017855 0
1161 5.351258471092417 1.407738605173694 0
1162 5.515619256599131 1.408446465340225 0
1163 6.174568997511876 1.403540117301085 0
1164 0.8193769341899652 1.725723171861621 0
1165 0.7377872314559496 1.726498269236862 0
1166 0.2438898421125301 0.8695721914131666 0
1167 0.4423257180039832 0.2327513276956491 0
1168 0.5235381096511174 0.2318129901780761 0
1169 1.26142036956687 0.2196762076910938 0
1170 0.2452146152367033 1.717616836232706 0
1171 0.2452392420877304 1.149963848357948 0
1172 0.2859310485047344 1.219674904344625 0
1173 0.7369640916363716 1.584518327537369 0
1174 7.777087789040072 1.602617533127788 0
1175 7.452497362601409 1.747102026235495 0
1176 7.370588914754283 1.747808172709942 0
1177 0.7774219907621183 1.513322541932423 0
1178 1.015778988757797 0.5068920678996811 0
1179 0.4471023441675914 1.079174559965608 0
1180 0.4503428666534403 1.788669810354739 0
1181 0.3238044847765976 0.7290567154362784 0
1182 0.2430234823262802 0.7295709734895125 0
1183 0.4047256032471602 0.7280899703572346 0
1184 7.654142780548867 1.393218873208859 0
1185 7.694110509388826 1.322995873738141 0
1186 0.2445917080560753 1.009879286366825 0
1187 1.34381387144269 0.2195354417310553 0
1188 1.385316966253491 0.2905055812488099 0
1189 1.426225230138452 0.2192204922023847 0
1190 1.467733608519969 0.2901912552467681 0
1191 0.2829308081180067 0.6593732887160854 0
1192 0.3667743491734147 1.219283888732969 0
1193 0.3266897523847773 1.290091802710592 0
1194 0.2458451715567198 1.289903638615772 0
1195 0.2862875070874522 1.360459748615015 0
1196 1.057307817630794 0.5773826180235243 0
1197 6.911577913548378 0.977763912217545 0
1198 7.073246340482034 0.4103921106602033 0
1199 7.11401443990943 0.3391547805292418 0
1200 7.031923124216605 0.3394348414696096 0
1201 7.072713174422185 0.2681644672761013 0
1202 6.990549329718193 0.2684603631129653 0
1203 7.154861919722639 0.2678956704779214 0
1204 6.949818718837264 0.3397406605916604 0
1205 6.908337667553114 0.2687568669273875 0
1206 1.508647658997939 0.2189481572071427 0
1207 1.550161651647924 0.2898857411293309 0
1208 1.591080150994616 0.2186177497538399 0
1209 1.632598084395994 0.2895528093319376 0
1210 1.509176513258192 0.3613141045015569 0
1211 7.033926567218073 0.7651850965443879 0
1212 0.8936413889354475 0.5826232660892166 0
1213 6.867657773265833 0.3400639835614833 0
1214 6.826097776406574 0.2690404149983894 0
1215 6.785421167040299 0.3403793858773466 0
1216 6.743811399469184 0.2714581980712505 0
1217 6.791248460414671 0.2014396304403914 0
1218 6.702880358251441 0.3408102685867765 0
1219 6.661428031194019 0.2708504365659578 0
1220 6.62051573039743 0.3411465849804451 0
1221 6.57904929453897 0.2722659211143231 0
1222 6.538122109429091 0.3418079380101969 0
1223 6.496647252275679 0.2727654370099387 0
1224 6.455833191654485 0.3422083534400145 0
1225 6.414248358494614 0.2731252307861736 0
1226 6.373286862860295 0.3421395008302945 0
1227 6.331799401798117 0.2733290034607135 0
1228 6.290988295460655 0.342806320287558 0
1229 6.249356224927154 0.2723841474464807 0
1230 6.379181863010894 0.207165545312382 0
1231 1.673520558702358 0.2183390909372953 0
1232 1.715040925929395 0.2892227544818967 0
1233 1.755966248728252 0.2180057635975399 0
1234 1.797488545896091 0.2888840136793434 0
1235 1.838296402780661 0.2173770479291691 0
1236 1.879558500515642 0.2887038425734324 0
1237 1.674071118508816 0.3607062849839835 0
1238 6.208402434184168 0.342795802988615 0
1239 6.16690379551128 0.2737128676943633 0
1240 6.125948682267548 0.3431229444089417 0
1241 6.084447138822606 0.2741460628302133 0
1242 6.131811914325725 0.2076312437840347 0
1243 6.043490219047278 0.3434495120975508 0
1244 6.001982414980293 0.2732847976064062 0
1245 5.961175572755552 0.3437403122792076 0
1246 5.919546843548503 0.2745792569189951 0
1247 5.878592007318848 0.3442882012196485 0
1248 5.837065468295476 0.2750443901030094 0
1249 5.796232991912383 0.3447489872730459 0
1250 5.754612988278966 0.2754146641984027 0
1251 5.713627113265435 0.3447525280944717 0
1252 5.67212317932645 0.2756353214659508 0
1253 5.719477736386324 0.2085562767852275 0
1254 5.631157245513405 0.345077900121897 0
1255 5.589644653184878 0.2748242019311112 0
1256 5.548836866303402 0.3453612205870605 0
1257 5.507201918480033 0.2760420754069838 0
1258 5.466244843760557 0.3458906328996981 0
1259 5.424714622225644 0.2764918931288908 0
1260 5.383876684656529 0.3463444897301929 0
1261 5.342257164104056 0.2768589995602221 0
1262 5.301270718134733 0.3463786329064787 0
1263 5.25976462875653 0.2770845726283276 0
1264 5.30711509870909 0.2094346349322572 0
1265 5.218798092372149 0.3467037236954107 0
1266 5.17728404619287 0.276365191052633 0
1267 5.136476355567119 0.3469838908747429 0
1268 5.094839394393116 0.2775073977024584 0
1269 5.053882198856612 0.347494471218377 0
1270 5.012350625178776 0.2779416603721022 0
1271 4.971386282180347 0.3478706918331737 0
1272 4.929871041858652 0.2782933678651265 0
1273 4.88890766550178 0.3480703682622667 0
1274 4.847395605373956 0.278544111118001 0
1275 4.806433683907155 0.3485019219740453 0
1276 4.764917930399918 0.2779150281728597 0
1277 4.894742808434612 0.2103139153649716 0
1278 4.723959536675899 0.3486878095649906 0
1279 4.682447527637058 0.2789883753740136 0
1280 4.64148601890992 0.3489793624820453 0
1281 4.599974414847634 0.279374765873316 0
1282 4.55901268877853 0.3493114417238615 0
1283 4.517501107084367 0.2797111727641231 0
1284 4.47653936002988 0.3496419464860308 0
1285 4.435027547320436 0.2799812658382279 0
1286 4.394066000229745 0.3499611330198804 0
1287 4.352554182663336 0.2802961477409013 0
1288 4.311592685238697 0.3502858995050016 0
1289 4.270080649322871 0.2805617266570519 0
1290 4.229119362970853 0.3506038502156363 0
1291 4.187607337031482 0.2808756545700927 0
1292 4.146646107840661 0.3509288215412867 0
1293 4.105133879971454 0.2811411358407074 0
1294 4.064172907928121 0.3512537786842177 0
1295 4.022660681039008 0.281456221444298 0
1296 3.981699778401717 0.351578724118781 0
1297 3.940187360985407 0.281721908517542 0
1298 3.899226726985245 0.3519036631614787 0
1299 3.857714313980389 0.2820370238339545 0
1300 3.816753750862647 0.3522285986711781 0
1301 3.77524116187247 0.2823027399971505 0
1302 3.734281295593164 0.3526534091658586 0
1303 3.692765555591438 0.281921379638494 0
1304 3.822582323071899 0.2125978052784893 0
1305 3.651808123924934 0.3528784123878166 0
1306 3.610295051811051 0.2827963218819916 0
1307 3.569335490531742 0.3532033103584054 0
1308 3.527822646251459 0.2831553508453174 0
1309 3.48686301617205 0.3535281791266903 0
1310 3.445350301093014 0.2834860264544975 0
1311 3.404390730718137 0.3538530211706082 0
1312 3.362877904932127 0.2837543360609026 0
1313 3.321918649724281 0.3541778488310243 0
1314 3.280405913450846 0.2840698939838132 0
1315 3.239446784807773 0.3545026558880394 0
1316 3.197933995317546 0.2843356713905591 0
1317 3.156975231010449 0.3548274025487743 0
1318 3.115462613141008 0.2846508131760962 0
1319 3.074504050150048 0.3551520951060151 0
1320 3.032991421389112 0.2849164717802566 0
1321 2.992033274229857 0.3554767590024747 0
1322 2.950520830562904 0.2852315719451776 0
1323 2.909718796784043 0.3558474355079211 0
1324 2.868076505523019 0.2855048125574714 0
1325 2.827123730046908 0.3561927140241757 0
1326 2.785581402915642 0.2853137174816331 0
1327 2.915384375054433 0.2145391849727362 0
1328 2.744623877503872 0.3564503651434269 0
1329 2.703112166098433 0.2860236326870013 0
1330 2.662155368922841 0.3567747919258003 0
1331 2.620643828668194 0.2863548888946967 0
1332 2.579687691526076 0.3570990863304004 0
1333 2.53817661208021 0.2866809157428057 0
1334 2.497220897531867 0.3574232992042986 0
1335 2.455710239539111 0.2869479519189582 0
1336 2.414796122497357 0.3577781163666667 0
1337 2.373245299859944 0.2868538823135134 0
1338 2.503027183461009 0.2154190092274345 0
1339 2.332291027289991 0.3580711127414624 0
1340 2.290781738913359 0.2874894813387919 0
1341 2.24982812898654 0.3583949203608141 0
1342 2.208317610758722 0.2872552002859353 0
1343 2.167367348277287 0.3587182212347546 0
1344 2.125857816681037 0.2874871928997516 0
1345 2.085080328693092 0.3590425707389511 0
1346 2.043549602900748 0.2878653600835079 0
1347 2.0843727833708 0.2162338928626784 0
1348 2.002531012977153 0.3594034865321494 0
1349 2.002162360373633 0.2171839432559148 0
1350 7.774422248782503 1.322799055368976 0
1351 7.73397061358146 1.252912997654304 0
1352 0.2066519715021832 1.360549710746835 0
1353 0.2462723287962053 1.429784318723822 0
1354 0.1667706828483438 1.430559260276488 0
1355 0.2061965851021825 1.502572334838861 0
1356 2.252448296993454 0.2166932043526007 0
1357 0.7793808574597865 1.797378160063379 0
1358 2.667966952373061 0.2150515534316399 0
1359 3.080324224576437 0.2141851925159635 0
1360 3.245269354367551 0.2138324137532606 0
1361 3.410215294563737 0.213479065282087 0
1362 3.575161737135624 0.2131051407296272 0
1363 0.6972991563308883 1.797932167540263 0
1364 3.987529691223971 0.212245120529626 0
1365 4.152477262309865 0.2118925025147219 0
1366 0.862526730920271 1.793609939575537 0
1367 4.317424978474483 0.2115403156504667 0
1368 4.4823727699302 0.2111870737451337 0
1369 4.647320487732948 0.2108065589221138 0
1370 7.810642185593425 1.255120754822237 0
1371 7.773144036142714 1.18331235246817 0
1372 5.059695425194573 0.2099236678234145 0
1373 5.472062277039261 0.2090411013908102 0
1374 0.6558352844067301 1.72710852879686 0
1375 0.6152676703052302 1.798422937749884 0
1376 5.884419021987263 0.2081606866879483 0
1377 1.796888207313146 0.1459870301757138 0
1378 0.2041791820956171 0.6587180649712308 0
1379 0.2424503471005523 0.5895487627383131 0
1380 0.1638258886315214 0.5888644605943677 0
1381 0.2013445150804248 0.5201636831890175 0
1382 6.544071480054506 0.2067706257279144 0
1383 6.955888268204835 0.1984714792519748 0
1384 0.4077693446031035 1.290970582564092 0
1385 2.042836106971495 0.1449678885445396 0
1386 1.058348508478615 0.7229068178472572 0
1387 1.099798975642949 0.7943342781105243 0
1388 1.059116803695625 0.8655459332969984 0
1389 1.141052231804147 0.8651872506602 0
1390 1.181841955848697 0.7933312484860748 0
1391 1.223150275463485 0.8645428507955885 0
1392 7.120443199791652 0.1979670917039833 0
1393 1.83862312953221 0.3601006778861731 0
1394 2.374213705305519 0.4291993334307076 0
1395 2.786417077668098 0.4275023752747836 0
1396 3.693600340945469 0.4238727194063599 0
1397 0.6058625329943724 0.3722402595678925 0
1398 4.765825131696996 0.4194604161468963 0
1399 5.013253524620749 0.418489998080488 0
1400 6.497349308989355 0.4129558240186609 0
1401 5.425623077131492 0.417039992175068 0
1402 6.250357111086925 0.4137957228920704 0
1403 5.837976300949889 0.4154038201178898 0
1404 7.195717381995056 0.1966009951450907 0
1405 1.100130717744168 0.9359468008438874 0
1406 0.8926207440667572 0.4407555512092306 0
1407 0.9335611753874942 0.3696121233212518 0
1408 0.8922657754165805 0.2988649413870843 0
1409 0.9744672316947169 0.2983533374563482 0
1410 0.9329201455889895 0.2274186356965399 0
1411 0.8475715605960723 0.2256308321203294 0
1412 1.015007659434448 0.2261443698483399 0
1413 7.655997250007062 1.812913246154505 0
1414 7.575500508334263 1.812473942320023 0
1415 7.732702765313384 1.810467254783812 0
1416 7.777226415166867 1.743245450983436 0
1417 7.80559153369821 1.814886997346102 0
1418 7.412138696279061 1.818456449846245 0
1419 7.330103750888576 1.819149567204349 0
1420 7.28865521173076 1.748455643037454 0
1421 7.248013977935912 1.819804626925503 0
1422 7.206651952227794 1.749084759687074 0
1423 7.165873855466879 1.820456044468384 0
1424 7.124600125124016 1.749699886681831 0
1425 7.083679120623797 1.821108192168015 0
1426 7.042476777801235 1.750319088302257 0
1427 0.1503228968361787 0.725947844053736 0
1428 7.001432553134273 1.821756906759628 0
1429 6.960272901629789 1.75094415780367 0
1430 6.919131771972281 1.822405881501547 0
1431 6.878006676620453 1.751570546034015 0
1432 6.836784664073013 1.823048967638101 0
1433 6.79567417340362 1.752200040416574 0
1434 6.754398030266469 1.823689387190331 0
1435 6.713309548852167 1.752824082929259 0
1436 7.605404851514206 1.873268985152132 0
1437 6.671988428511304 1.824320546330625 0
1438 6.630910532903475 1.753447549926574 0
1439 6.589632748113358 1.820438267391943 0
1440 6.547798602365388 1.753868870040196 0
1441 6.507089106494306 1.820181093965412 0
1442 6.46527409144833 1.753627055621628 0
1443 6.424660785669393 1.8262002810649 0
1444 6.382883931143182 1.755220287573429 0
1445 6.342164085264487 1.822110521291301 0
1446 6.300430144783403 1.755476369087019 0
1447 6.259696091247961 1.821804419493159 0
1448 6.217964894856135 1.755618550655536 0
1449 6.424098226640895 1.683742305087345 0
1450 6.177274962203468 1.828064260043382 0
1451 6.135733753215485 1.756966855846668 0
1452 6.094808199033134 1.828684292225125 0
1453 6.05361276435284 1.757791655599749 0
1454 6.176688795645278 1.685569550525993 0
1455 6.012339967941109 1.829303991462905 0
1456 5.971280565270822 1.758398201055584 0
1457 5.932474527164037 1.831214431175397 0
1458 5.888962198354218 1.7594063112618 0
1459 5.849029626718908 1.835377444942098 0
1460 5.805629061044237 1.759430816173843 0
1461 0.170025302639279 1.288531178167343 0
1462 0.483341155620763 0.1597141422726414 0
1463 0.4001406487596182 0.1619133805995861 0
1464 5.767042188414891 1.838840216687681 0
1465 5.723737930690505 1.761458421833227 0
1466 5.684984330942433 1.836678485972453 0
1467 5.641741220755936 1.761929613153004 0
1468 5.764583714713161 1.689040810109675 0
1469 0.894052376825518 0.1535518083022631 0
1470 5.602830945409627 1.83683203542625 0
1471 5.559483267289616 1.762397324990182 0
1472 5.519609629451477 1.836082837051238 0
1473 5.476615317570617 1.762940188849498 0
1474 6.549944662412306 1.892325722073582 0
1475 5.437630739940631 1.837455848967975 0
1476 5.39327251767384 1.762524631495742 0
1477 5.352572585457322 1.834256639140077 0
1478 5.310800780549991 1.763143442990025 0
1479 5.271042239925826 1.838735389549954 0
1480 5.228487828455068 1.764661466638645 0
1481 6.302544514302223 1.893854298884284 0
1482 0.5639960632184626 0.1606017134652715 0
1483 0.6038635991866335 0.2319382258873532 0
1484 0.6482041256336958 0.1525988358423531 0
1485 5.895814092511841 1.917427169809704 0
1486 5.189523396097852 1.842126761356332 0
1487 5.146201321000566 1.765891395362599 0
1488 5.187331620141354 1.693933916256947 0
1489 5.107584495469579 1.8403488921239 0
1490 5.063385400481633 1.76499992465009 0
1491 5.314941919501968 1.916114923583605 0
1492 5.025178920540299 1.840200081229253 0
1493 4.980913575363012 1.765618756692137 0
1494 4.940213588118938 1.837350872168441 0
1495 4.898441745845472 1.766237590620744 0
1496 4.858614045917387 1.841352642520945 0
1497 4.816117186736687 1.767671945858409 0
1498 0.1223316028521138 0.5190446167179608 0
1499 0.1609162617725306 0.4488661420207113 0
1500 0.1291330304770129 0.3772822736680995 0
1501 0.2043084324043357 0.3739671928675272 0
1502 0.1698173500842365 0.2966007545850158 0
1503 1.302303505407792 0.1481318342296243 0
1504 1.221481091623645 0.1478708102704784 0
1505 1.467127786469499 0.1474023649562747 0
1506 4.777069194908105 1.844385786224372 0
1507 4.73382439681704 1.768828162613912 0
1508 4.774964144658398 1.696968765136682 0
1509 4.695192036884925 1.842932572139823 0
1510 4.651026274509184 1.768094105263183 0
1511 4.902521461548583 1.917874224062867 0
1512 1.63199505282188 0.1466884251991195 0
1513 4.612810964957032 1.842849191687373 0
1514 4.568554471115809 1.768712949531859 0
1515 4.529071678888024 1.842532057672383 0
1516 4.486082683421152 1.769331795712063 0
1517 4.446396876961378 1.844313011461994 0
1518 4.403781791666942 1.770739643240473 0
1519 0.5735766229176031 1.723916750819748 0
1520 0.4477312054315612 0.07846855840252866 0
1521 2.125300086192077 0.1446428567270534 0
1522 1.879345231175478 0.1456404102445485 0
1523 4.490276829041552 1.919920396538549 0
1524 4.364452194213612 1.846582945945203 0
1525 4.321344298879409 1.771422859831242 0
1526 4.362585498033072 1.699956112509854 0
1527 4.280439221658348 1.842301539932268 0
1528 4.238694479581153 1.771640961903921 0
1529 4.19875069708677 1.845605811842537 0
1530 4.156293481841966 1.772355747303658 0
1531 0.6954706829813203 1.513087497464139 0
1532 0.654101878723006 1.583394993264582 0
1533 4.24247082106662 1.920627455647486 0
1534 4.117161116836327 1.847982022848756 0
1535 4.073935225406565 1.773194531665734 0
1536 4.115157241304004 1.701746933088164 0
1537 4.034689742025581 1.846215109295522 0
1538 3.991252370553434 1.773044934620782 0
1539 3.953062505414044 1.847059260833492 0
1540 3.908780759223824 1.773663809524088 0
1541 3.869973673488104 1.847038830980003 0
1542 3.826309192648842 1.774282690766753 0
1543 0.8101739411678245 0.1485264257105496 0
1544 0.07749142158299234 0.594481723450928 0
1545 3.787812560103569 1.847704408896271 0
1546 3.743837699745362 1.774901592777703 0
1547 3.704114452849112 1.84763311667354 0
1548 3.661366324620995 1.775520524012103 0
1549 3.621543940239544 1.849342144584355 0
1550 3.579000741498082 1.776559021716141 0
1551 3.666447360095393 1.924925588287039 0
1552 0.2865543952746633 1.504663561758442 0
1553 3.539588601184191 1.851031777786745 0
1554 3.496489291200389 1.776975663744533 0
1555 3.537830233966892 1.705938954144315 0
1556 3.455724216332554 1.848489929326989 0
1557 3.413956498724001 1.777510306499758 0
1558 3.373946133726497 1.85075681226029 0
1559 3.331541893346243 1.778268449266885 0
1560 7.692846504882654 1.182820417191399 0
1561 7.732855718206516 1.112906244969364 0
1562 7.810919027951948 1.114150431275524 0
1563 7.772675453204901 1.043417774589443 0
1564 7.857687146693069 1.042415269650738 0
1565 7.810869704941435 0.9717859696319519 0
1566 5.646799192398014 1.918149501824807 0
1567 3.418720536848856 1.925726610221972 0
1568 5.481755800187084 1.91835874082418 0
1569 0.7358566455056312 1.442043373582775 0
1570 0.8177844607478854 1.44200929570957 0
1571 0.7761792740907167 1.370650472707824 0
1572 0.8581020763057188 1.370776513435529 0
1573 7.73203594699025 0.9731166593204869 0
1574 7.7720966981889 0.9034549447316349 0
1575 7.858119927967101 0.8946471432424722 0
1576 7.812322636981854 0.834055946167509 0
1577 7.731785219871488 0.8337802167865879 0
1578 7.771853771914363 0.7644288048455385 0
1579 7.845535169560966 0.7634072060134411 0
1580 7.807555080052349 0.6963177891281451 0
1581 7.729590771474684 0.6935270173309523 0
1582 7.769873876997903 0.6240173359167299 0
1583 7.86038296465592 0.6317392811290098 0
1584 7.81278461468746 0.5560869297175428 0
1585 7.879871149620809 0.5579306646532122 0
1586 7.859871489811634 0.4811744035337329 0
1587 7.773025699372828 0.4847772173536877 0
1588 7.811055188827095 0.4157629847396504 0
1589 7.731079257337132 0.4149041549568929 0
1590 7.770598614543237 0.3459319154453581 0
1591 7.857212540637584 0.3365831326094484 0
1592 7.810845731064856 0.2759280022474344 0
1593 7.730204207090825 0.2757582896399363 0
1594 7.774372439420747 0.2052550271429735 0
1595 7.691501911580279 0.2065928125762052 0
1596 7.648735835847451 0.2746043469184412 0
1597 7.612722489317932 0.2060823845152475 0
1598 7.851520718639518 0.205676591592376 0
1599 7.733232781703024 0.1353449841807789 0
1600 7.612632922464184 1.322976931029029 0
1601 0.2820150381536106 0.5196024089133421 0
1602 0.8184214578540471 1.298159734044955 0
1603 0.8984682021732779 1.299782862573305 0
1604 0.940103090876457 1.370242694710903 0
1605 0.98058320050878 1.297260531803266 0
1606 1.020679402449411 1.22377617147946 0
1607 1.062717472098872 1.296964067759096 0
1608 1.263988904902444 0.7924639064093215 0
1609 1.305492807000758 0.8641471197124266 0
1610 1.346291201133436 0.7929664641519643 0
1611 1.387570519485783 0.8639684580189382 0
1612 1.428542314475687 0.7926551732066557 0
1613 1.469733910786307 0.8634333512679477 0
1614 1.346526972706361 0.9347383551964812 0
1615 3.292323048509555 1.852447660301982 0
1616 3.2490108643978 1.778615230980418 0
1617 3.290277330186417 1.707439574539644 0
1618 3.2099215121405 1.851684612651778 0
1619 3.167228924928097 1.779685259683791 0
1620 1.510824448189765 0.7919680983836377 0
1621 1.552196884934649 0.8630363022386066 0
1622 1.593174158249727 0.7914958596073209 0
1623 1.634544508568649 0.8626288394790647 0
1624 5.069241886511582 1.919882137926997 0
1625 1.675534359705884 0.7910878420975302 0
1626 1.716892529107717 0.8622292844699289 0
1627 1.757912001623264 0.790673468235613 0
1628 1.799259050127965 0.8618283901770676 0
1629 1.840301253584845 0.7902778343972133 0
1630 1.881641811240181 0.8614289643593238 0
1631 1.922704784080989 0.7898691770976357 0
1632 1.964037137519921 0.8610282635287204 0
1633 2.005116622785745 0.7894747489321408 0
1634 2.046444093312727 0.8606286810189356 0
1635 2.087538716784358 0.7890687123549484 0
1636 2.128860125128062 0.8602280107582754 0
1637 2.169966793602033 0.788675663957525 0
1638 2.2112845662172 0.8598284910173524 0
1639 2.252402330777354 0.7882716247926445 0
1640 2.293715717323265 0.8594279073194194 0
1641 2.334842326286569 0.7878787127450981 0
1642 2.376153115971384 0.8590283465992228 0
1643 2.417287867928434 0.7874758902759122 0
1644 2.45859550296809 0.8586278100684477 0
1645 7.572351177069079 1.393175573660306 0
1646 2.499736669298221 0.7870836348339074 0
1647 2.541042422552365 0.8582282522891876 0
1648 2.582189489310725 0.7866818933365982 0
1649 2.623537624394343 0.8575946604814214 0
1650 0.1256471395138755 1.49983725010983 0
1651 0.1588049605398615 1.572507938616654 0
1652 0.1182308063922309 1.64363531044058 0
1653 0.1979903845132914 1.647612355273211 0
1654 0.08992923878909571 1.433901836326348 0
1655 0.2448720718914377 1.575007533939647 0
1656 0.6120776989528953 1.508597784798352 0
1657 2.664646745045636 0.7862617464553893 0
1658 2.706116729671625 0.8573782981230718 0
1659 2.747091989554975 0.7859442133136969 0
1660 2.788339196222623 0.8571704506771025 0
1661 2.829465640689629 0.7857525836276246 0
1662 2.870627054688356 0.8566101680761034 0
1663 2.747328259467736 0.928440586143212 0
1664 3.127275960237609 1.851888694276365 0
1665 3.0850490345528 1.780189618179629 0
1666 3.044402043363064 1.852209491924381 0
1667 3.002561157594786 1.780737630849711 0
1668 4.656857925792666 1.921241203449526 0
1669 0.4444804322780878 0.6557151871662596 0
1670 2.911903458358562 0.7852564135839744 0
1671 2.953191830799826 0.8560862070229647 0
1672 2.994437126117099 0.7847083626676452 0
1673 3.035800727902086 0.8555719467886181 0
1674 3.076941411791081 0.7842774970470719 0
1675 3.118415272086154 0.855373912297151 0
1676 3.159404441482015 0.7839636985149674 0
1677 3.20065143101306 0.8551706599069649 0
1678 3.241785682997044 0.7837487172805921 0
1679 3.283064250341238 0.8545383516799452 0
1680 3.159634467326018 0.9264423665242298 0
1681 3.324239037456777 0.7832638669672048 0
1682 3.365776111907483 0.8542307747833539 0
1683 3.406774971112834 0.7828214003020684 0
1684 3.448042667918906 0.8539878012325492 0
1685 3.489183312685867 0.7825575392655568 0
1686 3.530466487038507 0.8533410943410457 0
1687 3.407031248859661 0.9252486279250332 0
1688 0.5326690483171217 1.795096404104405 0
1689 3.571646604387922 0.7821115585350583 0
1690 3.61318272828321 0.8530372663983191 0
1691 3.654184318218856 0.7816427717756607 0
1692 3.695451997170025 0.8527902937814988 0
1693 3.736593750544213 0.7813580319294671 0
1694 3.777758636704628 0.8522095042572202 0
1695 3.654439261037296 0.9240488867258696 0
1696 3.819056615557903 0.78095895782297 0
1697 3.86033518088471 0.8516997844121384 0
1698 3.901549847378764 0.7805420229528635 0
1699 3.942946631474389 0.8512089818503675 0
1700 3.984052256509682 0.7800798686111287 0
1701 4.025567181924012 0.8510068099794227 0
1702 4.066564030747227 0.7796447760921461 0
1703 4.107818580287099 0.8507816984430377 0
1704 4.14895728331434 0.7793514480164815 0
1705 4.190120213804187 0.8502047788043796 0
1706 4.066799161234947 0.9220441631592383 0
1707 0.7782503245357153 1.224198571240138 0
1708 0.3706026120806401 1.928468884885922 0
1709 4.231421488019402 0.778996260344114 0
1710 4.272695444061632 0.8497039520382217 0
1711 4.313893777671051 0.7785945959079721 0
1712 4.355184911385384 0.8492866266852228 0
1713 0.4516630054230433 1.92914233566083 0
1714 3.997093027146068 1.923358229108183 0
1715 4.396366200240099 0.7781929521956115 0
1716 4.437660205966646 0.8488832183595135 0
1717 4.478838732968968 0.7777913179361889 0
1718 4.520133204463029 0.8484821371648126 0
1719 3.777679866112089 0.7094005772406422 0
1720 3.53025959527178 0.7105584765566852 0
1721 3.282851677070385 0.7116869727606219 0
1722 2.870527685618194 0.7135803520801165 0
1723 0.1657834053244888 1.858184996051383 0
1724 0.0765338921690978 1.867287391151049 0
1725 0.1241721856845964 1.78906818729665 0
1726 0.2058736682648459 1.788286538138932 0
1727 2.961905602476322 1.852743849480627 0
1728 2.920085303353926 1.781328464656456 0
1729 2.879143099426 1.853205007839581 0
1730 2.83756767840498 1.781914146130978 0
1731 2.797708594528577 1.854532578285969 0
1732 2.756541311693566 1.782932550607901 0
1733 4.56131134984544 0.7773896978590489 0
1734 4.60260592082615 0.8480814342942766 0
1735 7.793681302918153 1.928652087111981 0
1736 0.2066240932784097 0.07085273232639502 0
1737 0.2463937823546931 0.1418232778477854 0
1738 0.1656143562792477 0.1417215532566974 0
1739 0.2062112164247426 0.2148934652235064 0
1740 0.2842235543078244 0.2195489207825537 0
1741 0.1217541549053957 0.227987972627881 0
1742 3.832004309103591 1.923439809888913 0
1743 4.643784035396251 0.7769880844452508 0
1744 4.685197861968813 0.8476102928847773 0
1745 0.447748788850941 1.219708789239643 0
1746 4.726291680819349 0.7765166060169508 0
1747 4.767827975581906 0.8474554031210833 0
1748 4.190032032158459 0.7075248295943034 0
1749 0.3678352642687964 1.503452289566972 0
1750 0.0781490495436295 0.1369954841081736 0
1751 7.573704106355892 1.533951066778359 0
1752 7.491875855019878 1.534509810885457 0
1753 0.6137362151989372 1.654350355303633 0
1754 7.813937288324728 1.530489746019517 0
1755 7.860517655740557 1.452306187781597 0
1756 7.859038524481229 1.601601960753551 0
1757 7.814816047865868 1.674321771468249 0
1758 7.812188595107697 1.388909951933269 0
1759 0.203062086425203 0.7998828830719081 0
1760 0.1685489793707655 0.8721749141583295 0
1761 0.2048243641791281 0.94029011606728 0
1762 0.1292917880935968 0.9386303995273693 0
1763 7.611454916196708 1.182280014615516 0
1764 1.38707617740001 0.720514702769696 0
1765 4.808822922357058 0.7760824512449547 0
1766 4.850316467217914 0.8472368615542543 0
1767 4.891238425049913 0.7757648779093524 0
1768 4.932791536362061 0.8466852109778171 0
1769 4.973117597132324 0.7749491415336266 0
1770 5.014955672179553 0.8444728056600815 0
1771 4.974396680242234 0.9168614186799007 0
1772 7.401458635072446 0.5510012793340215 0
1773 7.360863027412902 0.6218678177488529 0
1774 7.279228028973528 0.6222292470679521 0
1775 7.320268993294897 0.6927642255584839 0
1776 7.401939229200557 0.6923275940071212 0
1777 7.361497646738363 0.7634549281528962 0
1778 7.320557071727086 0.8348430601274665 0
1779 7.362010897305082 0.905027877826081 0
1780 7.320544384864067 0.9760812013649941 0
1781 7.403411703167279 0.9743724026667957 0
1782 7.403389061074479 0.8335888818665774 0
1783 7.443886546319737 0.7622335651955839 0
1784 0.205849286848684 1.219823296418754 0
1785 0.1629670881101412 1.151259039878178 0
1786 0.2043168297919043 1.080399107826615 0
1787 0.1239204026931616 1.080951618394044 0
1788 0.1298235689221778 1.222057416663806 0
1789 0.163743040230355 1.009844399092139 0
1790 7.238401833940576 0.693285064814992 0
1791 0.6171129436609628 1.93093626319866 0
1792 0.5689847019369535 1.008760434492808 0
1793 0.6102398153637713 1.079406830445921 0
1794 0.5695954209702371 1.149878012723127 0
1795 7.298937464136491 0.07093617922720141 0
1796 7.340093233936747 0.1425311743640872 0
1797 7.422337057660841 0.1426685180754413 0
1798 7.38114417061846 0.2137620705303766 0
1799 7.460482811859812 0.211078514891206 0
1800 7.502708647793021 0.1397020060751165 0
1801 7.413462028124837 0.2813988217825176 0
1802 7.29901849634 0.2137264971109294 0
1803 7.395244198816115 1.932669776644569 0
1804 0.5261215195551253 0.6556262883863158 0
1805 0.5674149853615897 0.7262255118797605 0
1806 0.5271615356079566 0.7973120127686459 0
1807 0.7820792809221144 1.930558715549895 0
1808 7.545643743549828 0.06883760588395595 0
1809 7.133973806401354 0.07009390355991263 0
1810 0.4488818928403895 1.362667129577377 0
1811 0.3672273052409272 1.361209818206695 0
1812 0.4890545224434817 1.291329619584398 0
1813 7.198467126540081 1.047722442791619 0
1814 7.239616757069886 1.117935848694573 0
1815 7.199918144843417 1.1880180513289 0
1816 7.280011484147913 1.04699029697138 0
1817 7.321172421700766 1.117789497502012 0
1818 7.230658577275272 1.932888563274183 0
1819 7.463311836814306 0.07042698717760443 0
1820 7.34009541701513 0.2847956481478475 0
1821 0.5284386502593527 1.079134440458776 0
1822 2.844422078262971 1.928069201379385 0
1823 0.9489632248359455 1.929017358219085 0
1824 0.9902426458733099 1.857636989875024 0
1825 1.07210336880485 1.857282151096975 0
1826 1.030866808179534 1.787124326654114 0
1827 1.112192167998379 1.786587707275508 0
1828 1.154338873820924 1.857092705892513 0
1829 1.194364960635291 1.787419385456654 0
1830 1.068377385021253 1.718585657501375 0
1831 0.9471288701404508 1.790462121431732 0
1832 1.236716349616049 1.85700365899466 0
1833 1.277654769663676 1.786917882002629 0
1834 6.969037260224424 0.07140462331980063 0
1835 6.829405205083426 0.9779395026981554 0
1836 6.8703847426192 0.9066598271808533 0
1837 6.788130728031882 0.9067682171887022 0
1838 6.70583068908388 0.9068648500990945 0
1839 6.746894212343979 0.8358150497571877 0
1840 6.664706714979606 0.8358863488493575 0
1841 6.705868400283717 0.7655174350169403 0
1842 6.623490300704173 0.9070774479023986 0
1843 6.582380754117672 0.8363610162647963 0
1844 6.829268386951371 0.8356719470849678 0
1845 6.911425385137925 0.8358707735666411 0
1846 6.54110687786269 0.907297512869723 0
1847 6.499804022596754 0.8362461400008087 0
1848 6.45870026123731 0.9074518447728053 0
1849 6.417378209061577 0.8361123545826934 0
1850 6.376174523923035 0.9077119006712736 0
1851 6.334943262595999 0.8362691411632903 0
1852 6.293862391188018 0.9077462381998448 0
1853 6.252127075366859 0.837003478990302 0
1854 6.21121594628803 0.9081720968134006 0
1855 6.169601317000883 0.8369268568949828 0
1856 6.128955542940108 0.9080785268065292 0
1857 6.087509894120104 0.8372428037627473 0
1858 6.127849563134423 0.7671076860452324 0
1859 6.046338596385837 0.9085269285905477 0
1860 6.00511834721299 0.8369086729560967 0
1861 5.96387537067139 0.9086977700432666 0
1862 5.922650587485052 0.8370703070945756 0
1863 5.881447589699427 0.9092249429353615 0
1864 5.83973905790798 0.8380390162047537 0
1865 5.798949747541673 0.9093939527580481 0
1866 5.757203738973352 0.8378764530953247 0
1867 5.716462521592626 0.9093197941638349 0
1868 5.675130526690767 0.8382204498869422 0
1869 5.715371196362946 0.768261350809469 0
1870 5.633965823571264 0.9095328282463195 0
1871 5.59276767076812 0.8377177627707959 0
1872 5.551515063340955 0.9096383787342004 0
1873 5.510295109529085 0.8378797906621591 0
1874 5.469085225543404 0.9103404944180765 0
1875 5.427320531460325 0.8390111812802976 0
1876 5.386574257076807 0.9104765123243592 0
1877 5.344768158854034 0.8387941841736508 0
1878 5.304101555383331 0.9102843562250285 0
1879 5.262755015401757 0.8391481331332772 0
1880 5.302872566155121 0.7694047326047727 0
1881 5.221618519490832 0.9111243344299688 0
1882 5.180390899878164 0.8389261258336922 0
1883 5.139324283450899 0.9106959727723237 0
1884 5.345489847716399 0.9826302681091483 0
1885 5.757845344670332 0.9813215668839735 0
1886 5.097649795494149 0.8411946523131788 0
1887 0.8620663135354529 0.07332879701782047 0
1888 0.727829759751435 0.1439382774694504 0
1889 0.7664317528865682 0.2253537667727718 0
1890 0.9760156720769818 0.1516395050290057 0
1891 1.061371213180871 0.1492215782294764 0
1892 1.634083643083756 0.7188896577482331 0
1893 1.139535676922037 0.5768141164601563 0
1894 1.098872854974758 0.6496216717128814 0
1895 7.23899759486507 0.9766186782371973 0
1896 7.556104051832855 1.936854542830462 0
1897 0.6961295426489805 1.655177348902922 0
1898 7.442364515906669 0.6215855456225201 0
1899 0.6158412502024241 0.07386645744295457 0
1900 7.450330553544397 1.464168771268406 0
1901 0.2848293233931716 0.939573223386904 0
1902 1.798864082821244 0.7181296471483316 0
1903 7.065983443937197 1.933107979743823 0
1904 7.686665328520358 0.6195418288769858 0
1905 1.963690097417015 0.7173731706274702 0
1906 1.228741487711225 1.43836394656962 0
1907 1.269303991009168 1.366851690471477 0
1908 1.351600060275853 1.366241551464539 0
1909 1.309930052171691 1.295328162097786 0
1910 1.186981335541575 1.367513696520733 0
1911 1.391407419037937 1.294418384926546 0
1912 1.146422534790163 1.439039812394773 0
1913 1.104671201011886 1.368257554302975 0
1914 1.144861920441899 1.296138761917897 0
1915 1.227191031819907 1.2949796231116 0
1916 1.26706941968044 1.222189260613952 0
1917 1.222446080664877 0.7198338646353314 0
1918 0.5655600506041493 0.4433290564857325 0
1919 4.932123092044116 0.7039431906038003 0
1920 6.871452815124226 1.191467632616169 0
1921 6.830708797989488 1.262138670334346 0
1922 6.749125671482354 1.262913419093562 0
1923 6.913636540816311 1.260871760909027 0
1924 6.792439696405667 1.3312790906656 0
1925 6.66473414243103 0.9784528437244597 0
1926 5.59280480904537 0.9820724602665614 0
1927 2.128548260617982 0.7166175914637236 0
1928 3.173783321940079 1.926110174551771 0
1929 2.293429609183694 0.7158720834612424 0
1930 6.804123711337057 0.07142477557003411 0
1931 2.458327954800883 0.7151162780337664 0
1932 1.469384150321639 0.7199051876407238 0
1933 7.197327035693339 0.6226397236651664 0
1934 1.03089816361997 0.07140764476179312 0
1935 2.6232320017106 0.7143840247563966 0
1936 1.558087269888421 1.435871492187599 0
1937 1.516104742228015 1.365044584379961 0
1938 1.599135228135407 1.364009300855182 0
1939 1.556273344218213 1.293242843387998 0
1940 1.639172432654308 1.291005811295532 0
1941 1.678365073305167 1.217919414123327 0
1942 1.722803680086491 1.289182330499762 0
1943 1.513384714313036 1.220472603189939 0
1944 1.681808597967841 1.362004039625255 0
1945 1.765772032940431 1.359403548862472 0
1946 1.805801976331491 1.431919758045296 0
1947 1.848691179430172 1.361359960606864 0
1948 1.931083690019839 1.362962124218506 0
1949 1.891750905074576 1.290637005644164 0
1950 1.97325665845378 1.292484229662936 0
1951 2.013238479408476 1.363896656534549 0
1952 2.053975798990556 1.291748778269125 0
1953 2.09112899387442 1.217501051075931 0
1954 2.13543959621719 1.288273463536617 0
1955 1.640480490890888 1.435259307079006 0
1956 2.044498080977318 0.4305779241692715 0
1957 1.96199462687375 0.4309715806080101 0
1958 6.901210787104338 1.93332961362608 0
1959 6.72165733613273 0.06924758919534646 0
1960 6.674032026258755 0.1392224740610469 0
1961 6.005154158805938 0.9807124353104573 0
1962 3.035525332980797 0.712514084502046 0
1963 1.319153790949643 1.857136873856032 0
1964 1.360224123416669 1.786727392992228 0
1965 1.401582270373867 1.857047105052452 0
1966 1.442676148022826 1.78594386981178 0
1967 1.316506192613255 1.718372947371597 0
1968 1.484027518875166 1.85689039793089 0
1969 1.525116506393518 1.785783672775128 0
1970 1.56655662305232 1.856821155642569 0
1971 1.607566959864289 1.785652311683881 0
1972 1.648877557586713 1.856511001653962 0
1973 1.690014112795408 1.78599567410334 0
1974 1.731462791293025 1.85665689382327 0
1975 1.772489496490628 1.785933342207909 0
1976 1.813856302951186 1.856483231324332 0
1977 1.854926973365398 1.785288434310458 0
1978 1.728796777693786 1.716819519527857 0
1979 1.896244483996364 1.856195010387394 0
1980 1.937382381348999 1.785127901302444 0
1981 1.978817666487137 1.856247430311221 0
1982 2.019849024491226 1.785002811279647 0
1983 2.061168345077839 1.85598227063827 0
1984 2.10230911659003 1.785242693621553 0
1985 2.143769835524313 1.85613974602572 0
1986 2.184796193001676 1.785154341226748 0
1987 2.226174411114352 1.855909385359919 0
1988 2.267255874174267 1.785028645047831 0
1989 2.141205556823275 1.715274972169326 0
1990 2.308621736925794 1.855867113836761 0
1991 2.349718813086281 1.784844781648235 0
1992 2.391213126754256 1.855902582179252 0
1993 2.432207192387865 1.784747431452844 0
1994 2.47370806779535 1.855838130332383 0
1995 2.514153534507395 1.784454617735702 0
1996 2.556096494294904 1.855955846631488 0
1997 2.594794984471314 1.783522673140364 0
1998 2.637019368747246 1.855895473475822 0
1999 2.470792463458221 1.713601329391846 0
2000 2.267733702968919 1.927788411375736 0
2001 2.30647534025366 1.71430812299806 0
2002 1.855378425201524 1.928070958971883 0
2003 1.442996574792594 1.928332622170099 0
2004 6.953724358505557 1.190618040698266 0
2005 6.995894565510128 1.260902709717682 0
2006 7.076822208329258 1.260264777359474 0
2007 7.038145349461581 1.330535620186926 0
2008 6.499919578690691 0.9790157454424844 0
2009 6.170018021712903 0.979997512415794 0
2010 1.344928340383842 0.5045685287866382 0
2011 1.385813785893926 0.4330755456613571 0
2012 7.236985621052086 0.2676032505641158 0
2013 7.257741560281831 0.1425900111779425 0
2014 6.334952173664663 0.9794983004963453 0
2015 3.009353677641162 1.927034820653063 0
2016 1.09657975529522 0.3650431053921622 0
2017 2.432732338197949 1.927900019250329 0
2018 0.8594628908994753 1.512686123800141 0
2019 1.591572006927895 0.3610029162737841 0
2020 7.117565612040275 1.189055151107279 0
2021 1.113318101327773 1.928591900192793 0
2022 1.756435843593136 0.3603776968198359 0
2023 1.71538353255757 0.4317838588038483 0
2024 2.21749086092612 1.430902759243297 0
2025 2.258587152377936 1.359431994261109 0
2026 2.340690164023786 1.358630069342239 0
2027 2.298873933333158 1.287504054283266 0
2028 2.381311480688117 1.286892530122408 0
2029 2.17574670582295 1.359813464396434 0
2030 1.433559634588135 1.365690247758514 0
2031 6.62437658234885 1.192865712440316 0
2032 6.583505992789686 1.263582181020245 0
2033 6.501822324710561 1.264298672511579 0
2034 6.545223610588004 1.332798219068834 0
2035 6.666833908776067 1.262412300596566 0
2036 2.020360019966671 1.928122478202633 0
2037 1.608026811710725 1.92836745013657 0
2038 3.942721627360297 0.7085396448427281 0
2039 2.547296336066198 1.428439430276491 0
2040 2.505529379684352 1.357377632555012 0
2041 2.587991649266579 1.35678716048943 0
2042 2.629753871242277 1.427843938110525 0
2043 2.670448520052443 1.356173483739041 0
2044 2.752906270724107 1.355591241560011 0
2045 2.711138027168185 1.284404868019392 0
2046 2.794673982480762 1.426623910175143 0
2047 2.835370612703842 1.354984460562737 0
2048 2.917836307927889 1.354402720135354 0
2049 2.876075816625541 1.283160399530744 0
2050 2.959604529396959 1.425404219502321 0
2051 3.000305095598681 1.35380422955072 0
2052 3.082774734769335 1.353225802437683 0
2053 3.040038174916622 1.282009274310263 0
2054 3.124540975267306 1.424174914371445 0
2055 3.165244538007926 1.352609421249194 0
2056 7.530671875274052 1.322806874302319 0
2057 6.377040506709031 1.194096414553981 0
2058 6.336151031538116 1.26486759914083 0
2059 6.254407722653959 1.26556477241409 0
2060 6.297139036449998 1.333845194353947 0
2061 6.419489631413463 1.263767193479397 0
2062 3.20701019215416 1.423558411642611 0
2063 3.247721010932781 1.351843355229417 0
2064 3.330188495188796 1.35142591606925 0
2065 3.288438817248948 1.280088228112672 0
2066 3.204979149757707 1.280712014017755 0
2067 3.371951243232442 1.422356316799431 0
2068 3.412652402452094 1.350729283523193 0
2069 2.423082379750136 1.357984803155005 0
2070 2.463473035378182 1.28612093147295 0
2071 4.355075174858594 0.7066569347409872 0
2072 4.520086518157973 0.7058973381272322 0
2073 6.047164488049931 1.195690813642994 0
2074 6.088744057939738 1.266935399991665 0
2075 6.006273514867074 1.267333401335518 0
2076 6.172053220660455 1.265194924884951 0
2077 5.964693958807513 1.196091948530732 0
2078 5.923798651328529 1.26694809987461 0
2079 5.841325228667722 1.267246535004902 0
2080 5.883899902944489 1.33578174541166 0
2081 5.799752934422726 1.196721454551568 0
2082 5.758854122593762 1.268101780163989 0
2083 0.8538697403424447 0.7955547535436098 0
2084 0.8950454254805394 0.866085372730695 0
2085 0.9770462809816021 0.8657286783107019 0
2086 4.685034557654236 0.7051126238496604 0
2087 3.619360737071625 1.420520171971085 0
2088 3.5776000947677 1.349671467996563 0
2089 3.495132234389644 1.350306280081974 0
2090 3.534658435240902 1.278943645181542 0
2091 3.66006993054914 1.349108075663302 0
2092 3.742540413115462 1.348542917261506 0
2093 3.699800258524821 1.277793529585281 0
2094 5.717276415603703 1.197162284420285 0
2095 5.676377076253852 1.268101221809089 0
2096 5.593950777128773 1.268511529027281 0
2097 5.637167121119047 1.33762663155728 0
2098 3.94924265998842 1.418071872445059 0
2099 3.90748189716044 1.347305742665641 0
2100 3.989952897095435 1.346753704399646 0
2101 3.825011526341251 1.347996580807796 0
2102 3.86474347607038 1.276734675767965 0
2103 4.031716616806863 1.417519246978077 0
2104 4.072422349342188 1.345821039899834 0
2105 4.154895280624493 1.345544792224582 0
2106 4.111945559789682 1.274573149380807 0
2107 4.196658405827568 1.416309448015607 0
2108 4.237404487347564 1.345022224600372 0
2109 4.279137001787188 1.415720034264379 0
2110 4.319881578066523 1.344035300561038 0
2111 4.402317774995035 1.343778797779007 0
2112 4.359406754086925 1.272942542167158 0
2113 4.444073548429156 1.414505156517747 0
2114 4.484865129539342 1.343287602033724 0
2115 3.454423018025254 1.421787971092288 0
2116 4.526556566895334 1.413925472418568 0
2117 4.567348878866582 1.342253242954904 0
2118 4.649741994125158 1.342013303432226 0
2119 4.606876953920657 1.271317344401521 0
2120 4.691491674135913 1.41267138734361 0
2121 4.732196304860096 1.341169862263282 0
2122 4.814665039903318 1.340270938254631 0
2123 4.85643054104018 1.411384827523108 0
2124 4.89713671957447 1.339662054209029 0
2125 4.979608670200746 1.339054039536119 0
2126 5.021372683777479 1.410158040210856 0
2127 5.061577156272681 1.339927880802448 0
2128 3.784300610381685 1.419336797199143 0
2129 5.552335362846955 1.197933773664481 0
2130 5.512143507906909 1.268573445904838 0
2131 5.430388158356017 1.26932014509938 0
2132 5.180448179329844 0.9841768502304729 0
2133 5.387624615430838 1.198706975037491 0
2134 5.348075439106744 1.269780330099233 0
2135 5.265588184909244 1.270251843101002 0
2136 5.222695840404945 1.19956771343749 0
2137 5.183264968611204 1.270151220055367 0
2138 4.164948453598162 0.06975131810351103 0
2139 4.200967693518944 0.139592069445405 0
2140 4.329896907206807 0.06967435102004266 0
2141 4.365915942425833 0.1393448049475181 0
2142 3.999999999989652 0.06982825311785486 0
2143 4.036019493941391 0.1398393736879465 0
2144 4.494845360815507 0.06959734592401803 0
2145 4.530864219450288 0.1390973276524489 0
2146 6.556723674798257 0.06898138091683806 0
2147 4.659793812545251 0.06976679224738623 0
2148 4.695812477204232 0.140611775893148 0
2149 4.776356246984081 0.141018759312936 0
2150 4.82355076712585 0.06961179393515622 0
2151 4.907017902102824 0.06935380713476394 0
2152 4.9432018599801 0.1384716597182172 0
2153 5.072164942156194 0.06959811051589374 0
2154 5.108183941107482 0.1401656664135006 0
2155 5.188726748561159 0.1405472528708268 0
2156 5.235921767669343 0.06938851436879077 0
2157 5.319388997595818 0.0691477630256129 0
2158 5.355572557075494 0.1378510990480181 0
2159 5.48453606019903 0.06942919994211912 0
2160 5.520553267395117 0.1397197467470328 0
2161 5.601095037818652 0.1400764502099378 0
2162 5.648292302533077 0.0691652084542731 0
2163 5.731759959530248 0.06894152822244874 0
2164 5.767939775291374 0.1372309290546277 0
2165 5.896907126973188 0.0692601237530454 0
2166 5.932917582165413 0.1392748630386466 0
2167 6.013454726479869 0.1396079267691278 0
2168 6.060661008524344 0.06894238985936668 0
2169 6.144130221039816 0.06906884854970727 0
2170 6.180293946046729 0.1389940556297555 0
2171 6.260851505321897 0.1393276355217379 0
2172 6.308078491047188 0.06880929897163685 0
2173 6.391551752986929 0.06861224051784924 0
2174 6.427690104359933 0.1362476332106614 0
2175 2.597437728892156 1.928033682439454 0
2176 3.835051553059317 0.07009389725156875 0
2177 3.871071376197696 0.1401181101465372 0
2178 3.752577337148479 0.07007045481642332 0
2179 3.705062631569426 0.1421998057928475 0
2180 3.622603151098025 0.1418673241782187 0
2181 3.586585069110019 0.0700407204443465 0
2182 6.734363977907081 1.933034912502441 0
2183 6.075962427667414 1.930415484810865 0
2184 2.680412294953602 0.07057455362350804 0
2185 2.716440544409982 0.1427545394659935 0
2186 2.804123153171341 0.1428492288844028 0
2187 2.845360487745539 0.07060941424652753 0
2188 2.927834861687405 0.0703280231559788 0
2189 2.963860440744711 0.1414468831057347 0
2190 3.092783484232753 0.07025107273552303 0
2191 3.128806742974351 0.1411993186620382 0
2192 3.257731958754518 0.07017418618240409 0
2193 3.293754027155398 0.1409520447411659 0
2194 2.264867748711154 0.07224332463566424 0
2195 2.302542554408195 0.1443712985929718 0
2196 2.391751396192627 0.1428488692186866 0
2197 2.432988978887662 0.07075392316434177 0
2198 2.515463516841336 0.0705206837122699 0
2199 2.551495192567278 0.1420652154589709 0
2200 3.422680415269786 0.07009733593501719 0
2201 3.458701600942493 0.1407047074904211 0
2202 5.103767441365218 1.410399460541813 0
2203 5.268786886339101 1.4083471120218 0
2204 4.980905006993591 1.624472033977166 0
2205 4.811732702311491 1.201069089631681 0
2206 4.976587559015874 1.200258462541361 0
2207 4.768065388275589 0.9881813637624945 0
2208 4.568545357101041 1.627527844586182 0
2209 4.560090319985514 0.491228656485528 0
2210 4.395143399171576 0.4918680819754414 0
2211 4.602862929436957 0.9886140866262727 0
2212 4.437909451103764 0.9891761918920501 0
2213 4.230194418515019 0.4925448936522808 0
2214 5.393315827261614 1.621470548683754 0
2215 5.140529342718901 1.199216961260573 0
2216 4.065244235616597 0.4932299598653918 0
2217 5.433707759604048 1.407572615706833 0
2218 4.272961081280679 0.9902096333139043 0
2219 3.90030971211084 0.4938983927532606 0
2220 5.096718568045506 0.7021590710804105 0
2221 3.908762132784739 1.632422976829095 0
2222 5.558969379653869 1.620000767408411 0
2223 4.029485098711335 1.275326867579157 0
2224 3.743828888275402 1.633701620375497 0
2225 5.220221880681787 0.4886959491424943 0
2226 3.860587347369241 0.9925058988350346 0
2227 3.488346793928816 0.495561989055926 0
2228 3.323411707891648 0.4961566711664447 0
2229 3.491565755961077 1.207792608156818 0
2230 3.158473051910184 0.49683756991319 0
2231 2.993524062941797 0.4976581464509995 0
2232 2.755033383273247 1.641167767400118 0
2233 5.509739118368662 0.7004308051695741 0
2234 3.084883873308457 1.638583995521217 0
2235 6.212367040928839 1.194573474488928 0
2236 5.632582095868976 0.4870256607636479 0
2237 2.919961488520845 1.639952096360371 0
2238 5.971327928482467 1.616912452815399 0
2239 2.953453230917646 0.9969013860185234 0
2240 2.581214844658827 0.4993011998002958 0
2241 2.672654652947821 1.641022490399477 0
2242 6.091772366664811 1.403634170027834 0
2243 2.665909412000103 1.211940767564695 0
2244 2.501334169823993 1.212889063545071 0
2245 2.541204715395197 0.9985176085472997 0
2246 2.167343365591874 0.2166788642389255 0
2247 2.168914091560559 0.5012711357664286 0
2248 5.922074872569693 0.6988445756679706 0
2249 6.044898909562409 0.4853601881932095 0
2250 2.376330294155974 0.999145480017626 0
2251 2.382372050183325 1.429679064682935 0
2252 1.195713606243531 1.928521323579561 0
2253 2.337236698148171 1.214142044287586 0
2254 2.211476884095793 0.9999583703359891 0
2255 6.459767238210653 1.19333077738877 0
2256 2.09748697778598 1.644800741144904 0
2257 1.933333984596305 1.646665670872348 0
2258 2.046656970493843 1.000778311789247 0
2259 7.483265366463947 0.5502423305436523 0
2260 1.50963660485537 0.5038681584385922 0
2261 6.334326719523517 0.697262798685782 0
2262 1.881882509779973 1.001608351049662 0
2263 0.8957301756842729 1.007357010096317 0
2264 1.717170395250829 1.002451307720727 0
2265 1.52114437648899 1.649037523825172 0
2266 6.910715153021396 0.6947953408100257 0
2267 1.552554827042465 1.003456096185924 0
2268 7.486612227121405 0.9720887997384475 0
2269 6.630803629873253 1.611872671220475 0
2270 6.4992134372875 0.6966306160365472 0
2271 1.178964822300641 0.2211368162282431 0
2272 6.707067628058692 1.192048807642865 0
2273 7.736476944021048 1.673742488234709 0
2274 7.245119636791607 1.395009397609155 0
2275 7.202728217927853 1.326070270856042 0
2276 0.7720264851902187 0.7959068629908037 0
2277 1.393279605131663 1.437169032317702 0
2278 7.196238013728308 0.3391168465778411 0
2279 6.952496514378575 0.9068208927047101 0
2280 2.41620551954382 0.5002449113410484 0
2281 6.795536976267353 1.611086211594358 0
2282 6.704064715015557 0.482745175091945 0
2283 0.8117513501082307 0.583194393672394 0
2284 7.040441598205364 0.1985752065482979 0
2285 0.4859496498718636 0.7268730604660908 0
2286 7.032565976428884 0.4815450991294465 0
2287 1.303470927723306 0.4334352783937889 0
2288 6.875794131100978 0.1994738641300969 0
2289 6.992632001647252 0.6944763065048203 0
2290 7.933221054524915 1.080583039620224 0
2291 6.591584191836523 0.1379678231857988 0
2292 7.930467021523879 1.234980959491062 0
2293 7.931846915103785 1.405521170763194 0
2294 6.959988622344143 1.609557445920112 0
2295 0.06928203230304254 0.7600000000031623 0
2296 7.287784240870195 1.606722612822878 0
2297 0.8139877501617689 1.007756515491136 0
2298 1.426746956044121 0.3616237769929527 0
2299 7.652687041579691 1.252746320221837 0
2300 6.868456450721844 0.4820200489718111 0
2301 0.8085715274298744 0.2983127381832474 0
2302 0.4875847178947584 1.008843417404967 0
2303 2.828308632686379 0.4985158113494758 0
2304 6.993646490854319 0.977642359542501 0
2305 0.9818720979489403 1.440636463434833 0
2306 7.124066419410411 1.608052468498852 0
2307 7.934107733847991 1.640354545429747 0
2308 1.140383733524878 0.7214038776726307 0
2309 0.7299352091413767 0.5837051364236747 0
2310 2.546234847328608 1.28577667615517 0
2311 0.4068326094429363 1.149300366342036 0
2312 1.344378298831606 0.3619679023676269 0
2313 1.674383598201968 0.5032009645806965 0
2314 7.075099527784497 0.8358558783207298 0
2315 7.93232412199113 0.365173003516192 0
2316 0.4458356449157671 0.7980573267749681 0
2317 1.016929800675217 0.6522034828824884 0
2318 1.468193026003947 0.4327508043332913 0
2319 7.329257209859486 1.677180664005214 0
2320 0.4097146213772587 1.858269329587761 0
2321 0.7314521813929767 0.866738170167502 0
2322 7.285415157911324 1.324990421793648 0
2323 7.237982602317377 0.5516637384756389 0
2324 7.48394457517782 0.6914114216506788 0
2325 0.4914055714641271 1.719261439562406 0
2326 0.3227822493791613 0.5892089072399601 0
2327 0.3636758256001548 0.6585709952775943 0
2328 7.933250898405333 1.796008341859492 0
2329 0.693453899522966 1.363686141886369 0
2330 0.975522538397215 0.581751991952322 0
2331 1.022358280999776 1.368861576874947 0
2332 3.735468661871165 0.4947915253181296 0
2333 0.8996770433164436 1.44140324677582 0
2334 2.788089306476692 0.7138314938960479 0
2335 7.613830565013687 1.463460415586935 0
2336 6.991263508091436 0.4106466972019859 0
2337 2.760928201243361 1.928331875844391 0
2338 0.5242590938775836 0.3730433848681909 0
2339 3.200412044057681 0.7119396756640209 0
2340 3.447802749671352 0.7108255346482046 0
2341 3.69521786394934 0.7096935452388979 0
2342 0.770455339878463 0.5126245329941364 0
2343 4.107587802108498 0.7077941196878347 0
2344 4.849835568618245 0.7044434045813517 0
2345 1.360589642671735 1.928492712912664 0
2346 2.628387226943578 1.285091873637304 0
2347 1.550561371404149 0.4324280496871072 0
2348 5.427892078989154 0.9832824853006916 0
2349 4.276927712508328 1.273726949266239 0
2350 7.534206088619212 1.745574662587315 0
2351 7.493912202200546 1.817617423818878 0
2352 0.3628003102535746 0.5160189419638979 0
2353 5.840253910379182 0.981708465957529 0
2354 1.632995503648205 0.4320999204231353 0
2355 1.925703723656865 1.216260479505348 0
2356 4.80763883041867 0.4904383069629619 0
2357 5.055075975692059 0.4894011227738194 0
2358 1.772952237239127 1.928102025858039 0
2359 0.8132439206841869 0.8663466248595304 0
2360 3.331688275107029 1.636284933680204 0
2361 6.579971069112028 0.4124479376045487 0
2362 1.756812795707869 0.5029392995583855 0
2363 3.579122676646959 1.634567676575962 0
2364 6.909156008532404 0.4109348788674719 0
2365 1.797673322256445 0.4314928522053152 0
2366 2.185305170005492 1.928034665697059 0
2367 5.467443474698689 0.4877623827568496 0
2368 2.748675599721691 1.21139786490091 0
2369 7.532108368842828 1.463774730029177 0
2370 5.879786047879023 0.4860964789661471 0
2371 4.156428013281269 1.630238627406711 0
2372 0.8522904840657468 0.5120661834079401 0
2373 6.292216576691211 0.4845740454946476 0
2374 7.932474335872364 0.9232112309721316 0
2375 4.40384552492337 1.628473997644458 0
2376 7.247313019183929 1.677877390184704 0
2377 0.8544764993006158 0.9368782201004864 0
2378 4.816209385689584 1.625428441781686 0
2379 7.85850744013936 1.190510353725837 0
2380 5.228571616965143 1.622377356453257 0
2381 5.805899005333531 1.617974674241513 0
2382 0.9339853755472221 0.5111050259670351 0
2383 6.505954320722301 1.683034667869219 0
2384 2.793308958896655 1.284054325952823 0
2385 6.218134096983339 1.614817477827536 0
2386 6.827046552357931 0.4112499563344923 0
2387 6.993304592615551 0.8359611445683029 0
2388 7.165400200206951 1.678512277861764 0
2389 4.524376451227735 1.272123733159874 0
2390 1.921599929587942 0.502478798622119 0
2391 2.003864219455414 0.5020043872671534 0
2392 6.744744110361919 0.4115709633268716 0
2393 2.127441725965686 0.4302842016645557 0
2394 2.209447250413921 0.4298131182214767 0
2395 2.457206020643334 0.4289357771556965 0
2396 2.291818101561029 0.4293728845533665 0
2397 6.53925183462562 0.4835969686150025 0
2398 2.869082360515855 0.4271711763324269 0
2399 2.333702045250878 0.5006520682927916 0
2400 2.913793435858313 1.210494688752182 0
2401 2.539697449976716 0.428601013018688 0
2402 2.621734332471129 0.4280997715435986 0
2403 2.704064723638028 0.4276166163786652 0
2404 2.745869685235479 0.498875939918525 0
2405 1.879962434906225 0.4312989726355531 0
2406 2.952012394600884 0.4269293169818955 0
2407 3.034478350620056 0.426595529793467 0
2408 3.11694764417194 0.4262625673370791 0
2409 3.199414976382408 0.4259289934928786 0
2410 6.662306905611292 0.4119720890188368 0
2411 3.281885384699343 0.4255961028617507 0
2412 6.485360124572293 1.94124585293096 0
2413 7.92835539556317 0.2028672439312341 0
2414 3.364354764998739 0.4252629399496516 0
2415 3.446826051317144 0.4249302664994836 0
2416 3.528871596565438 0.4244367041222542 0
2417 1.761978759638997 1.217204146706987 0
2418 2.957502121294731 1.282371503772658 0
2419 3.611140791974642 0.4239075715424092 0
2420 0.5644811788025044 0.3022385733274239 0
2421 3.653018910364868 0.4951577555556582 0
2422 0.9363725830267813 0.93648828509919 0
2423 3.775981943751501 0.4233218827553251 0
2424 3.858384970355805 0.4228744832560307 0
2425 1.018368748630314 0.9361268585832458 0
2426 3.940892015122048 0.4225785511568196 0
2427 4.023292823359646 0.4221683348766046 0
2428 4.105790769579683 0.4218647782035347 0
2429 4.188214839584256 0.4214768257533634 0
2430 4.270735900144777 0.4211976399201783 0
2431 4.353161628207348 0.4208126876441372 0
2432 4.435682688124578 0.4205348360203403 0
2433 4.518108263879627 0.4201504106412751 0
2434 7.083370242925089 1.679180041159198 0
2435 4.60067026475796 0.4199404502303292 0
2436 7.691420468513698 1.042524657341179 0
2437 4.683341590049575 0.4198775977634262 0
2438 6.457036223222051 0.4840954849322398 0
2439 4.72516462809742 0.4907927185514835 0
2440 1.059591837018206 1.006784221388927 0
2441 4.848146508441186 0.4190399627314938 0
2442 1.92023765722373 0.2176084094240215 0
2443 1.961670823095147 0.2885332943055429 0
2444 1.92073330165305 0.360108132438882 0
2445 4.93078107211492 0.4189485558005835 0
2446 6.415235116426371 0.4131418424897458 0
2447 3.07967096064969 1.210136347127937 0
2448 4.972597608035316 0.489794870839355 0
2449 5.095853070540672 0.4182016443232791 0
2450 5.178749540406115 0.417949021288792 0
2451 6.332910550737191 0.413397358180598 0
2452 1.349211937359781 1.221589953509215 0
2453 5.261048870596594 0.4175864301443909 0
2454 6.952183283415745 0.7653218963553429 0
2455 5.343292951063014 0.4173853480981043 0
2456 5.385028102822347 0.4881736812234972 0
2457 5.508217076889007 0.4165926826296464 0
2458 6.209790274412859 0.4850202828186158 0
2459 5.59110597920325 0.4162883662923124 0
2460 0.6441211708426889 0.3020652069229999 0
2461 5.673405225943098 0.4159315525052717 0
2462 6.16795724049117 0.4140192697369314 0
2463 6.085515483922341 0.4142777028268544 0
2464 5.755646404673497 0.4157441886059428 0
2465 5.920556847873925 0.4149505099189034 0
2466 6.003124906747589 0.4145755953443164 0
2467 5.797377340217519 0.4865111834578964 0
2468 0.4881476958825721 1.149587585807759 0
2469 7.922105783422772 0.7621302511006702 0
2470 3.122431910600461 1.281343345961442 0
2471 7.001295593883374 1.679845056004886 0
2472 1.194525892991982 0.0711019523728994 0
2473 7.361909090549833 1.04533941398306 0
2474 1.102726377387933 1.223158921365663 0
2475 7.690766289019877 0.9027986016138058 0
2476 1.264274433365029 0.9350730985258291 0
2477 6.235911231274429 1.938618461372379 0
2478 7.445534469058984 1.043035426431032 0
2479 1.141577637905733 1.006611218027204 0
2480 1.305793471865809 1.005668816243581 0
2481 3.244399572862851 1.208847489536113 0
2482 1.182291292949665 0.9355587802890498 0
2483 6.919097042966138 1.68051546899643 0
2484 1.278350515461318 0.07026270425307871 0
2485 1.685175097278596 1.646956787913648 0
2486 3.327039580876921 1.20876285109807 0
2487 7.689729232706755 0.7628478983235756 0
2488 6.836850388841658 1.681190294432491 0
2489 3.370889706476177 1.280772765334498 0
2490 6.870231755419376 0.7655348104411339 0
2491 7.486178591003977 0.8317840586526384 0
2492 4.93220565717308 0.9874859609797693 0
2493 4.02564470801125 0.9922640520632308 0
2494 3.613264556788561 0.9943597641547541 0
2495 3.365859175746537 0.9955587026796155 0
2496 2.706193131008277 0.9986700359784365 0
2497 3.118487986791838 0.996667288658435 0
2498 1.386248899203315 0.1482738719580104 0
2499 6.754528003590285 1.681859365885374 0
2500 1.387940261752787 1.005272029524636 0
2501 2.714747109173997 1.71119634510539 0
2502 2.796776305961254 1.71112413840609 0
2503 2.879164293752997 1.71040762636157 0
2504 3.452159119472301 1.279490294266223 0
2505 2.961627907761828 1.709793717041628 0
2506 1.473598776012814 1.293280563495708 0
2507 1.428611776773472 0.9342922362227535 0
2508 3.044095961628197 1.709178516683632 0
2509 3.126488365492673 1.708576861195382 0
2510 6.67216780774738 1.6824104062461 0
2511 3.249279069265361 1.636897150397208 0
2512 3.372569759680285 1.707247750214777 0
2513 3.208239706841193 1.708116302378523 0
2514 3.455378296178488 1.706299836658458 0
2515 7.366070843367137 1.183901296419005 0
2516 3.496668953553112 1.635109312640741 0
2517 3.619810522872104 1.705665450285034 0
2518 3.702076833459765 1.705232021793537 0
2519 3.784647234286814 1.704511758328755 0
2520 3.867019916293888 1.704004266966069 0
2521 3.949684473250349 1.703150863479734 0
2522 4.03266466224053 1.70212014917231 0
2523 1.511044469261221 0.9336966376681026 0
2524 4.073961576158543 1.630858841566165 0
2525 4.197478119951835 1.701109926454286 0
2526 1.971670328856246 1.433767490789181 0
2527 4.280158721687192 1.700333548789027 0
2528 6.589292298350601 1.682820121735832 0
2529 4.321402851677492 1.629049363796623 0
2530 4.444473477318316 1.699598808698016 0
2531 7.444766432931041 0.9030476873419367 0
2532 4.526793853755566 1.699094032525787 0
2533 3.574413227998301 1.207399056898096 0
2534 4.609403905226577 1.698306380721762 0
2535 4.692453606864601 1.697330226424634 0
2536 6.788062128721885 0.7656461361363878 0
2537 4.733745144316091 1.626023789985027 0
2538 4.85683287759089 1.696534074159678 0
2539 1.593336617381724 0.9332893676039786 0
2540 4.939153139893749 1.696025441088538 0
2541 6.465906301471855 1.612349570907255 0
2542 5.021763197875743 1.695236188453548 0
2543 5.104816995968586 1.694286681373818 0
2544 5.269193265357991 1.693469723518264 0
2545 5.146107561960875 1.622976748283631 0
2546 5.351512337515316 1.69295671827653 0
2547 6.383015970120569 1.613641352960277 0
2548 5.434620680001419 1.692018718559228 0
2549 6.664434912519607 0.6953114145220809 0
2550 1.675663318850949 0.932891134518204 0
2551 5.517929901920488 1.691161816755887 0
2552 1.443298969069087 0.06985902233586842 0
2553 5.600491349128732 1.690523405199308 0
2554 6.258931411195417 1.685706219086555 0
2555 6.341521535020913 1.684953216410603 0
2556 5.847399627402041 1.688515504917422 0
2557 5.723686332273042 1.618269896224877 0
2558 5.682607535867858 1.690052797767894 0
2559 5.930512661497414 1.687687364224224 0
2560 6.012744541868465 1.687163552262633 0
2561 6.136062228109357 1.614999322291076 0
2562 6.094863302117224 1.68647879424435 0
2563 7.281842529817172 1.186737295332548 0
2564 1.75801657354042 0.93243431108093 0
2565 3.617205759451252 1.278225638683841 0
2566 1.840396413625645 0.9320230581995566 0
2567 5.811619788856097 1.918108502705172 0
2568 6.746520421663164 0.6951034768213092 0
2569 1.922776038124484 0.9315976473671087 0
2570 6.623322749070279 0.7659496311951354 0
2571 2.00517842659392 0.9311900868771991 0
2572 1.809346540440784 1.289964531527425 0
2573 5.057266892804414 0.914618319359485 0
2574 2.087571874486607 0.9307910661256988 0
2575 2.169992119512461 0.9303871137966933 0
2576 3.739418272294416 1.206368082800517 0
2577 7.730699118876629 0.5536609589177877 0
2578 5.016398975038598 0.987135154525455 0
2579 2.252406595891435 0.9299881886563652 0
2580 4.891889426750264 0.916894552007085 0
2581 2.334840914123403 0.9295855619889524 0
2582 4.809416601215725 0.9172880211142872 0
2583 4.72661877510412 0.9179191331124235 0
2584 4.643845802890933 0.9184211657065129 0
2585 2.417270978250446 0.929186678048892 0
2586 4.148621018488289 0.9212644712737156 0
2587 4.561323922245688 0.9188319526939603 0
2588 4.478810410923116 0.919307732161833 0
2589 2.499715509135532 0.9287959596082147 0
2590 4.396338166179351 0.9197068150658814 0
2591 1.551103707261896 0.1479105665993849 0
2592 4.313962860009703 0.9199094630163456 0
2593 3.736258839894042 0.9232649004508968 0
2594 4.231393783234211 0.9205050938548137 0
2595 3.984240410938838 0.921801641491629 0
2596 2.829133082013549 0.9276597495756284 0
2597 2.664802258780128 0.9281934819147067 0
2598 2.582308577058238 0.9283190894575004 0
2599 3.48943852308518 0.9243696721214636 0
2600 4.107992196947191 0.9919145967174621 0
2601 3.242038643378008 0.9255630617160128 0
2602 3.901635840255525 0.9220173375353504 0
2603 3.571879176702553 0.923965999232041 0
2604 3.819036805415401 0.9225008704513518 0
2605 3.324474879012631 0.9251618198065257 0
2606 3.077088845004065 0.9261888252809758 0
2607 2.788522641244572 0.9983154131337258 0
2608 3.695629127215867 0.9939316811798184 0
2609 2.911907892010243 0.9268928582106267 0
2610 2.994493806173221 0.9264060559011267 0
2611 3.448276486568679 0.9955359456155261 0
2612 3.200878845175666 0.9967228953051644 0
2613 3.782192840791824 1.277147014382825 0
2614 5.679906171143198 1.4073664880631 0
2615 3.904370292327493 1.205392057500934 0
2616 1.606798543508886 0.07036510109409802 0
2617 1.141580011519751 0.1479340680788554 0
2618 6.540810174558382 0.7663419301574064 0
2619 0.2443359592571424 0.2928346757934491 0
2620 0.2422011545284558 0.4470849851318973 0
2621 7.689981600467418 0.4834436881117727 0
2622 3.947102661332461 1.275993469046388 0
2623 0.3270704254787621 1.432077686538272 0
2624 6.458418223682179 0.7667252000273439 0
2625 5.929417625197187 1.404671116244993 0
2626 7.158809818586155 1.258046549505214 0
2627 1.716610339896678 0.1471754041616415 0
2628 4.068562011190981 1.203729074475095 0
2629 2.172223804653459 1.213499008278442 0
2630 6.375857092188326 0.7669002031733005 0
2631 4.151671180750073 1.203893913686735 0
2632 2.633509917566537 1.711919710136376 0
2633 1.272946611126446 1.648847873174735 0
2634 7.933179167767715 1.480854427713649 0
2635 6.293006513630994 0.7668378079782864 0
2636 1.773195876284617 0.06909189118747285 0
2637 4.194480320504882 1.274295167847972 0
2638 5.233976110064931 1.922323827709498 0
2639 7.120090448567325 1.328700699244784 0
2640 6.210681410315297 0.766911888789253 0
2641 6.086846185615867 0.6974469405090128 0
2642 4.315773634782508 1.202067593968659 0
2643 1.854147006475617 0.0697180139737494 0
2644 6.16921048475787 0.6970503016529475 0
2645 4.39907161910126 1.202424961072849 0
2646 6.34034803033297 1.402443894198347 0
2647 6.046216870336078 0.7680435725667366 0
2648 7.688923163297506 0.3442925482723071 0
2649 4.441922858921841 1.272683578866756 0
2650 0.2826218772290973 0.3727928390952078 0
2651 5.963649408216018 0.7682332436568774 0
2652 2.509264516191116 1.642285231894701 0
2653 2.217826652682411 1.288645679159727 0
2654 4.563201179357899 1.200588379901877 0
2655 5.88064609232741 0.7680529864218111 0
2656 6.587436517246653 1.401762728414371 0
2657 5.798302419639002 0.7680974903114406 0
2658 4.821459841252953 1.923359443316697 0
2659 5.67447721936259 0.6988856772159977 0
2660 6.834487323388222 1.400078661221234 0
2661 1.025805376883328 1.650564970975863 0
2662 4.646487217282764 1.201178724826158 0
2663 2.053499996182964 1.433764248265457 0
2664 7.844971388648657 1.322276429492507 0
2665 1.96387804121152 0.1461604968878974 0
2666 5.756846700794824 0.6984660429534708 0
2667 2.388203471408575 1.713427554190733 0
2668 4.689972090546314 1.2721328806466 0
2669 0.9734767643821789 0.4389014268942737 0
2670 1.01370379475559 0.3676680145577828 0
2671 5.633869590496212 0.7692962713435949 0
2672 2.020618556696268 0.06832136732640431 0
2673 4.772637495219733 1.271904983309398 0
2674 1.054609478240516 0.2962799428957124 0
2675 5.551323439920306 0.7695021417246759 0
2676 7.605967866512422 0.3423415006698379 0
2677 4.855397414676774 1.271773529723399 0
2678 2.344205814592008 1.642293969032366 0
2679 4.408832736340368 1.924366136813957 0
2680 5.468220495930482 0.7692474461133714 0
2681 5.385880960014846 0.7692618128998567 0
2682 2.101442022799894 0.0690359802666452 0
2683 5.262070802400613 0.7003042268663342 0
2684 4.937681306030192 1.271045464191952 0
2685 0.9007498635865379 1.723682940923988 0
2686 5.344434161653088 0.6998710094697153 0
2687 5.019966986648295 1.270507631788343 0
2688 2.209997367814467 0.1468709874744412 0
2689 4.16144874530776 1.924999883397634 0
2690 0.1606418445572828 1.717154814328757 0
2691 2.223324141788761 1.714050612862388 0
2692 5.221505872387612 0.7705504737879623 0
2693 5.055129838594491 0.7729134740303221 0
2694 7.242388111253311 1.256394286212945 0
2695 5.101357198660302 1.270170756932657 0
2696 0.3624805943159397 0.2267637456170022 0
2697 7.571094626873691 0.2748248138330871 0
2698 0.9072285265593643 1.859936487615781 0
2699 5.138527942410654 0.7713541552188394 0
2700 5.14422736377262 1.34078235689438 0
2701 2.552192133706728 1.712882205699646 0
2702 2.337496225522644 0.2161689544799315 0
2703 7.860290560279983 1.751824858057483 0
2704 2.179840276917566 1.643914069550076 0
2705 5.227051880993734 1.34099290964884 0
2706 2.422575981293071 0.2145105248930781 0
2707 5.309524268932077 1.340492846885962 0
2708 3.583903711074216 1.924969531478252 0
2709 5.391996621384763 1.339991905241372 0
2710 2.05962240452981 1.716113999752371 0
2711 2.469550374873831 0.1426863709457969 0
2712 3.336637094825006 1.925839132392566 0
2713 5.474049507075917 1.339227259269352 0
2714 2.718038516327525 1.855032887316028 0
2715 2.586747504479191 0.2140080776091038 0
2716 5.555272352847848 1.338767066530554 0
2717 1.977690102627907 1.716834892054262 0
2718 7.877833780956486 0.07705809311702742 0
2719 5.597786114658832 1.408098044507261 0
2720 5.717946387728757 1.335796431039298 0
2721 2.633500061375152 0.1425250080302494 0
2722 1.098159972544435 0.2223457057778213 0
2723 2.094575317897283 1.361662889908486 0
2724 1.894520078873304 1.716432747893833 0
2725 2.675775201330031 1.783416606630313 0
2726 5.800627891719002 1.335729837991037 0
2727 2.750628864020163 0.2149984308159802 0
2728 0.3251486759483213 0.1403867465429552 0
2729 5.842785651741567 1.406214518293459 0
2730 5.965361041932051 1.334289376620181 0
2731 7.081114279085341 1.399405011708368 0
2732 2.835065273526868 0.2135271297873828 0
2733 1.811095862724738 1.715734271196762 0
2734 6.999346038711013 1.400016312102404 0
2735 0.8592447457156778 1.227843078258214 0
2736 6.956096401850928 1.330066819529857 0
2737 6.04783020273704 1.333735632030453 0
2738 7.937985354162434 1.875771288333711 0
2739 2.881938098655049 0.1422166440254604 0
2740 6.132015422148676 1.334710947490362 0
2741 0.2875221968862935 1.646649186031911 0
2742 1.767571676647063 1.646331973233468 0
2743 6.214091605622199 1.334451120343951 0
2744 2.999104614012067 0.2129883998333564 0
2745 6.256404087355476 1.403443845145713 0
2746 6.380176488597137 1.333573009209482 0
2747 1.647706831665924 1.71804020288869 0
2748 6.874117185377118 1.330611712054919 0
2749 6.463211171725064 1.33368383329704 0
2750 6.70946533596133 1.331810336373473 0
2751 3.045864776566535 0.1417704364849475 0
2752 6.752351139613385 1.400718471884481 0
2753 6.627161676202659 1.332234293877707 0
2754 6.505347099291518 1.402420809201062 0
2755 0.5719258103824353 1.579021703155815 0
2756 3.164048629288247 0.2125780897397197 0
2757 1.565840442637831 1.718882215532681 0
2758 0.3672505055756808 0.07532250757206294 0
2759 3.210811407415116 0.1415383486025142 0
2760 1.483077399609626 1.718815030814891 0
2761 3.328994298905001 0.2121678404020028 0
2762 1.399056449598806 1.717334724045692 0
2763 3.375758637065802 0.1413062320548201 0
2764 1.355469395494571 1.648520713889963 0
2765 3.493940550590413 0.2117506219316124 0
2766 1.233294954675443 1.718114246792943 0
2767 3.540357794247962 0.1413078820293361 0
2768 0.1224498990836248 1.354966518954904 0
2769 3.656605368119765 0.2130356074357041 0
2770 1.14971196006897 1.717745512013764 0
2771 0.4907645328760094 1.86041282548373 0
2772 0.8217685412785349 1.861956056800891 0
2773 3.741011912504008 0.2113519785790576 0
2774 1.107654667933858 1.649541056131187 0
2775 0.9869447622982631 1.720943796378005 0
2776 0.7390468165653037 1.86260177064272 0
2777 3.787892855591804 0.141072008644154 0
2778 0.6568122921481886 1.862847030177239 0
2779 0.5744864512939438 1.862939759169802 0
2780 3.906307992007805 0.210738074745208 0
2781 3.953075721091022 0.1405005869901072 0
2782 4.071255391446944 0.2103227729785415 0
2783 4.118023753601531 0.1402624890698399 0
2784 0.6970144607182817 0.07076283255587255 0
2785 4.236202952410379 0.2099130370313518 0
2786 4.282971859073155 0.1400306256721918 0
2787 4.401150611371271 0.2095031766319735 0
2788 4.447920006334041 0.1397985257654473 0
2789 4.566098283344576 0.2090832796224003 0
2790 4.612868144649525 0.1398948968633985 0
2791 7.823594693221251 0.1392898287748827 0
2792 7.58037192965668 0.1386484046203037 0
2793 7.709070883897732 0.06472435212035788 0
2794 4.7272610788703 0.2117249486523209 0
2795 4.81277550187835 0.2088865325625603 0
2796 0.1264449476556764 0.813819787953197 0
2797 4.859607514417636 0.1396094113381008 0
2798 4.978464932615072 0.2080665897532623 0
2799 5.025233635649982 0.1393474598441564 0
2800 5.139633733860899 0.2108432030585267 0
2801 5.225145776954782 0.2078681801490714 0
2802 5.271978491094281 0.1390395740657628 0
2803 0.6857016266979834 0.2258006760100547 0
2804 5.390836781369829 0.2070440495472993 0
2805 5.437603795722397 0.1387999139572562 0
2806 5.551998743404477 0.2099654827819234 0
2807 5.637510096654571 0.2068537948628814 0
2808 5.684345818035707 0.138470697931566 0
2809 5.803197515554421 0.2060206527975042 0
2810 5.84996898636145 0.1382527721432691 0
2811 5.963251364968988 0.2099901750234778 0
2812 6.049673105467571 0.2059760330911316 0
2813 6.096670820314008 0.1383700829471873 0
2814 7.936326480637989 0.6097142293664927 0
2815 7.536925446689922 0.2075614836015073 0
2816 6.210628705409651 0.2094927260974896 0
2817 6.297054926443683 0.2053959066212162 0
2818 6.344068107195087 0.1375930433592472 0
2819 6.462883829286236 0.2044005209117142 0
2820 7.658865226233747 0.1379162058911489 0
2821 6.509529873212237 0.1372843733689666 0
2822 6.62277429997566 0.208666626811729 0
2823 6.709363773416774 0.2035754743262307 0
2824 6.75913313666087 0.1340640428429915 0
2825 0.06050071260592842 1.24132850809273 0
2826 0.05866949921385914 0.9192734187071079 0
2827 6.843027850122487 0.1321594554121746 0
2828 6.927831789287434 0.1294639288911812 0
2829 7.009230257131241 0.1302764003929572 0
2830 7.092777927308365 0.1290954526534502 0
2831 0.1330202842898706 0.6496024186146185 0
2832 7.17520525454686 0.1288837843936373 0
2833 0.05914229123641833 0.3580302632065743 0
2834 7.359996574305859 0.3522595146804414 0
2835 7.445347624830037 0.347550714171834 0
2836 0.05472032865751175 1.080283934667106 0
2837 7.492254202810288 0.2776977941057641 0
2838 7.937390639878956 0.5105144098559026 0
2839 0.05604956649999956 1.794875393472597 0
2840 0.05163355450972752 0.2082324406805998 0
2841 0.05376111083200663 0.5200000000021641 0
2842 0.05771931112079368 1.491744990682517 0
2843 7.87886769475221 1.119999999997616 0
2844 7.877052474860761 0.9636588454674908 0
2845 7.877393540647439 0.4072868073215007 0
2846 7.828036381283702 1.876928745563511 0
2847 7.879909442653848 1.521341546681414 0
2848 7.754711987478643 1.876990312072457 0
2849 7.8813289563449 1.679999999999144 0
2850 7.941229821866701 1.941097267024856 0
2851 0.06077650493352968 1.939856297390249 0
2852 0.0607765049330888 0.06014370260943108 0
2853 0.05000134853433914 1.640388544898165 0
2854 7.63494167108196 1.940264648883599 0
2855 7.873554384593584 0.7060461825034474 0
2856 7.532184020086961 1.868469312971212 0
2857 7.942648129139513 0.05748017388798594 0
2858 7.453519942437783 1.866231439901773 0
2859 7.68307347213959 1.875282834196299 0
2860 7.873588536576044 1.264839384399301 0
2861 7.36982132073088 1.868052096410594 0
2862 7.877655879113092 1.835777154172177 0
2863 7.871256058718727 0.264004137344225 0
2864 7.872275340399683 0.8219889133146662 0
2865 7.289435857829646 1.866720581959296 0
2866 7.205579672432377 1.868585587063708 0
2867 7.125144843603093 1.86720854505485 0
2868 7.041155633042264 1.869130271099691 0
2869 6.960641965589122 1.867710397850848 0
2870 7.874575840315121 1.378064432887086 0
2871 6.876531430226264 1.869672230856128 0
2872 0.05422526006029216 1.381047884214419 0
2873 6.795940025528839 1.868224828973722 0
2874 6.706971997252607 1.872815789233282 0
2875 6.631364082785341 1.867834313698343 0
2876 6.556701030926746 1.956266986035463 0
2877 6.456942842034989 1.879823315892341 0
2878 0.1083093291359501 1.28465093753337 0
2879 7.886692323296222 0.1561790238853722 0
2880 0.1075681209072863 0.8815540963228354 0
2881 6.383756393414404 1.869528259517336 0
2882 6.309278350516078 1.957358623892395 0
2883 6.216038395621787 1.874172439316833 0
2884 0.1087642069746877 0.3107093728690097 0
2885 6.134408618617025 1.872177176826067 0
2886 6.053886467757859 1.87056556336575 0
$EndNodes
$Elements
5576
1 1 2 10 2 2 101
2 1 2 10 2 101 102
3 1 2 10 2 102 103
4 1 2 10 2 103 104
5 1 2 10 2 104 105
6 1 2 10 2 105 106
7 1 2 10 2 106 107
8 1 2 10 2 107 108
9 1 2 10 2 108 109
10 1 2 10 2 109 110
11 1 2 10 2 110 111
12 1 2 10 2 111 112
13 1 2 10 2 112 113
14 1 2 10 2 113 114
15 1 2 10 2 114 115
16 1 2 10 2 115 116
17 1 2 10 2 116 117
18 1 2 10 2 117 118
19 1 2 10 2 118 119
20 1 2 10 2 119 120
21 1 2 10 2 120 121
22 1 2 10 2 121 122
23 1 2 10 2 122 123
24 1 2 10 2 123 124
25 1 2 10 2 124 3
26 1 2 1 4 4 221
27 1 2 1 4 221 222
28 1 2 1 4 222 223
29 1 2 1 4 223 224
30 1 2 1 4 224 225
31 1 2 1 4 225 226
32 1 2 1 4 226 227
33 1 2 1 4 227 228
34 1 2 1 4 228 229
35 1 2 1 4 229 230
36 1 2 1 4 230 231
37 1 2 1 4 231 232
38 1 2 1 4 232 233
39 1 2 1 4 233 234
40 1 2 1 4 234 235
41 1 2 1 4 235 236
42 1 2 1 4 236 237
43 1 2 1 4 237 238
44 1 2 1 4 238 239
45 1 2 1 4 239 240
46 1 2 1 4 240 241
47 1 2 1 4 241 242
48 1 2 1 4 242 243
49 1 2 1 4 243 244
50 1 2 1 4 244 1
51 2 2 100 1 1455 249 1457
52 2 2 100 1 1464 1459 2567
53 2 2 100 1 149 150 1485
54 2 2 100 1 1739 1502 1741
55 2 2 100 1 336 1652 2690
56 2 2 100 1 329 1464 2567
57 2 2 100 1 1464 329 1466
58 2 2 100 1 1470 250 1472
59 2 2 100 1 283 1427 2295
60 2 2 100 1 1484 1899 2784
61 2 2 100 1 1501 2619 2650
62 2 2 100 1 1484 1888 2803
63 2 2 100 1 1457 249 1485
64 2 2 100 1 1741 1502 2884
65 2 2 100 1 1475 330 1477
66 2 2 100 1 1889 1411 2301
67 2 2 100 1 249 149 1485
68 2 2 100 1 1486 1479 2638
69 2 2 100 1 1888 1889 2803
70 2 2 100 1 156 157 1491
71 2 2 100 1 1594 1599 2791
72 2 2 100 1 10 287 1520
73 2 2 100 1 1486 251 1489
74 2 2 100 1 1888 1484 2784
75 2 2 100 1 251 1486 2638
76 2 2 100 1 287 1462 1520
77 2 2 100 1 9 10 1520
78 2 2 100 1 1492 328 1494
79 2 2 100 1 1477 330 1491
80 2 2 100 1 1506 1496 2658
81 2 2 100 1 1466 329 1566
82 2 2 100 1 330 156 1491
83 2 2 100 1 161 162 1511
84 2 2 100 1 1462 287 1482
85 2 2 100 1 338 1741 2884
86 2 2 100 1 1482 287 1899
87 2 2 100 1 1484 1482 1899
88 2 2 100 1 1472 250 1568
89 2 2 100 1 221 222 1724
90 2 2 100 1 1501 1502 2619
91 2 2 100 1 2194 2195 2688
92 2 2 100 1 243 244 1750
93 2 2 100 1 152 153 1566
94 2 2 100 1 1787 246 1789
95 2 2 100 1 1506 252 1509
96 2 2 100 1 252 1506 2658
97 2 2 100 1 1494 328 1511
98 2 2 100 1 1785 332 1787
99 2 2 100 1 328 161 1511
100 2 2 100 1 1427 283 2831
101 2 2 100 1 154 155 1568
102 2 2 100 1 1132 1889 2301
103 2 2 100 1 1599 339 2791
104 2 2 100 1 1524 1517 2679
105 2 2 100 1 107 2814 2838
106 2 2 100 1 1513 325 1515
107 2 2 100 1 250 1470 1566
108 2 2 100 1 1355 1552 1655
109 2 2 100 1 166 167 1523
110 2 2 100 1 2195 1356 2688
111 2 2 100 1 1489 251 1624
112 2 2 100 1 1543 279 1887
113 2 2 100 1 1591 335 2315
114 2 2 100 1 330 1475 1568
115 2 2 100 1 1469 1543 1887
116 2 2 100 1 1170 1653 2741
117 2 2 100 1 306 1469 1887
118 2 2 100 1 1515 325 1523
119 2 2 100 1 1404 1802 2012
120 2 2 100 1 1820 875 2012
121 2 2 100 1 1802 1404 2013
122 2 2 100 1 1802 1820 2012
123 2 2 100 1 1534 1529 2689
124 2 2 100 1 221 1724 2851
125 2 2 100 1 325 166 1523
126 2 2 100 1 2814 1585 2838
127 2 2 100 1 1524 253 1527
128 2 2 100 1 1498 292 1499
129 2 2 100 1 1469 306 1890
130 2 2 100 1 1750 244 2852
131 2 2 100 1 1502 1739 2619
132 2 2 100 1 1459 1485 2567
133 2 2 100 1 159 160 1624
134 2 2 100 1 254 1891 1934
135 2 2 100 1 290 1651 1652
136 2 2 100 1 253 1524 2679
137 2 2 100 1 169 170 1533
138 2 2 100 1 1527 253 1533
139 2 2 100 1 1652 1653 2690
140 2 2 100 1 1485 150 2567
141 2 2 100 1 253 169 1533
142 2 2 100 1 283 237 1544
143 2 2 100 1 1575 331 2374
144 2 2 100 1 335 1591 2863
145 2 2 100 1 328 1492 1624
146 2 2 100 1 1509 252 1668
147 2 2 100 1 249 1455 2886
148 2 2 100 1 1543 1411 1889
149 2 2 100 1 1534 303 1537
150 2 2 100 1 1552 873 1655
151 2 2 100 1 2696 1740 2728
152 2 2 100 1 303 1534 2689
153 2 2 100 1 1891 1890 1934
154 2 2 100 1 1463 2696 2728
155 2 2 100 1 237 238 1544
156 2 2 100 1 164 165 1668
157 2 2 100 1 1539 273 1541
158 2 2 100 1 290 1650 1651
159 2 2 100 1 1653 1655 2741
160 2 2 100 1 1547 302 1551
161 2 2 100 1 369 371 2735
162 2 2 100 1 1479 1491 2638
163 2 2 100 1 325 1513 1668
164 2 2 100 1 329 152 1566
165 2 2 100 1 153 250 1566
166 2 2 100 1 302 176 1551
167 2 2 100 1 1725 336 2690
168 2 2 100 1 1553 1549 2708
169 2 2 100 1 358 573 1656
170 2 2 100 1 1891 254 2617
171 2 2 100 1 573 1531 1656
172 2 2 100 1 331 1575 2864
173 2 2 100 1 1545 302 1547
174 2 2 100 1 250 154 1568
175 2 2 100 1 155 330 1568
176 2 2 100 1 332 1785 1788
177 2 2 100 1 1556 261 1567
178 2 2 100 1 2665 256 2672
179 2 2 100 1 1385 2665 2672
180 2 2 100 1 1491 157 2638
181 2 2 100 1 261 179 1567
182 2 2 100 1 246 1762 1789
183 2 2 100 1 176 177 1551
184 2 2 100 1 2706 2196 2711
185 2 2 100 1 1890 306 1934
186 2 2 100 1 2715 2199 2721
187 2 2 100 1 1338 2706 2711
188 2 2 100 1 364 366 1707
189 2 2 100 1 1463 2728 2758
190 2 2 100 1 1358 2715 2721
191 2 2 100 1 2732 2186 2739
192 2 2 100 1 1327 2732 2739
193 2 2 100 1 2744 2189 2751
194 2 2 100 1 333 2292 2379
195 2 2 100 1 1359 2744 2751
196 2 2 100 1 2756 2191 2759
197 2 2 100 1 2619 1095 2650
198 2 2 100 1 1537 303 1714
199 2 2 100 1 2761 2193 2763
200 2 2 100 1 1360 2756 2759
201 2 2 100 1 1532 1753 2755
202 2 2 100 1 2765 2201 2767
203 2 2 100 1 1361 2761 2763
204 2 2 100 1 1362 2765 2767
205 2 2 100 1 2773 2179 2777
206 2 2 100 1 2780 2177 2781
207 2 2 100 1 1304 2773 2777
208 2 2 100 1 295 2854 2859
209 2 2 100 1 2498 321 2552
210 2 2 100 1 1755 2293 2634
211 2 2 100 1 2782 2143 2783
212 2 2 100 1 2823 1960 2824
213 2 2 100 1 1364 2780 2781
214 2 2 100 1 2591 255 2616
215 2 2 100 1 1499 292 1500
216 2 2 100 1 1217 2823 2824
217 2 2 100 1 2785 2139 2786
218 2 2 100 1 1365 2782 2783
219 2 2 100 1 1505 2498 2552
220 2 2 100 1 2627 324 2636
221 2 2 100 1 2787 2141 2788
222 2 2 100 1 1512 2591 2616
223 2 2 100 1 1367 2785 2786
224 2 2 100 1 2789 2145 2790
225 2 2 100 1 1377 2627 2636
226 2 2 100 1 1368 2787 2788
227 2 2 100 1 1369 2789 2790
228 2 2 100 1 2795 2149 2797
229 2 2 100 1 1520 1463 2758
230 2 2 100 1 2798 2152 2799
231 2 2 100 1 1277 2795 2797
232 2 2 100 1 2854 1436 2859
233 2 2 100 1 2819 2174 2821
234 2 2 100 1 2801 2155 2802
235 2 2 100 1 1372 2798 2799
236 2 2 100 1 1382 2819 2821
237 2 2 100 1 2804 2158 2805
238 2 2 100 1 1264 2801 2802
239 2 2 100 1 2817 2171 2818
240 2 2 100 1 2807 2161 2808
241 2 2 100 1 1373 2804 2805
242 2 2 100 1 2809 2164 2810
243 2 2 100 1 2812 2167 2813
244 2 2 100 1 1230 2817 2818
245 2 2 100 1 1253 2807 2808
246 2 2 100 1 1376 2809 2810
247 2 2 100 1 280 1583 2814
248 2 2 100 1 1615 1558 2712
249 2 2 100 1 1242 2812 2813
250 2 2 100 1 1496 1511 2658
251 2 2 100 1 1651 1355 1655
252 2 2 100 1 1740 1095 2619
253 2 2 100 1 1504 2472 2484
254 2 2 100 1 1503 1504 2484
255 2 2 100 1 1952 791 1953
256 2 2 100 1 1541 273 1742
257 2 2 100 1 1553 261 1556
258 2 2 100 1 160 328 1624
259 2 2 100 1 251 159 1624
260 2 2 100 1 246 1787 2836
261 2 2 100 1 1385 2672 2682
262 2 2 100 1 1603 592 1605
263 2 2 100 1 1521 1385 2682
264 2 2 100 1 2295 1427 2796
265 2 2 100 1 179 180 1567
266 2 2 100 1 273 1539 1714
267 2 2 100 1 1095 1740 2696
268 2 2 100 1 321 1503 2484
269 2 2 100 1 1377 2636 2643
270 2 2 100 1 1950 791 1952
271 2 2 100 1 1503 321 2498
272 2 2 100 1 1522 1377 2643
273 2 2 100 1 322 2194 2688
274 2 2 100 1 1519 1688 2325
275 2 2 100 1 261 1553 2708
276 2 2 100 1 1511 162 2658
277 2 2 100 1 1519 771 1753
278 2 2 100 1 172 173 1714
279 2 2 100 1 1688 1180 2325
280 2 2 100 1 1598 1594 2791
281 2 2 100 1 255 1505 2552
282 2 2 100 1 2195 2196 2702
283 2 2 100 1 825 832 2621
284 2 2 100 1 771 1519 2325
285 2 2 100 1 2702 2196 2706
286 2 2 100 1 1505 255 2591
287 2 2 100 1 254 2472 2617
288 2 2 100 1 302 1545 1742
289 2 2 100 1 356 358 1656
290 2 2 100 1 2472 1504 2617
291 2 2 100 1 1531 573 1569
292 2 2 100 1 1564 245 2290
293 2 2 100 1 1517 1523 2679
294 2 2 100 1 1615 288 1618
295 2 2 100 1 324 1512 2616
296 2 2 100 1 1512 324 2627
297 2 2 100 1 165 325 1668
298 2 2 100 1 252 164 1668
299 2 2 100 1 1571 1569 2329
300 2 2 100 1 1787 332 2836
301 2 2 100 1 2185 2186 2727
302 2 2 100 1 2727 2186 2732
303 2 2 100 1 1569 573 2329
304 2 2 100 1 375 377 2474
305 2 2 100 1 791 1950 2355
306 2 2 100 1 1605 592 1606
307 2 2 100 1 2379 2292 2860
308 2 2 100 1 174 175 1742
309 2 2 100 1 1101 1571 2329
310 2 2 100 1 1571 1101 1602
311 2 2 100 1 1707 369 2735
312 2 2 100 1 256 1522 2643
313 2 2 100 1 1586 289 2838
314 2 2 100 1 1583 280 2855
315 2 2 100 1 2617 2271 2722
316 2 2 100 1 1470 1466 1566
317 2 2 100 1 322 1521 2682
318 2 2 100 1 2293 1755 2870
319 2 2 100 1 292 1498 2841
320 2 2 100 1 1942 2417 2572
321 2 2 100 1 1521 322 2688
322 2 2 100 1 867 866 2487
323 2 2 100 1 1914 567 1915
324 2 2 100 1 1475 1472 1568
325 2 2 100 1 288 1615 2712
326 2 2 100 1 832 1589 2621
327 2 2 100 1 373 375 1606
328 2 2 100 1 1664 316 1666
329 2 2 100 1 1581 866 1904
330 2 2 100 1 385 387 1943
331 2 2 100 1 1529 1533 2689
332 2 2 100 1 1606 375 2474
333 2 2 100 1 1582 1581 1904
334 2 2 100 1 1618 288 1928
335 2 2 100 1 9 1520 2758
336 2 2 100 1 2703 2328 2862
337 2 2 100 1 1950 1949 2355
338 2 2 100 1 1356 2195 2702
339 2 2 100 1 1522 256 2665
340 2 2 100 1 293 2793 2820
341 2 2 100 1 1523 167 2679
342 2 2 100 1 279 1543 1888
343 2 2 100 1 1753 771 2755
344 2 2 100 1 366 369 1707
345 2 2 100 1 881 880 2475
346 2 2 100 1 1101 364 1707
347 2 2 100 1 1492 1489 1624
348 2 2 100 1 337 2328 2703
349 2 2 100 1 2180 2179 2769
350 2 2 100 1 2769 2179 2773
351 2 2 100 1 1652 336 2853
352 2 2 100 1 381 383 2452
353 2 2 100 1 1915 567 1916
354 2 2 100 1 866 1581 2487
355 2 2 100 1 1666 316 2015
356 2 2 100 1 2629 563 2653
357 2 2 100 1 2199 1338 2711
358 2 2 100 1 1954 2029 2723
359 2 2 100 1 1513 1509 1668
360 2 2 100 1 1338 2199 2715
361 2 2 100 1 885 884 2436
362 2 2 100 1 316 1664 1928
363 2 2 100 1 1781 1779 2531
364 2 2 100 1 851 2835 2837
365 2 2 100 1 880 1577 2475
366 2 2 100 1 1727 268 1729
367 2 2 100 1 592 373 1606
368 2 2 100 1 2185 1358 2721
369 2 2 100 1 1358 2185 2727
370 2 2 100 1 1911 566 2506
371 2 2 100 1 2685 1092 2775
372 2 2 100 1 1729 268 1822
373 2 2 100 1 1539 1537 1714
374 2 2 100 1 1533 170 2689
375 2 2 100 1 1939 795 1940
376 2 2 100 1 268 1727 2015
377 2 2 100 1 884 1573 2436
378 2 2 100 1 1545 1541 1742
379 2 2 100 1 303 172 1714
380 2 2 100 1 173 273 1714
381 2 2 100 1 874 2620 2650
382 2 2 100 1 1940 795 1941
383 2 2 100 1 1949 565 2355
384 2 2 100 1 1560 1085 1561
385 2 2 100 1 1664 1618 1928
386 2 2 100 1 1731 1729 1822
387 2 2 100 1 1727 1666 2015
388 2 2 100 1 2189 1327 2739
389 2 2 100 1 2268 1781 2531
390 2 2 100 1 1327 2189 2744
391 2 2 100 1 858 1883 2132
392 2 2 100 1 1916 381 2452
393 2 2 100 1 1731 1822 2337
394 2 2 100 1 1894 741 2308
395 2 2 100 1 1410 1469 1890
396 2 2 100 1 1883 1881 2132
397 2 2 100 1 1412 1410 1890
398 2 2 100 1 1386 1894 2308
399 2 2 100 1 1881 530 2132
400 2 2 100 1 175 302 1742
401 2 2 100 1 273 174 1742
402 2 2 100 1 565 1949 2572
403 2 2 100 1 768 1749 2623
404 2 2 100 1 1878 530 1881
405 2 2 100 1 2148 2149 2794
406 2 2 100 1 1952 1954 2723
407 2 2 100 1 2191 1359 2751
408 2 2 100 1 2794 2149 2795
409 2 2 100 1 379 381 1916
410 2 2 100 1 1359 2191 2756
411 2 2 100 1 1608 1390 1917
412 2 2 100 1 2698 275 2772
413 2 2 100 1 835 1608 1917
414 2 2 100 1 1652 1651 1653
415 2 2 100 1 2626 2275 2639
416 2 2 100 1 1653 1170 2690
417 2 2 100 1 480 478 1884
418 2 2 100 1 1193 1384 1811
419 2 2 100 1 1384 1810 1811
420 2 2 100 1 2646 926 2745
421 2 2 100 1 1549 1551 2708
422 2 2 100 1 1608 835 1610
423 2 2 100 1 1876 1874 2348
424 2 2 100 1 2625 936 2729
425 2 2 100 1 1600 903 2299
426 2 2 100 1 566 385 1943
427 2 2 100 1 1732 2714 2725
428 2 2 100 1 791 399 1953
429 2 2 100 1 387 795 1943
430 2 2 100 1 399 401 1953
431 2 2 100 1 735 733 1764
432 2 2 100 1 1783 1776 2324
433 2 2 100 1 2193 1360 2759
434 2 2 100 1 327 1474 2875
435 2 2 100 1 1474 327 2876
436 2 2 100 1 1764 733 1932
437 2 2 100 1 903 1600 2056
438 2 2 100 1 1360 2193 2761
439 2 2 100 1 567 379 1916
440 2 2 100 1 371 592 2735
441 2 2 100 1 889 887 1763
442 2 2 100 1 2835 1801 2837
443 2 2 100 1 733 731 1932
444 2 2 100 1 1874 860 2348
445 2 2 100 1 1872 860 1874
446 2 2 100 1 1100 1945 1946
447 2 2 100 1 2154 2155 2800
448 2 2 100 1 1620 836 1622
449 2 2 100 1 1100 1944 1945
450 2 2 100 1 1954 2629 2653
451 2 2 100 1 566 1943 2506
452 2 2 100 1 2800 2155 2801
453 2 2 100 1 1938 1944 1955
454 2 2 100 1 873 1552 1749
455 2 2 100 1 2714 1998 2725
456 2 2 100 1 377 567 2474
457 2 2 100 1 2417 565 2572
458 2 2 100 1 1034 1036 1946
459 2 2 100 1 1085 1560 1763
460 2 2 100 1 1625 837 1627
461 2 2 100 1 2620 1501 2650
462 2 2 100 1 2201 1361 2763
463 2 2 100 1 729 727 1892
464 2 2 100 1 1361 2201 2765
465 2 2 100 1 1600 1645 2056
466 2 2 100 1 1756 291 2307
467 2 2 100 1 1629 838 1631
468 2 2 100 1 1867 531 1870
469 2 2 100 1 1645 897 2056
470 2 2 100 1 248 1481 2881
471 2 2 100 1 1891 2617 2722
472 2 2 100 1 1481 248 2882
473 2 2 100 1 1108 1817 2473
474 2 2 100 1 830 825 2621
475 2 2 100 1 725 723 1902
476 2 2 100 1 1087 2667 2678
477 2 2 100 1 486 484 1926
478 2 2 100 1 297 1818 2865
479 2 2 100 1 1904 830 2577
480 2 2 100 1 1633 840 1635
481 2 2 100 1 339 1599 2793
482 2 2 100 1 182 183 1928
483 2 2 100 1 2667 2001 2678
484 2 2 100 1 490 488 1885
485 2 2 100 1 1818 276 2866
486 2 2 100 1 286 1803 2858
487 2 2 100 1 2275 1107 2639
488 2 2 100 1 2027 563 2253
489 2 2 100 1 530 1878 1884
490 2 2 100 1 567 1914 2474
491 2 2 100 1 880 867 2487
492 2 2 100 1 1803 297 2861
493 2 2 100 1 276 1903 2867
494 2 2 100 1 2180 1362 2767
495 2 2 100 1 721 719 1905
496 2 2 100 1 283 1544 2831
497 2 2 100 1 2160 2161 2806
498 2 2 100 1 2738 340 2862
499 2 2 100 1 2865 1818 2866
500 2 2 100 1 1909 1915 1916
501 2 2 100 1 1558 1567 2712
502 2 2 100 1 1417 2846 2848
503 2 2 100 1 1081 2691 2704
504 2 2 100 1 1903 317 2868
505 2 2 100 1 1637 842 1639
506 2 2 100 1 1865 1863 2353
507 2 2 100 1 289 1586 2845
508 2 2 100 1 1362 2180 2769
509 2 2 100 1 2806 2161 2807
510 2 2 100 1 2866 276 2867
511 2 2 100 1 2028 2027 2253
512 2 2 100 1 1896 286 2856
513 2 2 100 1 2867 1903 2868
514 2 2 100 1 478 530 1884
515 2 2 100 1 1499 1500 1501
516 2 2 100 1 903 1763 2299
517 2 2 100 1 1794 593 2468
518 2 2 100 1 1108 2473 2478
519 2 2 100 1 2515 1154 2563
520 2 2 100 1 2861 297 2865
521 2 2 100 1 2691 1989 2704
522 2 2 100 1 383 566 2452
523 2 2 100 1 2858 1803 2861
524 2 2 100 1 884 881 2475
525 2 2 100 1 2868 317 2869
526 2 2 100 1 1601 874 2352
527 2 2 100 1 1178 1196 2330
528 2 2 100 1 878 1783 2324
529 2 2 100 1 717 715 1927
530 2 2 100 1 317 1958 2869
531 2 2 100 1 1641 846 1643
532 2 2 100 1 790 2028 2253
533 2 2 100 1 1945 1942 2572
534 2 2 100 1 1196 1894 2317
535 2 2 100 1 2577 830 2621
536 2 2 100 1 2869 1958 2871
537 2 2 100 1 2856 286 2858
538 2 2 100 1 1195 1193 1811
539 2 2 100 1 566 1911 2452
540 2 2 100 1 1810 1384 1812
541 2 2 100 1 2028 790 2070
542 2 2 100 1 1958 247 2871
543 2 2 100 1 1646 848 1648
544 2 2 100 1 713 711 1929
545 2 2 100 1 1085 885 2436
546 2 2 100 1 1196 2317 2330
547 2 2 100 1 795 389 1941
548 2 2 100 1 389 391 1941
549 2 2 100 1 1861 862 1863
550 2 2 100 1 2871 247 2873
551 2 2 100 1 1412 1890 1891
552 2 2 100 1 1863 862 2353
553 2 2 100 1 897 1645 2369
554 2 2 100 1 2070 790 2244
555 2 2 100 1 701 699 2334
556 2 2 100 1 2070 2244 2310
557 2 2 100 1 1178 2330 2382
558 2 2 100 1 2793 1599 2820
559 2 2 100 1 1657 839 1659
560 2 2 100 1 1610 835 1764
561 2 2 100 1 709 707 1931
562 2 2 100 1 741 1917 2308
563 2 2 100 1 1596 2648 2676
564 2 2 100 1 247 2182 2873
565 2 2 100 1 2473 1781 2478
566 2 2 100 1 1894 1386 2317
567 2 2 100 1 1084 2733 2742
568 2 2 100 1 2244 568 2310
569 2 2 100 1 1415 1417 2848
570 2 2 100 1 1745 593 1812
571 2 2 100 1 2873 2182 2874
572 2 2 100 1 835 735 1764
573 2 2 100 1 1749 1552 2623
574 2 2 100 1 2310 568 2346
575 2 2 100 1 699 697 1722
576 2 2 100 1 795 1939 1943
577 2 2 100 1 1800 2792 2815
578 2 2 100 1 1998 314 2175
579 2 2 100 1 531 1867 1885
580 2 2 100 1 1551 177 2708
581 2 2 100 1 887 1085 1763
582 2 2 100 1 2045 2368 2384
583 2 2 100 1 2733 1978 2742
584 2 2 100 1 860 1872 1926
585 2 2 100 1 705 703 1935
586 2 2 100 1 568 2243 2346
587 2 2 100 1 699 1722 2334
588 2 2 100 1 1996 1998 2175
589 2 2 100 1 1670 850 1672
590 2 2 100 1 1817 2515 2563
591 2 2 100 1 2652 1086 2701
592 2 2 100 1 1779 1782 2531
593 2 2 100 1 2177 1304 2777
594 2 2 100 1 2368 561 2384
595 2 2 100 1 2182 327 2874
596 2 2 100 1 1917 1390 2308
597 2 2 100 1 269 1996 2175
598 2 2 100 1 2166 2167 2811
599 2 2 100 1 1952 1953 1954
600 2 2 100 1 1622 836 1892
601 2 2 100 1 1605 1606 1607
602 2 2 100 1 2049 2400 2418
603 2 2 100 1 1366 1831 2698
604 2 2 100 1 903 889 1763
605 2 2 100 1 1304 2177 2780
606 2 2 100 1 2874 327 2875
607 2 2 100 1 488 531 1885
608 2 2 100 1 691 689 2339
609 2 2 100 1 269 1994 1996
610 2 2 100 1 2400 788 2418
611 2 2 100 1 2811 2167 2812
612 2 2 100 1 1831 1366 2685
613 2 2 100 1 1183 1669 2285
614 2 2 100 1 1782 1777 1783
615 2 2 100 1 1674 841 1676
616 2 2 100 1 1577 880 2487
617 2 2 100 1 1656 1532 2755
618 2 2 100 1 285 2771 2779
619 2 2 100 1 836 1620 1932
620 2 2 100 1 2053 2447 2470
621 2 2 100 1 1944 1100 1955
622 2 2 100 1 1900 897 2369
623 2 2 100 1 1627 837 1902
624 2 2 100 1 731 836 1932
625 2 2 100 1 837 1625 1892
626 2 2 100 1 1938 1940 1944
627 2 2 100 1 1817 1108 2515
628 2 2 100 1 1884 1876 2348
629 2 2 100 1 2626 1815 2694
630 2 2 100 1 2447 564 2470
631 2 2 100 1 1573 884 2475
632 2 2 100 1 480 1884 2348
633 2 2 100 1 1888 1543 1889
634 2 2 100 1 1856 534 1859
635 2 2 100 1 1770 1886 2573
636 2 2 100 1 1870 531 1926
637 2 2 100 1 2243 2045 2346
638 2 2 100 1 1384 1745 1812
639 2 2 100 1 1602 1101 1707
640 2 2 100 1 1036 1100 1946
641 2 2 100 1 569 548 1778
642 2 2 100 1 689 687 1721
643 2 2 100 1 1138 1034 1946
644 2 2 100 1 685 683 2340
645 2 2 100 1 838 1629 1902
646 2 2 100 1 1631 838 1905
647 2 2 100 1 1582 1904 2577
648 2 2 100 1 836 729 1892
649 2 2 100 1 2065 2486 2489
650 2 2 100 1 2045 2243 2368
651 2 2 100 1 496 494 1961
652 2 2 100 1 727 837 1892
653 2 2 100 1 470 2492 2578
654 2 2 100 1 695 693 1962
655 2 2 100 1 563 2027 2653
656 2 2 100 1 2486 560 2489
657 2 2 100 1 315 1990 1992
658 2 2 100 1 1440 2383 2528
659 2 2 100 1 1681 845 1683
660 2 2 100 1 689 1721 2339
661 2 2 100 1 194 195 2366
662 2 2 100 1 840 1633 1905
663 2 2 100 1 1635 840 1927
664 2 2 100 1 2090 2533 2565
665 2 2 100 1 1561 1085 2436
666 2 2 100 1 2326 1601 2352
667 2 2 100 1 837 725 1902
668 2 2 100 1 193 194 2000
669 2 2 100 1 593 1745 2468
670 2 2 100 1 1392 2830 2832
671 2 2 100 1 723 838 1902
672 2 2 100 1 1781 2268 2478
673 2 2 100 1 1088 2762 2764
674 2 2 100 1 2533 559 2565
675 2 2 100 1 184 185 2015
676 2 2 100 1 683 681 1720
677 2 2 100 1 842 1637 1927
678 2 2 100 1 2170 2171 2816
679 2 2 100 1 1639 842 1929
680 2 2 100 1 484 860 1926
681 2 2 100 1 531 486 1926
682 2 2 100 1 679 677 2341
683 2 2 100 1 1820 1801 2834
684 2 2 100 1 2143 1364 2781
685 2 2 100 1 1778 1777 1782
686 2 2 100 1 2093 2576 2613
687 2 2 100 1 2284 2829 2830
688 2 2 100 1 1762 1761 1789
689 2 2 100 1 1777 1776 1783
690 2 2 100 1 183 316 1928
691 2 2 100 1 288 182 1928
692 2 2 100 1 1689 847 1691
693 2 2 100 1 2834 1801 2835
694 2 2 100 1 2816 2171 2817
695 2 2 100 1 2762 1967 2764
696 2 2 100 1 683 1720 2340
697 2 2 100 1 772 2326 2352
698 2 2 100 1 846 1641 1929
699 2 2 100 1 1886 1883 2573
700 2 2 100 1 1364 2143 2782
701 2 2 100 1 838 721 1905
702 2 2 100 1 2576 783 2613
703 2 2 100 1 1643 846 1931
704 2 2 100 1 697 850 1722
705 2 2 100 1 719 840 1905
706 2 2 100 1 571 1775 1777
707 2 2 100 1 1990 315 2000
708 2 2 100 1 1404 1392 2832
709 2 2 100 1 1785 1784 1788
710 2 2 100 1 561 2049 2384
711 2 2 100 1 2102 2615 2622
712 2 2 100 1 850 1670 1722
713 2 2 100 1 772 1669 2327
714 2 2 100 1 191 192 2017
715 2 2 100 1 315 193 2000
716 2 2 100 1 848 1646 1931
717 2 2 100 1 1648 848 1935
718 2 2 100 1 862 1861 1961
719 2 2 100 1 1589 832 2648
720 2 2 100 1 569 1778 1779
721 2 2 100 1 1784 1461 1788
722 2 2 100 1 2615 562 2622
723 2 2 100 1 2049 561 2400
724 2 2 100 1 840 717 1927
725 2 2 100 1 1761 1186 1789
726 2 2 100 1 677 675 1719
727 2 2 100 1 2000 194 2366
728 2 2 100 1 715 842 1927
729 2 2 100 1 270 1983 1985
730 2 2 100 1 1852 872 1854
731 2 2 100 1 1392 2284 2830
732 2 2 100 1 1782 1783 2491
733 2 2 100 1 839 1657 1935
734 2 2 100 1 1383 2828 2829
735 2 2 100 1 687 845 1721
736 2 2 100 1 1696 852 1698
737 2 2 100 1 2288 2827 2828
738 2 2 100 1 2106 2631 2637
739 2 2 100 1 677 1719 2341
740 2 2 100 1 842 713 1929
741 2 2 100 1 711 846 1929
742 2 2 100 1 500 498 2009
743 2 2 100 1 845 1681 1721
744 2 2 100 1 864 1898 2259
745 2 2 100 1 2631 558 2637
746 2 2 100 1 669 667 2343
747 2 2 100 1 1831 2685 2775
748 2 2 100 1 1994 269 2017
749 2 2 100 1 1669 1804 2285
750 2 2 100 1 2326 772 2327
751 2 2 100 1 2877 248 2881
752 2 2 100 1 1672 850 1962
753 2 2 100 1 681 847 1720
754 2 2 100 1 2284 1383 2829
755 2 2 100 1 2648 832 2676
756 2 2 100 1 1940 1941 1942
757 2 2 100 1 1885 1865 2353
758 2 2 100 1 846 709 1931
759 2 2 100 1 707 848 1931
760 2 2 100 1 1089 2766 2770
761 2 2 100 1 1700 849 1702
762 2 2 100 1 847 1689 1720
763 2 2 100 1 490 1885 2353
764 2 2 100 1 1383 2288 2828
765 2 2 100 1 1217 2824 2827
766 2 2 100 1 2112 2645 2649
767 2 2 100 1 2065 2066 2481
768 2 2 100 1 841 1674 1962
769 2 2 100 1 312 1979 1981
770 2 2 100 1 1170 347 1726
771 2 2 100 1 1859 534 1961
772 2 2 100 1 534 1856 2009
773 2 2 100 1 1979 312 2002
774 2 2 100 1 548 571 1778
775 2 2 100 1 1792 1821 2302
776 2 2 100 1 788 2053 2418
777 2 2 100 1 2766 1829 2770
778 2 2 100 1 571 1777 1778
779 2 2 100 1 848 705 1935
780 2 2 100 1 2065 2481 2486
781 2 2 100 1 703 839 1935
782 2 2 100 1 2412 248 2877
783 2 2 100 1 675 852 1719
784 2 2 100 1 2645 557 2649
785 2 2 100 1 340 2846 2862
786 2 2 100 1 315 1992 2017
787 2 2 100 1 1723 341 1724
788 2 2 100 1 199 200 2358
789 2 2 100 1 2288 1217 2827
790 2 2 100 1 312 198 2002
791 2 2 100 1 852 1696 1719
792 2 2 100 1 1030 2526 2663
793 2 2 100 1 2139 1365 2783
794 2 2 100 1 1883 858 2573
795 2 2 100 1 1757 1416 2273
796 2 2 100 1 198 199 2002
797 2 2 100 1 667 665 1748
798 2 2 100 1 839 701 2334
799 2 2 100 1 2053 788 2447
800 2 2 100 1 2489 560 2504
801 2 2 100 1 1956 1345 2393
802 2 2 100 1 2119 2662 2668
803 2 2 100 1 570 574 1790
804 2 2 100 1 216 1708 1713
805 2 2 100 1 1365 2139 2785
806 2 2 100 1 2291 1960 2822
807 2 2 100 1 673 671 2038
808 2 2 100 1 1939 1937 2506
809 2 2 100 1 1709 854 1711
810 2 2 100 1 1775 571 1790
811 2 2 100 1 2662 780 2668
812 2 2 100 1 1659 839 2334
813 2 2 100 1 285 215 1713
814 2 2 100 1 667 1748 2343
815 2 2 100 1 2822 1960 2823
816 2 2 100 1 560 2229 2504
817 2 2 100 1 1808 1800 1819
818 2 2 100 1 665 854 1748
819 2 2 100 1 1738 1741 1750
820 2 2 100 1 574 580 1933
821 2 2 100 1 494 862 1961
822 2 2 100 1 534 496 1961
823 2 2 100 1 340 126 1735
824 2 2 100 1 1983 270 2036
825 2 2 100 1 850 695 1962
826 2 2 100 1 1607 1913 2331
827 2 2 100 1 693 841 1962
828 2 2 100 1 216 217 1708
829 2 2 100 1 1790 574 1933
830 2 2 100 1 1763 1560 2299
831 2 2 100 1 1394 1336 2395
832 2 2 100 1 854 1709 1748
833 2 2 100 1 1898 1772 2259
834 2 2 100 1 1057 902 1752
835 2 2 100 1 1848 537 1850
836 2 2 100 1 1736 296 1737
837 2 2 100 1 1854 872 2009
838 2 2 100 1 294 344 345
839 2 2 100 1 1669 1183 2327
840 2 2 100 1 196 197 2036
841 2 2 100 1 1653 1651 1655
842 2 2 100 1 872 1852 2014
843 2 2 100 1 2693 2220 2699
844 2 2 100 1 1713 1708 2320
845 2 2 100 1 1416 1152 2273
846 2 2 100 1 841 691 2339
847 2 2 100 1 1817 1816 2473
848 2 2 100 1 1715 855 1717
849 2 2 100 1 316 184 2015
850 2 2 100 1 185 268 2015
851 2 2 100 1 504 502 2014
852 2 2 100 1 1186 1761 1901
853 2 2 100 1 1567 180 2712
854 2 2 100 1 1698 852 2038
855 2 2 100 1 2002 199 2358
856 2 2 100 1 874 769 2352
857 2 2 100 1 271 1972 1974
858 2 2 100 1 1738 1737 1739
859 2 2 100 1 312 1981 2036
860 2 2 100 1 1605 1607 2331
861 2 2 100 1 344 341 1723
862 2 2 100 1 294 218 344
863 2 2 100 1 7 296 1736
864 2 2 100 1 1736 1737 1738
865 2 2 100 1 1782 2491 2531
866 2 2 100 1 1676 841 2339
867 2 2 100 1 1776 1898 2324
868 2 2 100 1 192 315 2017
869 2 2 100 1 269 191 2017
870 2 2 100 1 1771 2573 2578
871 2 2 100 1 849 1700 2038
872 2 2 100 1 564 2066 2470
873 2 2 100 1 2548 1069 2551
874 2 2 100 1 1473 2548 2551
875 2 2 100 1 1821 1179 2302
876 2 2 100 1 592 1603 2735
877 2 2 100 1 2080 2625 2729
878 2 2 100 1 1723 1724 1725
879 2 2 100 1 845 685 2340
880 2 2 100 1 1968 313 2003
881 2 2 100 1 874 1601 2620
882 2 2 100 1 2035 2750 2753
883 2 2 100 1 1458 2556 2559
884 2 2 100 1 2556 1064 2559
885 2 2 100 1 342 1738 1750
886 2 2 100 1 2746 2061 2749
887 2 2 100 1 1733 856 1743
888 2 2 100 1 1909 1916 2452
889 2 2 100 1 1186 1786 1789
890 2 2 100 1 571 570 1790
891 2 2 100 1 313 203 2003
892 2 2 100 1 872 500 2009
893 2 2 100 1 498 534 2009
894 2 2 100 1 347 345 1726
895 2 2 100 1 2740 2076 2743
896 2 2 100 1 1738 1739 1741
897 2 2 100 1 1186 1133 1786
898 2 2 100 1 2060 2646 2745
899 2 2 100 1 1158 1350 1758
900 2 2 100 1 898 895 1900
901 2 2 100 1 1683 845 2340
902 2 2 100 1 2066 564 2481
903 2 2 100 1 663 661 2071
904 2 2 100 1 1711 854 2071
905 2 2 100 1 1850 537 2014
906 2 2 100 1 1402 1228 2451
907 2 2 100 1 847 679 2341
908 2 2 100 1 651 649 2344
909 2 2 100 1 647 810 1919
910 2 2 100 1 1585 1586 2838
911 2 2 100 1 546 569 1895
912 2 2 100 1 537 1848 2008
913 2 2 100 1 345 344 1723
914 2 2 100 1 342 1736 1738
915 2 2 100 1 1752 902 1900
916 2 2 100 1 1972 271 2037
917 2 2 100 1 810 1769 1919
918 2 2 100 1 195 270 2366
919 2 2 100 1 1786 1787 1789
920 2 2 100 1 215 216 1713
921 2 2 100 1 855 1715 2071
922 2 2 100 1 1717 855 2072
923 2 2 100 1 1501 1500 1502
924 2 2 100 1 313 1968 1970
925 2 2 100 1 1793 365 1794
926 2 2 100 1 2141 1367 2786
927 2 2 100 1 1746 857 1765
928 2 2 100 1 1427 1182 1759
929 2 2 100 1 361 359 1812
930 2 2 100 1 367 365 1793
931 2 2 100 1 2398 1323 2406
932 2 2 100 1 1753 1532 1897
933 2 2 100 1 1691 847 2341
934 2 2 100 1 1366 2698 2772
935 2 2 100 1 1754 1157 1755
936 2 2 100 1 1166 877 1901
937 2 2 100 1 1792 1793 1821
938 2 2 100 1 895 897 1900
939 2 2 100 1 852 673 2038
940 2 2 100 1 671 849 2038
941 2 2 100 1 2683 639 2686
942 2 2 100 1 1162 2716 2719
943 2 2 100 1 1367 2141 2787
944 2 2 100 1 659 657 2072
945 2 2 100 1 204 205 2345
946 2 2 100 1 856 1733 2072
947 2 2 100 1 1743 856 2086
948 2 2 100 1 2514 1075 2516
949 2 2 100 1 1555 2514 2516
950 2 2 100 1 359 1810 1812
951 2 2 100 1 580 596 1933
952 2 2 100 1 596 762 2323
953 2 2 100 1 1171 1784 1785
954 2 2 100 1 219 220 341
955 2 2 100 1 125 126 340
956 2 2 100 1 5 6 342
957 2 2 100 1 219 341 344
958 2 2 100 1 342 6 1736
959 2 2 100 1 203 204 2003
960 2 2 100 1 746 2398 2406
961 2 2 100 1 1913 1607 1914
962 2 2 100 1 1779 1778 1782
963 2 2 100 1 1780 1816 1895
964 2 2 100 1 313 1970 2037
965 2 2 100 1 1842 870 1846
966 2 2 100 1 1374 1753 1897
967 2 2 100 1 2522 1076 2524
968 2 2 100 1 2641 619 2644
969 2 2 100 1 1536 2522 2524
970 2 2 100 1 1752 1900 2369
971 2 2 100 1 2659 629 2666
972 2 2 100 1 2527 1071 2529
973 2 2 100 1 1526 2527 2529
974 2 2 100 1 197 312 2036
975 2 2 100 1 270 196 2036
976 2 2 100 1 768 355 1749
977 2 2 100 1 1941 391 2417
978 2 2 100 1 569 1780 1895
979 2 2 100 1 2535 1073 2537
980 2 2 100 1 1508 2535 2537
981 2 2 100 1 849 669 2343
982 2 2 100 1 1992 1994 2017
983 2 2 100 1 1140 1157 1754
984 2 2 100 1 1898 864 2324
985 2 2 100 1 1805 583 1806
986 2 2 100 1 593 361 1812
987 2 2 100 1 537 504 2014
988 2 2 100 1 2543 1072 2545
989 2 2 100 1 363 593 1794
990 2 2 100 1 502 872 2014
991 2 2 100 1 1488 2543 2545
992 2 2 100 1 582 760 1806
993 2 2 100 1 1846 870 2008
994 2 2 100 1 857 1746 2086
995 2 2 100 1 127 295 1735
996 2 2 100 1 1872 1870 1926
997 2 2 100 1 96 293 1808
998 2 2 100 1 649 647 1919
999 2 2 100 1 2883 318 2885
1000 2 2 100 1 1761 1166 1901
1001 2 2 100 1 2383 1058 2528
1002 2 2 100 1 870 1842 1925
1003 2 2 100 1 95 1808 1819
1004 2 2 100 1 1113 1057 1752
1005 2 2 100 1 2361 1220 2410
1006 2 2 100 1 508 506 2008
1007 2 2 100 1 743 1956 2393
1008 2 2 100 1 1171 1172 1784
1009 2 2 100 1 1981 1983 2036
1010 2 2 100 1 1183 2285 2316
1011 2 2 100 1 318 2183 2885
1012 2 2 100 1 569 1779 1780
1013 2 2 100 1 1165 1374 1897
1014 2 2 100 1 1669 744 1804
1015 2 2 100 1 1772 821 2259
1016 2 2 100 1 1415 1152 1416
1017 2 2 100 1 1163 2740 2743
1018 2 2 100 1 1909 1907 1915
1019 2 2 100 1 349 347 1170
1020 2 2 100 1 346 345 347
1021 2 2 100 1 2547 1449 2555
1022 2 2 100 1 1116 1115 1130
1023 2 2 100 1 819 821 1772
1024 2 2 100 1 2285 1806 2316
1025 2 2 100 1 1800 1797 1819
1026 2 2 100 1 1797 284 1819
1027 2 2 100 1 2127 2695 2700
1028 2 2 100 1 744 591 1804
1029 2 2 100 1 1861 1859 1961
1030 2 2 100 1 1811 768 2623
1031 2 2 100 1 1061 2547 2555
1032 2 2 100 1 294 345 346
1033 2 2 100 1 1821 1794 2468
1034 2 2 100 1 98 99 339
1035 2 2 100 1 214 285 1791
1036 2 2 100 1 93 284 1795
1037 2 2 100 1 655 653 2086
1038 2 2 100 1 1856 1854 2009
1039 2 2 100 1 1795 284 1796
1040 2 2 100 1 1810 768 1811
1041 2 2 100 1 1970 1972 2037
1042 2 2 100 1 286 131 1803
1043 2 2 100 1 2885 2183 2886
1044 2 2 100 1 585 583 1805
1045 2 2 100 1 201 202 2037
1046 2 2 100 1 1943 1939 2506
1047 2 2 100 1 1702 849 2343
1048 2 2 100 1 1130 1131 1140
1049 2 2 100 1 1174 1140 1754
1050 2 2 100 1 1182 1146 1759
1051 2 2 100 1 540 546 1895
1052 2 2 100 1 854 663 2071
1053 2 2 100 1 661 855 2071
1054 2 2 100 1 1852 1850 2014
1055 2 2 100 1 270 1985 2366
1056 2 2 100 1 649 1919 2344
1057 2 2 100 1 217 294 1708
1058 2 2 100 1 902 898 1900
1059 2 2 100 1 1923 1920 2004
1060 2 2 100 1 1157 1158 1758
1061 2 2 100 1 823 824 825
1062 2 2 100 1 1832 272 2252
1063 2 2 100 1 1838 536 1925
1064 2 2 100 1 1910 1913 1914
1065 2 2 100 1 365 363 1794
1066 2 2 100 1 1114 1113 1115
1067 2 2 100 1 1940 1942 1944
1068 2 2 100 1 357 768 1810
1069 2 2 100 1 834 769 874
1070 2 2 100 1 91 300 1809
1071 2 2 100 1 200 271 2358
1072 2 2 100 1 1674 1672 1962
1073 2 2 100 1 1848 1846 2008
1074 2 2 100 1 764 744 772
1075 2 2 100 1 1700 1698 2038
1076 2 2 100 1 1354 1650 1654
1077 2 2 100 1 1657 1648 1935
1078 2 2 100 1 1174 1754 1756
1079 2 2 100 1 1715 1711 2071
1080 2 2 100 1 1733 1717 2072
1081 2 2 100 1 2305 1079 2333
1082 2 2 100 1 1746 1743 2086
1083 2 2 100 1 1498 1380 1544
1084 2 2 100 1 2280 1394 2395
1085 2 2 100 1 1646 1643 1931
1086 2 2 100 1 1837 536 1838
1087 2 2 100 1 1140 1141 1157
1088 2 2 100 1 275 211 1807
1089 2 2 100 1 2003 204 2345
1090 2 2 100 1 1130 1140 1174
1091 2 2 100 1 1923 2004 2005
1092 2 2 100 1 126 127 1735
1093 2 2 100 1 583 582 1806
1094 2 2 100 1 1641 1639 1929
1095 2 2 100 1 1130 1115 1131
1096 2 2 100 1 1098 1186 1901
1097 2 2 100 1 826 825 830
1098 2 2 100 1 576 367 1793
1099 2 2 100 1 598 591 744
1100 2 2 100 1 825 824 832
1101 2 2 100 1 297 133 1818
1102 2 2 100 1 1637 1635 1927
1103 2 2 100 1 1194 1352 1461
1104 2 2 100 1 877 833 1901
1105 2 2 100 1 1133 1171 1786
1106 2 2 100 1 516 514 1835
1107 2 2 100 1 353 351 873
1108 2 2 100 1 855 659 2072
1109 2 2 100 1 657 856 2072
1110 2 2 100 1 1759 1166 1760
1111 2 2 100 1 1804 1805 2285
1112 2 2 100 1 1378 1182 1427
1113 2 2 100 1 1114 1115 1116
1114 2 2 100 1 770 763 833
1115 2 2 100 1 1052 1094 1912
1116 2 2 100 1 2449 1267 2450
1117 2 2 100 1 1910 1912 1913
1118 2 2 100 1 781 2449 2450
1119 2 2 100 1 1128 2746 2749
1120 2 2 100 1 348 347 349
1121 2 2 100 1 1633 1631 1905
1122 2 2 100 1 2716 2097 2719
1123 2 2 100 1 1197 516 1835
1124 2 2 100 1 821 822 823
1125 2 2 100 1 1842 1838 1925
1126 2 2 100 1 217 218 294
1127 2 2 100 1 127 128 295
1128 2 2 100 1 1146 1166 1759
1129 2 2 100 1 7 8 296
1130 2 2 100 1 96 97 293
1131 2 2 100 1 598 744 764
1132 2 2 100 1 1146 877 1166
1133 2 2 100 1 770 833 877
1134 2 2 100 1 760 759 763
1135 2 2 100 1 760 763 770
1136 2 2 100 1 1755 1157 1758
1137 2 2 100 1 1130 1174 2273
1138 2 2 100 1 819 820 821
1139 2 2 100 1 870 508 2008
1140 2 2 100 1 1149 819 1772
1141 2 2 100 1 1140 1131 1141
1142 2 2 100 1 1415 1416 1417
1143 2 2 100 1 1098 1133 1186
1144 2 2 100 1 1629 1627 1902
1145 2 2 100 1 2680 1875 2681
1146 2 2 100 1 272 1832 1963
1147 2 2 100 1 1780 1779 1781
1148 2 2 100 1 891 903 2056
1149 2 2 100 1 345 1723 1726
1150 2 2 100 1 1050 1052 1912
1151 2 2 100 1 1795 1796 2013
1152 2 2 100 1 1237 2023 2354
1153 2 2 100 1 1923 2736 2748
1154 2 2 100 1 582 578 759
1155 2 2 100 1 591 589 1804
1156 2 2 100 1 89 274 1834
1157 2 2 100 1 817 818 819
1158 2 2 100 1 1739 1737 1740
1159 2 2 100 1 738 741 1893
1160 2 2 100 1 823 825 826
1161 2 2 100 1 823 822 824
1162 2 2 100 1 538 540 1813
1163 2 2 100 1 1933 596 2323
1164 2 2 100 1 298 1823 1824
1165 2 2 100 1 2750 1129 2753
1166 2 2 100 1 2457 1256 2459
1167 2 2 100 1 1786 1785 1787
1168 2 2 100 1 784 2457 2459
1169 2 2 100 1 353 873 1749
1170 2 2 100 1 346 347 348
1171 2 2 100 1 506 537 2008
1172 2 2 100 1 2477 318 2883
1173 2 2 100 1 866 831 1904
1174 2 2 100 1 1771 1770 2573
1175 2 2 100 1 1350 1351 1370
1176 2 2 100 1 1158 1185 1350
1177 2 2 100 1 582 759 760
1178 2 2 100 1 519 518 520
1179 2 2 100 1 1796 284 1797
1180 2 2 100 1 1793 1794 1821
1181 2 2 100 1 532 520 538
1182 2 2 100 1 357 355 768
1183 2 2 100 1 546 548 569
1184 2 2 100 1 865 831 866
1185 2 2 100 1 298 209 1823
1186 2 2 100 1 1796 1802 2013
1187 2 2 100 1 1907 1910 1915
1188 2 2 100 1 1760 1761 1762
1189 2 2 100 1 517 516 518
1190 2 2 100 1 817 819 1149
1191 2 2 100 1 833 1097 1098
1192 2 2 100 1 1625 1622 1892
1193 2 2 100 1 823 826 2259
1194 2 2 100 1 1174 1757 2273
1195 2 2 100 1 1172 1194 1784
1196 2 2 100 1 1835 536 1837
1197 2 2 100 1 1912 1094 1913
1198 2 2 100 1 1798 1797 1799
1199 2 2 100 1 1775 1773 1776
1200 2 2 100 1 218 219 344
1201 2 2 100 1 6 7 1736
1202 2 2 100 1 826 864 2259
1203 2 2 100 1 1893 741 1894
1204 2 2 100 1 299 213 1791
1205 2 2 100 1 831 830 1904
1206 2 2 100 1 300 92 1795
1207 2 2 100 1 95 96 1808
1208 2 2 100 1 532 538 542
1209 2 2 100 1 856 655 2086
1210 2 2 100 1 653 857 2086
1211 2 2 100 1 1381 1380 1498
1212 2 2 100 1 1374 1519 1753
1213 2 2 100 1 519 520 532
1214 2 2 100 1 15 306 1887
1215 2 2 100 1 515 514 516
1216 2 2 100 1 132 297 1803
1217 2 2 100 1 202 313 2037
1218 2 2 100 1 271 201 2037
1219 2 2 100 1 1531 1532 1656
1220 2 2 100 1 1773 1772 1898
1221 2 2 100 1 542 538 1813
1222 2 2 100 1 1354 1355 1650
1223 2 2 100 1 350 349 351
1224 2 2 100 1 268 186 1822
1225 2 2 100 1 186 187 1822
1226 2 2 100 1 1157 1141 1158
1227 2 2 100 1 1098 1099 1133
1228 2 2 100 1 1379 1378 1380
1229 2 2 100 1 2465 1245 2466
1230 2 2 100 1 787 2465 2466
1231 2 2 100 1 1149 1772 1773
1232 2 2 100 1 2006 549 2020
1233 2 2 100 1 1197 1835 1836
1234 2 2 100 1 1798 1799 1801
1235 2 2 100 1 1196 1893 1894
1236 2 2 100 1 1145 877 1146
1237 2 2 100 1 1181 1146 1182
1238 2 2 100 1 359 357 1810
1239 2 2 100 1 517 518 519
1240 2 2 100 1 1796 1797 1798
1241 2 2 100 1 1776 1773 1898
1242 2 2 100 1 214 215 285
1243 2 2 100 1 1352 1353 1354
1244 2 2 100 1 93 94 284
1245 2 2 100 1 778 2437 2439
1246 2 2 100 1 1171 1785 1786
1247 2 2 100 1 130 131 286
1248 2 2 100 1 879 867 880
1249 2 2 100 1 2655 1864 2657
1250 2 2 100 1 1583 1584 1585
1251 2 2 100 1 355 353 1749
1252 2 2 100 1 826 830 831
1253 2 2 100 1 1937 1137 2030
1254 2 2 100 1 1112 1057 1113
1255 2 2 100 1 1191 1182 1378
1256 2 2 100 1 1194 1195 1352
1257 2 2 100 1 2437 1398 2439
1258 2 2 100 1 578 576 1792
1259 2 2 100 1 1133 1134 1171
1260 2 2 100 1 1922 2035 2272
1261 2 2 100 1 589 585 1805
1262 2 2 100 1 1562 1563 1564
1263 2 2 100 1 212 299 1807
1264 2 2 100 1 1177 1173 1531
1265 2 2 100 1 287 11 1899
1266 2 2 100 1 1197 2279 2304
1267 2 2 100 1 130 286 1896
1268 2 2 100 1 1837 1839 1844
1269 2 2 100 1 1774 1775 1790
1270 2 2 100 1 749 2445 2448
1271 2 2 100 1 10 11 287
1272 2 2 100 1 1604 2305 2333
1273 2 2 100 1 1814 1816 1817
1274 2 2 100 1 363 361 593
1275 2 2 100 1 274 90 1809
1276 2 2 100 1 2021 1828 2252
1277 2 2 100 1 1374 1375 1519
1278 2 2 100 1 1115 1113 1751
1279 2 2 100 1 2445 1399 2448
1280 2 2 100 1 1135 1136 1173
1281 2 2 100 1 284 94 1819
1282 2 2 100 1 1136 1165 1897
1283 2 2 100 1 1604 1605 2331
1284 2 2 100 1 772 744 1669
1285 2 2 100 1 136 317 1903
1286 2 2 100 1 2183 249 2886
1287 2 2 100 1 2492 1771 2578
1288 2 2 100 1 515 517 1920
1289 2 2 100 1 515 516 517
1290 2 2 100 1 1775 1776 1777
1291 2 2 100 1 1138 1946 1947
1292 2 2 100 1 577 576 578
1293 2 2 100 1 1371 1561 1562
1294 2 2 100 1 1814 1813 1816
1295 2 2 100 1 883 881 884
1296 2 2 100 1 212 213 299
1297 2 2 100 1 821 820 822
1298 2 2 100 1 91 92 300
1299 2 2 100 1 1137 1044 2277
1300 2 2 100 1 2012 875 2278
1301 2 2 100 1 542 1813 1814
1302 2 2 100 1 1813 540 1895
1303 2 2 100 1 1350 1185 1351
1304 2 2 100 1 134 276 1818
1305 2 2 100 1 1792 576 1793
1306 2 2 100 1 132 133 297
1307 2 2 100 1 833 1098 1901
1308 2 2 100 1 740 738 1893
1309 2 2 100 1 1828 1832 2252
1310 2 2 100 1 819 818 820
1311 2 2 100 1 2305 1604 2331
1312 2 2 100 1 1194 1461 1784
1313 2 2 100 1 1576 1578 1579
1314 2 2 100 1 865 866 867
1315 2 2 100 1 1135 1177 2018
1316 2 2 100 1 1203 2012 2278
1317 2 2 100 1 827 769 834
1318 2 2 100 1 579 578 582
1319 2 2 100 1 1172 1193 1194
1320 2 2 100 1 1906 1050 1912
1321 2 2 100 1 762 816 817
1322 2 2 100 1 767 764 769
1323 2 2 100 1 1565 1574 1575
1324 2 2 100 1 1531 1173 1532
1325 2 2 100 1 1135 1173 1177
1326 2 2 100 1 348 349 350
1327 2 2 100 1 1054 1055 1079
1328 2 2 100 1 1138 1947 1948
1329 2 2 100 1 210 275 1823
1330 2 2 100 1 538 539 540
1331 2 2 100 1 1580 1582 1583
1332 2 2 100 1 513 514 515
1333 2 2 100 1 1177 1531 1569
1334 2 2 100 1 1177 1570 2018
1335 2 2 100 1 1165 1363 1374
1336 2 2 100 1 590 589 591
1337 2 2 100 1 2006 2626 2639
1338 2 2 100 1 300 1795 2013
1339 2 2 100 1 272 206 2252
1340 2 2 100 1 1112 1113 1114
1341 2 2 100 1 540 541 546
1342 2 2 100 1 514 536 1835
1343 2 2 100 1 279 14 1887
1344 2 2 100 1 857 651 2344
1345 2 2 100 1 13 14 279
1346 2 2 100 1 762 817 2323
1347 2 2 100 1 210 211 275
1348 2 2 100 1 597 591 598
1349 2 2 100 1 89 90 274
1350 2 2 100 1 2035 2031 2272
1351 2 2 100 1 1048 1050 1906
1352 2 2 100 1 1080 1093 1135
1353 2 2 100 1 1370 1351 1371
1354 2 2 100 1 887 885 1085
1355 2 2 100 1 1921 1920 1923
1356 2 2 100 1 1152 1116 2273
1357 2 2 100 1 833 763 1097
1358 2 2 100 1 513 512 514
1359 2 2 100 1 301 88 1834
1360 2 2 100 1 87 301 1930
1361 2 2 100 1 298 1825 2021
1362 2 2 100 1 1760 1166 1761
1363 2 2 100 1 759 578 1792
1364 2 2 100 1 213 214 1791
1365 2 2 100 1 92 93 1795
1366 2 2 100 1 817 816 818
1367 2 2 100 1 1751 1113 1752
1368 2 2 100 1 131 132 1803
1369 2 2 100 1 1612 1764 1932
1370 2 2 100 1 2279 802 2304
1371 2 2 100 1 546 547 548
1372 2 2 100 1 1079 1055 1080
1373 2 2 100 1 879 880 881
1374 2 2 100 1 548 570 571
1375 2 2 100 1 2635 1853 2640
1376 2 2 100 1 1620 1612 1932
1377 2 2 100 1 1804 589 1805
1378 2 2 100 1 522 367 576
1379 2 2 100 1 276 135 1903
1380 2 2 100 1 134 135 276
1381 2 2 100 1 352 351 353
1382 2 2 100 1 1837 1838 1839
1383 2 2 100 1 1836 1844 1845
1384 2 2 100 1 1946 1945 1947
1385 2 2 100 1 1135 1093 1136
1386 2 2 100 1 1826 1824 1831
1387 2 2 100 1 1825 1828 2021
1388 2 2 100 1 738 737 741
1389 2 2 100 1 90 91 1809
1390 2 2 100 1 1519 1375 1688
1391 2 2 100 1 587 585 589
1392 2 2 100 1 512 510 1925
1393 2 2 100 1 518 516 1197
1394 2 2 100 1 536 512 1925
1395 2 2 100 1 1052 1053 1054
1396 2 2 100 1 2005 549 2006
1397 2 2 100 1 1911 1909 2452
1398 2 2 100 1 2599 1686 2603
1399 2 2 100 1 794 793 1178
1400 2 2 100 1 2601 1679 2605
1401 2 2 100 1 129 130 1896
1402 2 2 100 1 883 884 885
1403 2 2 100 1 133 134 1818
1404 2 2 100 1 736 735 737
1405 2 2 100 1 1178 793 1196
1406 2 2 100 1 1098 1097 1099
1407 2 2 100 1 1079 1080 2018
1408 2 2 100 1 211 212 1807
1409 2 2 100 1 555 515 1920
1410 2 2 100 1 1050 1051 1052
1411 2 2 100 1 1588 1590 1591
1412 2 2 100 1 1799 1797 1800
1413 2 2 100 1 514 512 536
1414 2 2 100 1 1562 1561 1563
1415 2 2 100 1 94 95 1819
1416 2 2 100 1 1816 1813 1895
1417 2 2 100 1 736 737 738
1418 2 2 100 1 1907 1906 1910
1419 2 2 100 1 2030 1137 2277
1420 2 2 100 1 208 209 298
1421 2 2 100 1 87 88 301
1422 2 2 100 1 1564 1563 1565
1423 2 2 100 1 1052 1054 1094
1424 2 2 100 1 1048 1049 1050
1425 2 2 100 1 88 89 1834
1426 2 2 100 1 1096 1048 1906
1427 2 2 100 1 11 12 1899
1428 2 2 100 1 770 877 1145
1429 2 2 100 1 1774 1773 1775
1430 2 2 100 1 1957 1956 2391
1431 2 2 100 1 1796 1798 1802
1432 2 2 100 1 2274 2275 2322
1433 2 2 100 1 766 740 793
1434 2 2 100 1 1944 1942 1945
1435 2 2 100 1 2390 1957 2391
1436 2 2 100 1 1806 760 2316
1437 2 2 100 1 1825 1824 1826
1438 2 2 100 1 510 870 1925
1439 2 2 100 1 15 16 306
1440 2 2 100 1 267 1959 1960
1441 2 2 100 1 1936 1137 1937
1442 2 2 100 1 1913 1094 2331
1443 2 2 100 1 1054 1053 1055
1444 2 2 100 1 1100 1038 1955
1445 2 2 100 1 1109 2063 2064
1446 2 2 100 1 1188 2298 2312
1447 2 2 100 1 298 1824 1825
1448 2 2 100 1 1910 1906 1912
1449 2 2 100 1 538 520 539
1450 2 2 100 1 1156 1388 2085
1451 2 2 100 1 1910 1914 1915
1452 2 2 100 1 891 889 903
1453 2 2 100 1 1000 1002 2062
1454 2 2 100 1 893 891 2056
1455 2 2 100 1 1592 1594 1598
1456 2 2 100 1 737 835 1917
1457 2 2 100 1 1575 1574 1576
1458 2 2 100 1 1920 517 2004
1459 2 2 100 1 1133 1099 1134
1460 2 2 100 1 17 254 1934
1461 2 2 100 1 1082 2511 2513
1462 2 2 100 1 1046 1047 1048
1463 2 2 100 1 895 893 897
1464 2 2 100 1 209 210 1823
1465 2 2 100 1 354 353 355
1466 2 2 100 1 1042 1137 1936
1467 2 2 100 1 1096 1906 1907
1468 2 2 100 1 896 899 2274
1469 2 2 100 1 1046 1048 1096
1470 2 2 100 1 136 137 317
1471 2 2 100 1 734 735 736
1472 2 2 100 1 741 737 1917
1473 2 2 100 1 1148 2051 2052
1474 2 2 100 1 1374 1363 1375
1475 2 2 100 1 271 1974 2358
1476 2 2 100 1 14 15 1887
1477 2 2 100 1 306 16 1934
1478 2 2 100 1 897 893 2056
1479 2 2 100 1 1145 1146 1181
1480 2 2 100 1 356 355 357
1481 2 2 100 1 766 793 794
1482 2 2 100 1 1050 1049 1051
1483 2 2 100 1 2145 1368 2788
1484 2 2 100 1 1171 1134 1172
1485 2 2 100 1 1379 1380 1381
1486 2 2 100 1 1052 1051 1053
1487 2 2 100 1 1827 1826 1830
1488 2 2 100 1 138 247 1958
1489 2 2 100 1 1002 2054 2062
1490 2 2 100 1 737 735 835
1491 2 2 100 1 1044 1045 1046
1492 2 2 100 1 1109 2062 2063
1493 2 2 100 1 793 740 1893
1494 2 2 100 1 86 87 1930
1495 2 2 100 1 2033 2061 2255
1496 2 2 100 1 1381 1498 1499
1497 2 2 100 1 1948 1947 1949
1498 2 2 100 1 734 733 735
1499 2 2 100 1 1042 1044 1137
1500 2 2 100 1 2063 2055 2066
1501 2 2 100 1 1147 2047 2048
1502 2 2 100 1 1181 1182 1191
1503 2 2 100 1 2032 2031 2035
1504 2 2 100 1 350 351 352
1505 2 2 100 1 1585 1584 1586
1506 2 2 100 1 135 136 1903
1507 2 2 100 1 317 137 1958
1508 2 2 100 1 1723 1725 1726
1509 2 2 100 1 1006 1008 2050
1510 2 2 100 1 1570 1569 1571
1511 2 2 100 1 1080 1135 2018
1512 2 2 100 1 267 85 1959
1513 2 2 100 1 584 586 2276
1514 2 2 100 1 1148 2050 2051
1515 2 2 100 1 1042 1043 1044
1516 2 2 100 1 2061 2057 2255
1517 2 2 100 1 1151 1116 1152
1518 2 2 100 1 1040 1042 1936
1519 2 2 100 1 2024 1102 2029
1520 2 2 100 1 1579 1578 1580
1521 2 2 100 1 1002 1004 2054
1522 2 2 100 1 2549 605 2568
1523 2 2 100 1 1802 1798 1820
1524 2 2 100 1 519 532 549
1525 2 2 100 1 1048 1047 1049
1526 2 2 100 1 522 576 577
1527 2 2 100 1 358 357 359
1528 2 2 100 1 1109 1000 2062
1529 2 2 100 1 864 831 865
1530 2 2 100 1 205 272 2345
1531 2 2 100 1 509 511 2031
1532 2 2 100 1 821 823 2259
1533 2 2 100 1 86 1930 1959
1534 2 2 100 1 876 834 1095
1535 2 2 100 1 206 207 2252
1536 2 2 100 1 732 731 733
1537 2 2 100 1 1147 2046 2047
1538 2 2 100 1 1044 1046 2277
1539 2 2 100 1 1354 1353 1355
1540 2 2 100 1 730 729 731
1541 2 2 100 1 2040 1144 2069
1542 2 2 100 1 731 729 836
1543 2 2 100 1 2068 2089 2115
1544 2 2 100 1 1194 1193 1195
1545 2 2 100 1 996 998 2067
1546 2 2 100 1 1191 1378 1379
1547 2 2 100 1 1210 1207 2019
1548 2 2 100 1 208 298 2021
1549 2 2 100 1 1964 1833 1967
1550 2 2 100 1 511 512 513
1551 2 2 100 1 511 510 512
1552 2 2 100 1 1010 1012 2046
1553 2 2 100 1 1798 1801 1820
1554 2 2 100 1 1936 1938 1955
1555 2 2 100 1 766 794 2016
1556 2 2 100 1 1158 1184 1185
1557 2 2 100 1 1237 2022 2023
1558 2 2 100 1 1144 1020 2251
1559 2 2 100 1 1583 1582 1584
1560 2 2 100 1 1040 1041 1042
1561 2 2 100 1 728 727 729
1562 2 2 100 1 1237 1232 2022
1563 2 2 100 1 1345 1343 2393
1564 2 2 100 1 2004 549 2005
1565 2 2 100 1 1148 1006 2050
1566 2 2 100 1 1026 1102 2024
1567 2 2 100 1 1046 1045 1047
1568 2 2 100 1 2040 2069 2070
1569 2 2 100 1 1038 1039 1040
1570 2 2 100 1 726 725 727
1571 2 2 100 1 2067 2068 2115
1572 2 2 100 1 1036 1038 1100
1573 2 2 100 1 1352 1195 1353
1574 2 2 100 1 1147 1010 2046
1575 2 2 100 1 1036 1037 1038
1576 2 2 100 1 1908 1907 1909
1577 2 2 100 1 509 508 510
1578 2 2 100 1 1938 1937 1939
1579 2 2 100 1 1034 1035 1036
1580 2 2 100 1 724 723 725
1581 2 2 100 1 509 510 511
1582 2 2 100 1 1038 1040 1955
1583 2 2 100 1 727 725 837
1584 2 2 100 1 1032 1034 1138
1585 2 2 100 1 1008 1147 2050
1586 2 2 100 1 1004 1148 2054
1587 2 2 100 1 550 509 2031
1588 2 2 100 1 510 508 870
1589 2 2 100 1 756 2419 2421
1590 2 2 100 1 1044 1043 1045
1591 2 2 100 1 1209 1237 2019
1592 2 2 100 1 1032 1033 1034
1593 2 2 100 1 556 2095 2096
1594 2 2 100 1 507 506 508
1595 2 2 100 1 1097 763 2302
1596 2 2 100 1 2059 2076 2235
1597 2 2 100 1 998 1109 2067
1598 2 2 100 1 507 508 509
1599 2 2 100 1 2083 1155 2084
1600 2 2 100 1 1207 1209 2019
1601 2 2 100 1 1024 1026 2024
1602 2 2 100 1 487 489 2094
1603 2 2 100 1 722 721 723
1604 2 2 100 1 2173 305 2174
1605 2 2 100 1 2064 2063 2065
1606 2 2 100 1 723 721 838
1607 2 2 100 1 550 2031 2032
1608 2 2 100 1 1975 1973 1978
1609 2 2 100 1 996 2067 2115
1610 2 2 100 1 2069 1144 2251
1611 2 2 100 1 1109 2064 2067
1612 2 2 100 1 555 1920 1921
1613 2 2 100 1 505 504 506
1614 2 2 100 1 1936 1937 1938
1615 2 2 100 1 505 506 507
1616 2 2 100 1 739 738 740
1617 2 2 100 1 540 539 541
1618 2 2 100 1 732 733 734
1619 2 2 100 1 730 731 732
1620 2 2 100 1 2052 2051 2053
1621 2 2 100 1 1234 1393 2022
1622 2 2 100 1 1106 2042 2043
1623 2 2 100 1 720 719 721
1624 2 2 100 1 736 739 2010
1625 2 2 100 1 2058 2057 2061
1626 2 2 100 1 1030 1031 1032
1627 2 2 100 1 556 2094 2095
1628 2 2 100 1 1232 1234 2022
1629 2 2 100 1 786 2403 2404
1630 2 2 100 1 489 2081 2094
1631 2 2 100 1 1572 1571 1602
1632 2 2 100 1 734 736 2010
1633 2 2 100 1 1012 1106 2046
1634 2 2 100 1 2048 2047 2049
1635 2 2 100 1 1209 1232 1237
1636 2 2 100 1 718 717 719
1637 2 2 100 1 1348 1956 1957
1638 2 2 100 1 1190 1207 1210
1639 2 2 100 1 1028 1029 1030
1640 2 2 100 1 1148 2052 2054
1641 2 2 100 1 716 715 717
1642 2 2 100 1 2076 774 2235
1643 2 2 100 1 719 717 840
1644 2 2 100 1 728 729 730
1645 2 2 100 1 1040 1936 1955
1646 2 2 100 1 503 505 2057
1647 2 2 100 1 1026 1028 1102
1648 2 2 100 1 1106 1014 2042
1649 2 2 100 1 2025 2024 2029
1650 2 2 100 1 828 800 1397
1651 2 2 100 1 724 725 726
1652 2 2 100 1 1026 1027 1028
1653 2 2 100 1 1139 1024 2024
1654 2 2 100 1 1024 1025 1026
1655 2 2 100 1 503 502 504
1656 2 2 100 1 1022 1024 1139
1657 2 2 100 1 542 1814 1815
1658 2 2 100 1 776 2130 2131
1659 2 2 100 1 726 727 728
1660 2 2 100 1 2039 1144 2040
1661 2 2 100 1 556 487 2094
1662 2 2 100 1 483 485 2129
1663 2 2 100 1 1022 1023 1024
1664 2 2 100 1 1106 2043 2044
1665 2 2 100 1 503 504 505
1666 2 2 100 1 714 713 715
1667 2 2 100 1 489 491 2081
1668 2 2 100 1 1018 1144 2039
1669 2 2 100 1 1348 1345 1956
1670 2 2 100 1 513 515 555
1671 2 2 100 1 82 305 2173
1672 2 2 100 1 502 500 872
1673 2 2 100 1 2170 266 2171
1674 2 2 100 1 1042 1041 1043
1675 2 2 100 1 715 713 842
1676 2 2 100 1 1034 1033 1035
1677 2 2 100 1 16 17 1934
1678 2 2 100 1 1234 1236 1393
1679 2 2 100 1 1147 2048 2050
1680 2 2 100 1 789 2396 2399
1681 2 2 100 1 1139 2024 2025
1682 2 2 100 1 2172 81 2173
1683 2 2 100 1 722 723 724
1684 2 2 100 1 869 1155 2083
1685 2 2 100 1 80 81 2172
1686 2 2 100 1 1986 1984 1989
1687 2 2 100 1 501 500 502
1688 2 2 100 1 712 711 713
1689 2 2 100 1 2169 266 2170
1690 2 2 100 1 878 867 879
1691 2 2 100 1 1825 1826 1827
1692 2 2 100 1 1036 1035 1037
1693 2 2 100 1 137 138 1958
1694 2 2 100 1 1018 1020 1144
1695 2 2 100 1 710 709 711
1696 2 2 100 1 1948 1949 1950
1697 2 2 100 1 1038 1037 1039
1698 2 2 100 1 1346 1345 1348
1699 2 2 100 1 1020 1022 2251
1700 2 2 100 1 720 721 722
1701 2 2 100 1 1020 1021 1022
1702 2 2 100 1 1442 1444 1449
1703 2 2 100 1 899 904 2274
1704 2 2 100 1 776 2129 2130
1705 2 2 100 1 708 707 709
1706 2 2 100 1 1016 1018 2039
1707 2 2 100 1 711 709 846
1708 2 2 100 1 501 502 503
1709 2 2 100 1 1119 2117 2118
1710 2 2 100 1 2033 2032 2034
1711 2 2 100 1 552 2077 2078
1712 2 2 100 1 1136 1164 1165
1713 2 2 100 1 551 2057 2058
1714 2 2 100 1 85 86 1959
1715 2 2 100 1 1344 1343 1345
1716 2 2 100 1 1991 1988 2001
1717 2 2 100 1 1342 1341 1343
1718 2 2 100 1 506 504 537
1719 2 2 100 1 2065 2063 2066
1720 2 2 100 1 552 2078 2079
1721 2 2 100 1 968 970 2116
1722 2 2 100 1 1224 1222 1400
1723 2 2 100 1 1018 1019 1020
1724 2 2 100 1 552 493 2077
1725 2 2 100 1 1040 1039 1041
1726 2 2 100 1 2096 2095 2097
1727 2 2 100 1 1339 1336 1394
1728 2 2 100 1 551 503 2057
1729 2 2 100 1 1196 793 1893
1730 2 2 100 1 1016 1017 1018
1731 2 2 100 1 706 705 707
1732 2 2 100 1 1173 1136 1897
1733 2 2 100 1 716 717 718
1734 2 2 100 1 707 705 848
1735 2 2 100 1 1032 1031 1033
1736 2 2 100 1 2059 2058 2060
1737 2 2 100 1 776 483 2129
1738 2 2 100 1 485 556 2129
1739 2 2 100 1 81 82 2173
1740 2 2 100 1 491 552 2081
1741 2 2 100 1 1118 2110 2111
1742 2 2 100 1 2026 2025 2027
1743 2 2 100 1 2073 774 2074
1744 2 2 100 1 769 764 2352
1745 2 2 100 1 1765 857 2344
1746 2 2 100 1 718 719 720
1747 2 2 100 1 1014 1015 1016
1748 2 2 100 1 1340 1339 1341
1749 2 2 100 1 970 2113 2116
1750 2 2 100 1 2044 2043 2045
1751 2 2 100 1 910 912 1127
1752 2 2 100 1 1119 2116 2117
1753 2 2 100 1 1024 1023 1025
1754 2 2 100 1 714 715 716
1755 2 2 100 1 497 774 2073
1756 2 2 100 1 2031 511 2272
1757 2 2 100 1 79 266 2169
1758 2 2 100 1 904 906 1107
1759 2 2 100 1 2074 774 2076
1760 2 2 100 1 2198 320 2199
1761 2 2 100 1 704 703 705
1762 2 2 100 1 736 738 739
1763 2 2 100 1 1012 1014 1106
1764 2 2 100 1 2166 307 2167
1765 2 2 100 1 974 976 2109
1766 2 2 100 1 493 495 2077
1767 2 2 100 1 1995 1993 1999
1768 2 2 100 1 499 498 500
1769 2 2 100 1 1118 2109 2110
1770 2 2 100 1 703 701 839
1771 2 2 100 1 2042 2041 2043
1772 2 2 100 1 700 699 701
1773 2 2 100 1 1337 1336 1339
1774 2 2 100 1 2067 2064 2068
1775 2 2 100 1 1335 1334 1336
1776 2 2 100 1 1012 1013 1014
1777 2 2 100 1 2168 78 2169
1778 2 2 100 1 499 500 501
1779 2 2 100 1 1026 1025 1027
1780 2 2 100 1 970 972 2113
1781 2 2 100 1 2171 266 2172
1782 2 2 100 1 556 2096 2129
1783 2 2 100 1 712 713 714
1784 2 2 100 1 702 701 703
1785 2 2 100 1 1028 1027 1029
1786 2 2 100 1 479 481 2133
1787 2 2 100 1 1008 1010 1147
1788 2 2 100 1 77 78 2168
1789 2 2 100 1 698 697 699
1790 2 2 100 1 1119 968 2116
1791 2 2 100 1 708 709 710
1792 2 2 100 1 1014 1016 2042
1793 2 2 100 1 1010 1011 1012
1794 2 2 100 1 2039 2041 2042
1795 2 2 100 1 1159 2121 2122
1796 2 2 100 1 2195 257 2196
1797 2 2 100 1 1118 974 2109
1798 2 2 100 1 35 320 2198
1799 2 2 100 1 1855 1857 1858
1800 2 2 100 1 964 966 2120
1801 2 2 100 1 1008 1009 1010
1802 2 2 100 1 2194 257 2195
1803 2 2 100 1 976 2107 2109
1804 2 2 100 1 2079 2078 2080
1805 2 2 100 1 1333 1332 1334
1806 2 2 100 1 2092 2101 2128
1807 2 2 100 1 1030 1029 1031
1808 2 2 100 1 553 2134 2135
1809 2 2 100 1 1328 1325 1395
1810 2 2 100 1 497 499 774
1811 2 2 100 1 2197 34 2198
1812 2 2 100 1 710 711 712
1813 2 2 100 1 900 898 902
1814 2 2 100 1 1022 1021 1023
1815 2 2 100 1 1004 1006 1148
1816 2 2 100 1 696 695 697
1817 2 2 100 1 1331 1330 1332
1818 2 2 100 1 2165 307 2166
1819 2 2 100 1 697 695 850
1820 2 2 100 1 706 707 708
1821 2 2 100 1 1448 1451 1454
1822 2 2 100 1 33 34 2197
1823 2 2 100 1 994 996 2115
1824 2 2 100 1 976 978 2107
1825 2 2 100 1 1006 1007 1008
1826 2 2 100 1 1238 1228 1402
1827 2 2 100 1 1159 2120 2121
1828 2 2 100 1 78 79 2169
1829 2 2 100 1 1329 1328 1330
1830 2 2 100 1 1342 1343 1344
1831 2 2 100 1 2054 2052 2055
1832 2 2 100 1 1080 1092 1093
1833 2 2 100 1 1004 1005 1006
1834 2 2 100 1 2057 505 2255
1835 2 2 100 1 2188 323 2189
1836 2 2 100 1 2087 2088 2091
1837 2 2 100 1 972 1118 2113
1838 2 2 100 1 694 693 695
1839 2 2 100 1 774 499 2235
1840 2 2 100 1 2163 265 2164
1841 2 2 100 1 704 705 706
1842 2 2 100 1 1018 1017 1019
1843 2 2 100 1 992 1110 2087
1844 2 2 100 1 553 2133 2134
1845 2 2 100 1 1002 1003 1004
1846 2 2 100 1 1326 1325 1328
1847 2 2 100 1 1344 1345 1346
1848 2 2 100 1 693 691 841
1849 2 2 100 1 495 497 2073
1850 2 2 100 1 1324 1323 1325
1851 2 2 100 1 507 509 550
1852 2 2 100 1 698 699 700
1853 2 2 100 1 690 689 691
1854 2 2 100 1 1016 1015 1017
1855 2 2 100 1 2087 1110 2088
1856 2 2 100 1 553 479 2133
1857 2 2 100 1 481 776 2133
1858 2 2 100 1 776 2131 2133
1859 2 2 100 1 2118 2117 2119
1860 2 2 100 1 966 1119 2120
1861 2 2 100 1 34 35 2198
1862 2 2 100 1 692 691 693
1863 2 2 100 1 1340 1341 1342
1864 2 2 100 1 2101 1153 2128
1865 2 2 100 1 1000 1001 1002
1866 2 2 100 1 1020 1019 1021
1867 2 2 100 1 1159 964 2120
1868 2 2 100 1 688 687 689
1869 2 2 100 1 1839 1840 1841
1870 2 2 100 1 2185 258 2186
1871 2 2 100 1 40 323 2188
1872 2 2 100 1 494 492 862
1873 2 2 100 1 700 701 702
1874 2 2 100 1 598 767 1918
1875 2 2 100 1 998 1000 1109
1876 2 2 100 1 2184 258 2185
1877 2 2 100 1 1160 2124 2125
1878 2 2 100 1 497 498 499
1879 2 2 100 1 1728 1729 1730
1880 2 2 100 1 960 962 2123
1881 2 2 100 1 1014 1013 1015
1882 2 2 100 1 2167 307 2168
1883 2 2 100 1 1322 1321 1323
1884 2 2 100 1 990 992 2087
1885 2 2 100 1 2111 2110 2112
1886 2 2 100 1 1730 1731 1732
1887 2 2 100 1 2050 2048 2051
1888 2 2 100 1 2088 1110 2089
1889 2 2 100 1 998 999 1000
1890 2 2 100 1 2187 39 2188
1891 2 2 100 1 1119 2118 2120
1892 2 2 100 1 1667 1727 1728
1893 2 2 100 1 687 685 845
1894 2 2 100 1 702 703 704
1895 2 2 100 1 497 496 498
1896 2 2 100 1 1866 1868 1869
1897 2 2 100 1 686 685 687
1898 2 2 100 1 1010 1009 1011
1899 2 2 100 1 1320 1319 1321
1900 2 2 100 1 696 697 698
1901 2 2 100 1 38 39 2187
1902 2 2 100 1 1559 1616 1617
1903 2 2 100 1 1318 1317 1319
1904 2 2 100 1 996 997 998
1905 2 2 100 1 1117 2103 2104
1906 2 2 100 1 1118 2111 2113
1907 2 2 100 1 74 265 2163
1908 2 2 100 1 1016 2039 2042
1909 2 2 100 1 2073 2074 2075
1910 2 2 100 1 2160 311 2161
1911 2 2 100 1 495 2073 2077
1912 2 2 100 1 994 995 996
1913 2 2 100 1 954 956 2202
1914 2 2 100 1 1160 2123 2124
1915 2 2 100 1 1665 1666 1667
1916 2 2 100 1 2088 2089 2090
1917 2 2 100 1 978 1117 2107
1918 2 2 100 1 498 496 534
1919 2 2 100 1 1316 1315 1317
1920 2 2 100 1 2039 2040 2041
1921 2 2 100 1 684 683 685
1922 2 2 100 1 1012 1011 1013
1923 2 2 100 1 2162 73 2163
1924 2 2 100 1 694 695 696
1925 2 2 100 1 992 994 1110
1926 2 2 100 1 266 80 2172
1927 2 2 100 1 552 2079 2081
1928 2 2 100 1 681 679 847
1929 2 2 100 1 1117 980 2103
1930 2 2 100 1 72 73 2162
1931 2 2 100 1 682 681 683
1932 2 2 100 1 956 2126 2202
1933 2 2 100 1 688 689 690
1934 2 2 100 1 1150 990 2087
1935 2 2 100 1 1619 1664 1665
1936 2 2 100 1 1335 1336 1337
1937 2 2 100 1 1314 1313 1315
1938 2 2 100 1 962 1159 2123
1939 2 2 100 1 39 40 2188
1940 2 2 100 1 680 679 681
1941 2 2 100 1 992 993 994
1942 2 2 100 1 988 990 1150
1943 2 2 100 1 988 1150 2128
1944 2 2 100 1 1008 1007 1009
1945 2 2 100 1 990 991 992
1946 2 2 100 1 2098 1153 2099
1947 2 2 100 1 1550 1554 1555
1948 2 2 100 1 1117 2104 2105
1949 2 2 100 1 1150 2092 2128
1950 2 2 100 1 1160 960 2123
1951 2 2 100 1 1139 2025 2026
1952 2 2 100 1 1203 1404 2012
1953 2 2 100 1 984 1153 2098
1954 2 2 100 1 988 989 990
1955 2 2 100 1 1159 2122 2123
1956 2 2 100 1 690 691 692
1957 2 2 100 1 2190 260 2191
1958 2 2 100 1 1150 2087 2091
1959 2 2 100 1 1249 1247 1403
1960 2 2 100 1 956 958 2126
1961 2 2 100 1 678 677 679
1962 2 2 100 1 1004 1003 1005
1963 2 2 100 1 1616 1618 1619
1964 2 2 100 1 2099 1153 2101
1965 2 2 100 1 676 675 677
1966 2 2 100 1 1153 986 2128
1967 2 2 100 1 1002 1001 1003
1968 2 2 100 1 2159 311 2160
1969 2 2 100 1 1312 1311 1313
1970 2 2 100 1 2081 2079 2082
1971 2 2 100 1 1310 1309 1311
1972 2 2 100 1 1333 1334 1335
1973 2 2 100 1 1006 1005 1007
1974 2 2 100 1 553 2135 2136
1975 2 2 100 1 674 673 675
1976 2 2 100 1 1559 1615 1616
1977 2 2 100 1 984 986 1153
1978 2 2 100 1 73 74 2163
1979 2 2 100 1 692 693 694
1980 2 2 100 1 686 687 688
1981 2 2 100 1 2099 2101 2102
1982 2 2 100 1 675 673 852
1983 2 2 100 1 1305 1302 1396
1984 2 2 100 1 1110 994 2115
1985 2 2 100 1 2157 264 2158
1986 2 2 100 1 986 987 988
1987 2 2 100 1 1337 1339 1340
1988 2 2 100 1 1308 1307 1309
1989 2 2 100 1 2089 1110 2115
1990 2 2 100 1 2192 319 2193
1991 2 2 100 1 1121 954 2202
1992 2 2 100 1 1976 1975 1977
1993 2 2 100 1 1000 999 1001
1994 2 2 100 1 982 984 2098
1995 2 2 100 1 1557 1558 1559
1996 2 2 100 1 984 985 986
1997 2 2 100 1 1554 1556 1557
1998 2 2 100 1 1550 1553 1554
1999 2 2 100 1 1306 1305 1307
2000 2 2 100 1 684 685 686
2001 2 2 100 1 982 983 984
2002 2 2 100 1 1324 1325 1326
2003 2 2 100 1 996 995 997
2004 2 2 100 1 958 1160 2126
2005 2 2 100 1 1460 1465 1468
2006 2 2 100 1 1329 1330 1331
2007 2 2 100 1 672 671 673
2008 2 2 100 1 2200 278 2201
2009 2 2 100 1 484 482 860
2010 2 2 100 1 2092 2091 2093
2011 2 2 100 1 980 981 982
2012 2 2 100 1 1303 1302 1305
2013 2 2 100 1 680 681 682
2014 2 2 100 1 671 669 849
2015 2 2 100 1 2105 2104 2106
2016 2 2 100 1 1301 1300 1302
2017 2 2 100 1 1548 1549 1550
2018 2 2 100 1 2161 311 2162
2019 2 2 100 1 326 2179 2180
2020 2 2 100 1 326 2178 2179
2021 2 2 100 1 1160 2125 2126
2022 2 2 100 1 668 667 669
2023 2 2 100 1 998 997 999
2024 2 2 100 1 978 980 1117
2025 2 2 100 1 1546 1547 1548
2026 2 2 100 1 674 675 676
2027 2 2 100 1 670 669 671
2028 2 2 100 1 1996 1995 1997
2029 2 2 100 1 1877 1879 1880
2030 2 2 100 1 682 683 684
2031 2 2 100 1 278 47 2181
2032 2 2 100 1 1542 1545 1546
2033 2 2 100 1 990 989 991
2034 2 2 100 1 69 264 2157
2035 2 2 100 1 678 679 680
2036 2 2 100 1 2154 308 2155
2037 2 2 100 1 666 665 667
2038 2 2 100 1 978 979 980
2039 2 2 100 1 2103 2100 2104
2040 2 2 100 1 1331 1332 1333
2041 2 2 100 1 676 677 678
2042 2 2 100 1 1322 1323 1324
2043 2 2 100 1 1728 1727 1729
2044 2 2 100 1 1299 1298 1300
2045 2 2 100 1 1326 1328 1329
2046 2 2 100 1 986 988 2128
2047 2 2 100 1 994 993 995
2048 2 2 100 1 1530 1535 1536
2049 2 2 100 1 980 982 2103
2050 2 2 100 1 2156 68 2157
2051 2 2 100 1 976 977 978
2052 2 2 100 1 1297 1296 1298
2053 2 2 100 1 1540 1541 1542
2054 2 2 100 1 307 77 2168
2055 2 2 100 1 2176 259 2177
2056 2 2 100 1 2113 2111 2114
2057 2 2 100 1 67 68 2156
2058 2 2 100 1 1983 1982 1984
2059 2 2 100 1 974 975 976
2060 2 2 100 1 1295 1294 1296
2061 2 2 100 1 1316 1317 1318
2062 2 2 100 1 2129 2096 2130
2063 2 2 100 1 47 48 2181
2064 2 2 100 1 2098 2100 2103
2065 2 2 100 1 664 663 665
2066 2 2 100 1 1318 1319 1320
2067 2 2 100 1 992 991 993
2068 2 2 100 1 665 663 854
2069 2 2 100 1 972 974 1118
2070 2 2 100 1 1981 1980 1982
2071 2 2 100 1 1260 1258 1401
2072 2 2 100 1 988 987 989
2073 2 2 100 1 1293 1292 1294
2074 2 2 100 1 1538 1539 1540
2075 2 2 100 1 672 673 674
2076 2 2 100 1 475 477 2136
2077 2 2 100 1 2151 263 2152
2078 2 2 100 1 2153 308 2154
2079 2 2 100 1 1518 1525 1526
2080 2 2 100 1 1314 1315 1316
2081 2 2 100 1 2120 2118 2121
2082 2 2 100 1 972 973 974
2083 2 2 100 1 477 553 2136
2084 2 2 100 1 970 971 972
2085 2 2 100 1 662 661 663
2086 2 2 100 1 1987 1986 1988
2087 2 2 100 1 1535 1537 1538
2088 2 2 100 1 68 69 2157
2089 2 2 100 1 984 983 985
2090 2 2 100 1 2196 257 2197
2091 2 2 100 1 1291 1290 1292
2092 2 2 100 1 666 667 668
2093 2 2 100 1 968 969 970
2094 2 2 100 1 982 981 983
2095 2 2 100 1 1530 1534 1535
2096 2 2 100 1 1658 1660 1663
2097 2 2 100 1 2142 304 2143
2098 2 2 100 1 986 985 987
2099 2 2 100 1 966 968 1119
2100 2 2 100 1 660 659 661
2101 2 2 100 1 668 669 670
2102 2 2 100 1 661 659 855
2103 2 2 100 1 2136 2135 2137
2104 2 2 100 1 1528 1529 1530
2105 2 2 100 1 2123 2122 2124
2106 2 2 100 1 64 263 2151
2107 2 2 100 1 2148 310 2149
2108 2 2 100 1 962 964 1159
2109 2 2 100 1 1289 1288 1290
2110 2 2 100 1 980 979 981
2111 2 2 100 1 1769 1767 1919
2112 2 2 100 1 1518 1524 1525
2113 2 2 100 1 50 51 2176
2114 2 2 100 1 51 259 2176
2115 2 2 100 1 966 967 968
2116 2 2 100 1 1308 1309 1310
2117 2 2 100 1 670 671 672
2118 2 2 100 1 658 657 659
2119 2 2 100 1 2138 277 2139
2120 2 2 100 1 1974 1973 1975
2121 2 2 100 1 1287 1286 1288
2122 2 2 100 1 2150 63 2151
2123 2 2 100 1 964 965 966
2124 2 2 100 1 1320 1321 1322
2125 2 2 100 1 326 49 2178
2126 2 2 100 1 1310 1311 1312
2127 2 2 100 1 976 975 977
2128 2 2 100 1 1312 1313 1314
2129 2 2 100 1 1497 1507 1508
2130 2 2 100 1 1278 1275 1398
2131 2 2 100 1 2155 308 2156
2132 2 2 100 1 1271 1269 1399
2133 2 2 100 1 62 63 2150
2134 2 2 100 1 2133 2131 2134
2135 2 2 100 1 1516 1517 1518
2136 2 2 100 1 962 963 964
2137 2 2 100 1 1525 1527 1528
2138 2 2 100 1 1682 1684 1687
2139 2 2 100 1 2140 309 2141
2140 2 2 100 1 664 665 666
2141 2 2 100 1 1768 1767 1769
2142 2 2 100 1 1766 1765 1767
2143 2 2 100 1 1285 1284 1286
2144 2 2 100 1 1306 1307 1308
2145 2 2 100 1 50 2176 2178
2146 2 2 100 1 2147 310 2148
2147 2 2 100 1 2186 258 2187
2148 2 2 100 1 1301 1302 1303
2149 2 2 100 1 978 977 979
2150 2 2 100 1 2144 262 2145
2151 2 2 100 1 2126 2125 2127
2152 2 2 100 1 474 858 2132
2153 2 2 100 1 1480 1487 1488
2154 2 2 100 1 1546 1545 1547
2155 2 2 100 1 657 655 856
2156 2 2 100 1 1510 1513 1514
2157 2 2 100 1 2098 2099 2100
2158 2 2 100 1 982 2098 2103
2159 2 2 100 1 1675 1677 1680
2160 2 2 100 1 311 72 2162
2161 2 2 100 1 662 663 664
2162 2 2 100 1 474 472 858
2163 2 2 100 1 970 969 971
2164 2 2 100 1 958 960 1160
2165 2 2 100 1 960 961 962
2166 2 2 100 1 63 64 2151
2167 2 2 100 1 1514 1515 1516
2168 2 2 100 1 974 973 975
2169 2 2 100 1 1283 1282 1284
2170 2 2 100 1 1507 1509 1510
2171 2 2 100 1 1554 1553 1556
2172 2 2 100 1 1299 1300 1301
2173 2 2 100 1 1985 1984 1986
2174 2 2 100 1 656 655 657
2175 2 2 100 1 1303 1305 1306
2176 2 2 100 1 1293 1294 1295
2177 2 2 100 1 1497 1506 1507
2178 2 2 100 1 1295 1296 1297
2179 2 2 100 1 1150 2091 2092
2180 2 2 100 1 972 971 973
2181 2 2 100 1 475 2136 2215
2182 2 2 100 1 1495 1496 1497
2183 2 2 100 1 958 959 960
2184 2 2 100 1 968 967 969
2185 2 2 100 1 658 659 660
2186 2 2 100 1 660 661 662
2187 2 2 100 1 1291 1292 1293
2188 2 2 100 1 257 33 2197
2189 2 2 100 1 2149 310 2150
2190 2 2 100 1 964 963 965
2191 2 2 100 1 1281 1280 1282
2192 2 2 100 1 1297 1298 1299
2193 2 2 100 1 1493 1494 1495
2194 2 2 100 1 966 965 967
2195 2 2 100 1 308 67 2156
2196 2 2 100 1 49 50 2178
2197 2 2 100 1 258 38 2187
2198 2 2 100 1 1490 1492 1493
2199 2 2 100 1 2094 2082 2095
2200 2 2 100 1 962 961 963
2201 2 2 100 1 1766 1767 1768
2202 2 2 100 1 1701 1703 1706
2203 2 2 100 1 310 62 2150
2204 2 2 100 1 1289 1290 1291
2205 2 2 100 1 1518 1517 1524
2206 2 2 100 1 304 54 2138
2207 2 2 100 1 52 53 2142
2208 2 2 100 1 259 52 2142
2209 2 2 100 1 57 309 2140
2210 2 2 100 1 53 304 2142
2211 2 2 100 1 53 54 304
2212 2 2 100 1 55 277 2138
2213 2 2 100 1 173 174 273
2214 2 2 100 1 277 56 2140
2215 2 2 100 1 54 55 2138
2216 2 2 100 1 55 56 277
2217 2 2 100 1 309 58 2144
2218 2 2 100 1 175 176 302
2219 2 2 100 1 84 267 2146
2220 2 2 100 1 57 58 309
2221 2 2 100 1 56 57 2140
2222 2 2 100 1 83 84 2146
2223 2 2 100 1 76 307 2165
2224 2 2 100 1 59 262 2144
2225 2 2 100 1 71 311 2159
2226 2 2 100 1 66 308 2153
2227 2 2 100 1 58 59 2144
2228 2 2 100 1 262 60 2147
2229 2 2 100 1 314 189 2175
2230 2 2 100 1 75 76 2165
2231 2 2 100 1 305 83 2146
2232 2 2 100 1 265 75 2165
2233 2 2 100 1 61 310 2147
2234 2 2 100 1 263 65 2153
2235 2 2 100 1 264 70 2159
2236 2 2 100 1 74 75 265
2237 2 2 100 1 69 70 264
2238 2 2 100 1 84 85 267
2239 2 2 100 1 59 60 262
2240 2 2 100 1 79 80 266
2241 2 2 100 1 76 77 307
2242 2 2 100 1 82 83 305
2243 2 2 100 1 61 62 310
2244 2 2 100 1 64 65 263
2245 2 2 100 1 71 72 311
2246 2 2 100 1 66 67 308
2247 2 2 100 1 65 66 2153
2248 2 2 100 1 70 71 2159
2249 2 2 100 1 190 269 2175
2250 2 2 100 1 181 182 288
2251 2 2 100 1 192 193 315
2252 2 2 100 1 200 201 271
2253 2 2 100 1 190 191 269
2254 2 2 100 1 183 184 316
2255 2 2 100 1 185 186 268
2256 2 2 100 1 195 196 270
2257 2 2 100 1 205 206 272
2258 2 2 100 1 188 189 314
2259 2 2 100 1 178 179 261
2260 2 2 100 1 202 203 313
2261 2 2 100 1 197 198 312
2262 2 2 100 1 60 61 2147
2263 2 2 100 1 189 190 2175
2264 2 2 100 1 51 52 259
2265 2 2 100 1 42 43 260
2266 2 2 100 1 35 36 320
2267 2 2 100 1 46 47 278
2268 2 2 100 1 32 33 257
2269 2 2 100 1 20 21 321
2270 2 2 100 1 30 31 322
2271 2 2 100 1 17 18 254
2272 2 2 100 1 22 23 255
2273 2 2 100 1 24 25 324
2274 2 2 100 1 27 28 256
2275 2 2 100 1 37 38 258
2276 2 2 100 1 40 41 323
2277 2 2 100 1 41 42 2190
2278 2 2 100 1 31 32 2194
2279 2 2 100 1 44 45 319
2280 2 2 100 1 36 37 2184
2281 2 2 100 1 148 149 249
2282 2 2 100 1 146 147 318
2283 2 2 100 1 168 169 253
2284 2 2 100 1 48 49 326
2285 2 2 100 1 147 148 2183
2286 2 2 100 1 43 44 2192
2287 2 2 100 1 151 152 329
2288 2 2 100 1 138 139 247
2289 2 2 100 1 140 141 327
2290 2 2 100 1 143 144 248
2291 2 2 100 1 163 164 252
2292 2 2 100 1 165 166 325
2293 2 2 100 1 153 154 250
2294 2 2 100 1 155 156 330
2295 2 2 100 1 158 159 251
2296 2 2 100 1 160 161 328
2297 2 2 100 1 45 46 2200
2298 2 2 100 1 46 278 2200
2299 2 2 100 1 322 31 2194
2300 2 2 100 1 323 41 2190
2301 2 2 100 1 318 147 2183
2302 2 2 100 1 37 258 2184
2303 2 2 100 1 42 260 2190
2304 2 2 100 1 32 257 2194
2305 2 2 100 1 44 319 2192
2306 2 2 100 1 320 36 2184
2307 2 2 100 1 260 43 2192
2308 2 2 100 1 247 139 2182
2309 2 2 100 1 148 249 2183
2310 2 2 100 1 319 45 2200
2311 2 2 100 1 139 140 2182
2312 2 2 100 1 140 327 2182
2313 2 2 100 1 171 172 303
2314 2 2 100 1 956 957 958
2315 2 2 100 1 1287 1288 1289
2316 2 2 100 1 1487 1489 1490
2317 2 2 100 1 1279 1278 1280
2318 2 2 100 1 1285 1286 1287
2319 2 2 100 1 2126 2127 2202
2320 2 2 100 1 960 959 961
2321 2 2 100 1 1768 1769 1770
2322 2 2 100 1 654 653 655
2323 2 2 100 1 1510 1509 1513
2324 2 2 100 1 491 493 552
2325 2 2 100 1 1514 1513 1515
2326 2 2 100 1 1542 1541 1545
2327 2 2 100 1 1530 1529 1534
2328 2 2 100 1 495 496 497
2329 2 2 100 1 1497 1496 1506
2330 2 2 100 1 1747 1765 1766
2331 2 2 100 1 656 657 658
2332 2 2 100 1 495 494 496
2333 2 2 100 1 493 494 495
2334 2 2 100 1 493 492 494
2335 2 2 100 1 488 486 531
2336 2 2 100 1 1507 1506 1509
2337 2 2 100 1 491 492 493
2338 2 2 100 1 1882 1883 1886
2339 2 2 100 1 1525 1524 1527
2340 2 2 100 1 491 490 492
2341 2 2 100 1 1283 1284 1285
2342 2 2 100 1 1747 1746 1765
2343 2 2 100 1 481 483 776
2344 2 2 100 1 485 487 556
2345 2 2 100 1 489 490 491
2346 2 2 100 1 1480 1486 1487
2347 2 2 100 1 1478 1479 1480
2348 2 2 100 1 489 488 490
2349 2 2 100 1 487 488 489
2350 2 2 100 1 530 476 2132
2351 2 2 100 1 487 486 488
2352 2 2 100 1 1495 1494 1496
2353 2 2 100 1 1276 1275 1278
2354 2 2 100 1 1972 1971 1973
2355 2 2 100 1 485 486 487
2356 2 2 100 1 958 957 959
2357 2 2 100 1 485 484 486
2358 2 2 100 1 1516 1515 1517
2359 2 2 100 1 1493 1492 1494
2360 2 2 100 1 1538 1537 1539
2361 2 2 100 1 477 479 553
2362 2 2 100 1 1550 1549 1553
2363 2 2 100 1 471 473 777
2364 2 2 100 1 653 651 857
2365 2 2 100 1 483 484 485
2366 2 2 100 1 1535 1534 1537
2367 2 2 100 1 483 482 484
2368 2 2 100 1 478 476 530
2369 2 2 100 1 481 482 483
2370 2 2 100 1 481 480 482
2371 2 2 100 1 1540 1539 1541
2372 2 2 100 1 476 474 2132
2373 2 2 100 1 554 469 2206
2374 2 2 100 1 1490 1489 1492
2375 2 2 100 1 1281 1282 1283
2376 2 2 100 1 479 480 481
2377 2 2 100 1 479 478 480
2378 2 2 100 1 1528 1527 1529
2379 2 2 100 1 954 955 956
2380 2 2 100 1 652 651 653
2381 2 2 100 1 654 655 656
2382 2 2 100 1 477 478 479
2383 2 2 100 1 469 471 2206
2384 2 2 100 1 463 465 780
2385 2 2 100 1 477 476 478
2386 2 2 100 1 1274 1273 1275
2387 2 2 100 1 460 535 2211
2388 2 2 100 1 1476 1477 1478
2389 2 2 100 1 956 955 957
2390 2 2 100 1 475 476 477
2391 2 2 100 1 1496 1494 1511
2392 2 2 100 1 1279 1280 1281
2393 2 2 100 1 1487 1486 1489
2394 2 2 100 1 464 462 809
2395 2 2 100 1 475 474 476
2396 2 2 100 1 467 469 554
2397 2 2 100 1 473 474 475
2398 2 2 100 1 952 954 1121
2399 2 2 100 1 468 466 528
2400 2 2 100 1 961 959 1067
2401 2 2 100 1 1117 2105 2107
2402 2 2 100 1 473 472 474
2403 2 2 100 1 1480 1479 1486
2404 2 2 100 1 2113 2114 2116
2405 2 2 100 1 1744 1743 1746
2406 2 2 100 1 957 955 1072
2407 2 2 100 1 471 472 473
2408 2 2 100 1 2116 2114 2117
2409 2 2 100 1 471 470 472
2410 2 2 100 1 462 460 2211
2411 2 2 100 1 2136 2137 2215
2412 2 2 100 1 1276 1278 1279
2413 2 2 100 1 1690 1692 1695
2414 2 2 100 1 471 777 2206
2415 2 2 100 1 1272 1271 1273
2416 2 2 100 1 1478 1477 1479
2417 2 2 100 1 326 2180 2181
2418 2 2 100 1 2081 2082 2094
2419 2 2 100 1 469 470 471
2420 2 2 100 1 1744 1746 1747
2421 2 2 100 1 952 953 954
2422 2 2 100 1 652 653 654
2423 2 2 100 1 469 468 470
2424 2 2 100 1 959 957 2204
2425 2 2 100 1 1548 1547 1549
2426 2 2 100 1 1734 1743 1744
2427 2 2 100 1 954 953 955
2428 2 2 100 1 1517 1515 1523
2429 2 2 100 1 48 326 2181
2430 2 2 100 1 967 965 1073
2431 2 2 100 1 467 468 469
2432 2 2 100 1 1274 1275 1276
2433 2 2 100 1 971 969 1070
2434 2 2 100 1 467 466 468
2435 2 2 100 1 1879 1881 1882
2436 2 2 100 1 780 465 2205
2437 2 2 100 1 1734 1733 1743
2438 2 2 100 1 650 649 651
2439 2 2 100 1 662 664 779
2440 2 2 100 1 1479 1477 1491
2441 2 2 100 1 948 950 1161
2442 2 2 100 1 460 458 535
2443 2 2 100 1 654 656 778
2444 2 2 100 1 650 651 652
2445 2 2 100 1 1667 1666 1727
2446 2 2 100 1 1559 1558 1615
2447 2 2 100 1 465 466 467
2448 2 2 100 1 1718 1733 1734
2449 2 2 100 1 1067 959 2204
2450 2 2 100 1 957 1072 2204
2451 2 2 100 1 1768 1770 1771
2452 2 2 100 1 2107 2105 2108
2453 2 2 100 1 467 554 2205
2454 2 2 100 1 658 660 758
2455 2 2 100 1 464 809 2207
2456 2 2 100 1 465 464 466
2457 2 2 100 1 1473 1475 1476
2458 2 2 100 1 1279 1281 1369
2459 2 2 100 1 950 951 952
2460 2 2 100 1 1283 1285 1368
2461 2 2 100 1 457 459 557
2462 2 2 100 1 1272 1273 1274
2463 2 2 100 1 952 951 953
2464 2 2 100 1 1716 1717 1718
2465 2 2 100 1 528 466 2207
2466 2 2 100 1 463 464 465
2467 2 2 100 1 1718 1717 1733
2468 2 2 100 1 456 454 807
2469 2 2 100 1 1529 1527 1533
2470 2 2 100 1 943 1068 2222
2471 2 2 100 1 952 1121 2203
2472 2 2 100 1 463 462 464
2473 2 2 100 1 946 948 2217
2474 2 2 100 1 950 952 2203
2475 2 2 100 1 1270 1269 1271
2476 2 2 100 1 465 467 2205
2477 2 2 100 1 1287 1289 1367
2478 2 2 100 1 977 975 1071
2479 2 2 100 1 670 672 775
2480 2 2 100 1 1162 946 2217
2481 2 2 100 1 1619 1618 1664
2482 2 2 100 1 809 462 2211
2483 2 2 100 1 473 475 2215
2484 2 2 100 1 2104 2100 2223
2485 2 2 100 1 951 949 1065
2486 2 2 100 1 656 658 2209
2487 2 2 100 1 461 462 463
2488 2 2 100 1 466 464 2207
2489 2 2 100 1 969 967 2208
2490 2 2 100 1 1161 950 2203
2491 2 2 100 1 1476 1475 1477
2492 2 2 100 1 2109 2108 2110
2493 2 2 100 1 1557 1556 1558
2494 2 2 100 1 461 460 462
2495 2 2 100 1 1882 1881 1883
2496 2 2 100 1 1471 1472 1473
2497 2 2 100 1 950 949 951
2498 2 2 100 1 1873 1874 1875
2499 2 2 100 1 1994 1993 1995
2500 2 2 100 1 1712 1715 1716
2501 2 2 100 1 2106 2104 2223
2502 2 2 100 1 666 668 757
2503 2 2 100 1 1716 1715 1717
2504 2 2 100 1 648 650 749
2505 2 2 100 1 1070 969 2208
2506 2 2 100 1 459 460 461
2507 2 2 100 1 1268 1267 1269
2508 2 2 100 1 1270 1271 1272
2509 2 2 100 1 1665 1664 1666
2510 2 2 100 1 778 656 2209
2511 2 2 100 1 967 1073 2208
2512 2 2 100 1 1291 1293 1365
2513 2 2 100 1 647 645 810
2514 2 2 100 1 459 458 460
2515 2 2 100 1 660 662 2210
2516 2 2 100 1 648 649 650
2517 2 2 100 1 1272 1274 1277
2518 2 2 100 1 452 450 533
2519 2 2 100 1 1616 1615 1618
2520 2 2 100 1 658 758 2209
2521 2 2 100 1 948 949 950
2522 2 2 100 1 777 473 2215
2523 2 2 100 1 1710 1711 1712
2524 2 2 100 1 457 458 459
2525 2 2 100 1 662 779 2210
2526 2 2 100 1 451 453 558
2527 2 2 100 1 648 647 649
2528 2 2 100 1 457 456 458
2529 2 2 100 1 947 945 1069
2530 2 2 100 1 758 660 2210
2531 2 2 100 1 1712 1711 1715
2532 2 2 100 1 1875 1876 1877
2533 2 2 100 1 945 943 2222
2534 2 2 100 1 455 456 457
2535 2 2 100 1 1473 1472 1475
2536 2 2 100 1 674 676 747
2537 2 2 100 1 2107 2108 2109
2538 2 2 100 1 1709 1704 1748
2539 2 2 100 1 535 458 2212
2540 2 2 100 1 779 664 2213
2541 2 2 100 1 1266 1265 1267
2542 2 2 100 1 1467 1470 1471
2543 2 2 100 1 1268 1269 1270
2544 2 2 100 1 1268 1270 1372
2545 2 2 100 1 456 807 2212
2546 2 2 100 1 455 454 456
2547 2 2 100 1 1295 1297 1364
2548 2 2 100 1 664 666 2213
2549 2 2 100 1 1705 1709 1710
2550 2 2 100 1 1871 1872 1873
2551 2 2 100 1 436 434 544
2552 2 2 100 1 948 947 949
2553 2 2 100 1 1299 1301 1304
2554 2 2 100 1 1703 1704 1705
2555 2 2 100 1 646 647 648
2556 2 2 100 1 1710 1709 1711
2557 2 2 100 1 983 981 1076
2558 2 2 100 1 453 454 455
2559 2 2 100 1 458 456 2212
2560 2 2 100 1 1877 1878 1879
2561 2 2 100 1 948 1161 2217
2562 2 2 100 1 944 946 1162
2563 2 2 100 1 453 452 454
2564 2 2 100 1 642 644 781
2565 2 2 100 1 446 444 806
2566 2 2 100 1 646 645 647
2567 2 2 100 1 1266 1267 1268
2568 2 2 100 1 947 1069 2214
2569 2 2 100 1 666 757 2213
2570 2 2 100 1 1065 949 2214
2571 2 2 100 1 946 947 948
2572 2 2 100 1 1701 1702 1703
2573 2 2 100 1 807 454 2218
2574 2 2 100 1 1705 1704 1709
2575 2 2 100 1 451 452 453
2576 2 2 100 1 1471 1470 1472
2577 2 2 100 1 949 947 2214
2578 2 2 100 1 451 450 452
2579 2 2 100 1 775 672 2219
2580 2 2 100 1 1465 1466 1467
2581 2 2 100 1 441 443 783
2582 2 2 100 1 670 775 2216
2583 2 2 100 1 1263 1262 1265
2584 2 2 100 1 644 645 646
2585 2 2 100 1 1703 1702 1704
2586 2 2 100 1 644 643 645
2587 2 2 100 1 452 533 2218
2588 2 2 100 1 1699 1700 1701
2589 2 2 100 1 445 447 562
2590 2 2 100 1 449 450 451
2591 2 2 100 1 757 668 2216
2592 2 2 100 1 668 670 2216
2593 2 2 100 1 643 641 859
2594 2 2 100 1 1879 1878 1881
2595 2 2 100 1 987 985 1077
2596 2 2 100 1 449 448 450
2597 2 2 100 1 946 945 947
2598 2 2 100 1 1549 1547 1551
2599 2 2 100 1 642 643 644
2600 2 2 100 1 672 674 2219
2601 2 2 100 1 1730 1729 1731
2602 2 2 100 1 1701 1700 1702
2603 2 2 100 1 454 452 2218
2604 2 2 100 1 991 989 1074
2605 2 2 100 1 674 747 2219
2606 2 2 100 1 1263 1265 1266
2607 2 2 100 1 642 641 643
2608 2 2 100 1 1261 1260 1262
2609 2 2 100 1 1992 1991 1993
2610 2 2 100 1 447 448 449
2611 2 2 100 1 501 503 551
2612 2 2 100 1 1697 1698 1699
2613 2 2 100 1 943 941 1068
2614 2 2 100 1 1467 1466 1470
2615 2 2 100 1 447 446 448
2616 2 2 100 1 442 440 527
2617 2 2 100 1 1458 1459 1460
2618 2 2 100 1 2229 2090 2504
2619 2 2 100 1 1875 1874 1876
2620 2 2 100 1 684 686 782
2621 2 2 100 1 680 682 756
2622 2 2 100 1 1699 1698 1700
2623 2 2 100 1 445 446 447
2624 2 2 100 1 640 641 642
2625 2 2 100 1 944 945 946
2626 2 2 100 1 1460 1464 1465
2627 2 2 100 1 1306 1308 1362
2628 2 2 100 1 1696 1693 1719
2629 2 2 100 1 810 645 2220
2630 2 2 100 1 1261 1262 1263
2631 2 2 100 1 1069 945 2222
2632 2 2 100 1 445 444 446
2633 2 2 100 1 759 1792 2302
2634 2 2 100 1 1877 1876 1878
2635 2 2 100 1 638 640 750
2636 2 2 100 1 437 439 559
2637 2 2 100 1 645 643 2220
2638 2 2 100 1 1694 1696 1697
2639 2 2 100 1 443 444 445
2640 2 2 100 1 985 983 2221
2641 2 2 100 1 640 639 641
2642 2 2 100 1 1868 1870 1871
2643 2 2 100 1 1990 1988 1991
2644 2 2 100 1 443 442 444
2645 2 2 100 1 1878 1876 1884
2646 2 2 100 1 944 943 945
2647 2 2 100 1 1697 1696 1698
2648 2 2 100 1 1558 1556 1567
2649 2 2 100 1 1261 1263 1264
2650 2 2 100 1 983 1076 2221
2651 2 2 100 1 1873 1872 1874
2652 2 2 100 1 1259 1258 1260
2653 2 2 100 1 997 995 1075
2654 2 2 100 1 1692 1693 1694
2655 2 2 100 1 643 859 2220
2656 2 2 100 1 642 781 2225
2657 2 2 100 1 441 442 443
2658 2 2 100 1 1465 1464 1466
2659 2 2 100 1 1310 1312 1361
2660 2 2 100 1 989 987 2224
2661 2 2 100 1 1259 1260 1261
2662 2 2 100 1 1077 985 2221
2663 2 2 100 1 441 440 442
2664 2 2 100 1 806 444 2226
2665 2 2 100 1 1694 1693 1696
2666 2 2 100 1 1074 989 2224
2667 2 2 100 1 942 943 944
2668 2 2 100 1 1684 1685 1686
2669 2 2 100 1 987 1077 2224
2670 2 2 100 1 1456 1457 1458
2671 2 2 100 1 640 642 2225
2672 2 2 100 1 1257 1256 1258
2673 2 2 100 1 439 440 441
2674 2 2 100 1 638 639 640
2675 2 2 100 1 1690 1691 1692
2676 2 2 100 1 1686 1689 1690
2677 2 2 100 1 442 527 2226
2678 2 2 100 1 439 438 440
2679 2 2 100 1 2026 2027 2028
2680 2 2 100 1 1692 1691 1693
2681 2 2 100 1 1257 1259 1373
2682 2 2 100 1 1689 1685 1720
2683 2 2 100 1 688 690 753
2684 2 2 100 1 1871 1870 1872
2685 2 2 100 1 1460 1459 1464
2686 2 2 100 1 750 640 2225
2687 2 2 100 1 444 442 2226
2688 2 2 100 1 692 694 785
2689 2 2 100 1 1106 2044 2046
2690 2 2 100 1 1682 1683 1684
2691 2 2 100 1 637 635 811
2692 2 2 100 1 431 433 560
2693 2 2 100 1 942 941 943
2694 2 2 100 1 1314 1316 1360
2695 2 2 100 1 437 438 439
2696 2 2 100 1 1257 1258 1259
2697 2 2 100 1 437 436 438
2698 2 2 100 1 638 637 639
2699 2 2 100 1 682 684 2227
2700 2 2 100 1 1458 1457 1459
2701 2 2 100 1 430 428 529
2702 2 2 100 1 1690 1689 1691
2703 2 2 100 1 1686 1685 1689
2704 2 2 100 1 1255 1254 1256
2705 2 2 100 1 684 782 2227
2706 2 2 100 1 2062 2055 2063
2707 2 2 100 1 1864 1865 1866
2708 2 2 100 1 756 682 2227
2709 2 2 100 1 2077 2075 2078
2710 2 2 100 1 2054 2055 2062
2711 2 2 100 1 1862 1863 1864
2712 2 2 100 1 632 634 784
2713 2 2 100 1 435 436 437
2714 2 2 100 1 1684 1683 1685
2715 2 2 100 1 1979 1977 1980
2716 2 2 100 1 435 434 436
2717 2 2 100 1 940 941 942
2718 2 2 100 1 636 637 638
2719 2 2 100 1 1681 1678 1721
2720 2 2 100 1 1679 1681 1682
2721 2 2 100 1 1255 1256 1257
2722 2 2 100 1 782 686 2228
2723 2 2 100 1 433 434 435
2724 2 2 100 1 1866 1867 1868
2725 2 2 100 1 696 698 746
2726 2 2 100 1 1318 1320 1359
2727 2 2 100 1 1003 1001 1082
2728 2 2 100 1 433 432 434
2729 2 2 100 1 1459 1457 1485
2730 2 2 100 1 1682 1681 1683
2731 2 2 100 1 551 2059 2235
2732 2 2 100 1 686 688 2228
2733 2 2 100 1 940 939 941
2734 2 2 100 1 636 635 637
2735 2 2 100 1 1322 1324 1327
2736 2 2 100 1 501 551 2235
2737 2 2 100 1 938 940 1125
2738 2 2 100 1 2046 2044 2047
2739 2 2 100 1 1677 1678 1679
2740 2 2 100 1 1609 1611 1614
2741 2 2 100 1 634 635 636
2742 2 2 100 1 1252 1251 1254
2743 2 2 100 1 431 432 433
2744 2 2 100 1 1996 1997 1998
2745 2 2 100 1 431 430 432
2746 2 2 100 1 1970 1969 1971
2747 2 2 100 1 634 633 635
2748 2 2 100 1 1453 1455 1456
2749 2 2 100 1 424 422 805
2750 2 2 100 1 421 423 788
2751 2 2 100 1 688 753 2228
2752 2 2 100 1 633 631 861
2753 2 2 100 1 1675 1676 1677
2754 2 2 100 1 632 633 634
2755 2 2 100 1 1650 1355 1651
2756 2 2 100 1 1252 1254 1255
2757 2 2 100 1 425 427 564
2758 2 2 100 1 938 939 940
2759 2 2 100 1 1868 1867 1870
2760 2 2 100 1 429 430 431
2761 2 2 100 1 1679 1678 1681
2762 2 2 100 1 1451 1452 1453
2763 2 2 100 1 560 433 2229
2764 2 2 100 1 1250 1249 1251
2765 2 2 100 1 937 935 1064
2766 2 2 100 1 2073 2075 2077
2767 2 2 100 1 429 428 430
2768 2 2 100 1 1007 1005 1083
2769 2 2 100 1 1673 1674 1675
2770 2 2 100 1 632 631 633
2771 2 2 100 1 1677 1676 1678
2772 2 2 100 1 1011 1009 1078
2773 2 2 100 1 433 435 2229
2774 2 2 100 1 1860 1861 1862
2775 2 2 100 1 938 937 939
2776 2 2 100 1 427 428 429
2777 2 2 100 1 1456 1455 1457
2778 2 2 100 1 753 690 2230
2779 2 2 100 1 692 785 2230
2780 2 2 100 1 690 692 2230
2781 2 2 100 1 785 694 2231
2782 2 2 100 1 1250 1251 1252
2783 2 2 100 1 630 631 632
2784 2 2 100 1 1675 1674 1676
2785 2 2 100 1 427 426 428
2786 2 2 100 1 551 2058 2059
2787 2 2 100 1 1671 1672 1673
2788 2 2 100 1 1994 1995 1996
2789 2 2 100 1 936 937 938
2790 2 2 100 1 1864 1863 1865
2791 2 2 100 1 628 630 751
2792 2 2 100 1 694 696 2231
2793 2 2 100 1 1866 1865 1867
2794 2 2 100 1 811 635 2233
2795 2 2 100 1 1013 1011 2232
2796 2 2 100 1 425 426 427
2797 2 2 100 1 1448 1450 1451
2798 2 2 100 1 696 746 2231
2799 2 2 100 1 702 704 786
2800 2 2 100 1 1673 1672 1674
2801 2 2 100 1 936 935 937
2802 2 2 100 1 420 418 525
2803 2 2 100 1 425 424 426
2804 2 2 100 1 1250 1252 1253
2805 2 2 100 1 933 931 1066
2806 2 2 100 1 1446 1447 1448
2807 2 2 100 1 630 629 631
2808 2 2 100 1 1867 1865 1885
2809 2 2 100 1 1670 1661 1722
2810 2 2 100 1 1232 1233 1234
2811 2 2 100 1 632 784 2236
2812 2 2 100 1 1329 1331 1358
2813 2 2 100 1 635 633 2233
2814 2 2 100 1 1992 1993 1994
2815 2 2 100 1 1248 1247 1249
2816 2 2 100 1 417 419 561
2817 2 2 100 1 1453 1452 1455
2818 2 2 100 1 706 708 745
2819 2 2 100 1 423 424 425
2820 2 2 100 1 1005 1003 2234
2821 2 2 100 1 1248 1249 1250
2822 2 2 100 1 423 422 424
2823 2 2 100 1 1662 1670 1671
2824 2 2 100 1 1333 1335 1338
2825 2 2 100 1 1003 1082 2234
2826 2 2 100 1 633 861 2233
2827 2 2 100 1 499 501 2235
2828 2 2 100 1 1660 1661 1662
2829 2 2 100 1 601 599 2266
2830 2 2 100 1 934 935 936
2831 2 2 100 1 1671 1670 1672
2832 2 2 100 1 630 632 2236
2833 2 2 100 1 1234 1235 1236
2834 2 2 100 1 421 422 423
2835 2 2 100 1 1862 1861 1863
2836 2 2 100 1 932 934 1126
2837 2 2 100 1 1246 1245 1247
2838 2 2 100 1 628 629 630
2839 2 2 100 1 1009 1007 2237
2840 2 2 100 1 1083 1005 2234
2841 2 2 100 1 421 420 422
2842 2 2 100 1 1011 1078 2232
2843 2 2 100 1 1246 1248 1376
2844 2 2 100 1 751 630 2236
2845 2 2 100 1 414 412 803
2846 2 2 100 1 1990 1991 1992
2847 2 2 100 1 1451 1450 1452
2848 2 2 100 1 1078 1009 2237
2849 2 2 100 1 1658 1659 1660
2850 2 2 100 1 1007 1083 2237
2851 2 2 100 1 419 420 421
2852 2 2 100 1 1662 1661 1670
2853 2 2 100 1 1987 1988 1990
2854 2 2 100 1 627 625 813
2855 2 2 100 1 773 734 2010
2856 2 2 100 1 934 933 935
2857 2 2 100 1 1017 1015 1086
2858 2 2 100 1 1649 1657 1658
2859 2 2 100 1 1985 1986 1987
2860 2 2 100 1 419 418 420
2861 2 2 100 1 1246 1247 1248
2862 2 2 100 1 805 422 2239
2863 2 2 100 1 1064 935 2238
2864 2 2 100 1 933 1066 2238
2865 2 2 100 1 628 627 629
2866 2 2 100 1 207 2021 2252
2867 2 2 100 1 1660 1659 1661
2868 2 2 100 1 1244 1243 1245
2869 2 2 100 1 1857 1859 1860
2870 2 2 100 1 1647 1648 1649
2871 2 2 100 1 1343 1341 2394
2872 2 2 100 1 622 624 787
2873 2 2 100 1 417 418 419
2874 2 2 100 1 1448 1447 1450
2875 2 2 100 1 417 416 418
2876 2 2 100 1 420 525 2239
2877 2 2 100 1 932 933 934
2878 2 2 100 1 1444 1445 1446
2879 2 2 100 1 928 930 1163
2880 2 2 100 1 1658 1657 1659
2881 2 2 100 1 935 933 2238
2882 2 2 100 1 1096 1907 1908
2883 2 2 100 1 407 409 790
2884 2 2 100 1 626 627 628
2885 2 2 100 1 422 420 2239
2886 2 2 100 1 869 1143 1155
2887 2 2 100 1 1860 1859 1861
2888 2 2 100 1 411 413 568
2889 2 2 100 1 1347 1346 1349
2890 2 2 100 1 1244 1245 1246
2891 2 2 100 1 415 416 417
2892 2 2 100 1 1649 1648 1657
2893 2 2 100 1 1983 1984 1985
2894 2 2 100 1 704 706 2240
2895 2 2 100 1 1981 1982 1983
2896 2 2 100 1 712 714 789
2897 2 2 100 1 932 931 933
2898 2 2 100 1 786 704 2240
2899 2 2 100 1 415 414 416
2900 2 2 100 1 1021 1019 1087
2901 2 2 100 1 410 408 524
2902 2 2 100 1 1340 1342 1356
2903 2 2 100 1 706 745 2240
2904 2 2 100 1 1209 1231 1232
2905 2 2 100 1 1644 1646 1647
2906 2 2 100 1 1015 1013 2241
2907 2 2 100 1 1025 1023 1081
2908 2 2 100 1 1013 2232 2241
2909 2 2 100 1 626 625 627
2910 2 2 100 1 1446 1445 1447
2911 2 2 100 1 1344 1346 1347
2912 2 2 100 1 2274 1107 2275
2913 2 2 100 1 1987 1990 2000
2914 2 2 100 1 624 625 626
2915 2 2 100 1 413 414 415
2916 2 2 100 1 507 550 2255
2917 2 2 100 1 2069 2028 2070
2918 2 2 100 1 716 718 743
2919 2 2 100 1 413 412 414
2920 2 2 100 1 1241 1240 1243
2921 2 2 100 1 1965 1964 1966
2922 2 2 100 1 930 931 932
2923 2 2 100 1 1647 1646 1648
2924 2 2 100 1 624 623 625
2925 2 2 100 1 1642 1643 1644
2926 2 2 100 1 406 404 801
2927 2 2 100 1 623 621 863
2928 2 2 100 1 1938 1939 1940
2929 2 2 100 1 622 623 624
2930 2 2 100 1 1968 1966 1969
2931 2 2 100 1 732 734 773
2932 2 2 100 1 1086 1015 2241
2933 2 2 100 1 411 412 413
2934 2 2 100 1 930 929 931
2935 2 2 100 1 1241 1243 1244
2936 2 2 100 1 1163 930 2242
2937 2 2 100 1 932 1126 2242
2938 2 2 100 1 1447 1445 1481
2939 2 2 100 1 411 410 412
2940 2 2 100 1 1347 1385 1521
2941 2 2 100 1 1239 1238 1240
2942 2 2 100 1 1644 1643 1646
2943 2 2 100 1 622 621 623
2944 2 2 100 1 1979 1980 1981
2945 2 2 100 1 1207 1208 1209
2946 2 2 100 1 2026 2028 2069
2947 2 2 100 1 1640 1641 1642
2948 2 2 100 1 577 578 579
2949 2 2 100 1 930 932 2242
2950 2 2 100 1 403 405 563
2951 2 2 100 1 397 399 791
2952 2 2 100 1 409 410 411
2953 2 2 100 1 1976 1977 1979
2954 2 2 100 1 207 208 2021
2955 2 2 100 1 1855 1856 1857
2956 2 2 100 1 409 408 410
2957 2 2 100 1 1022 1139 2251
2958 2 2 100 1 803 412 2245
2959 2 2 100 1 1974 1975 1976
2960 2 2 100 1 620 621 622
2961 2 2 100 1 402 400 526
2962 2 2 100 1 1234 1233 1235
2963 2 2 100 1 928 929 930
2964 2 2 100 1 1638 1639 1640
2965 2 2 100 1 1440 1441 1442
2966 2 2 100 1 1239 1240 1241
2967 2 2 100 1 1347 1349 1385
2968 2 2 100 1 1442 1443 1444
2969 2 2 100 1 1853 1854 1855
2970 2 2 100 1 568 413 2243
2971 2 2 100 1 1642 1641 1643
2972 2 2 100 1 618 620 752
2973 2 2 100 1 722 724 742
2974 2 2 100 1 1116 1130 2273
2975 2 2 100 1 413 415 2243
2976 2 2 100 1 407 408 409
2977 2 2 100 1 790 409 2244
2978 2 2 100 1 546 541 547
2979 2 2 100 1 813 625 2248
2980 2 2 100 1 1857 1856 1859
2981 2 2 100 1 1391 2476 2482
2982 2 2 100 1 804 869 2083
2983 2 2 100 1 1836 1845 2279
2984 2 2 100 1 407 406 408
2985 2 2 100 1 519 549 2004
2986 2 2 100 1 410 524 2245
2987 2 2 100 1 1342 1344 2246
2988 2 2 100 1 411 568 2244
2989 2 2 100 1 1239 1241 1242
2990 2 2 100 1 1636 1637 1638
2991 2 2 100 1 1640 1639 1641
2992 2 2 100 1 586 804 2276
2993 2 2 100 1 620 619 621
2994 2 2 100 1 412 410 2245
2995 2 2 100 1 927 925 1061
2996 2 2 100 1 1232 1231 1233
2997 2 2 100 1 622 787 2249
2998 2 2 100 1 1444 1443 1445
2999 2 2 100 1 386 543 2267
3000 2 2 100 1 550 2033 2255
3001 2 2 100 1 773 2010 2011
3002 2 2 100 1 928 927 929
3003 2 2 100 1 625 623 2248
3004 2 2 100 1 405 406 407
3005 2 2 100 1 1851 1852 1853
3006 2 2 100 1 1972 1973 1974
3007 2 2 100 1 1094 1054 2305
3008 2 2 100 1 1356 1342 2246
3009 2 2 100 1 714 716 2247
3010 2 2 100 1 1229 1228 1238
3011 2 2 100 1 789 714 2247
3012 2 2 100 1 405 404 406
3013 2 2 100 1 407 790 2253
3014 2 2 100 1 409 411 2244
3015 2 2 100 1 1634 1635 1636
3016 2 2 100 1 505 507 2255
3017 2 2 100 1 1031 1029 1090
3018 2 2 100 1 623 863 2248
3019 2 2 100 1 524 408 2250
3020 2 2 100 1 398 396 797
3021 2 2 100 1 1229 1238 1239
3022 2 2 100 1 550 2032 2033
3023 2 2 100 1 1344 1347 2246
3024 2 2 100 1 1638 1637 1639
3025 2 2 100 1 716 743 2247
3026 2 2 100 1 1235 1233 1377
3027 2 2 100 1 1139 2026 2251
3028 2 2 100 1 372 370 2263
3029 2 2 100 1 1035 1033 1084
3030 2 2 100 1 1970 1971 1972
3031 2 2 100 1 1235 1377 1522
3032 2 2 100 1 406 801 2250
3033 2 2 100 1 1951 1950 1952
3034 2 2 100 1 403 404 405
3035 2 2 100 1 620 622 2249
3036 2 2 100 1 1976 1979 2002
3037 2 2 100 1 1190 1206 1207
3038 2 2 100 1 1855 1854 1856
3039 2 2 100 1 926 927 928
3040 2 2 100 1 598 764 767
3041 2 2 100 1 403 402 404
3042 2 2 100 1 618 619 620
3043 2 2 100 1 1948 1950 1951
3044 2 2 100 1 1347 1521 2246
3045 2 2 100 1 617 615 814
3046 2 2 100 1 1124 1187 1188
3047 2 2 100 1 1636 1635 1637
3048 2 2 100 1 1632 1633 1634
3049 2 2 100 1 408 406 2250
3050 2 2 100 1 752 620 2249
3051 2 2 100 1 563 405 2253
3052 2 2 100 1 1908 1909 1911
3053 2 2 100 1 2298 2011 2312
3054 2 2 100 1 1853 1852 1854
3055 2 2 100 1 1442 1441 1443
3056 2 2 100 1 1227 1226 1228
3057 2 2 100 1 1839 1838 1840
3058 2 2 100 1 1209 1208 1231
3059 2 2 100 1 765 740 766
3060 2 2 100 1 2393 1343 2394
3061 2 2 100 1 401 402 403
3062 2 2 100 1 2026 2069 2251
3063 2 2 100 1 922 924 1128
3064 2 2 100 1 1388 1389 1405
3065 2 2 100 1 801 404 2254
3066 2 2 100 1 1397 800 1918
3067 2 2 100 1 926 925 927
3068 2 2 100 1 401 400 402
3069 2 2 100 1 1438 1439 1440
3070 2 2 100 1 405 407 2253
3071 2 2 100 1 390 388 792
3072 2 2 100 1 1156 1387 1388
3073 2 2 100 1 1630 1631 1632
3074 2 2 100 1 555 1922 2272
3075 2 2 100 1 402 526 2254
3076 2 2 100 1 618 617 619
3077 2 2 100 1 1634 1633 1635
3078 2 2 100 1 1922 1921 1924
3079 2 2 100 1 1227 1228 1229
3080 2 2 100 1 1225 1224 1226
3081 2 2 100 1 1963 1833 1964
3082 2 2 100 1 393 395 565
3083 2 2 100 1 399 400 401
3084 2 2 100 1 387 389 795
3085 2 2 100 1 597 598 1918
3086 2 2 100 1 1029 1027 2256
3087 2 2 100 1 1188 1189 1190
3088 2 2 100 1 1440 1439 1441
3089 2 2 100 1 399 398 400
3090 2 2 100 1 728 730 748
3091 2 2 100 1 394 392 523
3092 2 2 100 1 924 925 926
3093 2 2 100 1 1199 1201 1203
3094 2 2 100 1 404 402 2254
3095 2 2 100 1 2736 1127 2748
3096 2 2 100 1 1849 1850 1851
3097 2 2 100 1 616 617 618
3098 2 2 100 1 1632 1631 1633
3099 2 2 100 1 882 881 883
3100 2 2 100 1 1207 1206 1208
3101 2 2 100 1 1968 1969 1970
3102 2 2 100 1 1628 1629 1630
3103 2 2 100 1 388 386 2267
3104 2 2 100 1 612 614 754
3105 2 2 100 1 587 589 590
3106 2 2 100 1 397 398 399
3107 2 2 100 1 1851 1850 1852
3108 2 2 100 1 526 400 2258
3109 2 2 100 1 1231 1208 1512
3110 2 2 100 1 1225 1226 1227
3111 2 2 100 1 924 923 925
3112 2 2 100 1 1441 1439 1474
3113 2 2 100 1 613 611 871
3114 2 2 100 1 397 396 398
3115 2 2 100 1 1033 1031 2257
3116 2 2 100 1 360 359 361
3117 2 2 100 1 1090 1029 2256
3118 2 2 100 1 1411 1408 2301
3119 2 2 100 1 545 372 2263
3120 2 2 100 1 2275 2626 2694
3121 2 2 100 1 1199 1203 2278
3122 2 2 100 1 2005 2006 2007
3123 2 2 100 1 398 797 2258
3124 2 2 100 1 1045 1043 1088
3125 2 2 100 1 616 615 617
3126 2 2 100 1 1630 1629 1631
3127 2 2 100 1 1965 1966 1968
3128 2 2 100 1 1469 1411 1543
3129 2 2 100 1 1084 1033 2257
3130 2 2 100 1 1410 1408 1411
3131 2 2 100 1 1031 1090 2257
3132 2 2 100 1 395 396 397
3133 2 2 100 1 614 615 616
3134 2 2 100 1 1626 1627 1628
3135 2 2 100 1 1225 1227 1230
3136 2 2 100 1 922 923 924
3137 2 2 100 1 513 555 2272
3138 2 2 100 1 1774 1790 1933
3139 2 2 100 1 1805 1806 2285
3140 2 2 100 1 916 918 1129
3141 2 2 100 1 395 394 396
3142 2 2 100 1 2106 2223 2628
3143 2 2 100 1 732 773 2260
3144 2 2 100 1 1223 1222 1224
3145 2 2 100 1 400 398 2258
3146 2 2 100 1 1041 1039 1091
3147 2 2 100 1 1177 1569 1570
3148 2 2 100 1 614 613 615
3149 2 2 100 1 1203 1392 1404
3150 2 2 100 1 1223 1224 1225
3151 2 2 100 1 1628 1627 1629
3152 2 2 100 1 1190 1189 1206
3153 2 2 100 1 921 919 1058
3154 2 2 100 1 1122 843 1123
3155 2 2 100 1 393 394 395
3156 2 2 100 1 386 384 543
3157 2 2 100 1 922 921 923
3158 2 2 100 1 612 613 614
3159 2 2 100 1 548 547 570
3160 2 2 100 1 1435 1437 1438
3161 2 2 100 1 1433 1434 1435
3162 2 2 100 1 393 392 394
3163 2 2 100 1 797 396 2262
3164 2 2 100 1 853 601 2266
3165 2 2 100 1 843 766 2016
3166 2 2 100 1 1836 1837 1844
3167 2 2 100 1 518 1197 2304
3168 2 2 100 1 1623 1625 1626
3169 2 2 100 1 814 615 2261
3170 2 2 100 1 1056 902 1057
3171 2 2 100 1 580 594 596
3172 2 2 100 1 1963 1964 1965
3173 2 2 100 1 1206 1189 1505
3174 2 2 100 1 1221 1220 1222
3175 2 2 100 1 1832 1829 1833
3176 2 2 100 1 517 519 2004
3177 2 2 100 1 1965 1968 2003
3178 2 2 100 1 391 392 393
3179 2 2 100 1 1051 1049 1089
3180 2 2 100 1 1849 1848 1850
3181 2 2 100 1 1188 1187 1189
3182 2 2 100 1 920 921 922
3183 2 2 100 1 1621 1622 1623
3184 2 2 100 1 1847 1848 1849
3185 2 2 100 1 1221 1223 1382
3186 2 2 100 1 1368 2145 2789
3187 2 2 100 1 613 871 2261
3188 2 2 100 1 579 582 583
3189 2 2 100 1 391 390 392
3190 2 2 100 1 1438 1437 1439
3191 2 2 100 1 532 542 2020
3192 2 2 100 1 1626 1625 1627
3193 2 2 100 1 390 792 2264
3194 2 2 100 1 394 523 2262
3195 2 2 100 1 596 761 762
3196 2 2 100 1 1123 843 2016
3197 2 2 100 1 549 532 2020
3198 2 2 100 1 1828 1827 1829
3199 2 2 100 1 745 708 2280
3200 2 2 100 1 609 607 812
3201 2 2 100 1 1371 1560 1561
3202 2 2 100 1 748 730 2260
3203 2 2 100 1 612 611 613
3204 2 2 100 1 615 613 2261
3205 2 2 100 1 362 361 363
3206 2 2 100 1 730 732 2260
3207 2 2 100 1 396 394 2262
3208 2 2 100 1 917 915 1063
3209 2 2 100 1 920 919 921
3210 2 2 100 1 374 372 545
3211 2 2 100 1 383 385 566
3212 2 2 100 1 1149 1773 1774
3213 2 2 100 1 1221 1222 1223
3214 2 2 100 1 389 390 391
3215 2 2 100 1 523 392 2264
3216 2 2 100 1 389 388 390
3217 2 2 100 1 1623 1622 1625
3218 2 2 100 1 1503 1169 1504
3219 2 2 100 1 606 608 796
3220 2 2 100 1 1613 1620 1621
3221 2 2 100 1 1197 1836 2279
3222 2 2 100 1 792 388 2267
3223 2 2 100 1 762 815 816
3224 2 2 100 1 2146 267 2291
3225 2 2 100 1 352 353 354
3226 2 2 100 1 1219 1218 1220
3227 2 2 100 1 1124 1169 1187
3228 2 2 100 1 610 611 612
3229 2 2 100 1 1174 1756 1757
3230 2 2 100 1 918 919 920
3231 2 2 100 1 542 1815 2020
3232 2 2 100 1 387 388 389
3233 2 2 100 1 1435 1434 1437
3234 2 2 100 1 1611 1612 1613
3235 2 2 100 1 1043 1041 2265
3236 2 2 100 1 1612 1610 1764
3237 2 2 100 1 392 390 2264
3238 2 2 100 1 904 1107 2274
3239 2 2 100 1 1155 1156 2085
3240 2 2 100 1 387 386 388
3241 2 2 100 1 1621 1620 1622
3242 2 2 100 1 1179 1097 2302
3243 2 2 100 1 1843 1846 1847
3244 2 2 100 1 1088 1043 2265
3245 2 2 100 1 1080 1055 1092
3246 2 2 100 1 739 740 765
3247 2 2 100 1 1136 1093 1164
3248 2 2 100 1 371 373 592
3249 2 2 100 1 1219 1220 1221
3250 2 2 100 1 1413 1152 1415
3251 2 2 100 1 610 609 611
3252 2 2 100 1 1041 1091 2265
3253 2 2 100 1 1847 1846 1848
3254 2 2 100 1 1431 1432 1433
3255 2 2 100 1 1832 1833 1963
3256 2 2 100 1 918 917 919
3257 2 2 100 1 1176 1419 1420
3258 2 2 100 1 1420 1421 1422
3259 2 2 100 1 385 386 387
3260 2 2 100 1 2395 1334 2401
3261 2 2 100 1 2084 1155 2085
3262 2 2 100 1 871 611 2270
3263 2 2 100 1 603 601 853
3264 2 2 100 1 608 609 610
3265 2 2 100 1 1613 1612 1620
3266 2 2 100 1 1187 1169 1503
3267 2 2 100 1 1190 1210 2298
3268 2 2 100 1 385 384 386
3269 2 2 100 1 380 378 521
3270 2 2 100 1 1908 1911 2030
3271 2 2 100 1 1609 1610 1611
3272 2 2 100 1 1532 1173 1897
3273 2 2 100 1 511 513 2272
3274 2 2 100 1 1046 1096 2277
3275 2 2 100 1 356 357 358
3276 2 2 100 1 916 917 918
3277 2 2 100 1 354 355 356
3278 2 2 100 1 765 766 843
3279 2 2 100 1 818 816 875
3280 2 2 100 1 1124 1122 1169
3281 2 2 100 1 1433 1432 1434
3282 2 2 100 1 377 379 567
3283 2 2 100 1 1122 1123 2271
3284 2 2 100 1 1155 1143 1156
3285 2 2 100 1 1216 1215 1218
3286 2 2 100 1 383 384 385
3287 2 2 100 1 1429 1430 1431
3288 2 2 100 1 364 363 365
3289 2 2 100 1 609 812 2270
3290 2 2 100 1 804 2083 2276
3291 2 2 100 1 1058 919 2269
3292 2 2 100 1 1131 1115 1751
3293 2 2 100 1 608 607 609
3294 2 2 100 1 1611 1610 1612
3295 2 2 100 1 917 1063 2269
3296 2 2 100 1 844 1122 1124
3297 2 2 100 1 1214 1213 1215
3298 2 2 100 1 2090 2229 2533
3299 2 2 100 1 1422 1423 1424
3300 2 2 100 1 383 382 384
3301 2 2 100 1 1203 1201 1392
3302 2 2 100 1 1202 1200 1204
3303 2 2 100 1 2266 599 2289
3304 2 2 100 1 590 591 597
3305 2 2 100 1 1424 1425 1426
3306 2 2 100 1 708 710 2280
3307 2 2 100 1 539 520 2304
3308 2 2 100 1 2011 2010 2287
3309 2 2 100 1 1388 1387 1389
3310 2 2 100 1 1825 1827 1828
3311 2 2 100 1 916 915 917
3312 2 2 100 1 611 609 2270
3313 2 2 100 1 1840 1842 1843
3314 2 2 100 1 1828 1829 1832
3315 2 2 100 1 919 917 2269
3316 2 2 100 1 606 607 608
3317 2 2 100 1 1570 1571 1572
3318 2 2 100 1 1205 1204 1213
3319 2 2 100 1 1216 1218 1219
3320 2 2 100 1 913 911 1062
3321 2 2 100 1 1843 1842 1846
3322 2 2 100 1 381 382 383
3323 2 2 100 1 1504 1169 2271
3324 2 2 100 1 602 604 755
3325 2 2 100 1 1165 1357 1363
3326 2 2 100 1 886 885 887
3327 2 2 100 1 1426 1428 1429
3328 2 2 100 1 381 380 382
3329 2 2 100 1 826 831 864
3330 2 2 100 1 1836 1835 1837
3331 2 2 100 1 2040 2070 2310
3332 2 2 100 1 1214 1216 1217
3333 2 2 100 1 1840 1838 1842
3334 2 2 100 1 767 769 827
3335 2 2 100 1 1609 1608 1610
3336 2 2 100 1 914 915 916
3337 2 2 100 1 2023 2313 2354
3338 2 2 100 1 596 594 761
3339 2 2 100 1 1410 1411 1469
3340 2 2 100 1 1565 1573 1574
3341 2 2 100 1 606 605 607
3342 2 2 100 1 765 843 844
3343 2 2 100 1 1336 1334 2395
3344 2 2 100 1 2335 1751 2369
3345 2 2 100 1 1391 1608 1609
3346 2 2 100 1 379 380 381
3347 2 2 100 1 1214 1215 1216
3348 2 2 100 1 844 843 1122
3349 2 2 100 1 1572 1602 1603
3350 2 2 100 1 1202 1205 1383
3351 2 2 100 1 746 698 2303
3352 2 2 100 1 1096 1908 2277
3353 2 2 100 1 1431 1430 1432
3354 2 2 100 1 762 761 815
3355 2 2 100 1 1079 2018 2333
3356 2 2 100 1 868 588 2283
3357 2 2 100 1 555 1921 1922
3358 2 2 100 1 379 378 380
3359 2 2 100 1 604 605 606
3360 2 2 100 1 914 913 915
3361 2 2 100 1 1103 1120 1406
3362 2 2 100 1 900 902 1056
3363 2 2 100 1 816 815 2278
3364 2 2 100 1 1158 1141 1184
3365 2 2 100 1 1205 1213 1214
3366 2 2 100 1 1169 1122 2271
3367 2 2 100 1 366 365 367
3368 2 2 100 1 1111 1057 1112
3369 2 2 100 1 796 2361 2410
3370 2 2 100 1 1063 915 2281
3371 2 2 100 1 770 1145 2316
3372 2 2 100 1 1202 1204 1205
3373 2 2 100 1 815 1199 2278
3374 2 2 100 1 600 602 2300
3375 2 2 100 1 377 378 379
3376 2 2 100 1 368 367 522
3377 2 2 100 1 808 829 1103
3378 2 2 100 1 604 603 605
3379 2 2 100 1 294 346 1708
3380 2 2 100 1 912 913 914
3381 2 2 100 1 798 600 2300
3382 2 2 100 1 1334 1332 2401
3383 2 2 100 1 1908 2030 2277
3384 2 2 100 1 1576 1577 1578
3385 2 2 100 1 606 796 2282
3386 2 2 100 1 377 376 378
3387 2 2 100 1 1199 1200 1201
3388 2 2 100 1 869 1142 1143
3389 2 2 100 1 1429 1428 1430
3390 2 2 100 1 1156 1386 1387
3391 2 2 100 1 1142 868 1212
3392 2 2 100 1 1389 1390 1391
3393 2 2 100 1 1156 1143 1386
3394 2 2 100 1 2010 739 2287
3395 2 2 100 1 865 867 878
3396 2 2 100 1 586 588 804
3397 2 2 100 1 580 581 594
3398 2 2 100 1 1201 1200 1202
3399 2 2 100 1 358 359 360
3400 2 2 100 1 2106 2628 2631
3401 2 2 100 1 1389 1387 1390
3402 2 2 100 1 909 907 1060
3403 2 2 100 1 1426 1425 1428
3404 2 2 100 1 2011 2287 2312
3405 2 2 100 1 1391 1390 1608
3406 2 2 100 1 1176 1420 2319
3407 2 2 100 1 375 376 377
3408 2 2 100 1 594 581 595
3409 2 2 100 1 1175 2350 2351
3410 2 2 100 1 267 1960 2291
3411 2 2 100 1 913 1062 2281
3412 2 2 100 1 1424 1423 1425
3413 2 2 100 1 574 575 580
3414 2 2 100 1 1407 1120 1408
3415 2 2 100 1 602 603 604
3416 2 2 100 1 879 881 882
3417 2 2 100 1 804 868 869
3418 2 2 100 1 375 374 376
3419 2 2 100 1 1199 1198 1200
3420 2 2 100 1 1168 1482 1483
3421 2 2 100 1 1422 1421 1423
3422 2 2 100 1 815 1198 1199
3423 2 2 100 1 888 887 889
3424 2 2 100 1 773 2011 2318
3425 2 2 100 1 755 604 2282
3426 2 2 100 1 1332 1330 2402
3427 2 2 100 1 1409 1408 1410
3428 2 2 100 1 595 581 599
3429 2 2 100 1 915 913 2281
3430 2 2 100 1 1420 1419 1421
3431 2 2 100 1 912 911 913
3432 2 2 100 1 1124 1188 2312
3433 2 2 100 1 899 901 904
3434 2 2 100 1 580 575 581
3435 2 2 100 1 2401 1332 2402
3436 2 2 100 1 1406 1120 1407
3437 2 2 100 1 815 761 1198
3438 2 2 100 1 595 600 798
3439 2 2 100 1 604 606 2282
3440 2 2 100 1 1371 1351 1560
3441 2 2 100 1 2390 742 2405
3442 2 2 100 1 520 518 2304
3443 2 2 100 1 875 816 2278
3444 2 2 100 1 726 728 2313
3445 2 2 100 1 1172 1192 1193
3446 2 2 100 1 602 601 603
3447 2 2 100 1 1165 1164 1357
3448 2 2 100 1 883 885 886
3449 2 2 100 1 586 585 587
3450 2 2 100 1 373 374 375
3451 2 2 100 1 1409 1410 1412
3452 2 2 100 1 869 868 1142
3453 2 2 100 1 1407 1408 1409
3454 2 2 100 1 763 759 2302
3455 2 2 100 1 910 911 912
3456 2 2 100 1 586 587 588
3457 2 2 100 1 1212 868 2283
3458 2 2 100 1 799 597 800
3459 2 2 100 1 1604 1603 1605
3460 2 2 100 1 824 822 851
3461 2 2 100 1 1462 1167 1463
3462 2 2 100 1 373 372 374
3463 2 2 100 1 575 572 1211
3464 2 2 100 1 1103 829 1120
3465 2 2 100 1 366 367 368
3466 2 2 100 1 804 588 868
3467 2 2 100 1 1185 1184 1600
3468 2 2 100 1 808 800 828
3469 2 2 100 1 802 539 2304
3470 2 2 100 1 829 828 1132
3471 2 2 100 1 2263 370 2297
3472 2 2 100 1 1392 1201 2284
3473 2 2 100 1 1202 1383 2284
3474 2 2 100 1 360 361 362
3475 2 2 100 1 739 765 2287
3476 2 2 100 1 600 601 602
3477 2 2 100 1 362 363 364
3478 2 2 100 1 1580 1581 1582
3479 2 2 100 1 905 901 1059
3480 2 2 100 1 584 583 585
3481 2 2 100 1 364 365 366
3482 2 2 100 1 2271 1123 2722
3483 2 2 100 1 1214 1217 2288
3484 2 2 100 1 904 905 906
3485 2 2 100 1 570 572 574
3486 2 2 100 1 1188 1190 2298
3487 2 2 100 1 371 372 373
3488 2 2 100 1 366 368 369
3489 2 2 100 1 1054 1079 2305
3490 2 2 100 1 522 577 1104
3491 2 2 100 1 765 844 2287
3492 2 2 100 1 1201 1202 2284
3493 2 2 100 1 882 883 2268
3494 2 2 100 1 910 909 911
3495 2 2 100 1 1383 1205 2288
3496 2 2 100 1 600 599 601
3497 2 2 100 1 1565 1563 1573
3498 2 2 100 1 371 370 372
3499 2 2 100 1 1483 1482 1484
3500 2 2 100 1 676 678 2332
3501 2 2 100 1 808 828 829
3502 2 2 100 1 908 909 910
3503 2 2 100 1 906 907 908
3504 2 2 100 1 799 800 808
3505 2 2 100 1 1572 1603 1604
3506 2 2 100 1 698 700 2303
3507 2 2 100 1 595 599 600
3508 2 2 100 1 1205 1214 2288
3509 2 2 100 1 108 109 280
3510 2 2 100 1 584 585 586
3511 2 2 100 1 1056 1057 1111
3512 2 2 100 1 1661 1659 2334
3513 2 2 100 1 574 572 575
3514 2 2 100 1 110 111 331
3515 2 2 100 1 2011 2298 2318
3516 2 2 100 1 232 233 246
3517 2 2 100 1 112 113 245
3518 2 2 100 1 1357 1164 1366
3519 2 2 100 1 1062 911 2294
3520 2 2 100 1 113 114 2290
3521 2 2 100 1 369 368 370
3522 2 2 100 1 1822 187 2337
3523 2 2 100 1 1783 878 2491
3524 2 2 100 1 188 314 2337
3525 2 2 100 1 230 231 332
3526 2 2 100 1 369 370 371
3527 2 2 100 1 761 594 2286
3528 2 2 100 1 114 115 333
3529 2 2 100 1 746 2303 2398
3530 2 2 100 1 2695 2137 2700
3531 2 2 100 1 908 907 909
3532 2 2 100 1 906 905 907
3533 2 2 100 1 1586 1587 1588
3534 2 2 100 1 1111 1112 1175
3535 2 2 100 1 1678 1676 2339
3536 2 2 100 1 115 116 2292
3537 2 2 100 1 904 901 905
3538 2 2 100 1 1371 1562 2379
3539 2 2 100 1 1576 1574 1577
3540 2 2 100 1 228 229 281
3541 2 2 100 1 2287 844 2312
3542 2 2 100 1 594 595 2286
3543 2 2 100 1 899 898 900
3544 2 2 100 1 116 117 282
3545 2 2 100 1 1176 1418 1419
3546 2 2 100 1 602 755 2300
3547 2 2 100 1 234 235 334
3548 2 2 100 1 1685 1683 2340
3549 2 2 100 1 899 900 901
3550 2 2 100 1 1111 1175 1176
3551 2 2 100 1 1099 1097 1179
3552 2 2 100 1 883 886 2268
3553 2 2 100 1 1693 1691 2341
3554 2 2 100 1 1090 2256 2710
3555 2 2 100 1 1323 1321 2406
3556 2 2 100 1 235 236 2295
3557 2 2 100 1 1390 1387 2308
3558 2 2 100 1 1704 1702 2343
3559 2 2 100 1 541 539 802
3560 2 2 100 1 362 364 1101
3561 2 2 100 1 1131 1751 2335
3562 2 2 100 1 886 887 888
3563 2 2 100 1 348 350 1180
3564 2 2 100 1 368 522 2297
3565 2 2 100 1 2298 1210 2318
3566 2 2 100 1 1145 1183 2316
3567 2 2 100 1 1420 1422 2376
3568 2 2 100 1 1767 1765 2344
3569 2 2 100 1 726 2313 2362
3570 2 2 100 1 2283 588 2309
3571 2 2 100 1 892 894 1154
3572 2 2 100 1 236 237 283
3573 2 2 100 1 595 798 2286
3574 2 2 100 1 909 1060 2294
3575 2 2 100 1 890 889 891
3576 2 2 100 1 1386 1143 2317
3577 2 2 100 1 1210 2019 2347
3578 2 2 100 1 117 118 2293
3579 2 2 100 1 1172 1134 1192
3580 2 2 100 1 2373 1402 2451
3581 2 2 100 1 581 575 2289
3582 2 2 100 1 2045 2043 2346
3583 2 2 100 1 2406 1321 2407
3584 2 2 100 1 570 547 572
3585 2 2 100 1 1321 1319 2407
3586 2 2 100 1 579 583 584
3587 2 2 100 1 1387 1386 2308
3588 2 2 100 1 2110 2108 2349
3589 2 2 100 1 482 480 2348
3590 2 2 100 1 1176 1175 1418
3591 2 2 100 1 1198 761 2286
3592 2 2 100 1 590 597 799
3593 2 2 100 1 864 865 2324
3594 2 2 100 1 827 834 876
3595 2 2 100 1 2018 1570 2333
3596 2 2 100 1 2407 1319 2408
3597 2 2 100 1 760 770 2316
3598 2 2 100 1 896 898 899
3599 2 2 100 1 800 597 1918
3600 2 2 100 1 1114 1116 1151
3601 2 2 100 1 2041 2040 2310
3602 2 2 100 1 888 889 890
3603 2 2 100 1 575 1211 2289
3604 2 2 100 1 2019 1237 2354
3605 2 2 100 1 1319 1317 2408
3606 2 2 100 1 1580 1578 1581
3607 2 2 100 1 1963 1965 2345
3608 2 2 100 1 896 895 898
3609 2 2 100 1 587 590 2309
3610 2 2 100 1 911 909 2294
3611 2 2 100 1 492 490 2353
3612 2 2 100 1 1408 1120 2301
3613 2 2 100 1 522 1104 2297
3614 2 2 100 1 728 748 2313
3615 2 2 100 1 590 799 2309
3616 2 2 100 1 272 1963 2345
3617 2 2 100 1 599 581 2289
3618 2 2 100 1 2408 1317 2409
3619 2 2 100 1 370 368 2297
3620 2 2 100 1 358 360 573
3621 2 2 100 1 1317 1315 2409
3622 2 2 100 1 1591 1590 1592
3623 2 2 100 1 844 1124 2312
3624 2 2 100 1 1213 1204 2364
3625 2 2 100 1 650 652 2356
3626 2 2 100 1 1204 1200 2336
3627 2 2 100 1 1059 901 2296
3628 2 2 100 1 829 1132 2301
3629 2 2 100 1 888 890 1108
3630 2 2 100 1 105 106 289
3631 2 2 100 1 352 354 771
3632 2 2 100 1 1185 1600 2299
3633 2 2 100 1 2409 1315 2411
3634 2 2 100 1 2260 773 2318
3635 2 2 100 1 2347 2019 2354
3636 2 2 100 1 397 791 2355
3637 2 2 100 1 1120 829 2301
3638 2 2 100 1 1145 1181 1183
3639 2 2 100 1 1060 907 2306
3640 2 2 100 1 1942 1941 2417
3641 2 2 100 1 1315 1313 2411
3642 2 2 100 1 894 893 895
3643 2 2 100 1 1094 2305 2331
3644 2 2 100 1 900 1056 2296
3645 2 2 100 1 1400 1222 2361
3646 2 2 100 1 565 395 2355
3647 2 2 100 1 1143 1142 2317
3648 2 2 100 1 644 646 2357
3649 2 2 100 1 2419 1396 2421
3650 2 2 100 1 892 891 893
3651 2 2 100 1 1193 1192 1384
3652 2 2 100 1 817 1149 2323
3653 2 2 100 1 1384 1192 1745
3654 2 2 100 1 588 587 2309
3655 2 2 100 1 2411 1313 2414
3656 2 2 100 1 999 997 2360
3657 2 2 100 1 742 2362 2365
3658 2 2 100 1 2022 1393 2365
3659 2 2 100 1 2083 2084 2359
3660 2 2 100 1 1313 1311 2414
3661 2 2 100 1 901 900 2296
3662 2 2 100 1 1645 2335 2369
3663 2 2 100 1 584 2276 2321
3664 2 2 100 1 1974 1976 2358
3665 2 2 100 1 1351 1185 2299
3666 2 2 100 1 1595 1593 1596
3667 2 2 100 1 2414 1311 2415
3668 2 2 100 1 993 991 2363
3669 2 2 100 1 225 226 290
3670 2 2 100 1 119 120 291
3671 2 2 100 1 1586 1584 1587
3672 2 2 100 1 1311 1309 2415
3673 2 2 100 1 2321 2276 2359
3674 2 2 100 1 239 240 292
3675 2 2 100 1 742 724 2362
3676 2 2 100 1 432 2495 2611
3677 2 2 100 1 426 2497 2612
3678 2 2 100 1 438 2494 2608
3679 2 2 100 1 416 2496 2607
3680 2 2 100 1 448 2493 2600
3681 2 2 100 1 905 1059 2306
3682 2 2 100 1 1168 1462 1482
3683 2 2 100 1 634 636 2367
3684 2 2 100 1 1104 2321 2359
3685 2 2 100 1 894 895 896
3686 2 2 100 1 1379 1381 1601
3687 2 2 100 1 1985 1987 2366
3688 2 2 100 1 2415 1309 2416
3689 2 2 100 1 1570 1572 2333
3690 2 2 100 1 104 105 2315
3691 2 2 100 1 1309 1307 2416
3692 2 2 100 1 1424 1426 2434
3693 2 2 100 1 865 878 2324
3694 2 2 100 1 1198 2286 2336
3695 2 2 100 1 1168 1167 1462
3696 2 2 100 1 890 891 892
3697 2 2 100 1 1355 1353 1552
3698 2 2 100 1 892 893 894
3699 2 2 100 1 808 1103 2342
3700 2 2 100 1 907 905 2306
3701 2 2 100 1 417 561 2368
3702 2 2 100 1 2243 415 2368
3703 2 2 100 1 979 977 2371
3704 2 2 100 1 1422 1424 2388
3705 2 2 100 1 2313 2023 2362
3706 2 2 100 1 1560 1351 2299
3707 2 2 100 1 624 626 2370
3708 2 2 100 1 2041 2310 2346
3709 2 2 100 1 1600 1184 1645
3710 2 2 100 1 2286 798 2336
3711 2 2 100 1 973 971 2375
3712 2 2 100 1 747 676 2332
3713 2 2 100 1 896 2274 2322
3714 2 2 100 1 245 1564 2844
3715 2 2 100 1 614 616 2373
3716 2 2 100 1 1142 1212 2330
3717 2 2 100 1 1462 1463 1520
3718 2 2 100 1 1722 1661 2334
3719 2 2 100 1 2350 1414 2351
3720 2 2 100 1 747 2423 2424
3721 2 2 100 1 1588 1587 1589
3722 2 2 100 1 1588 1589 1590
3723 2 2 100 1 1105 1167 1168
3724 2 2 100 1 963 961 2378
3725 2 2 100 1 1151 1152 1413
3726 2 2 100 1 245 113 2290
3727 2 2 100 1 103 104 335
3728 2 2 100 1 2219 747 2424
3729 2 2 100 1 1104 577 2321
3730 2 2 100 1 2317 1142 2330
3731 2 2 100 1 114 333 2290
3732 2 2 100 1 1090 2710 2717
3733 2 2 100 1 2219 2424 2426
3734 2 2 100 1 120 121 2307
3735 2 2 100 1 2318 1210 2347
3736 2 2 100 1 1211 572 2314
3737 2 2 100 1 547 541 2314
3738 2 2 100 1 187 188 2337
3739 2 2 100 1 333 115 2292
3740 2 2 100 1 775 2219 2426
3741 2 2 100 1 1215 1213 2386
3742 2 2 100 1 1721 1678 2339
3743 2 2 100 1 1134 1099 2311
3744 2 2 100 1 953 951 2380
3745 2 2 100 1 116 282 2292
3746 2 2 100 1 2403 1395 2404
3747 2 2 100 1 775 2426 2427
3748 2 2 100 1 1397 1918 2338
3749 2 2 100 1 1105 876 1167
3750 2 2 100 1 1414 1413 1436
3751 2 2 100 1 1141 1131 2335
3752 2 2 100 1 1720 1685 2340
3753 2 2 100 1 2049 2047 2384
3754 2 2 100 1 2216 775 2427
3755 2 2 100 1 1111 1176 2319
3756 2 2 100 1 1154 894 2322
3757 2 2 100 1 334 235 2295
3758 2 2 100 1 577 579 2321
3759 2 2 100 1 2216 2427 2428
3760 2 2 100 1 1719 1693 2341
3761 2 2 100 1 2260 2318 2347
3762 2 2 100 1 2434 1426 2471
3763 2 2 100 1 2283 2309 2342
3764 2 2 100 1 1149 1774 2323
3765 2 2 100 1 757 2216 2428
3766 2 2 100 1 1056 1111 2319
3767 2 2 100 1 1748 1704 2343
3768 2 2 100 1 282 117 2293
3769 2 2 100 1 541 802 2314
3770 2 2 100 1 2376 1422 2388
3771 2 2 100 1 1200 1198 2336
3772 2 2 100 1 757 2428 2429
3773 2 2 100 1 1572 1604 2333
3774 2 2 100 1 939 937 2381
3775 2 2 100 1 1440 1442 2383
3776 2 2 100 1 236 283 2295
3777 2 2 100 1 1103 1406 2372
3778 2 2 100 1 579 584 2321
3779 2 2 100 1 1919 1767 2344
3780 2 2 100 1 2309 799 2342
3781 2 2 100 1 1175 1112 2350
3782 2 2 100 1 362 1101 2329
3783 2 2 100 1 2213 757 2429
3784 2 2 100 1 572 547 2314
3785 2 2 100 1 2044 2045 2384
3786 2 2 100 1 2213 2429 2430
3787 2 2 100 1 1965 2003 2345
3788 2 2 100 1 2296 1056 2319
3789 2 2 100 1 1099 1179 2311
3790 2 2 100 1 779 2213 2430
3791 2 2 100 1 2043 2041 2346
3792 2 2 100 1 764 772 2352
3793 2 2 100 1 929 927 2385
3794 2 2 100 1 779 2430 2431
3795 2 2 100 1 360 362 2329
3796 2 2 100 1 350 352 2325
3797 2 2 100 1 2210 779 2431
3798 2 2 100 1 1774 1933 2323
3799 2 2 100 1 1192 1134 2311
3800 2 2 100 1 860 482 2348
3801 2 2 100 1 223 224 336
3802 2 2 100 1 121 122 337
3803 2 2 100 1 2112 2110 2349
3804 2 2 100 1 2367 636 2456
3805 2 2 100 1 2357 646 2448
3806 2 2 100 1 241 242 338
3807 2 2 100 1 2356 652 2439
3808 2 2 100 1 2210 2431 2432
3809 2 2 100 1 2370 626 2467
3810 2 2 100 1 1181 1191 2327
3811 2 2 100 1 1218 1215 2392
3812 2 2 100 1 1956 743 2391
3813 2 2 100 1 1151 1413 1414
3814 2 2 100 1 2332 678 2421
3815 2 2 100 1 758 2210 2432
3816 2 2 100 1 748 2260 2347
3817 2 2 100 1 1191 1379 2326
3818 2 2 100 1 346 348 2320
3819 2 2 100 1 758 2432 2433
3820 2 2 100 1 894 896 2322
3821 2 2 100 1 2373 616 2458
3822 2 2 100 1 799 808 2342
3823 2 2 100 1 2396 1394 2399
3824 2 2 100 1 1732 2501 2502
3825 2 2 100 1 2209 758 2433
3826 2 2 100 1 1730 1732 2502
3827 2 2 100 1 1213 2364 2386
3828 2 2 100 1 2209 2433 2435
3829 2 2 100 1 2117 2114 2389
3830 2 2 100 1 748 2347 2354
3831 2 2 100 1 1215 2386 2392
3832 2 2 100 1 862 492 2353
3833 2 2 100 1 1730 2502 2503
3834 2 2 100 1 827 876 1105
3835 2 2 100 1 778 2209 2435
3836 2 2 100 1 573 360 2329
3837 2 2 100 1 1728 1730 2503
3838 2 2 100 1 1416 1757 2703
3839 2 2 100 1 1745 1192 2311
3840 2 2 100 1 1220 1218 2410
3841 2 2 100 1 778 2435 2437
3842 2 2 100 1 2016 794 2670
3843 2 2 100 1 722 742 2390
3844 2 2 100 1 1667 1728 2505
3845 2 2 100 1 1728 2503 2505
3846 2 2 100 1 743 718 2391
3847 2 2 100 1 2279 1845 2387
3848 2 2 100 1 1708 346 2320
3849 2 2 100 1 1914 1607 2474
3850 2 2 100 1 1667 2505 2508
3851 2 2 100 1 1426 1429 2471
3852 2 2 100 1 749 650 2356
3853 2 2 100 1 1665 1667 2508
3854 2 2 100 1 1180 350 2325
3855 2 2 100 1 1112 1114 2350
3856 2 2 100 1 395 397 2355
3857 2 2 100 1 1395 1325 2398
3858 2 2 100 1 1918 767 2338
3859 2 2 100 1 122 123 2328
3860 2 2 100 1 1999 1087 2652
3861 2 2 100 1 1595 1596 1597
3862 2 2 100 1 1184 1141 2335
3863 2 2 100 1 1816 1780 2473
3864 2 2 100 1 747 2332 2423
3865 2 2 100 1 1619 1665 2509
3866 2 2 100 1 1665 2508 2509
3867 2 2 100 1 2507 1613 2523
3868 2 2 100 1 421 788 2400
3869 2 2 100 1 561 419 2400
3870 2 2 100 1 712 789 2399
3871 2 2 100 1 749 2441 2445
3872 2 2 100 1 559 2093 2565
3873 2 2 100 1 794 1178 2669
3874 2 2 100 1 1739 1740 2619
3875 2 2 100 1 1429 1431 2483
3876 2 2 100 1 1183 1181 2327
3877 2 2 100 1 781 644 2357
3878 2 2 100 1 1388 1405 2425
3879 2 2 100 1 1976 2002 2358
3880 2 2 100 1 331 111 2374
3881 2 2 100 1 1123 2016 2674
3882 2 2 100 1 352 771 2325
3883 2 2 100 1 112 245 2374
3884 2 2 100 1 2342 1103 2372
3885 2 2 100 1 997 1075 2360
3886 2 2 100 1 2483 1431 2488
3887 2 2 100 1 702 786 2404
3888 2 2 100 1 2372 1406 2382
3889 2 2 100 1 2280 710 2399
3890 2 2 100 1 2362 2023 2365
3891 2 2 100 1 1341 1339 2396
3892 2 2 100 1 796 608 2397
3893 2 2 100 1 348 1180 2320
3894 2 2 100 1 2512 1075 2514
3895 2 2 100 1 1394 2280 2399
3896 2 2 100 1 105 289 2315
3897 2 2 100 1 1267 1265 2450
3898 2 2 100 1 2511 1617 2513
3899 2 2 100 1 724 726 2362
3900 2 2 100 1 2450 1265 2453
3901 2 2 100 1 2053 2051 2418
3902 2 2 100 1 1222 1220 2361
3903 2 2 100 1 1379 1601 2326
3904 2 2 100 1 1418 1175 2351
3905 2 2 100 1 1265 1262 2453
3906 2 2 100 1 767 827 2338
3907 2 2 100 1 1114 1151 2350
3908 2 2 100 1 1204 2336 2364
3909 2 2 100 1 111 112 2374
3910 2 2 100 1 991 1074 2363
3911 2 2 100 1 750 2455 2456
3912 2 2 100 1 142 143 2412
3913 2 2 100 1 2517 1074 2518
3914 2 2 100 1 1151 1414 2350
3915 2 2 100 1 2023 2022 2365
3916 2 2 100 1 1074 2224 2518
3917 2 2 100 1 2518 2224 2519
3918 2 2 100 1 1987 2000 2366
3919 2 2 100 1 2303 1395 2398
3920 2 2 100 1 784 634 2367
3921 2 2 100 1 2224 1077 2519
3922 2 2 100 1 1400 2361 2397
3923 2 2 100 1 2519 1077 2520
3924 2 2 100 1 1592 1590 1593
3925 2 2 100 1 1077 2221 2520
3926 2 2 100 1 2313 748 2354
3927 2 2 100 1 2093 559 2576
3928 2 2 100 1 2520 2221 2521
3929 2 2 100 1 391 393 2417
3930 2 2 100 1 1957 2390 2405
3931 2 2 100 1 2257 1090 2717
3932 2 2 100 1 2016 2670 2674
3933 2 2 100 1 1396 2332 2421
3934 2 2 100 1 680 756 2421
3935 2 2 100 1 2221 1076 2521
3936 2 2 100 1 1256 1254 2459
3937 2 2 100 1 1594 1595 1599
3938 2 2 100 1 1396 1302 2423
3939 2 2 100 1 2521 1076 2522
3940 2 2 100 1 2276 2083 2359
3941 2 2 100 1 2048 2049 2418
3942 2 2 100 1 1592 1593 1594
3943 2 2 100 1 1594 1593 1595
3944 2 2 100 1 2459 1254 2461
3945 2 2 100 1 1254 1251 2461
3946 2 2 100 1 415 417 2368
3947 2 2 100 1 1191 2326 2327
3948 2 2 100 1 2596 1662 2609
3949 2 2 100 1 2303 700 2404
3950 2 2 100 1 798 2300 2364
3951 2 2 100 1 1395 2303 2404
3952 2 2 100 1 1645 1184 2335
3953 2 2 100 1 751 2464 2467
3954 2 2 100 1 2593 1694 2604
3955 2 2 100 1 2283 2342 2372
3956 2 2 100 1 787 624 2370
3957 2 2 100 1 2586 1705 2594
3958 2 2 100 1 977 1071 2371
3959 2 2 100 1 1228 1226 2451
3960 2 2 100 1 376 2440 2479
3961 2 2 100 1 754 614 2373
3962 2 2 100 1 1999 2652 2701
3963 2 2 100 1 2525 1071 2527
3964 2 2 100 1 2112 2642 2645
3965 2 2 100 1 291 120 2307
3966 2 2 100 1 1218 2392 2410
3967 2 2 100 1 1245 1243 2466
3968 2 2 100 1 794 2669 2670
3969 2 2 100 1 2319 1420 2376
3970 2 2 100 1 335 104 2315
3971 2 2 100 1 1751 1752 2369
3972 2 2 100 1 101 102 343
3973 2 2 100 1 1243 1240 2463
3974 2 2 100 1 2438 754 2446
3975 2 2 100 1 971 1070 2375
3976 2 2 100 1 2458 752 2462
3977 2 2 100 1 1243 2463 2466
3978 2 2 100 1 2530 1070 2532
3979 2 2 100 1 1070 2208 2532
3980 2 2 100 1 2336 798 2364
3981 2 2 100 1 1087 1999 2667
3982 2 2 100 1 2532 2208 2534
3983 2 2 100 1 1431 1433 2488
3984 2 2 100 1 1278 1398 2437
3985 2 2 100 1 2208 1073 2534
3986 2 2 100 1 827 1105 2338
3987 2 2 100 1 2534 1073 2535
3988 2 2 100 1 1398 2356 2439
3989 2 2 100 1 654 778 2439
3990 2 2 100 1 544 2599 2603
3991 2 2 100 1 1236 2443 2444
3992 2 2 100 1 1398 1275 2441
3993 2 2 100 1 1330 1328 2403
3994 2 2 100 1 1393 1236 2444
3995 2 2 100 1 529 2601 2605
3996 2 2 100 1 2148 1369 2790
3997 2 2 100 1 2066 2055 2470
3998 2 2 100 1 1271 1399 2445
3999 2 2 100 1 2442 1349 2443
4000 2 2 100 1 1349 1346 2443
4001 2 2 100 1 1433 1435 2499
4002 2 2 100 1 788 423 2447
4003 2 2 100 1 425 564 2447
4004 2 2 100 1 1399 2357 2448
4005 2 2 100 1 648 749 2448
4006 2 2 100 1 961 1067 2378
4007 2 2 100 1 2263 2377 2422
4008 2 2 100 1 1235 1522 2442
4009 2 2 100 1 1370 1371 2379
4010 2 2 100 1 1399 1269 2449
4011 2 2 100 1 612 754 2438
4012 2 2 100 1 2538 1067 2540
4013 2 2 100 1 1067 2204 2540
4014 2 2 100 1 1226 1224 2446
4015 2 2 100 1 2540 2204 2542
4016 2 2 100 1 2263 2297 2377
4017 2 2 100 1 2499 1435 2510
4018 2 2 100 1 2718 343 2879
4019 2 2 100 1 2204 1072 2542
4020 2 2 100 1 1262 1260 2455
4021 2 2 100 1 2542 1072 2543
4022 2 2 100 1 1212 2283 2372
4023 2 2 100 1 1401 2367 2456
4024 2 2 100 1 638 750 2456
4025 2 2 100 1 1401 1258 2457
4026 2 2 100 1 951 1065 2380
4027 2 2 100 1 1403 1247 2465
4028 2 2 100 1 1251 1249 2464
4029 2 2 100 1 618 752 2458
4030 2 2 100 1 1240 1238 2462
4031 2 2 100 1 628 751 2467
4032 2 2 100 1 749 2356 2441
4033 2 2 100 1 1403 2370 2467
4034 2 2 100 1 2544 1065 2546
4035 2 2 100 1 1065 2214 2546
4036 2 2 100 1 2546 2214 2548
4037 2 2 100 1 2257 2717 2724
4038 2 2 100 1 1168 1483 2420
4039 2 2 100 1 1732 1731 2714
4040 2 2 100 1 2214 1069 2548
4041 2 2 100 1 1059 2296 2376
4042 2 2 100 1 1402 2373 2458
4043 2 2 100 1 2296 2319 2376
4044 2 2 100 1 2112 2349 2642
4045 2 2 100 1 1471 1473 2551
4046 2 2 100 1 2332 1396 2423
4047 2 2 100 1 1471 2551 2553
4048 2 2 100 1 1435 1438 2510
4049 2 2 100 1 1655 873 2741
4050 2 2 100 1 2359 2084 2377
4051 2 2 100 1 1467 1471 2553
4052 2 2 100 1 254 18 2472
4053 2 2 100 1 1369 2148 2794
4054 2 2 100 1 1438 1440 2528
4055 2 2 100 1 121 337 2307
4056 2 2 100 1 1212 2372 2382
4057 2 2 100 1 2361 796 2397
4058 2 2 100 1 1068 2557 2558
4059 2 2 100 1 937 1064 2381
4060 2 2 100 1 2052 2053 2470
4061 2 2 100 1 1400 2397 2438
4062 2 2 100 1 781 2357 2449
4063 2 2 100 1 1456 1458 2559
4064 2 2 100 1 2364 2300 2386
4065 2 2 100 1 2360 1075 2512
4066 2 2 100 1 1453 1456 2560
4067 2 2 100 1 1442 1449 2383
4068 2 2 100 1 2554 1061 2555
4069 2 2 100 1 1563 1561 2436
4070 2 2 100 1 2047 2044 2384
4071 2 2 100 1 2297 1104 2377
4072 2 2 100 1 1456 2559 2560
4073 2 2 100 1 1226 2446 2451
4074 2 2 100 1 2377 2084 2422
4075 2 2 100 1 927 1061 2385
4076 2 2 100 1 1066 2561 2562
4077 2 2 100 1 2526 1951 2663
4078 2 2 100 1 1240 2462 2463
4079 2 2 100 1 1059 2376 2388
4080 2 2 100 1 2363 1074 2517
4081 2 2 100 1 1609 1614 2476
4082 2 2 100 1 802 2279 2387
4083 2 2 100 1 2461 1251 2464
4084 2 2 100 1 2541 1449 2547
4085 2 2 100 1 2453 1262 2455
4086 2 2 100 1 145 146 2477
4087 2 2 100 1 2420 1483 2460
4088 2 2 100 1 953 2380 2545
4089 2 2 100 1 939 2381 2557
4090 2 2 100 1 963 2378 2537
4091 2 2 100 1 973 2375 2529
4092 2 2 100 1 979 2371 2524
4093 2 2 100 1 1132 828 2460
4094 2 2 100 1 2388 1424 2434
4095 2 2 100 1 1305 1396 2419
4096 2 2 100 1 929 2385 2561
4097 2 2 100 1 993 2363 2516
4098 2 2 100 1 2471 1429 2483
4099 2 2 100 1 999 2360 2511
4100 2 2 100 1 784 2367 2457
4101 2 2 100 1 2488 1433 2499
4102 2 2 100 1 2387 1845 2454
4103 2 2 100 1 2422 2085 2425
4104 2 2 100 1 1211 2314 2387
4105 2 2 100 1 2510 1438 2528
4106 2 2 100 1 564 427 2481
4107 2 2 100 1 1397 2338 2420
4108 2 2 100 1 2476 521 2482
4109 2 2 100 1 1328 1395 2403
4110 2 2 100 1 2314 802 2387
4111 2 2 100 1 1307 1305 2419
4112 2 2 100 1 337 122 2328
4113 2 2 100 1 376 374 2440
4114 2 2 100 1 2356 1398 2441
4115 2 2 100 1 2119 2117 2389
4116 2 2 100 1 20 321 2484
4117 2 2 100 1 720 722 2390
4118 2 2 100 1 2300 755 2386
4119 2 2 100 1 2371 1071 2525
4120 2 2 100 1 2386 755 2392
4121 2 2 100 1 2570 1843 2618
4122 2 2 100 1 521 378 2479
4123 2 2 100 1 382 2480 2500
4124 2 2 100 1 2330 1212 2382
4125 2 2 100 1 720 2390 2391
4126 2 2 100 1 1937 2030 2506
4127 2 2 100 1 1574 1573 2475
4128 2 2 100 1 787 2370 2465
4129 2 2 100 1 718 720 2391
4130 2 2 100 1 1339 1394 2396
4131 2 2 100 1 2357 1399 2449
4132 2 2 100 1 1039 1037 2485
4133 2 2 100 1 2247 743 2393
4134 2 2 100 1 431 560 2486
4135 2 2 100 1 789 2247 2394
4136 2 2 100 1 102 103 2413
4137 2 2 100 1 2247 2393 2394
4138 2 2 100 1 745 2395 2401
4139 2 2 100 1 2375 1070 2530
4140 2 2 100 1 1104 2359 2377
4141 2 2 100 1 280 109 2469
4142 2 2 100 1 745 2280 2395
4143 2 2 100 1 110 331 2469
4144 2 2 100 1 1325 1323 2398
4145 2 2 100 1 1839 1841 2536
4146 2 2 100 1 710 712 2399
4147 2 2 100 1 755 2282 2392
4148 2 2 100 1 1084 2257 2724
4149 2 2 100 1 419 421 2400
4150 2 2 100 1 608 610 2397
4151 2 2 100 1 2367 1401 2457
4152 2 2 100 1 2394 1341 2396
4153 2 2 100 1 783 2102 2613
4154 2 2 100 1 2306 1059 2388
4155 2 2 100 1 2240 745 2401
4156 2 2 100 1 545 2422 2425
4157 2 2 100 1 2266 2289 2454
4158 2 2 100 1 2240 2401 2402
4159 2 2 100 1 786 2240 2402
4160 2 2 100 1 103 335 2413
4161 2 2 100 1 2378 1067 2538
4162 2 2 100 1 2370 1403 2465
4163 2 2 100 1 1389 1391 2482
4164 2 2 100 1 470 468 2492
4165 2 2 100 1 2064 2065 2489
4166 2 2 100 1 2365 1393 2405
4167 2 2 100 1 2338 1105 2420
4168 2 2 100 1 700 702 2404
4169 2 2 100 1 448 446 2493
4170 2 2 100 1 438 436 2494
4171 2 2 100 1 432 430 2495
4172 2 2 100 1 426 424 2497
4173 2 2 100 1 416 414 2496
4174 2 2 100 1 2084 2085 2422
4175 2 2 100 1 1607 1606 2474
4176 2 2 100 1 2231 746 2406
4177 2 2 100 1 2231 2406 2407
4178 2 2 100 1 2380 1065 2544
4179 2 2 100 1 785 2231 2407
4180 2 2 100 1 1170 1726 2690
4181 2 2 100 1 785 2407 2408
4182 2 2 100 1 2102 783 2615
4183 2 2 100 1 2230 785 2408
4184 2 2 100 1 2230 2408 2409
4185 2 2 100 1 2268 886 2478
4186 2 2 100 1 753 2230 2409
4187 2 2 100 1 2440 1405 2479
4188 2 2 100 1 878 879 2491
4189 2 2 100 1 543 384 2500
4190 2 2 100 1 753 2409 2411
4191 2 2 100 1 1505 1189 2498
4192 2 2 100 1 888 1108 2478
4193 2 2 100 1 2090 2089 2504
4194 2 2 100 1 2228 753 2411
4195 2 2 100 1 1187 1503 2498
4196 2 2 100 1 1559 1617 2512
4197 2 2 100 1 143 248 2412
4198 2 2 100 1 1082 1001 2511
4199 2 2 100 1 2360 1617 2511
4200 2 2 100 1 1578 1577 2487
4201 2 2 100 1 2228 2411 2414
4202 2 2 100 1 1555 1554 2514
4203 2 2 100 1 2119 2654 2662
4204 2 2 100 1 782 2228 2414
4205 2 2 100 1 1550 1555 2517
4206 2 2 100 1 2363 1555 2516
4207 2 2 100 1 1075 995 2516
4208 2 2 100 1 1084 2724 2733
4209 2 2 100 1 782 2414 2415
4210 2 2 100 1 2227 782 2415
4211 2 2 100 1 1611 1613 2507
4212 2 2 100 1 1499 1501 2620
4213 2 2 100 1 2392 2282 2410
4214 2 2 100 1 2227 2415 2416
4215 2 2 100 1 2282 796 2410
4216 2 2 100 1 756 2227 2416
4217 2 2 100 1 1536 1535 2522
4218 2 2 100 1 2371 1536 2524
4219 2 2 100 1 1076 981 2524
4220 2 2 100 1 1530 1536 2525
4221 2 2 100 1 2381 1064 2556
4222 2 2 100 1 2051 2048 2418
4223 2 2 100 1 393 565 2417
4224 2 2 100 1 1526 1525 2527
4225 2 2 100 1 2375 1526 2529
4226 2 2 100 1 1071 975 2529
4227 2 2 100 1 1518 1526 2530
4228 2 2 100 1 2397 610 2438
4229 2 2 100 1 2402 1330 2403
4230 2 2 100 1 2085 1388 2425
4231 2 2 100 1 678 680 2421
4232 2 2 100 1 437 559 2533
4233 2 2 100 1 2229 435 2533
4234 2 2 100 1 374 545 2440
4235 2 2 100 1 1508 1507 2535
4236 2 2 100 1 1302 1300 2423
4237 2 2 100 1 2378 1508 2537
4238 2 2 100 1 2385 1061 2554
4239 2 2 100 1 1073 965 2537
4240 2 2 100 1 1497 1508 2538
4241 2 2 100 1 2423 1300 2424
4242 2 2 100 1 2383 1449 2541
4243 2 2 100 1 1211 2387 2454
4244 2 2 100 1 1300 1298 2424
4245 2 2 100 1 1488 1487 2543
4246 2 2 100 1 1138 1948 2526
4247 2 2 100 1 2424 1298 2426
4248 2 2 100 1 2380 1488 2545
4249 2 2 100 1 1480 1488 2544
4250 2 2 100 1 1072 955 2545
4251 2 2 100 1 1298 1296 2426
4252 2 2 100 1 2426 1296 2427
4253 2 2 100 1 321 21 2552
4254 2 2 100 1 22 255 2552
4255 2 2 100 1 1449 1444 2555
4256 2 2 100 1 1296 1294 2427
4257 2 2 100 1 1889 1132 2803
4258 2 2 100 1 545 2263 2422
4259 2 2 100 1 1448 1454 2554
4260 2 2 100 1 382 380 2480
4261 2 2 100 1 921 1058 2541
4262 2 2 100 1 2427 1294 2428
4263 2 2 100 1 1032 1138 2526
4264 2 2 100 1 1460 1468 2556
4265 2 2 100 1 1061 925 2547
4266 2 2 100 1 2381 1468 2557
4267 2 2 100 1 1068 941 2557
4268 2 2 100 1 1465 1467 2558
4269 2 2 100 1 1294 1292 2428
4270 2 2 100 1 2428 1292 2429
4271 2 2 100 1 1066 931 2561
4272 2 2 100 1 1451 1453 2562
4273 2 2 100 1 1292 1290 2429
4274 2 2 100 1 1841 2549 2568
4275 2 2 100 1 2385 1454 2561
4276 2 2 100 1 2429 1290 2430
4277 2 2 100 1 1290 1288 2430
4278 2 2 100 1 2093 2091 2565
4279 2 2 100 1 2088 2090 2565
4280 2 2 100 1 1179 1821 2468
4281 2 2 100 1 812 607 2549
4282 2 2 100 1 2425 1405 2440
4283 2 2 100 1 2430 1288 2431
4284 2 2 100 1 2455 1401 2456
4285 2 2 100 1 1288 1286 2431
4286 2 2 100 1 2668 780 2673
4287 2 2 100 1 2431 1286 2432
4288 2 2 100 1 1400 2438 2446
4289 2 2 100 1 1286 1284 2432
4290 2 2 100 1 1397 2420 2460
4291 2 2 100 1 2432 1284 2433
4292 2 2 100 1 150 151 2567
4293 2 2 100 1 1284 1282 2433
4294 2 2 100 1 2433 1282 2435
4295 2 2 100 1 1105 1168 2420
4296 2 2 100 1 343 102 2413
4297 2 2 100 1 1282 1280 2435
4298 2 2 100 1 1815 1814 2563
4299 2 2 100 1 2435 1280 2437
4300 2 2 100 1 1949 1947 2572
4301 2 2 100 1 1280 1278 2437
4302 2 2 100 1 742 2365 2405
4303 2 2 100 1 652 654 2439
4304 2 2 100 1 610 612 2438
4305 2 2 100 1 1953 401 2629
4306 2 2 100 1 2464 1403 2467
4307 2 2 100 1 1275 1273 2441
4308 2 2 100 1 1236 2442 2443
4309 2 2 100 1 1236 1235 2442
4310 2 2 100 1 2493 1706 2600
4311 2 2 100 1 2443 1348 2444
4312 2 2 100 1 1346 1348 2443
4313 2 2 100 1 441 783 2576
4314 2 2 100 1 559 439 2576
4315 2 2 100 1 1348 1957 2444
4316 2 2 100 1 2441 1273 2445
4317 2 2 100 1 2494 1695 2608
4318 2 2 100 1 1273 1271 2445
4319 2 2 100 1 2495 1687 2611
4320 2 2 100 1 1402 2458 2462
4321 2 2 100 1 472 470 2578
4322 2 2 100 1 2496 1663 2607
4323 2 2 100 1 2497 1680 2612
4324 2 2 100 1 780 2205 2673
4325 2 2 100 1 423 425 2447
4326 2 2 100 1 1224 1400 2446
4327 2 2 100 1 892 1154 2515
4328 2 2 100 1 1768 1771 2580
4329 2 2 100 1 646 648 2448
4330 2 2 100 1 2266 2454 2490
4331 2 2 100 1 1269 1267 2449
4332 2 2 100 1 1703 1705 2586
4333 2 2 100 1 605 603 2568
4334 2 2 100 1 1573 1563 2436
4335 2 2 100 1 1701 1706 2595
4336 2 2 100 1 1692 1694 2593
4337 2 2 100 1 1658 1663 2597
4338 2 2 100 1 1617 2360 2512
4339 2 2 100 1 1684 1686 2599
4340 2 2 100 1 533 450 2600
4341 2 2 100 1 1660 1662 2596
4342 2 2 100 1 1677 1679 2601
4343 2 2 100 1 1690 1695 2603
4344 2 2 100 1 2225 781 2450
4345 2 2 100 1 1682 1687 2605
4346 2 2 100 1 1675 1680 2606
4347 2 2 100 1 527 440 2608
4348 2 2 100 1 525 418 2607
4349 2 2 100 1 2225 2450 2453
4350 2 2 100 1 544 434 2611
4351 2 2 100 1 529 428 2612
4352 2 2 100 1 750 2225 2453
4353 2 2 100 1 1060 2434 2471
4354 2 2 100 1 1060 2306 2434
4355 2 2 100 1 1512 1208 2591
4356 2 2 100 1 1555 2363 2517
4357 2 2 100 1 1260 1401 2455
4358 2 2 100 1 1206 1505 2591
4359 2 2 100 1 1108 890 2515
4360 2 2 100 1 636 638 2456
4361 2 2 100 1 1258 1256 2457
4362 2 2 100 1 2102 2101 2613
4363 2 2 100 1 2092 2093 2613
4364 2 2 100 1 2583 809 2584
4365 2 2 100 1 1744 2583 2584
4366 2 2 100 1 940 942 2614
4367 2 2 100 1 2660 914 2752
4368 2 2 100 1 2236 784 2459
4369 2 2 100 1 616 618 2458
4370 2 2 100 1 2236 2459 2461
4371 2 2 100 1 751 2236 2461
4372 2 2 100 1 789 2394 2396
4373 2 2 100 1 1238 1402 2462
4374 2 2 100 1 2673 2205 2677
4375 2 2 100 1 2306 2388 2434
4376 2 2 100 1 380 521 2480
4377 2 2 100 1 828 1397 2460
4378 2 2 100 1 1249 1403 2464
4379 2 2 100 1 1247 1245 2465
4380 2 2 100 1 752 2249 2463
4381 2 2 100 1 1699 2595 2602
4382 2 2 100 1 626 628 2467
4383 2 2 100 1 109 110 2469
4384 2 2 100 1 2249 787 2466
4385 2 2 100 1 2463 2249 2466
4386 2 2 100 1 2595 806 2602
4387 2 2 100 1 1536 2371 2525
4388 2 2 100 1 2480 1614 2500
4389 2 2 100 1 2446 754 2451
4390 2 2 100 1 2416 1307 2419
4391 2 2 100 1 1673 2606 2610
4392 2 2 100 1 853 2490 2536
4393 2 2 100 1 2289 1211 2454
4394 2 2 100 1 1526 2375 2530
4395 2 2 100 1 2656 920 2754
4396 2 2 100 1 2119 2389 2654
4397 2 2 100 1 1649 2597 2598
4398 2 2 100 1 2606 805 2610
4399 2 2 100 1 853 2266 2490
4400 2 2 100 1 2597 803 2598
4401 2 2 100 1 783 443 2615
4402 2 2 100 1 445 562 2615
4403 2 2 100 1 562 2223 2622
4404 2 2 100 1 2311 1179 2468
4405 2 2 100 1 24 324 2616
4406 2 2 100 1 255 23 2616
4407 2 2 100 1 2205 554 2677
4408 2 2 100 1 1858 2641 2644
4409 2 2 100 1 2055 2052 2470
4410 2 2 100 1 1195 1811 2623
4411 2 2 100 1 1508 2378 2538
4412 2 2 100 1 18 19 2472
4413 2 2 100 1 1780 1781 2473
4414 2 2 100 1 2462 752 2463
4415 2 2 100 1 786 2402 2403
4416 2 2 100 1 750 2453 2455
4417 2 2 100 1 1504 2271 2617
4418 2 2 100 1 751 2461 2464
4419 2 2 100 1 1584 1582 2577
4420 2 2 100 1 1488 2380 2544
4421 2 2 100 1 1957 2405 2444
4422 2 2 100 1 2405 1393 2444
4423 2 2 100 1 834 874 2650
4424 2 2 100 1 521 2479 2482
4425 2 2 100 1 2099 2102 2622
4426 2 2 100 1 2223 2100 2622
4427 2 2 100 1 2223 562 2628
4428 2 2 100 1 2389 2114 2649
4429 2 2 100 1 543 2507 2523
4430 2 2 100 1 2294 1060 2471
4431 2 2 100 1 2677 554 2684
4432 2 2 100 1 1058 2383 2541
4433 2 2 100 1 2349 2108 2637
4434 2 2 100 1 1468 2381 2556
4435 2 2 100 1 2006 2020 2626
4436 2 2 100 1 1454 2385 2554
4437 2 2 100 1 2614 942 2719
4438 2 2 100 1 934 936 2625
4439 2 2 100 1 2001 1081 2678
4440 2 2 100 1 1417 2703 2862
4441 2 2 100 1 562 447 2628
4442 2 2 100 1 1616 1619 2513
4443 2 2 100 1 1377 1233 2627
4444 2 2 100 1 2472 19 2484
4445 2 2 100 1 1453 2560 2562
4446 2 2 100 1 1577 1574 2475
4447 2 2 100 1 1231 1512 2627
4448 2 2 100 1 1467 2553 2558
4449 2 2 100 1 554 2206 2684
4450 2 2 100 1 754 2373 2451
4451 2 2 100 1 146 318 2477
4452 2 2 100 1 403 563 2629
4453 2 2 100 1 1391 1609 2476
4454 2 2 100 1 1381 1499 2620
4455 2 2 100 1 1840 1843 2570
4456 2 2 100 1 2152 1277 2797
4457 2 2 100 1 1617 1616 2513
4458 2 2 100 1 1745 2311 2468
4459 2 2 100 1 1350 1370 2664
4460 2 2 100 1 756 2416 2419
4461 2 2 100 1 545 2425 2440
4462 2 2 100 1 2476 1614 2480
4463 2 2 100 1 451 558 2631
4464 2 2 100 1 427 429 2481
4465 2 2 100 1 2684 2206 2687
4466 2 2 100 1 378 376 2479
4467 2 2 100 1 814 2635 2640
4468 2 2 100 1 886 888 2478
4469 2 2 100 1 324 25 2636
4470 2 2 100 1 1049 1047 2633
4471 2 2 100 1 1277 2152 2798
4472 2 2 100 1 1081 2001 2691
4473 2 2 100 1 2454 1845 2490
4474 2 2 100 1 558 2349 2637
4475 2 2 100 1 2105 2106 2637
4476 2 2 100 1 1869 2659 2666
4477 2 2 100 1 2481 429 2486
4478 2 2 100 1 1353 1195 2623
4479 2 2 100 1 2536 1841 2568
4480 2 2 100 1 157 158 2638
4481 2 2 100 1 1583 1585 2814
4482 2 2 100 1 1853 1855 2640
4483 2 2 100 1 19 20 2484
4484 2 2 100 1 2206 777 2687
4485 2 2 100 1 1405 1389 2482
4486 2 2 100 1 1091 1039 2485
4487 2 2 100 1 621 619 2641
4488 2 2 100 1 543 2500 2507
4489 2 2 100 1 812 2570 2618
4490 2 2 100 1 1062 2483 2488
4491 2 2 100 1 2573 858 2578
4492 2 2 100 1 429 431 2486
4493 2 2 100 1 558 453 2642
4494 2 2 100 1 2029 1954 2653
4495 2 2 100 1 1062 2294 2483
4496 2 2 100 1 1613 1621 2523
4497 2 2 100 1 1886 2693 2699
4498 2 2 100 1 2294 2471 2483
4499 2 2 100 1 285 1713 2771
4500 2 2 100 1 27 256 2643
4501 2 2 100 1 1998 1997 2725
4502 2 2 100 1 1621 1623 2539
4503 2 2 100 1 2523 1621 2539
4504 2 2 100 1 457 557 2645
4505 2 2 100 1 2539 1623 2550
4506 2 2 100 1 924 926 2646
4507 2 2 100 1 1623 1626 2550
4508 2 2 100 1 356 1656 2755
4509 2 2 100 1 1858 1857 2647
4510 2 2 100 1 525 2596 2609
4511 2 2 100 1 533 2586 2594
4512 2 2 100 1 527 2593 2604
4513 2 2 100 1 813 2655 2657
4514 2 2 100 1 1626 1628 2564
4515 2 2 100 1 2557 1468 2558
4516 2 2 100 1 2564 1628 2566
4517 2 2 100 1 2281 1062 2488
4518 2 2 100 1 2293 118 2634
4519 2 2 100 1 2068 2064 2489
4520 2 2 100 1 557 2389 2649
4521 2 2 100 1 1886 1770 2693
4522 2 2 100 1 1845 1844 2490
4523 2 2 100 1 1581 1578 2487
4524 2 2 100 1 2111 2112 2649
4525 2 2 100 1 1628 1630 2566
4526 2 2 100 1 2561 1454 2562
4527 2 2 100 1 468 528 2492
4528 2 2 100 1 1880 2683 2686
4529 2 2 100 1 1630 1632 2569
4530 2 2 100 1 2700 2137 2705
4531 2 2 100 1 2569 1632 2571
4532 2 2 100 1 2550 1626 2564
4533 2 2 100 1 1632 1634 2571
4534 2 2 100 1 2025 2029 2653
4535 2 2 100 1 2490 1844 2536
4536 2 2 100 1 2068 2489 2504
4537 2 2 100 1 1017 1086 2652
4538 2 2 100 1 528 2207 2582
4539 2 2 100 1 1087 1019 2652
4540 2 2 100 1 2582 2207 2583
4541 2 2 100 1 2349 558 2642
4542 2 2 100 1 2580 528 2582
4543 2 2 100 1 446 806 2493
4544 2 2 100 1 2207 809 2583
4545 2 2 100 1 1634 1636 2574
4546 2 2 100 1 879 882 2491
4547 2 2 100 1 1734 1744 2584
4548 2 2 100 1 2574 1636 2575
4549 2 2 100 1 2586 533 2600
4550 2 2 100 1 1734 2584 2587
4551 2 2 100 1 1718 1734 2587
4552 2 2 100 1 119 291 2634
4553 2 2 100 1 1718 2587 2588
4554 2 2 100 1 1716 1718 2588
4555 2 2 100 1 1716 2588 2590
4556 2 2 100 1 2566 1630 2569
4557 2 2 100 1 436 544 2494
4558 2 2 100 1 1712 1716 2590
4559 2 2 100 1 1712 2590 2592
4560 2 2 100 1 557 459 2654
4561 2 2 100 1 1710 1712 2592
4562 2 2 100 1 1710 2592 2594
4563 2 2 100 1 1636 1638 2575
4564 2 2 100 1 2593 527 2608
4565 2 2 100 1 430 529 2495
4566 2 2 100 1 1705 1710 2594
4567 2 2 100 1 1638 1640 2579
4568 2 2 100 1 414 803 2496
4569 2 2 100 1 424 805 2497
4570 2 2 100 1 2579 1640 2581
4571 2 2 100 1 2599 544 2611
4572 2 2 100 1 2337 314 2714
4573 2 2 100 1 1697 1699 2602
4574 2 2 100 1 2571 1634 2574
4575 2 2 100 1 2601 529 2612
4576 2 2 100 1 1697 2602 2604
4577 2 2 100 1 1694 1697 2604
4578 2 2 100 1 1640 1642 2581
4579 2 2 100 1 2596 525 2607
4580 2 2 100 1 1642 1644 2585
4581 2 2 100 1 2585 1644 2589
4582 2 2 100 1 2137 2135 2705
4583 2 2 100 1 1644 1647 2589
4584 2 2 100 1 1647 1649 2598
4585 2 2 100 1 2575 1638 2579
4586 2 2 100 1 1864 1866 2657
4587 2 2 100 1 1671 1673 2610
4588 2 2 100 1 1662 1671 2609
4589 2 2 100 1 162 163 2658
4590 2 2 100 1 2791 2718 2879
4591 2 2 100 1 2581 1642 2585
4592 2 2 100 1 1189 1187 2498
4593 2 2 100 1 2609 1671 2610
4594 2 2 100 1 2589 1647 2598
4595 2 2 100 1 918 920 2656
4596 2 2 100 1 631 629 2659
4597 2 2 100 1 384 382 2500
4598 2 2 100 1 1028 1030 2663
4599 2 2 100 1 1063 2499 2510
4600 2 2 100 1 1063 2281 2499
4601 2 2 100 1 2281 2488 2499
4602 2 2 100 1 2241 2232 2501
4603 2 2 100 1 2501 2232 2502
4604 2 2 100 1 463 780 2662
4605 2 2 100 1 2232 1078 2502
4606 2 2 100 1 2089 2068 2504
4607 2 2 100 1 2502 1078 2503
4608 2 2 100 1 1844 1839 2536
4609 2 2 100 1 1078 2237 2503
4610 2 2 100 1 2503 2237 2505
4611 2 2 100 1 2237 1083 2505
4612 2 2 100 1 617 814 2644
4613 2 2 100 1 2505 1083 2508
4614 2 2 100 1 1083 2234 2508
4615 2 2 100 1 2705 2135 2707
4616 2 2 100 1 1385 1349 2665
4617 2 2 100 1 2508 2234 2509
4618 2 2 100 1 1614 1611 2507
4619 2 2 100 1 2234 1082 2509
4620 2 2 100 1 1055 1053 2661
4621 2 2 100 1 2030 1911 2506
4622 2 2 100 1 521 2476 2480
4623 2 2 100 1 811 2680 2681
4624 2 2 100 1 1001 999 2511
4625 2 2 100 1 1557 1559 2512
4626 2 2 100 1 1557 2512 2514
4627 2 2 100 1 1991 2001 2667
4628 2 2 100 1 1999 1993 2667
4629 2 2 100 1 1554 1557 2514
4630 2 2 100 1 1030 1032 2526
4631 2 2 100 1 2269 1063 2510
4632 2 2 100 1 995 993 2516
4633 2 2 100 1 1548 1550 2517
4634 2 2 100 1 2118 2119 2668
4635 2 2 100 1 2661 1053 2774
4636 2 2 100 1 1548 2517 2518
4637 2 2 100 1 912 914 2660
4638 2 2 100 1 1546 1548 2518
4639 2 2 100 1 1546 2518 2519
4640 2 2 100 1 1542 1546 2519
4641 2 2 100 1 810 2220 2693
4642 2 2 100 1 1542 2519 2520
4643 2 2 100 1 1540 1542 2520
4644 2 2 100 1 2135 2134 2707
4645 2 2 100 1 1731 2337 2714
4646 2 2 100 1 1540 2520 2521
4647 2 2 100 1 1538 1540 2521
4648 2 2 100 1 1538 2521 2522
4649 2 2 100 1 1535 1538 2522
4650 2 2 100 1 1869 1868 2671
4651 2 2 100 1 981 979 2524
4652 2 2 100 1 1528 1530 2525
4653 2 2 100 1 2267 543 2523
4654 2 2 100 1 1841 1840 2570
4655 2 2 100 1 1091 2747 2757
4656 2 2 100 1 256 28 2672
4657 2 2 100 1 1528 2525 2527
4658 2 2 100 1 1525 1528 2527
4659 2 2 100 1 1948 1951 2526
4660 2 2 100 1 1596 1593 2648
4661 2 2 100 1 975 973 2529
4662 2 2 100 1 1516 1518 2530
4663 2 2 100 1 1516 2530 2532
4664 2 2 100 1 890 892 2515
4665 2 2 100 1 1514 1516 2532
4666 2 2 100 1 2269 2510 2528
4667 2 2 100 1 435 437 2533
4668 2 2 100 1 1514 2532 2534
4669 2 2 100 1 2479 1405 2482
4670 2 2 100 1 1058 2269 2528
4671 2 2 100 1 1510 1514 2534
4672 2 2 100 1 1510 2534 2535
4673 2 2 100 1 2491 882 2531
4674 2 2 100 1 1771 2492 2580
4675 2 2 100 1 1507 1510 2535
4676 2 2 100 1 2267 2523 2539
4677 2 2 100 1 2707 2134 2709
4678 2 2 100 1 965 963 2537
4679 2 2 100 1 2154 1372 2799
4680 2 2 100 1 1495 1497 2538
4681 2 2 100 1 1590 1589 2648
4682 2 2 100 1 1495 2538 2540
4683 2 2 100 1 1493 1495 2540
4684 2 2 100 1 1493 2540 2542
4685 2 2 100 1 1490 1493 2542
4686 2 2 100 1 882 2268 2531
4687 2 2 100 1 1490 2542 2543
4688 2 2 100 1 1706 2493 2595
4689 2 2 100 1 923 921 2541
4690 2 2 100 1 1487 1490 2543
4691 2 2 100 1 1478 1480 2544
4692 2 2 100 1 955 953 2545
4693 2 2 100 1 792 2267 2539
4694 2 2 100 1 1695 2494 2603
4695 2 2 100 1 1663 2496 2597
4696 2 2 100 1 1478 2544 2546
4697 2 2 100 1 1687 2495 2605
4698 2 2 100 1 1680 2497 2606
4699 2 2 100 1 792 2539 2550
4700 2 2 100 1 167 168 2679
4701 2 2 100 1 923 2541 2547
4702 2 2 100 1 1476 1478 2546
4703 2 2 100 1 1021 1087 2678
4704 2 2 100 1 1081 1023 2678
4705 2 2 100 1 1476 2546 2548
4706 2 2 100 1 1473 1476 2548
4707 2 2 100 1 30 322 2682
4708 2 2 100 1 2633 1047 2764
4709 2 2 100 1 1875 1877 2681
4710 2 2 100 1 925 923 2547
4711 2 2 100 1 1069 2222 2551
4712 2 2 100 1 2551 2222 2553
4713 2 2 100 1 2134 2131 2709
4714 2 2 100 1 21 22 2552
4715 2 2 100 1 2222 1068 2553
4716 2 2 100 1 2264 792 2550
4717 2 2 100 1 1446 2554 2555
4718 2 2 100 1 1372 2154 2800
4719 2 2 100 1 1446 1448 2554
4720 2 2 100 1 1444 1446 2555
4721 2 2 100 1 1458 1460 2556
4722 2 2 100 1 641 639 2683
4723 2 2 100 1 941 939 2557
4724 2 2 100 1 1468 1465 2558
4725 2 2 100 1 607 605 2549
4726 2 2 100 1 627 813 2666
4727 2 2 100 1 1064 2238 2559
4728 2 2 100 1 2238 1066 2560
4729 2 2 100 1 2559 2238 2560
4730 2 2 100 1 931 929 2561
4731 2 2 100 1 1823 275 2698
4732 2 2 100 1 1454 1451 2562
4733 2 2 100 1 1814 1817 2563
4734 2 2 100 1 2091 2088 2565
4735 2 2 100 1 2264 2550 2564
4736 2 2 100 1 2709 2131 2713
4737 2 2 100 1 523 2564 2566
4738 2 2 100 1 523 2264 2564
4739 2 2 100 1 2265 1091 2757
4740 2 2 100 1 2389 557 2654
4741 2 2 100 1 824 851 2676
4742 2 2 100 1 1093 1092 2685
4743 2 2 100 1 1597 1596 2697
4744 2 2 100 1 1770 1769 2693
4745 2 2 100 1 2262 523 2566
4746 2 2 100 1 170 171 2689
4747 2 2 100 1 151 329 2567
4748 2 2 100 1 1986 1989 2691
4749 2 2 100 1 2001 1988 2691
4750 2 2 100 1 2246 1521 2688
4751 2 2 100 1 1178 2382 2669
4752 2 2 100 1 603 853 2568
4753 2 2 100 1 2131 2130 2713
4754 2 2 100 1 1831 1824 2698
4755 2 2 100 1 1880 1879 2692
4756 2 2 100 1 797 2569 2571
4757 2 2 100 1 797 2262 2569
4758 2 2 100 1 2262 2566 2569
4759 2 2 100 1 1947 1945 2572
4760 2 2 100 1 1815 2563 2694
4761 2 2 100 1 2258 797 2571
4762 2 2 100 1 2265 2757 2760
4763 2 2 100 1 812 2549 2570
4764 2 2 100 1 1366 1164 2685
4765 2 2 100 1 2485 1037 2742
4766 2 2 100 1 526 2574 2575
4767 2 2 100 1 526 2258 2574
4768 2 2 100 1 2258 2571 2574
4769 2 2 100 1 439 441 2576
4770 2 2 100 1 2254 526 2575
4771 2 2 100 1 2202 2127 2700
4772 2 2 100 1 1997 1995 2701
4773 2 2 100 1 1463 1167 2696
4774 2 2 100 1 858 472 2578
4775 2 2 100 1 801 2579 2581
4776 2 2 100 1 1340 1356 2702
4777 2 2 100 1 801 2254 2579
4778 2 2 100 1 2254 2575 2579
4779 2 2 100 1 1766 1768 2580
4780 2 2 100 1 2382 1406 2669
4781 2 2 100 1 1766 2580 2582
4782 2 2 100 1 2250 801 2581
4783 2 2 100 1 1747 1766 2582
4784 2 2 100 1 1747 2582 2583
4785 2 2 100 1 1744 1747 2583
4786 2 2 100 1 809 2211 2584
4787 2 2 100 1 2584 2211 2587
4788 2 2 100 1 1706 1703 2586
4789 2 2 100 1 2211 535 2587
4790 2 2 100 1 524 2585 2589
4791 2 2 100 1 2587 535 2588
4792 2 2 100 1 524 2250 2585
4793 2 2 100 1 535 2212 2588
4794 2 2 100 1 2250 2581 2585
4795 2 2 100 1 2588 2212 2590
4796 2 2 100 1 2212 807 2590
4797 2 2 100 1 2590 807 2592
4798 2 2 100 1 807 2218 2592
4799 2 2 100 1 2245 524 2589
4800 2 2 100 1 2592 2218 2594
4801 2 2 100 1 1989 2256 2704
4802 2 2 100 1 1695 1692 2593
4803 2 2 100 1 1208 1206 2591
4804 2 2 100 1 2218 533 2594
4805 2 2 100 1 1699 1701 2595
4806 2 2 100 1 1663 1660 2596
4807 2 2 100 1 1649 1658 2597
4808 2 2 100 1 1619 2509 2513
4809 2 2 100 1 637 811 2686
4810 2 2 100 1 1687 1684 2599
4811 2 2 100 1 450 448 2600
4812 2 2 100 1 803 2245 2598
4813 2 2 100 1 1680 1677 2601
4814 2 2 100 1 2245 2589 2598
4815 2 2 100 1 1025 1081 2704
4816 2 2 100 1 806 2226 2602
4817 2 2 100 1 1686 1690 2603
4818 2 2 100 1 2602 2226 2604
4819 2 2 100 1 2226 527 2604
4820 2 2 100 1 1679 1682 2605
4821 2 2 100 1 1673 1675 2606
4822 2 2 100 1 418 416 2607
4823 2 2 100 1 440 438 2608
4824 2 2 100 1 2256 1027 2704
4825 2 2 100 1 2239 525 2609
4826 2 2 100 1 434 432 2611
4827 2 2 100 1 805 2239 2610
4828 2 2 100 1 2239 2609 2610
4829 2 2 100 1 428 426 2612
4830 2 2 100 1 876 1095 2696
4831 2 2 100 1 1338 1335 2706
4832 2 2 100 1 1587 1584 2577
4833 2 2 100 1 99 100 2718
4834 2 2 100 1 2241 2501 2632
4835 2 2 100 1 2101 2092 2613
4836 2 2 100 1 177 178 2708
4837 2 2 100 1 1954 1953 2629
4838 2 2 100 1 1125 940 2614
4839 2 2 100 1 2256 1989 2710
4840 2 2 100 1 2270 812 2618
4841 2 2 100 1 2500 1614 2507
4842 2 2 100 1 1989 1984 2710
4843 2 2 100 1 2560 1066 2562
4844 2 2 100 1 2553 1068 2558
4845 2 2 100 1 1088 2265 2760
4846 2 2 100 1 2198 2199 2711
4847 2 2 100 1 2196 2197 2711
4848 2 2 100 1 180 181 2712
4849 2 2 100 1 2270 2618 2624
4850 2 2 100 1 349 1170 2741
4851 2 2 100 1 443 445 2615
4852 2 2 100 1 1180 1688 2771
4853 2 2 100 1 1088 2760 2762
4854 2 2 100 1 871 2624 2630
4855 2 2 100 1 2624 1849 2630
4856 2 2 100 1 23 24 2616
4857 2 2 100 1 1091 2485 2747
4858 2 2 100 1 1358 1331 2715
4859 2 2 100 1 1333 1338 2715
4860 2 2 100 1 2097 2614 2719
4861 2 2 100 1 2492 528 2580
4862 2 2 100 1 1154 2322 2694
4863 2 2 100 1 279 1888 2784
4864 2 2 100 1 1843 1847 2618
4865 2 2 100 1 944 1162 2719
4866 2 2 100 1 873 351 2741
4867 2 2 100 1 871 2270 2624
4868 2 2 100 1 2097 2095 2720
4869 2 2 100 1 1740 1737 2728
4870 2 2 100 1 2493 806 2595
4871 2 2 100 1 2029 1102 2723
4872 2 2 100 1 2199 320 2721
4873 2 2 100 1 2184 2185 2721
4874 2 2 100 1 2100 2099 2622
4875 2 2 100 1 2494 544 2603
4876 2 2 100 1 2792 1597 2815
4877 2 2 100 1 853 2536 2568
4878 2 2 100 1 2495 529 2605
4879 2 2 100 1 2496 803 2597
4880 2 2 100 1 2618 1847 2624
4881 2 2 100 1 1125 2720 2726
4882 2 2 100 1 2497 805 2606
4883 2 2 100 1 1587 2577 2621
4884 2 2 100 1 1602 1707 2735
4885 2 2 100 1 2079 2080 2726
4886 2 2 100 1 1601 1381 2620
4887 2 2 100 1 2215 2137 2695
4888 2 2 100 1 1589 1587 2621
4889 2 2 100 1 1329 1358 2727
4890 2 2 100 1 1847 1849 2624
4891 2 2 100 1 1126 934 2625
4892 2 2 100 1 1849 1851 2630
4893 2 2 100 1 2726 2080 2729
4894 2 2 100 1 936 938 2729
4895 2 2 100 1 1233 1231 2627
4896 2 2 100 1 1552 1353 2623
4897 2 2 100 1 447 449 2628
4898 2 2 100 1 2020 1815 2626
4899 2 2 100 1 2509 1082 2513
4900 2 2 100 1 2096 2097 2716
4901 2 2 100 1 2080 2078 2730
4902 2 2 100 1 2158 1264 2802
4903 2 2 100 1 1123 2674 2722
4904 2 2 100 1 1107 906 2731
4905 2 2 100 1 1461 2768 2878
4906 2 2 100 1 1975 1978 2733
4907 2 2 100 1 1327 1324 2732
4908 2 2 100 1 401 403 2629
4909 2 2 100 1 910 1127 2734
4910 2 2 100 1 2628 449 2631
4911 2 2 100 1 1264 2158 2804
4912 2 2 100 1 2630 1851 2635
4913 2 2 100 1 2261 871 2630
4914 2 2 100 1 1706 2586 2600
4915 2 2 100 1 1851 1853 2635
4916 2 2 100 1 2188 2189 2739
4917 2 2 100 1 2186 2187 2739
4918 2 2 100 1 449 451 2631
4919 2 2 100 1 2442 1522 2665
4920 2 2 100 1 118 119 2634
4921 2 2 100 1 1695 2593 2608
4922 2 2 100 1 2549 1841 2570
4923 2 2 100 1 1086 2241 2632
4924 2 2 100 1 1687 2599 2611
4925 2 2 100 1 1663 2596 2607
4926 2 2 100 1 1680 2601 2612
4927 2 2 100 1 2076 2059 2743
4928 2 2 100 1 1035 1084 2742
4929 2 2 100 1 2261 2630 2635
4930 2 2 100 1 1089 1049 2633
4931 2 2 100 1 1978 2485 2742
4932 2 2 100 1 1800 1808 2792
4933 2 2 100 1 1359 1320 2744
4934 2 2 100 1 1322 1327 2744
4935 2 2 100 1 25 26 2636
4936 2 2 100 1 814 2261 2635
4937 2 2 100 1 2771 1688 2779
4938 2 2 100 1 1978 1973 2747
4939 2 2 100 1 2060 2058 2746
4940 2 2 100 1 1924 2660 2752
4941 2 2 100 1 2034 2656 2754
4942 2 2 100 1 1126 2730 2737
4943 2 2 100 1 619 617 2644
4944 2 2 100 1 1924 1921 2748
4945 2 2 100 1 2108 2105 2637
4946 2 2 100 1 2035 1922 2750
4947 2 2 100 1 2007 2006 2639
4948 2 2 100 1 158 251 2638
4949 2 2 100 1 2242 1126 2737
4950 2 2 100 1 2061 2033 2749
4951 2 2 100 1 2189 323 2751
4952 2 2 100 1 2190 2191 2751
4953 2 2 100 1 1855 1858 2640
4954 2 2 100 1 1603 1602 2735
4955 2 2 100 1 2034 2032 2753
4956 2 2 100 1 123 124 2738
4957 2 2 100 1 2636 26 2643
4958 2 2 100 1 863 621 2641
4959 2 2 100 1 2242 2737 2740
4960 2 2 100 1 1923 2005 2736
4961 2 2 100 1 916 1129 2752
4962 2 2 100 1 922 1128 2754
4963 2 2 100 1 8 9 2758
4964 2 2 100 1 453 455 2642
4965 2 2 100 1 1360 1316 2756
4966 2 2 100 1 1318 1359 2756
4967 2 2 100 1 1163 2242 2740
4968 2 2 100 1 2641 1858 2647
4969 2 2 100 1 26 27 2643
4970 2 2 100 1 2642 455 2645
4971 2 2 100 1 863 2647 2651
4972 2 2 100 1 2191 260 2759
4973 2 2 100 1 2192 2193 2759
4974 2 2 100 1 2647 1860 2651
4975 2 2 100 1 1354 1654 2768
4976 2 2 100 1 2007 2731 2734
4977 2 2 100 1 1461 1352 2768
4978 2 2 100 1 926 928 2745
4979 2 2 100 1 455 457 2645
4980 2 2 100 1 2160 1373 2805
4981 2 2 100 1 354 356 2755
4982 2 2 100 1 1128 924 2646
4983 2 2 100 1 1361 1312 2761
4984 2 2 100 1 1314 1360 2761
4985 2 2 100 1 1758 1350 2664
4986 2 2 100 1 814 2640 2644
4987 2 2 100 1 1857 1860 2647
4988 2 2 100 1 1964 1967 2762
4989 2 2 100 1 1373 2160 2806
4990 2 2 100 1 1095 834 2650
4991 2 2 100 1 2734 1127 2736
4992 2 2 100 1 1860 1862 2651
4993 2 2 100 1 2193 319 2763
4994 2 2 100 1 2200 2201 2763
4995 2 2 100 1 2114 2111 2649
4996 2 2 100 1 2248 863 2651
4997 2 2 100 1 2651 1862 2655
4998 2 2 100 1 2563 1154 2694
4999 2 2 100 1 1089 2770 2774
5000 2 2 100 1 1967 2633 2764
5001 2 2 100 1 1362 1308 2765
5002 2 2 100 1 1310 1361 2765
5003 2 2 100 1 1967 1833 2766
5004 2 2 100 1 1019 1017 2652
5005 2 2 100 1 1862 1864 2655
5006 2 2 100 1 1045 1088 2764
5007 2 2 100 1 2248 2651 2655
5008 2 2 100 1 2027 2025 2653
5009 2 2 100 1 314 1998 2714
5010 2 2 100 1 459 461 2654
5011 2 2 100 1 2632 2501 2725
5012 2 2 100 1 1128 2749 2754
5013 2 2 100 1 813 2248 2655
5014 2 2 100 1 2201 278 2767
5015 2 2 100 1 2181 2180 2767
5016 2 2 100 1 1129 918 2656
5017 2 2 100 1 1593 1590 2648
5018 2 2 100 1 1866 1869 2657
5019 2 2 100 1 2654 461 2662
5020 2 2 100 1 163 252 2658
5021 2 2 100 1 629 627 2666
5022 2 2 100 1 861 631 2659
5023 2 2 100 1 1306 1362 2769
5024 2 2 100 1 1127 912 2660
5025 2 2 100 1 461 463 2662
5026 2 2 100 1 2632 1997 2701
5027 2 2 100 1 1102 1028 2663
5028 2 2 100 1 1829 1827 2770
5029 2 2 100 1 1830 1826 2775
5030 2 2 100 1 1092 1055 2661
5031 2 2 100 1 1564 2290 2843
5032 2 2 100 1 1830 2661 2774
5033 2 2 100 1 2659 1869 2671
5034 2 2 100 1 1125 2614 2720
5035 2 2 100 1 1304 1301 2773
5036 2 2 100 1 2485 1978 2747
5037 2 2 100 1 2614 2097 2720
5038 2 2 100 1 1051 1089 2774
5039 2 2 100 1 1993 1991 2667
5040 2 2 100 1 1129 2750 2752
5041 2 2 100 1 2320 1180 2771
5042 2 2 100 1 2121 2118 2668
5043 2 2 100 1 2179 2178 2777
5044 2 2 100 1 2176 2177 2777
5045 2 2 100 1 861 2671 2675
5046 2 2 100 1 2671 1871 2675
5047 2 2 100 1 813 2657 2666
5048 2 2 100 1 2121 2668 2673
5049 2 2 100 1 1406 1407 2669
5050 2 2 100 1 1868 1871 2671
5051 2 2 100 1 1654 227 2872
5052 2 2 100 1 1364 1297 2780
5053 2 2 100 1 1299 1304 2780
5054 2 2 100 1 28 29 2672
5055 2 2 100 1 2669 1407 2670
5056 2 2 100 1 1407 1409 2670
5057 2 2 100 1 2122 2121 2673
5058 2 2 100 1 1871 1873 2675
5059 2 2 100 1 1596 2676 2697
5060 2 2 100 1 2670 1409 2674
5061 2 2 100 1 1899 12 2784
5062 2 2 100 1 2177 259 2781
5063 2 2 100 1 2142 2143 2781
5064 2 2 100 1 832 824 2676
5065 2 2 100 1 1409 1412 2674
5066 2 2 100 1 777 2215 2695
5067 2 2 100 1 2233 861 2675
5068 2 2 100 1 2675 1873 2680
5069 2 2 100 1 2122 2673 2677
5070 2 2 100 1 2672 29 2682
5071 2 2 100 1 2164 1253 2808
5072 2 2 100 1 13 279 2784
5073 2 2 100 1 2233 2675 2680
5074 2 2 100 1 1873 1875 2680
5075 2 2 100 1 1365 1293 2782
5076 2 2 100 1 1295 1364 2782
5077 2 2 100 1 2124 2122 2677
5078 2 2 100 1 1769 810 2693
5079 2 2 100 1 1023 1021 2678
5080 2 2 100 1 168 253 2679
5081 2 2 100 1 811 2233 2680
5082 2 2 100 1 1253 2164 2809
5083 2 2 100 1 1877 1880 2681
5084 2 2 100 1 29 30 2682
5085 2 2 100 1 2625 2080 2730
5086 2 2 100 1 2124 2677 2684
5087 2 2 100 1 2143 304 2783
5088 2 2 100 1 2138 2139 2783
5089 2 2 100 1 98 339 2793
5090 2 2 100 1 639 637 2686
5091 2 2 100 1 859 641 2683
5092 2 2 100 1 2125 2124 2684
5093 2 2 100 1 1367 1289 2785
5094 2 2 100 1 1291 1365 2785
5095 2 2 100 1 2639 1107 2731
5096 2 2 100 1 2683 1880 2692
5097 2 2 100 1 1164 1093 2685
5098 2 2 100 1 1349 2442 2665
5099 2 2 100 1 2125 2684 2687
5100 2 2 100 1 1500 292 2833
5101 2 2 100 1 293 97 2793
5102 2 2 100 1 1726 1725 2690
5103 2 2 100 1 1126 2625 2730
5104 2 2 100 1 2139 277 2786
5105 2 2 100 1 2140 2141 2786
5106 2 2 100 1 2127 2125 2687
5107 2 2 100 1 1356 2246 2688
5108 2 2 100 1 811 2681 2686
5109 2 2 100 1 2322 2275 2694
5110 2 2 100 1 171 303 2689
5111 2 2 100 1 1368 1285 2787
5112 2 2 100 1 1287 1367 2787
5113 2 2 100 1 1988 1986 2691
5114 2 2 100 1 1879 1882 2692
5115 2 2 100 1 859 2692 2699
5116 2 2 100 1 1951 1952 2723
5117 2 2 100 1 2141 309 2788
5118 2 2 100 1 2144 2145 2788
5119 2 2 100 1 1824 1823 2698
5120 2 2 100 1 2692 1882 2699
5121 2 2 100 1 2220 859 2699
5122 2 2 100 1 227 1654 2842
5123 2 2 100 1 1369 1281 2789
5124 2 2 100 1 1283 1368 2789
5125 2 2 100 1 1882 1886 2699
5126 2 2 100 1 2166 1376 2810
5127 2 2 100 1 290 1652 2853
5128 2 2 100 1 1417 1416 2703
5129 2 2 100 1 2676 851 2697
5130 2 2 100 1 1167 876 2696
5131 2 2 100 1 1121 2202 2700
5132 2 2 100 1 1995 1999 2701
5133 2 2 100 1 2147 2148 2790
5134 2 2 100 1 2145 262 2790
5135 2 2 100 1 1376 2166 2811
5136 2 2 100 1 1337 1340 2702
5137 2 2 100 1 2413 335 2863
5138 2 2 100 1 1121 2700 2705
5139 2 2 100 1 291 1756 2847
5140 2 2 100 1 2646 2060 2746
5141 2 2 100 1 1279 1369 2794
5142 2 2 100 1 1027 1025 2704
5143 2 2 100 1 1337 2702 2706
5144 2 2 100 1 2203 1121 2705
5145 2 2 100 1 1277 1274 2795
5146 2 2 100 1 2007 2639 2731
5147 2 2 100 1 1086 2632 2701
5148 2 2 100 1 1089 2633 2766
5149 2 2 100 1 2203 2705 2707
5150 2 2 100 1 2640 1858 2644
5151 2 2 100 1 1335 1337 2706
5152 2 2 100 1 2151 2152 2797
5153 2 2 100 1 2149 2150 2797
5154 2 2 100 1 863 2641 2647
5155 2 2 100 1 1161 2203 2707
5156 2 2 100 1 178 261 2708
5157 2 2 100 1 1272 1277 2798
5158 2 2 100 1 1372 1270 2798
5159 2 2 100 1 2656 2034 2753
5160 2 2 100 1 1161 2707 2709
5161 2 2 100 1 2660 1924 2748
5162 2 2 100 1 1412 1891 2722
5163 2 2 100 1 2153 2154 2799
5164 2 2 100 1 2152 263 2799
5165 2 2 100 1 2217 1161 2709
5166 2 2 100 1 1984 1982 2710
5167 2 2 100 1 2633 1967 2766
5168 2 2 100 1 1997 2632 2725
5169 2 2 100 1 2130 2096 2716
5170 2 2 100 1 2197 2198 2711
5171 2 2 100 1 1268 1372 2800
5172 2 2 100 1 2217 2709 2713
5173 2 2 100 1 275 1807 2772
5174 2 2 100 1 181 288 2712
5175 2 2 100 1 1162 2217 2713
5176 2 2 100 1 1264 1263 2801
5177 2 2 100 1 2710 1982 2717
5178 2 2 100 1 2157 2158 2802
5179 2 2 100 1 2155 2156 2802
5180 2 2 100 1 2768 281 2878
5181 2 2 100 1 1128 2646 2746
5182 2 2 100 1 1331 1333 2715
5183 2 2 100 1 2170 1242 2813
5184 2 2 100 1 1598 2413 2863
5185 2 2 100 1 1261 1264 2804
5186 2 2 100 1 1373 1259 2804
5187 2 2 100 1 1982 1980 2717
5188 2 2 100 1 1544 238 2841
5189 2 2 100 1 2159 2160 2805
5190 2 2 100 1 2158 264 2805
5191 2 2 100 1 1242 2170 2816
5192 2 2 100 1 339 99 2718
5193 2 2 100 1 942 944 2719
5194 2 2 100 1 1257 1373 2806
5195 2 2 100 1 2717 1980 2724
5196 2 2 100 1 2095 2082 2720
5197 2 2 100 1 320 2184 2721
5198 2 2 100 1 1483 1484 2803
5199 2 2 100 1 1253 1252 2807
5200 2 2 100 1 1737 296 2728
5201 2 2 100 1 336 1725 2839
5202 2 2 100 1 2720 2082 2726
5203 2 2 100 1 2163 2164 2808
5204 2 2 100 1 2161 2162 2808
5205 2 2 100 1 1980 1977 2724
5206 2 2 100 1 1250 1253 2809
5207 2 2 100 1 1376 1248 2809
5208 2 2 100 1 2661 1830 2775
5209 2 2 100 1 2082 2079 2726
5210 2 2 100 1 1807 299 2776
5211 2 2 100 1 1741 338 2840
5212 2 2 100 1 220 4 2851
5213 2 2 100 1 1 5 2852
5214 2 2 100 1 1129 2656 2753
5215 2 2 100 1 1326 1329 2727
5216 2 2 100 1 2165 2166 2810
5217 2 2 100 1 2164 265 2810
5218 2 2 100 1 2657 1869 2666
5219 2 2 100 1 1125 2726 2729
5220 2 2 100 1 4 221 2851
5221 2 2 100 1 244 1 2852
5222 2 2 100 1 1127 2660 2748
5223 2 2 100 1 2728 296 2758
5224 2 2 100 1 2724 1977 2733
5225 2 2 100 1 1246 1376 2811
5226 2 2 100 1 861 2659 2671
5227 2 2 100 1 938 1125 2729
5228 2 2 100 1 2772 1807 2776
5229 2 2 100 1 1326 2727 2732
5230 2 2 100 1 332 1788 2825
5231 2 2 100 1 1242 1241 2812
5232 2 2 100 1 2078 2075 2730
5233 2 2 100 1 2169 2170 2813
5234 2 2 100 1 2167 2168 2813
5235 2 2 100 1 1324 1326 2732
5236 2 2 100 1 906 908 2731
5237 2 2 100 1 1977 1975 2733
5238 2 2 100 1 2730 2075 2737
5239 2 2 100 1 2174 1230 2818
5240 2 2 100 1 2731 908 2734
5241 2 2 100 1 1239 1242 2816
5242 2 2 100 1 107 108 2814
5243 2 2 100 1 2075 2074 2737
5244 2 2 100 1 2005 2007 2736
5245 2 2 100 1 1092 2661 2775
5246 2 2 100 1 1230 2174 2819
5247 2 2 100 1 1230 1227 2817
5248 2 2 100 1 908 910 2734
5249 2 2 100 1 2173 2174 2818
5250 2 2 100 1 2146 2291 2821
5251 2 2 100 1 1762 246 2826
5252 2 2 100 1 2171 2172 2818
5253 2 2 100 1 299 1791 2778
5254 2 2 100 1 2737 2074 2740
5255 2 2 100 1 2328 123 2738
5256 2 2 100 1 928 1163 2745
5257 2 2 100 1 2187 2188 2739
5258 2 2 100 1 2291 1382 2821
5259 2 2 100 1 351 349 2741
5260 2 2 100 1 2074 2076 2740
5261 2 2 100 1 1225 1230 2819
5262 2 2 100 1 1382 1223 2819
5263 2 2 100 1 1370 2379 2860
5264 2 2 100 1 2174 305 2821
5265 2 2 100 1 2776 299 2778
5266 2 2 100 1 1378 1427 2831
5267 2 2 100 1 1037 1035 2742
5268 2 2 100 1 1544 1380 2831
5269 2 2 100 1 3 125 2850
5270 2 2 100 1 2059 2060 2743
5271 2 2 100 1 2013 1404 2832
5272 2 2 100 1 1221 1382 2822
5273 2 2 100 1 1724 341 2851
5274 2 2 100 1 1960 1959 2824
5275 2 2 100 1 2687 777 2695
5276 2 2 100 1 124 3 2850
5277 2 2 100 1 300 2013 2832
5278 2 2 100 1 1320 1322 2744
5279 2 2 100 1 1382 2291 2822
5280 2 2 100 1 1791 285 2779
5281 2 2 100 1 2469 331 2864
5282 2 2 100 1 1217 1216 2823
5283 2 2 100 1 1921 1923 2748
5284 2 2 100 1 2058 2061 2746
5285 2 2 100 1 1973 1971 2747
5286 2 2 100 1 2663 1951 2723
5287 2 2 100 1 2674 1412 2722
5288 2 2 100 1 2033 2034 2749
5289 2 2 100 1 2007 2734 2736
5290 2 2 100 1 323 2190 2751
5291 2 2 100 1 1922 1924 2750
5292 2 2 100 1 875 1820 2834
5293 2 2 100 1 2681 1880 2686
5294 2 2 100 1 246 233 2826
5295 2 2 100 1 1132 2460 2803
5296 2 2 100 1 230 332 2825
5297 2 2 100 1 281 229 2825
5298 2 2 100 1 234 334 2826
5299 2 2 100 1 2747 1971 2757
5300 2 2 100 1 2032 2035 2753
5301 2 2 100 1 2501 1732 2725
5302 2 2 100 1 914 916 2752
5303 2 2 100 1 859 2683 2692
5304 2 2 100 1 920 922 2754
5305 2 2 100 1 1595 1597 2820
5306 2 2 100 1 818 875 2834
5307 2 2 100 1 296 8 2758
5308 2 2 100 1 2778 1791 2779
5309 2 2 100 1 342 1750 2852
5310 2 2 100 1 1316 1318 2756
5311 2 2 100 1 1971 1969 2757
5312 2 2 100 1 771 354 2755
5313 2 2 100 1 2127 2687 2695
5314 2 2 100 1 2757 1969 2760
5315 2 2 100 1 851 822 2835
5316 2 2 100 1 260 2192 2759
5317 2 2 100 1 292 240 2833
5318 2 2 100 1 1579 2469 2864
5319 2 2 100 1 232 246 2836
5320 2 2 100 1 332 231 2836
5321 2 2 100 1 1969 1966 2760
5322 2 2 100 1 241 338 2833
5323 2 2 100 1 2749 2034 2754
5324 2 2 100 1 2760 1966 2762
5325 2 2 100 1 1312 1314 2761
5326 2 2 100 1 1713 2320 2771
5327 2 2 100 1 1966 1964 2762
5328 2 2 100 1 2750 1924 2752
5329 2 2 100 1 319 2200 2763
5330 2 2 100 1 106 107 2838
5331 2 2 100 1 2796 1760 2880
5332 2 2 100 1 1102 2663 2723
5333 2 2 100 1 1047 1045 2764
5334 2 2 100 1 1308 1310 2765
5335 2 2 100 1 1427 1759 2796
5336 2 2 100 1 1759 1760 2796
5337 2 2 100 1 239 292 2841
5338 2 2 100 1 1833 1829 2766
5339 2 2 100 1 1756 1754 2847
5340 2 2 100 1 1352 1354 2768
5341 2 2 100 1 278 2181 2767
5342 2 2 100 1 145 2477 2882
5343 2 2 100 1 1586 1588 2845
5344 2 2 100 1 2713 2130 2716
5345 2 2 100 1 1896 1436 2854
5346 2 2 100 1 1564 1565 2844
5347 2 2 100 1 2770 1830 2774
5348 2 2 100 1 1303 1306 2769
5349 2 2 100 1 1827 1830 2770
5350 2 2 100 1 129 1896 2854
5351 2 2 100 1 295 128 2854
5352 2 2 100 1 1162 2713 2716
5353 2 2 100 1 1303 2769 2773
5354 2 2 100 1 142 2412 2876
5355 2 2 100 1 1301 1303 2773
5356 2 2 100 1 1826 1831 2775
5357 2 2 100 1 1357 1366 2772
5358 2 2 100 1 1053 1051 2774
5359 2 2 100 1 1756 2307 2849
5360 2 2 100 1 1580 1583 2855
5361 2 2 100 1 1357 2772 2776
5362 2 2 100 1 1363 1357 2776
5363 2 2 100 1 2178 2176 2777
5364 2 2 100 1 2477 1481 2882
5365 2 2 100 1 1575 1576 2864
5366 2 2 100 1 1363 2776 2778
5367 2 2 100 1 1591 1592 2863
5368 2 2 100 1 1375 1363 2778
5369 2 2 100 1 2412 1474 2876
5370 2 2 100 1 1688 1375 2779
5371 2 2 100 1 248 144 2882
5372 2 2 100 1 1447 1481 2883
5373 2 2 100 1 1297 1299 2780
5374 2 2 100 1 1755 1758 2870
5375 2 2 100 1 1481 1445 2881
5376 2 2 100 1 327 141 2876
5377 2 2 100 1 1441 1474 2877
5378 2 2 100 1 1375 2778 2779
5379 2 2 100 1 1474 1439 2875
5380 2 2 100 1 225 290 2853
5381 2 2 100 1 1562 1564 2843
5382 2 2 100 1 227 228 2872
5383 2 2 100 1 259 2142 2781
5384 2 2 100 1 336 224 2853
5385 2 2 100 1 1436 1896 2856
5386 2 2 100 1 1293 1295 2782
5387 2 2 100 1 1724 222 2839
5388 2 2 100 1 100 2 2857
5389 2 2 100 1 1474 2412 2877
5390 2 2 100 1 1414 1436 2856
5391 2 2 100 1 304 2138 2783
5392 2 2 100 1 1481 2477 2883
5393 2 2 100 1 2 101 2857
5394 2 2 100 1 334 2796 2880
5395 2 2 100 1 243 1750 2840
5396 2 2 100 1 12 13 2784
5397 2 2 100 1 1289 1291 2785
5398 2 2 100 1 1163 2743 2745
5399 2 2 100 1 277 2140 2786
5400 2 2 100 1 1285 1287 2787
5401 2 2 100 1 2743 2060 2745
5402 2 2 100 1 1757 1756 2849
5403 2 2 100 1 309 2144 2788
5404 2 2 100 1 226 227 2842
5405 2 2 100 1 1808 293 2792
5406 2 2 100 1 1281 1283 2789
5407 2 2 100 1 262 2147 2790
5408 2 2 100 1 97 98 2793
5409 2 2 100 1 1276 1279 2794
5410 2 2 100 1 1276 2794 2795
5411 2 2 100 1 1274 1276 2795
5412 2 2 100 1 2150 2151 2797
5413 2 2 100 1 334 2295 2796
5414 2 2 100 1 282 2293 2870
5415 2 2 100 1 1270 1272 2798
5416 2 2 100 1 263 2153 2799
5417 2 2 100 1 1266 1268 2800
5418 2 2 100 1 1266 2800 2801
5419 2 2 100 1 280 2469 2855
5420 2 2 100 1 1263 1266 2801
5421 2 2 100 1 2156 2157 2802
5422 2 2 100 1 1597 2792 2820
5423 2 2 100 1 1259 1261 2804
5424 2 2 100 1 338 242 2840
5425 2 2 100 1 264 2159 2805
5426 2 2 100 1 1498 1544 2841
5427 2 2 100 1 223 336 2839
5428 2 2 100 1 2469 1579 2855
5429 2 2 100 1 1255 1257 2806
5430 2 2 100 1 1255 2806 2807
5431 2 2 100 1 1252 1255 2807
5432 2 2 100 1 1801 1799 2837
5433 2 2 100 1 2460 1483 2803
5434 2 2 100 1 2664 282 2870
5435 2 2 100 1 2162 2163 2808
5436 2 2 100 1 1248 1250 2809
5437 2 2 100 1 265 2165 2810
5438 2 2 100 1 1244 1246 2811
5439 2 2 100 1 1799 1800 2815
5440 2 2 100 1 1244 2811 2812
5441 2 2 100 1 1241 1244 2812
5442 2 2 100 1 2168 2169 2813
5443 2 2 100 1 339 2718 2791
5444 2 2 100 1 108 280 2814
5445 2 2 100 1 1229 1239 2816
5446 2 2 100 1 2292 282 2860
5447 2 2 100 1 1229 2816 2817
5448 2 2 100 1 1227 1229 2817
5449 2 2 100 1 2172 2173 2818
5450 2 2 100 1 222 223 2839
5451 2 2 100 1 242 243 2840
5452 2 2 100 1 1223 1225 2819
5453 2 2 100 1 305 2146 2821
5454 2 2 100 1 1219 1221 2822
5455 2 2 100 1 1599 1595 2820
5456 2 2 100 1 1650 290 2842
5457 2 2 100 1 1219 2822 2823
5458 2 2 100 1 1216 1219 2823
5459 2 2 100 1 2824 1930 2827
5460 2 2 100 1 1959 1930 2824
5461 2 2 100 1 229 230 2825
5462 2 2 100 1 233 234 2826
5463 2 2 100 1 1930 301 2827
5464 2 2 100 1 2827 301 2828
5465 2 2 100 1 301 1834 2828
5466 2 2 100 1 1834 274 2829
5467 2 2 100 1 2828 1834 2829
5468 2 2 100 1 2829 274 2830
5469 2 2 100 1 1809 300 2832
5470 2 2 100 1 274 1809 2830
5471 2 2 100 1 2830 1809 2832
5472 2 2 100 1 1380 1378 2831
5473 2 2 100 1 240 241 2833
5474 2 2 100 1 820 818 2834
5475 2 2 100 1 2768 1654 2872
5476 2 2 100 1 282 2664 2860
5477 2 2 100 1 822 820 2835
5478 2 2 100 1 820 2834 2835
5479 2 2 100 1 1591 2315 2845
5480 2 2 100 1 231 232 2836
5481 2 2 100 1 2315 289 2845
5482 2 2 100 1 2703 1757 2849
5483 2 2 100 1 1597 2697 2815
5484 2 2 100 1 1436 1413 2859
5485 2 2 100 1 1750 1741 2840
5486 2 2 100 1 290 226 2842
5487 2 2 100 1 1725 1724 2839
5488 2 2 100 1 238 239 2841
5489 2 2 100 1 2792 293 2820
5490 2 2 100 1 289 106 2838
5491 2 2 100 1 2374 245 2844
5492 2 2 100 1 1413 1415 2859
5493 2 2 100 1 1575 2374 2844
5494 2 2 100 1 2379 1562 2843
5495 2 2 100 1 1654 1650 2842
5496 2 2 100 1 2718 100 2857
5497 2 2 100 1 333 2379 2843
5498 2 2 100 1 340 1735 2846
5499 2 2 100 1 2290 333 2843
5500 2 2 100 1 2634 291 2847
5501 2 2 100 1 1799 2815 2837
5502 2 2 100 1 1588 1591 2845
5503 2 2 100 1 2697 851 2837
5504 2 2 100 1 1565 1575 2844
5505 2 2 100 1 2846 1735 2848
5506 2 2 100 1 2815 2697 2837
5507 2 2 100 1 2833 338 2884
5508 2 2 100 1 1735 295 2848
5509 2 2 100 1 1754 1755 2847
5510 2 2 100 1 341 220 2851
5511 2 2 100 1 5 342 2852
5512 2 2 100 1 125 340 2850
5513 2 2 100 1 281 2768 2872
5514 2 2 100 1 337 2703 2849
5515 2 2 100 1 128 129 2854
5516 2 2 100 1 224 225 2853
5517 2 2 100 1 1579 1580 2855
5518 2 2 100 1 2307 337 2849
5519 2 2 100 1 2664 1370 2860
5520 2 2 100 1 281 2825 2878
5521 2 2 100 1 1755 2634 2847
5522 2 2 100 1 2738 124 2850
5523 2 2 100 1 2826 334 2880
5524 2 2 100 1 343 2718 2857
5525 2 2 100 1 2351 1414 2856
5526 2 2 100 1 2351 2856 2858
5527 2 2 100 1 1592 1598 2863
5528 2 2 100 1 1788 1461 2878
5529 2 2 100 1 1576 1579 2864
5530 2 2 100 1 1418 2858 2861
5531 2 2 100 1 1419 1418 2861
5532 2 2 100 1 101 343 2857
5533 2 2 100 1 1418 2351 2858
5534 2 2 100 1 1419 2861 2865
5535 2 2 100 1 1421 1419 2865
5536 2 2 100 1 1421 2865 2866
5537 2 2 100 1 1423 1421 2866
5538 2 2 100 1 1423 2866 2867
5539 2 2 100 1 1425 1423 2867
5540 2 2 100 1 1425 2867 2868
5541 2 2 100 1 1428 1425 2868
5542 2 2 100 1 1428 2868 2869
5543 2 2 100 1 1430 1428 2869
5544 2 2 100 1 1430 2869 2871
5545 2 2 100 1 1432 1430 2871
5546 2 2 100 1 1432 2871 2873
5547 2 2 100 1 1434 1432 2873
5548 2 2 100 1 228 281 2872
5549 2 2 100 1 1434 2873 2874
5550 2 2 100 1 1502 1500 2884
5551 2 2 100 1 1760 1762 2880
5552 2 2 100 1 1437 1434 2874
5553 2 2 100 1 1437 2874 2875
5554 2 2 100 1 1439 1437 2875
5555 2 2 100 1 141 142 2876
5556 2 2 100 1 1443 1441 2877
5557 2 2 100 1 1443 2877 2881
5558 2 2 100 1 1445 1443 2881
5559 2 2 100 1 144 145 2882
5560 2 2 100 1 1450 1447 2883
5561 2 2 100 1 1450 2883 2885
5562 2 2 100 1 1452 1450 2885
5563 2 2 100 1 1452 2885 2886
5564 2 2 100 1 1455 1452 2886
5565 2 2 100 1 2328 2738 2862
5566 2 2 100 1 343 2413 2879
5567 2 2 100 1 2413 1598 2879
5568 2 2 100 1 340 2738 2850
5569 2 2 100 1 1758 2664 2870
5570 2 2 100 1 1415 2848 2859
5571 2 2 100 1 1500 2833 2884
5572 2 2 100 1 1598 2791 2879
5573 2 2 100 1 2825 1788 2878
5574 2 2 100 1 1762 2826 2880
5575 2 2 100 1 2846 1417 2862
5576 2 2 100 1 2848 295 2859
$EndElements
