$MeshFormat
2.2 0 8
$EndMeshFormat
$Nodes
3405
1 0 0 -0.125
2 5 0 -0.125
3 5 0.25 -0.125
4 0 0.25 -0.125
5 0 0 0.125
6 5 0 0.125
7 5 0.25 0.125
8 0 0.25 0.125
9 0.04999999999996292 0 -0.125
10 0.09999999999992801 0 -0.125
11 0.1499999999998885 0 -0.125
12 0.1999999999998339 0 -0.125
13 0.2499999999997756 0 -0.125
14 0.2999999999997341 0 -0.125
15 0.3499999999996992 0 -0.125
16 0.3999999999996643 0 -0.125
17 0.4499999999996294 0 -0.125
18 0.4999999999995944 0 -0.125
19 0.5499999999995594 0 -0.125
20 0.5999999999995166 0 -0.125
21 0.6499999999994261 0 -0.125
22 0.699999999999288 0 -0.125
23 0.749999999999142 0 -0.125
24 0.7999999999989961 0 -0.125
25 0.84999999999885 0 -0.125
26 0.8999999999987042 0 -0.125
27 0.9499999999985582 0 -0.125
28 0.9999999999984124 0 -0.125
29 1.049999999998266 0 -0.125
30 1.09999999999812 0 -0.125
31 1.149999999997975 0 -0.125
32 1.199999999997829 0 -0.125
33 1.249999999997683 0 -0.125
34 1.299999999997537 0 -0.125
35 1.349999999997391 0 -0.125
36 1.399999999997245 0 -0.125
37 1.449999999997099 0 -0.125
38 1.499999999996953 0 -0.125
39 1.549999999996807 0 -0.125
40 1.599999999996661 0 -0.125
41 1.649999999996515 0 -0.125
42 1.699999999996369 0 -0.125
43 1.749999999996223 0 -0.125
44 1.799999999996077 0 -0.125
45 1.849999999995931 0 -0.125
46 1.899999999995785 0 -0.125
47 1.949999999995639 0 -0.125
48 1.999999999995511 0 -0.125
49 2.049999999995518 0 -0.125
50 2.099999999995593 0 -0.125
51 2.149999999995669 0 -0.125
52 2.199999999995745 0 -0.125
53 2.249999999995821 0 -0.125
54 2.299999999995897 0 -0.125
55 2.349999999995974 0 -0.125
56 2.399999999996049 0 -0.125
57 2.449999999996125 0 -0.125
58 2.499999999996201 0 -0.125
59 2.549999999996277 0 -0.125
60 2.599999999996353 0 -0.125
61 2.649999999996429 0 -0.125
62 2.699999999996505 0 -0.125
63 2.749999999996581 0 -0.125
64 2.799999999996657 0 -0.125
65 2.849999999996733 0 -0.125
66 2.899999999996809 0 -0.125
67 2.949999999996885 0 -0.125
68 2.999999999996961 0 -0.125
69 3.049999999997037 0 -0.125
70 3.099999999997114 0 -0.125
71 3.149999999997189 0 -0.125
72 3.199999999997265 0 -0.125
73 3.249999999997341 0 -0.125
74 3.299999999997417 0 -0.125
75 3.349999999997493 0 -0.125
76 3.399999999997569 0 -0.125
77 3.449999999997644 0 -0.125
78 3.499999999997721 0 -0.125
79 3.549999999997797 0 -0.125
80 3.599999999997873 0 -0.125
81 3.649999999997949 0 -0.125
82 3.699999999998025 0 -0.125
83 3.749999999998101 0 -0.125
84 3.799999999998176 0 -0.125
85 3.849999999998253 0 -0.125
86 3.899999999998329 0 -0.125
87 3.949999999998404 0 -0.125
88 3.999999999998481 0 -0.125
89 4.049999999998557 0 -0.125
90 4.099999999998633 0 -0.125
91 4.149999999998709 0 -0.125
92 4.199999999998784 0 -0.125
93 4.24999999999886 0 -0.125
94 4.299999999998937 0 -0.125
95 4.349999999999012 0 -0.125
96 4.399999999999088 0 -0.125
97 4.449999999999164 0 -0.125
98 4.49999999999924 0 -0.125
99 4.549999999999317 0 -0.125
100 4.599999999999393 0 -0.125
101 4.649999999999468 0 -0.125
102 4.699999999999545 0 -0.125
103 4.749999999999621 0 -0.125
104 4.799999999999696 0 -0.125
105 4.849999999999772 0 -0.125
106 4.899999999999848 0 -0.125
107 4.949999999999924 0 -0.125
108 5 0.04999999999988947 -0.125
109 5 0.09999999999974372 -0.125
110 5 0.1499999999997367 -0.125
111 5 0.1999999999998683 -0.125
112 4.95 0.25 -0.125
113 4.899999999999999 0.25 -0.125
114 4.85 0.25 -0.125
115 4.8 0.25 -0.125
116 4.749999999999999 0.25 -0.125
117 4.699999999999999 0.25 -0.125
118 4.649999999999999 0.25 -0.125
119 4.6 0.25 -0.125
120 4.549999999999999 0.25 -0.125
121 4.499999999999999 0.25 -0.125
122 4.449999999999999 0.25 -0.125
123 4.399999999999999 0.25 -0.125
124 4.349999999999999 0.25 -0.125
125 4.299999999999999 0.25 -0.125
126 4.249999999999998 0.25 -0.125
127 4.199999999999998 0.25 -0.125
128 4.149999999999999 0.25 -0.125
129 4.099999999999999 0.25 -0.125
130 4.049999999999999 0.25 -0.125
131 3.999999999999999 0.25 -0.125
132 3.949999999999998 0.25 -0.125
133 3.899999999999999 0.25 -0.125
134 3.849999999999999 0.25 -0.125
135 3.799999999999999 0.25 -0.125
136 3.749999999999999 0.25 -0.125
137 3.699999999999998 0.25 -0.125
138 3.649999999999999 0.25 -0.125
139 3.599999999999999 0.25 -0.125
140 3.549999999999999 0.25 -0.125
141 3.499999999999999 0.25 -0.125
142 3.449999999999999 0.25 -0.125
143 3.399999999999999 0.25 -0.125
144 3.349999999999999 0.25 -0.125
145 3.299999999999999 0.25 -0.125
146 3.249999999999999 0.25 -0.125
147 3.199999999999998 0.25 -0.125
148 3.149999999999999 0.25 -0.125
149 3.099999999999999 0.25 -0.125
150 3.049999999999999 0.25 -0.125
151 2.999999999999999 0.25 -0.125
152 2.949999999999999 0.25 -0.125
153 2.899999999999999 0.25 -0.125
154 2.849999999999999 0.25 -0.125
155 2.799999999999999 0.25 -0.125
156 2.749999999999999 0.25 -0.125
157 2.699999999999999 0.25 -0.125
158 2.649999999999999 0.25 -0.125
159 2.599999999999999 0.25 -0.125
160 2.549999999999999 0.25 -0.125
161 2.5 0.25 -0.125
162 2.449999999999999 0.25 -0.125
163 2.399999999999999 0.25 -0.125
164 2.349999999999999 0.25 -0.125
165 2.299999999999999 0.25 -0.125
166 2.249999999999999 0.25 -0.125
167 2.199999999999999 0.25 -0.125
168 2.149999999999999 0.25 -0.125
169 2.1 0.25 -0.125
170 2.049999999999999 0.25 -0.125
171 2 0.25 -0.125
172 1.949999999999999 0.25 -0.125
173 1.899999999999999 0.25 -0.125
174 1.85 0.25 -0.125
175 1.799999999999999 0.25 -0.125
176 1.749999999999999 0.25 -0.125
177 1.699999999999999 0.25 -0.125
178 1.649999999999999 0.25 -0.125
179 1.599999999999999 0.25 -0.125
180 1.549999999999999 0.25 -0.125
181 1.5 0.25 -0.125
182 1.45 0.25 -0.125
183 1.399999999999999 0.25 -0.125
184 1.349999999999999 0.25 -0.125
185 1.299999999999999 0.25 -0.125
186 1.25 0.25 -0.125
187 1.199999999999999 0.25 -0.125
188 1.149999999999999 0.25 -0.125
189 1.1 0.25 -0.125
190 1.05 0.25 -0.125
191 0.9999999999999991 0.25 -0.125
192 0.9499999999999993 0.25 -0.125
193 0.8999999999999995 0.25 -0.125
194 0.8499999999999996 0.25 -0.125
195 0.7999999999999998 0.25 -0.125
196 0.75 0.25 -0.125
197 0.7000000000000002 0.25 -0.125
198 0.6499999999999995 0.25 -0.125
199 0.5999999999999996 0.25 -0.125
200 0.5499999999999989 0.25 -0.125
201 0.4999999999999991 0.25 -0.125
202 0.4500000000000002 0.25 -0.125
203 0.3999999999999995 0.25 -0.125
204 0.3499999999999996 0.25 -0.125
205 0.3000000000000007 0.25 -0.125
206 0.25 0.25 -0.125
207 0.1999999999999993 0.25 -0.125
208 0.1499999999999995 0.25 -0.125
209 0.09999999999999964 0.25 -0.125
210 0.04999999999999982 0.25 -0.125
211 0 0.2 -0.125
212 0 0.1500000000003467 -0.125
213 0 0.1000000000004161 -0.125
214 0 0.05000000000020804 -0.125
215 0.04999999999996292 0 0.125
216 0.09999999999992801 0 0.125
217 0.1499999999998885 0 0.125
218 0.1999999999998339 0 0.125
219 0.2499999999997756 0 0.125
220 0.2999999999997341 0 0.125
221 0.3499999999996992 0 0.125
222 0.3999999999996643 0 0.125
223 0.4499999999996294 0 0.125
224 0.4999999999995944 0 0.125
225 0.5499999999995594 0 0.125
226 0.5999999999995166 0 0.125
227 0.6499999999994261 0 0.125
228 0.699999999999288 0 0.125
229 0.749999999999142 0 0.125
230 0.7999999999989961 0 0.125
231 0.84999999999885 0 0.125
232 0.8999999999987042 0 0.125
233 0.9499999999985582 0 0.125
234 0.9999999999984124 0 0.125
235 1.049999999998266 0 0.125
236 1.09999999999812 0 0.125
237 1.149999999997975 0 0.125
238 1.199999999997829 0 0.125
239 1.249999999997683 0 0.125
240 1.299999999997537 0 0.125
241 1.349999999997391 0 0.125
242 1.399999999997245 0 0.125
243 1.449999999997099 0 0.125
244 1.499999999996953 0 0.125
245 1.549999999996807 0 0.125
246 1.599999999996661 0 0.125
247 1.649999999996515 0 0.125
248 1.699999999996369 0 0.125
249 1.749999999996223 0 0.125
250 1.799999999996077 0 0.125
251 1.849999999995931 0 0.125
252 1.899999999995785 0 0.125
253 1.949999999995639 0 0.125
254 1.999999999995511 0 0.125
255 2.049999999995518 0 0.125
256 2.099999999995593 0 0.125
257 2.149999999995669 0 0.125
258 2.199999999995745 0 0.125
259 2.249999999995821 0 0.125
260 2.299999999995897 0 0.125
261 2.349999999995974 0 0.125
262 2.399999999996049 0 0.125
263 2.449999999996125 0 0.125
264 2.499999999996201 0 0.125
265 2.549999999996277 0 0.125
266 2.599999999996353 0 0.125
267 2.649999999996429 0 0.125
268 2.699999999996505 0 0.125
269 2.749999999996581 0 0.125
270 2.799999999996657 0 0.125
271 2.849999999996733 0 0.125
272 2.899999999996809 0 0.125
273 2.949999999996885 0 0.125
274 2.999999999996961 0 0.125
275 3.049999999997037 0 0.125
276 3.099999999997114 0 0.125
277 3.149999999997189 0 0.125
278 3.199999999997265 0 0.125
279 3.249999999997341 0 0.125
280 3.299999999997417 0 0.125
281 3.349999999997493 0 0.125
282 3.399999999997569 0 0.125
283 3.449999999997644 0 0.125
284 3.499999999997721 0 0.125
285 3.549999999997797 0 0.125
286 3.599999999997873 0 0.125
287 3.649999999997949 0 0.125
288 3.699999999998025 0 0.125
289 3.749999999998101 0 0.125
290 3.799999999998176 0 0.125
291 3.849999999998253 0 0.125
292 3.899999999998329 0 0.125
293 3.949999999998404 0 0.125
294 3.999999999998481 0 0.125
295 4.049999999998557 0 0.125
296 4.099999999998633 0 0.125
297 4.149999999998709 0 0.125
298 4.199999999998784 0 0.125
299 4.24999999999886 0 0.125
300 4.299999999998937 0 0.125
301 4.349999999999012 0 0.125
302 4.399999999999088 0 0.125
303 4.449999999999164 0 0.125
304 4.49999999999924 0 0.125
305 4.549999999999317 0 0.125
306 4.599999999999393 0 0.125
307 4.649999999999468 0 0.125
308 4.699999999999545 0 0.125
309 4.749999999999621 0 0.125
310 4.799999999999696 0 0.125
311 4.849999999999772 0 0.125
312 4.899999999999848 0 0.125
313 4.949999999999924 0 0.125
314 5 0.04999999999988947 0.125
315 5 0.09999999999974372 0.125
316 5 0.1499999999997367 0.125
317 5 0.1999999999998683 0.125
318 4.95 0.25 0.125
319 4.899999999999999 0.25 0.125
320 4.85 0.25 0.125
321 4.8 0.25 0.125
322 4.749999999999999 0.25 0.125
323 4.699999999999999 0.25 0.125
324 4.649999999999999 0.25 0.125
325 4.6 0.25 0.125
326 4.549999999999999 0.25 0.125
327 4.499999999999999 0.25 0.125
328 4.449999999999999 0.25 0.125
329 4.399999999999999 0.25 0.125
330 4.349999999999999 0.25 0.125
331 4.299999999999999 0.25 0.125
332 4.249999999999998 0.25 0.125
333 4.199999999999998 0.25 0.125
334 4.149999999999999 0.25 0.125
335 4.099999999999999 0.25 0.125
336 4.049999999999999 0.25 0.125
337 3.999999999999999 0.25 0.125
338 3.949999999999998 0.25 0.125
339 3.899999999999999 0.25 0.125
340 3.849999999999999 0.25 0.125
341 3.799999999999999 0.25 0.125
342 3.749999999999999 0.25 0.125
343 3.699999999999998 0.25 0.125
344 3.649999999999999 0.25 0.125
345 3.599999999999999 0.25 0.125
346 3.549999999999999 0.25 0.125
347 3.499999999999999 0.25 0.125
348 3.449999999999999 0.25 0.125
349 3.399999999999999 0.25 0.125
350 3.349999999999999 0.25 0.125
351 3.299999999999999 0.25 0.125
352 3.249999999999999 0.25 0.125
353 3.199999999999998 0.25 0.125
354 3.149999999999999 0.25 0.125
355 3.099999999999999 0.25 0.125
356 3.049999999999999 0.25 0.125
357 2.999999999999999 0.25 0.125
358 2.949999999999999 0.25 0.125
359 2.899999999999999 0.25 0.125
360 2.849999999999999 0.25 0.125
361 2.799999999999999 0.25 0.125
362 2.749999999999999 0.25 0.125
363 2.699999999999999 0.25 0.125
364 2.649999999999999 0.25 0.125
365 2.599999999999999 0.25 0.125
366 2.549999999999999 0.25 0.125
367 2.5 0.25 0.125
368 2.449999999999999 0.25 0.125
369 2.399999999999999 0.25 0.125
370 2.349999999999999 0.25 0.125
371 2.299999999999999 0.25 0.125
372 2.249999999999999 0.25 0.125
373 2.199999999999999 0.25 0.125
374 2.149999999999999 0.25 0.125
375 2.1 0.25 0.125
376 2.049999999999999 0.25 0.125
377 2 0.25 0.125
378 1.949999999999999 0.25 0.125
379 1.899999999999999 0.25 0.125
380 1.85 0.25 0.125
381 1.799999999999999 0.25 0.125
382 1.749999999999999 0.25 0.125
383 1.699999999999999 0.25 0.125
384 1.649999999999999 0.25 0.125
385 1.599999999999999 0.25 0.125
386 1.549999999999999 0.25 0.125
387 1.5 0.25 0.125
388 1.45 0.25 0.125
389 1.399999999999999 0.25 0.125
390 1.349999999999999 0.25 0.125
391 1.299999999999999 0.25 0.125
392 1.25 0.25 0.125
393 1.199999999999999 0.25 0.125
394 1.149999999999999 0.25 0.125
395 1.1 0.25 0.125
396 1.05 0.25 0.125
397 0.9999999999999991 0.25 0.125
398 0.9499999999999993 0.25 0.125
399 0.8999999999999995 0.25 0.125
400 0.8499999999999996 0.25 0.125
401 0.7999999999999998 0.25 0.125
402 0.75 0.25 0.125
403 0.7000000000000002 0.25 0.125
404 0.6499999999999995 0.25 0.125
405 0.5999999999999996 0.25 0.125
406 0.5499999999999989 0.25 0.125
407 0.4999999999999991 0.25 0.125
408 0.4500000000000002 0.25 0.125
409 0.3999999999999995 0.25 0.125
410 0.3499999999999996 0.25 0.125
411 0.3000000000000007 0.25 0.125
412 0.25 0.25 0.125
413 0.1999999999999993 0.25 0.125
414 0.1499999999999995 0.25 0.125
415 0.09999999999999964 0.25 0.125
416 0.04999999999999982 0.25 0.125
417 0 0.2 0.125
418 0 0.1500000000003467 0.125
419 0 0.1000000000004161 0.125
420 0 0.05000000000020804 0.125
421 0 0 -0.07500000000013871
422 0 0 -0.0250000000002774
423 0 0 0.02499999999972261
424 0 0 0.07499999999986129
425 5 0 -0.07500000000013871
426 5 0 -0.0250000000002774
427 5 0 0.02499999999972261
428 5 0 0.07499999999986129
429 5 0.25 -0.07500000000013871
430 5 0.25 -0.0250000000002774
431 5 0.25 0.02499999999972261
432 5 0.25 0.07499999999986129
433 0 0.25 -0.07500000000013871
434 0 0.25 -0.0250000000002774
435 0 0.25 0.02499999999972261
436 0 0.25 0.07499999999986129
437 0.6749999999993572 0.0433012701890989 -0.125
438 0.7749999999990692 0.04330127018909549 -0.125
439 0.8749999999987769 0.04330127018909549 -0.125
440 0.9749999999984853 0.04330127018909549 -0.125
441 0.1742307488956185 0.04532970422160139 -0.125
442 0.574999999999538 0.04330127018916423 -0.125
443 1.074999999998194 0.04330127018909553 -0.125
444 0.2693633711191598 0.04726147065077694 -0.125
445 1.174999999997901 0.04330127018909544 -0.125
446 0.3749464737419389 0.03996906443310698 -0.125
447 0.4749999999996119 0.04330127018919163 -0.125
448 1.274999999997609 0.04330127018909553 -0.125
449 1.374999999997318 0.04330127018909544 -0.125
450 1.474999999997027 0.04330127018909544 -0.125
451 4.879336282735389 0.2051851937521333 -0.125
452 1.574999999996734 0.04330127018909534 -0.125
453 4.773420145314196 0.2076108593389186 -0.125
454 1.674999999996441 0.04330127018909544 -0.125
455 4.675000000000003 0.2086135675383332 -0.125
456 4.575658240633595 0.2079047629020374 -0.125
457 1.77499999999615 0.04330127018909544 -0.125
458 4.474999999999999 0.2066987298107782 -0.125
459 4.375000000000004 0.2066987298107782 -0.125
460 1.875665319492315 0.04209984603725818 -0.125
461 4.274999999999998 0.2066987298107782 -0.125
462 4.174999999999994 0.2066987298107782 -0.125
463 4.074999999999989 0.2066987298107782 -0.125
464 1.9749999999956 0.04330127018918832 -0.125
465 3.975000000000001 0.206698729810778 -0.125
466 3.874999999999995 0.2066987298107782 -0.125
467 3.775000000000002 0.2066987298107782 -0.125
468 3.675000000000002 0.2066987298107782 -0.125
469 3.574999999999998 0.2066987298107782 -0.125
470 3.474999999999998 0.2066987298107782 -0.125
471 3.374999999999998 0.2066987298107782 -0.125
472 3.274999999999999 0.2066987298107782 -0.125
473 3.174999999999997 0.2066987298107786 -0.125
474 3.075 0.2066987298107782 -0.125
475 2.975000000000001 0.2066987298107782 -0.125
476 2.875000000000002 0.2066987298107782 -0.125
477 2.774999999999996 0.2066987298107782 -0.125
478 2.675 0.2066987298107782 -0.125
479 2.574999999999999 0.2066987298107786 -0.125
480 2.475000000000001 0.2066987298107784 -0.125
481 2.374999999999997 0.2066987298107784 -0.125
482 2.274999999999999 0.2066987298107782 -0.125
483 2.174999999999999 0.2066987298107784 -0.125
484 2.075 0.2066987298107786 -0.125
485 0.1206637172645827 0.205185193752323 -0.125
486 0.6249999999999909 0.206698729810785 -0.125
487 0.2265798546858226 0.2076108593389202 -0.125
488 0.5250000000000031 0.2066987298107842 -0.125
489 0.3249999999999998 0.2086921342439401 -0.125
490 0.4250000000000088 0.2066987298107812 -0.125
491 0.7249999999999864 0.2066987298107872 -0.125
492 0.824999999999999 0.2066987298107792 -0.125
493 4.825460099950673 0.04442715103584823 -0.125
494 0.9250000000000071 0.2066987298107887 -0.125
495 4.730409511146068 0.04668131811977121 -0.125
496 4.62504863918556 0.04069234584898457 -0.125
497 1.025000000000016 0.2066987298107876 -0.125
498 4.524999999999073 0.04330127018950193 -0.125
499 4.424999999998848 0.04330127018966205 -0.125
500 1.125000000000004 0.2066987298107859 -0.125
501 4.324999999998715 0.04330127018970386 -0.125
502 4.22499999999847 0.04330127018993514 -0.125
503 1.224999999999987 0.2066987298107863 -0.125
504 4.124999999998336 0.04330127018999782 -0.125
505 4.024999999998201 0.04330127019002444 -0.125
506 1.324999999999986 0.2066987298107876 -0.125
507 3.924999999998068 0.04330127019001645 -0.125
508 3.824999999997936 0.04330127018999715 -0.125
509 1.424999999999977 0.2066987298107831 -0.125
510 3.724999999997802 0.04330127018996022 -0.125
511 3.624999999997663 0.0433012701899018 -0.125
512 1.524999999999986 0.2066987298107872 -0.125
513 3.524999999997526 0.04330127018984542 -0.125
514 3.424999999997387 0.04330127018980845 -0.125
515 1.625 0.2066987298107782 -0.125
516 3.32499999999725 0.04330127018978919 -0.125
517 3.224999999997116 0.04330127018976603 -0.125
518 1.725000000000013 0.2066987298107655 -0.125
519 3.124999999996977 0.04330127018973772 -0.125
520 3.024999999996842 0.04330127018971568 -0.125
521 1.824999999999995 0.2066987298107868 -0.125
522 2.924999999996711 0.04330127018968211 -0.125
523 2.824999999996573 0.04330127018963865 -0.125
524 1.924999999999237 0.2091520644723942 -0.125
525 2.724999999996438 0.04330127018958759 -0.125
526 2.624999999996303 0.04330127018953159 -0.125
527 2.524999999996166 0.04330127018947305 -0.125
528 2.42499999999603 0.0433012701894134 -0.125
529 2.324999999995875 0.04330127018938899 -0.125
530 2.224999999995745 0.04330127018932566 -0.125
531 2.124999999995616 0.04330127018927369 -0.125
532 4.956934664506766 0.1254086508803716 -0.125
533 0.04306533549315655 0.1254086508809725 -0.125
534 0.07959128095278904 0.04528486237218036 -0.125
535 4.920408719047081 0.04528486237195659 -0.125
536 4.957675728085907 0.1748129524103565 -0.125
537 4.909294365881848 0.1578313185349367 -0.125
538 4.913397459621698 0.09999999999973783 -0.125
539 4.870096189432465 0.1249999999996417 -0.125
540 4.871355743087276 0.07478638838804384 -0.125
541 4.82663641193503 0.09870571370419846 -0.125
542 4.826803210730176 0.1484287958367478 -0.125
543 4.783493649053987 0.1249999999995274 -0.125
544 4.780126717770701 0.07453035811525749 -0.125
545 4.739760634538801 0.09973983406629439 -0.125
546 4.691587699148447 0.08478465042219388 -0.125
547 4.699928870381867 0.1324262834318082 -0.125
548 4.653257468563296 0.1160624498932168 -0.125
549 0.04232427191389068 0.1748129524108113 -0.125
550 0.09070563411808305 0.1578313185353989 -0.125
551 0.08660254037823165 0.1000000000004368 -0.125
552 0.1299038105673851 0.1250000000004717 -0.125
553 0.1280889102584234 0.0748513692749016 -0.125
554 0.1730735420615959 0.09919684558311567 -0.125
555 0.1732050807565425 0.1500000000005136 -0.125
556 0.2157702695100536 0.1252804622209012 -0.125
557 0.2195409254535383 0.07514712719540256 -0.125
558 0.2598076211349973 0.1000000000006576 -0.125
559 0.3081469596319684 0.08516988071219429 -0.125
560 0.3000463696066676 0.1329399866956497 -0.125
561 0.3386383933569563 0.1169730915750651 -0.125
562 2.074999999995566 0.04330127018926203 -0.125
563 2.099999999995561 0.08660254037852311 -0.125
564 2.049999999995543 0.08660254037848471 -0.125
565 2.14999999999561 0.08660254037856176 -0.125
566 2.124999999995548 0.1299038105678041 -0.125
567 2.174999999995586 0.1299038105678553 -0.125
568 2.19999999999566 0.0866025403786041 -0.125
569 2.224999999995624 0.1299038105679104 -0.125
570 2.249999999995694 0.08660254037868437 -0.125
571 2.274999999995665 0.1299038105679704 -0.125
572 2.299999999995745 0.08660254037872722 -0.125
573 2.324999999995706 0.1299038105680287 -0.125
574 2.349999999995779 0.08660254037880087 -0.125
575 2.374999999995749 0.1299038105680884 -0.125
576 2.399999999995823 0.08660254037886118 -0.125
577 2.424999999995789 0.1299038105681543 -0.125
578 2.449999999995908 0.08660254037888587 -0.125
579 2.47499999999583 0.1299038105682241 -0.125
580 2.499999999995913 0.08660254037900242 -0.125
581 2.524999999995872 0.1299038105682969 -0.125
582 2.54999999999603 0.08660254037898953 -0.125
583 2.574999999995916 0.1299038105683647 -0.125
584 2.599999999995999 0.08660254037914426 -0.125
585 2.624999999995957 0.1299038105684401 -0.125
586 2.649999999996135 0.08660254037911166 -0.125
587 2.674999999996001 0.1299038105685097 -0.125
588 2.699999999996082 0.08660254037928496 -0.125
589 2.724999999996045 0.1299038105685768 -0.125
590 2.749999999996239 0.08660254037922685 -0.125
591 2.774999999996087 0.1299038105686444 -0.125
592 2.799999999996166 0.08660254037941625 -0.125
593 2.824999999996132 0.1299038105687058 -0.125
594 2.849999999996344 0.08660254037933185 -0.125
595 2.874999999996176 0.1299038105687706 -0.125
596 2.899999999996247 0.0866025403795343 -0.125
597 2.924999999996223 0.1299038105688174 -0.125
598 2.94999999999645 0.08660254037942272 -0.125
599 2.974999999996264 0.1299038105688717 -0.125
600 2.99999999999633 0.08660254037963466 -0.125
601 3.024999999996314 0.1299038105689098 -0.125
602 3.049999999996553 0.08660254037949106 -0.125
603 3.074999999996354 0.1299038105689564 -0.125
604 3.09999999999641 0.08660254037971153 -0.125
605 3.124999999996402 0.1299038105689851 -0.125
606 3.149999999996599 0.08660254037960111 -0.125
607 3.174999999996442 0.129903810569019 -0.125
608 3.199999999996495 0.08660254037978095 -0.125
609 3.224999999996484 0.1299038105690587 -0.125
610 3.2499999999967 0.08660254037967414 -0.125
611 3.274999999996525 0.1299038105691088 -0.125
612 3.299999999996579 0.08660254037986137 -0.125
613 3.324999999996574 0.1299038105691333 -0.125
614 3.349999999996797 0.08660254037972391 -0.125
615 3.374999999996616 0.1299038105691613 -0.125
616 3.399999999996662 0.08660254037991508 -0.125
617 3.424999999996658 0.1299038105691905 -0.125
618 3.449999999996898 0.08660254037978118 -0.125
619 3.474999999996698 0.1299038105692296 -0.125
620 3.499999999996754 0.08660254037999379 -0.125
621 3.524999999996739 0.1299038105692746 -0.125
622 3.549999999997 0.08660254037986939 -0.125
623 3.574999999996777 0.1299038105693365 -0.125
624 3.59999999999685 0.08660254038011049 -0.125
625 3.624999999996815 0.1299038105694062 -0.125
626 3.649999999997104 0.08660254037999897 -0.125
627 3.674999999996854 0.1299038105694895 -0.125
628 3.699999999996943 0.08660254038026871 -0.125
629 3.7249999999969 0.129903810569561 -0.125
630 3.749999999997203 0.0866025403801178 -0.125
631 3.774999999996949 0.1299038105696109 -0.125
632 3.799999999997019 0.08660254038038033 -0.125
633 3.824999999996992 0.1299038105696669 -0.125
634 3.8499999999973 0.08660254038020004 -0.125
635 3.874999999997041 0.1299038105697036 -0.125
636 3.899999999997092 0.08660254038045331 -0.125
637 3.92499999999709 0.1299038105697222 -0.125
638 3.949999999997393 0.08660254038024359 -0.125
639 3.974999999997132 0.129903810569749 -0.125
640 3.999999999997173 0.08660254038049728 -0.125
641 4.024999999997176 0.1299038105697671 -0.125
642 4.04999999999749 0.08660254038026476 -0.125
643 4.074999999997225 0.1299038105697665 -0.125
644 4.099999999997248 0.08660254038050605 -0.125
645 4.124999999997276 0.1299038105697534 -0.125
646 4.149999999997497 0.08660254038028614 -0.125
647 4.174999999997326 0.1299038105697099 -0.125
648 4.199999999997435 0.08660254038031681 -0.125
649 4.224999999997375 0.1299038105696491 -0.125
650 4.249999999997522 0.08660254038021986 -0.125
651 4.27499999999742 0.1299038105695822 -0.125
652 4.299999999997395 0.08660254038030421 -0.125
653 4.324999999997461 0.1299038105695371 -0.125
654 4.349999999997615 0.08660254038009949 -0.125
655 4.374999999997511 0.1299038105694596 -0.125
656 4.399999999997619 0.08660254038007674 -0.125
657 4.424999999997545 0.1299038105694165 -0.125
658 4.449999999997723 0.08660254038000018 -0.125
659 4.474999999997583 0.1299038105693873 -0.125
660 4.499999999997568 0.08660254038010194 -0.125
661 4.524999999997638 0.1299038105693227 -0.125
662 4.549999999997593 0.08660254038000897 -0.125
663 4.573973050337118 0.1274034655208714 -0.125
664 4.606065693061313 0.08809848910458676 -0.125
665 2.024999999995551 0.04330127018923247 -0.125
666 1.999999999995544 0.08660254037840306 -0.125
667 1.950665319492056 0.08621841798792274 -0.125
668 2.024999999995475 0.1290850794281105 -0.125
669 1.975776206074729 0.1293192125888204 -0.125
670 1.925905573756112 0.1260890277372127 -0.125
671 2.001460006669383 0.1697019855246463 -0.125
672 2.074999999995489 0.1294424173745259 -0.125
673 4.174999999998362 0.04330127019013984 -0.125
674 4.474999999998772 0.04330127018987159 -0.125
675 2.874999999996668 0.04330127018980934 -0.125
676 3.674999999997698 0.04330127019011724 -0.125
677 3.174999999997022 0.04330127018987798 -0.125
678 3.074999999996942 0.04330127018989464 -0.125
679 2.374999999995946 0.04330127018941846 -0.125
680 3.474999999997499 0.04330127019002054 -0.125
681 3.374999999997358 0.04330127018998119 -0.125
682 2.574999999996224 0.04330127018956104 -0.125
683 4.274999999998484 0.0433012701900561 -0.125
684 2.674999999996358 0.04330127018963555 -0.125
685 3.974999999998189 0.0433012701902937 -0.125
686 1.474999999999991 0.2066987298107874 -0.125
687 1.499999999999987 0.1633974596215898 -0.125
688 1.549999999999954 0.163397459621583 -0.125
689 1.524999999999966 0.1200961894323983 -0.125
690 1.574999999999908 0.1200961894323892 -0.125
691 1.475000000000025 0.1200961894324083 -0.125
692 1.599999999999969 0.1633974596215563 -0.125
693 1.624999999999845 0.1200961894323658 -0.125
694 1.274999999999986 0.2066987298107874 -0.125
695 1.299999999999978 0.1633974596215868 -0.125
696 1.34999999999995 0.1633974596215812 -0.125
697 1.324999999999962 0.1200961894323977 -0.125
698 1.374999999999903 0.1200961894323847 -0.125
699 1.275000000000022 0.1200961894324091 -0.125
700 1.399999999999941 0.1633974596215808 -0.125
701 1.42499999999984 0.1200961894323598 -0.125
702 4.07499999999833 0.04330127019028687 -0.125
703 1.775000000000002 0.2066987298107853 -0.125
704 1.8 0.1633974596215882 -0.125
705 1.849334680503486 0.1637815820119806 -0.125
706 1.824999999999986 0.1200961894323988 -0.125
707 1.775000000000045 0.1200961894324 -0.125
708 1.875028601696535 0.1226067123367425 -0.125
709 1.750000000000037 0.1633974596215677 -0.125
710 1.725000000000096 0.1200961894323649 -0.125
711 1.700000000000073 0.1633974596215269 -0.125
712 1.675000000000158 0.120096189432301 -0.125
713 1.650000000000043 0.1633974596215114 -0.125
714 1.675000000000021 0.2066987298107636 -0.125
715 1.874223793920623 0.2075557617098485 -0.125
716 1.174999999999996 0.2066987298107892 -0.125
717 1.149999999999999 0.1633974596215899 -0.125
718 1.100000000000035 0.1633974596215885 -0.125
719 1.125000000000015 0.1200961894324008 -0.125
720 1.174999999999956 0.1200961894324029 -0.125
721 1.075000000000074 0.1200961894323994 -0.125
722 1.050000000000046 0.1633974596215904 -0.125
723 1.025000000000137 0.1200961894323862 -0.125
724 1.199999999999966 0.1633974596215848 -0.125
725 1.224999999999903 0.1200961894323712 -0.125
726 1.249999999999956 0.1633974596215693 -0.125
727 0.9750000000000015 0.2066987298107907 -0.125
728 0.9500000000000021 0.1633974596215914 -0.125
729 0.9000000000000379 0.1633974596215869 -0.125
730 0.9250000000000208 0.1200961894324003 -0.125
731 0.8750000000000799 0.1200961894323952 -0.125
732 0.9749999999999618 0.1200961894324058 -0.125
733 0.8500000000000298 0.1633974596215786 -0.125
734 0.825000000000143 0.1200961894323778 -0.125
735 1.000000000000027 0.163397459621592 -0.125
736 0.6749999999999893 0.2066987298107868 -0.125
737 0.6999999999999816 0.163397459621586 -0.125
738 0.7499999999999525 0.1633974596215808 -0.125
739 0.7249999999999647 0.1200961894323969 -0.125
740 0.6750000000000234 0.1200961894324074 -0.125
741 0.7749999999999058 0.120096189432385 -0.125
742 0.8000000000000016 0.1633974596215817 -0.125
743 3.874999999998057 0.04330127019027956 -0.125
744 2.274999999995796 0.04330127018935437 -0.125
745 1.44999999999996 0.1633974596215848 -0.125
746 3.274999999997155 0.04330127018991962 -0.125
747 3.774999999997831 0.04330127019017534 -0.125
748 2.474999999996087 0.04330127018948841 -0.125
749 2.774999999996492 0.04330127018970384 -0.125
750 3.57499999999756 0.04330127019003271 -0.125
751 2.174999999995674 0.0433012701892942 -0.125
752 0.5749999999999958 0.2066987298107837 -0.125
753 0.5500000000000009 0.1633974596215756 -0.125
754 0.5000000000000174 0.1633974596215727 -0.125
755 0.525000000000012 0.1200961894323679 -0.125
756 0.5749999999999839 0.1200961894323739 -0.125
757 0.4750000000000378 0.1200961894323632 -0.125
758 0.5999999999999897 0.1633974596215763 -0.125
759 0.6249999999999526 0.1200961894323667 -0.125
760 0.6499999999999685 0.1633974596215681 -0.125
761 0.4500000000000222 0.1633974596215693 -0.125
762 0.4267199658487092 0.1227238157006993 -0.125
763 4.576019055373708 0.04311577425384703 -0.125
764 2.974999999996809 0.04330127018986679 -0.125
765 4.374999999998767 0.04330127018993733 -0.125
766 0.5249999999995768 0.04330127018918759 -0.125
767 0.7749999999999827 0.2066987298107887 -0.125
768 1.374999999999979 0.2066987298107898 -0.125
769 0.1735508055353473 0.1997091977997903 -0.125
770 1.574999999999979 0.2066987298107892 -0.125
771 0.2752633091143035 0.2089017892538117 -0.125
772 0.2552780788809685 0.1596162309455408 -0.125
773 0.3750000000000016 0.2073055645333199 -0.125
774 0.4020066268236074 0.1652041598495272 -0.125
775 0.8750000000000224 0.2066987298107918 -0.125
776 0.6249999999994713 0.04330127018911645 -0.125
777 1.075000000000025 0.2066987298107939 -0.125
778 3.625000000000002 0.2066987298107735 -0.125
779 3.924999999999997 0.2066987298107782 -0.125
780 2.825 0.2066987298107782 -0.125
781 0.4249954484471177 0.04218393797054291 -0.125
782 2.425000000000001 0.2066987298107786 -0.125
783 0.4750000000000107 0.2066987298107851 -0.125
784 4.32499999999999 0.2066987298107871 -0.125
785 2.625 0.2066987298107822 -0.125
786 3.524999999999991 0.2066987298107949 -0.125
787 2.125000000000003 0.2066987298107845 -0.125
788 4.525039980602129 0.2073676835419558 -0.125
789 3.225000000000006 0.206698729810785 -0.125
790 4.424999999999998 0.2066987298108091 -0.125
791 3.32499999999999 0.2066987298107879 -0.125
792 4.225000000000009 0.2066987298107955 -0.125
793 2.225 0.2066987298107801 -0.125
794 4.625767947405865 0.2078363463142565 -0.125
795 3.425000000000011 0.2066987298108021 -0.125
796 4.826450378962763 0.1994847400620169 -0.125
797 3.125000000000001 0.2066987298107869 -0.125
798 4.7247366908857 0.2088559887103211 -0.125
799 4.744551551722815 0.1594310354429075 -0.125
800 2.524999999999995 0.2066987298107832 -0.125
801 4.124999999999985 0.2066987298107523 -0.125
802 2.324999999999999 0.2066987298107794 -0.125
803 3.024999999999986 0.2066987298107933 -0.125
804 2.924999999999996 0.2066987298107831 -0.125
805 3.824999999999999 0.2066987298107959 -0.125
806 2.725 0.2066987298107867 -0.125
807 3.724999999999988 0.2066987298108003 -0.125
808 1.324999999997464 0.04330127018909553 -0.125
809 0.7249999999992147 0.04330127018909543 -0.125
810 1.82504041055823 0.04263259639844307 -0.125
811 1.624999999996588 0.04330127018909266 -0.125
812 1.024999999998338 0.04330127018909462 -0.125
813 0.9249999999986314 0.04330127018909523 -0.125
814 1.724999999996296 0.04330127018909553 -0.125
815 1.925887092657653 0.04265289004171294 -0.125
816 0.8249999999989229 0.04330127018909442 -0.125
817 1.424999999997169 0.04330127018909408 -0.125
818 1.124999999998048 0.04330127018909338 -0.125
819 1.224999999997757 0.04330127018909227 -0.125
820 1.524999999996879 0.04330127018909118 -0.125
821 4.024999999999998 0.2066987298107871 -0.125
822 4.653256084054413 0.161637617792278 -0.125
823 0.3465730264114475 0.1615542207318723 -0.125
824 0.04123658167086393 0.07656912218029151 -0.125
825 4.925454674243292 0.208416825653103 -0.125
826 0.07454532575666221 0.208416825653283 -0.125
827 4.958763418329108 0.07656912217987405 -0.125
828 0.3253559411576238 0.04134276947212775 -0.125
829 4.674683057689985 0.04058020883310552 -0.125
830 2.025243334444141 0.2093840876500831 -0.125
831 1.901515774741603 0.08377147124243821 -0.125
832 1.900580761141735 0.1666809157804126 -0.125
833 1.950620424606866 0.1687590537914739 -0.125
834 4.598924030109874 0.1667273744542597 -0.125
835 0.4019434209305899 0.08138101247647217 -0.125
836 0.6499999999996058 0.08169872981069161 -0.125
837 0.5999999999995793 0.08169872981065021 -0.125
838 0.699999999999551 0.08169872981069871 -0.125
839 0.5499999999997863 0.08169872981077719 -0.125
840 0.4999999999997756 0.08169872981075417 -0.125
841 0.7499999999994503 0.08169872981069 -0.125
842 0.4499999999996293 0.08169872981063755 -0.125
843 0.7999999999993901 0.08169872981066363 -0.125
844 0.8499999999993363 0.08169872981065798 -0.125
845 0.8999999999992339 0.08169872981065665 -0.125
846 0.9499999999991241 0.0816987298106539 -0.125
847 0.9999999999990523 0.0816987298106318 -0.125
848 1.049999999998986 0.08169872981062376 -0.125
849 1.099999999998881 0.08169872981061974 -0.125
850 1.149999999998772 0.08169872981061557 -0.125
851 1.199999999998661 0.08169872981060153 -0.125
852 1.249999999998581 0.08169872981058941 -0.125
853 1.299999999998505 0.08169872981058687 -0.125
854 1.3499999999984 0.0816987298105763 -0.125
855 1.399999999998287 0.08169872981056134 -0.125
856 1.449999999998217 0.08169872981054913 -0.125
857 1.499999999998153 0.08169872981054671 -0.125
858 1.549999999998051 0.08169872981053855 -0.125
859 1.599999999997939 0.08169872981052531 -0.125
860 1.64999999999789 0.0816987298104781 -0.125
861 1.749999999996226 0.08169872980949253 -0.125
862 1.699999999997851 0.08169872981047124 -0.125
863 1.79999999999608 0.08169872980948011 -0.125
864 1.850375017747458 0.08215092420946014 -0.125
865 4.549880552863975 0.1681142587991589 -0.125
866 2.099999999995455 0.1683012701877815 -0.125
867 2.149999999997766 0.1683012701892954 -0.125
868 2.199999999999064 0.168301270190156 -0.125
869 2.249999999999582 0.1683012701905123 -0.125
870 2.299999999999602 0.1683012701905425 -0.125
871 2.349999999999614 0.1683012701905618 -0.125
872 4.500000000000017 0.1683012701908314 -0.125
873 2.399999999999616 0.1683012701905871 -0.125
874 4.449999999999951 0.1683012701908692 -0.125
875 2.449999999999621 0.1683012701906112 -0.125
876 2.499999999999623 0.1683012701906368 -0.125
877 2.549999999999624 0.1683012701906568 -0.125
878 4.400000000000031 0.1683012701909133 -0.125
879 4.349999999999996 0.1683012701909233 -0.125
880 2.599999999999633 0.1683012701906861 -0.125
881 2.649999999999991 0.1683012701909437 -0.125
882 2.700000000000006 0.168301270190966 -0.125
883 2.749999999999996 0.1683012701909864 -0.125
884 4.299999999999997 0.1683012701909938 -0.125
885 2.799999999999994 0.1683012701909971 -0.125
886 4.249999999999995 0.1683012701910187 -0.125
887 2.850000000000008 0.1683012701910258 -0.125
888 2.899999999999995 0.1683012701910239 -0.125
889 2.950000000000002 0.1683012701910494 -0.125
890 3.049999999999983 0.1683012701910611 -0.125
891 3.000000000000002 0.1683012701910428 -0.125
892 3.100000000000012 0.1683012701910624 -0.125
893 3.149999999999985 0.1683012701910568 -0.125
894 3.200000000000002 0.1683012701910599 -0.125
895 3.349999999999986 0.1683012701910708 -0.125
896 4.200000000000016 0.1683012701910876 -0.125
897 3.449999999999984 0.168301270191074 -0.125
898 3.299999999999996 0.1683012701910692 -0.125
899 3.400000000000024 0.1683012701910868 -0.125
900 3.250000000000006 0.1683012701910798 -0.125
901 3.500000000000022 0.1683012701910924 -0.125
902 3.549999999999979 0.1683012701911064 -0.125
903 4.149999999999999 0.1683012701911178 -0.125
904 3.599999999999985 0.1683012701911217 -0.125
905 4.099999999999967 0.1683012701911437 -0.125
906 3.650000000000008 0.1683012701911583 -0.125
907 4.049999999999992 0.1683012701911791 -0.125
908 3.749999999999978 0.1683012701911805 -0.125
909 3.700000000000008 0.1683012701911864 -0.125
910 4.000000000000008 0.1683012701912026 -0.125
911 3.849999999999987 0.1683012701912104 -0.125
912 3.899999999999988 0.16830127019119 -0.125
913 3.949999999999996 0.1683012701911945 -0.125
914 3.800000000000023 0.1683012701912149 -0.125
915 1.975387294286604 0.2094995319064329 -0.125
916 2.049999999995458 0.1682926939197162 -0.125
917 0.2249999999998047 0.03381428049536266 -0.125
918 0.1263821880213295 0.03309318717373667 -0.125
919 4.87344491241693 0.03289968035916974 -0.125
920 4.865072142074423 0.1662980947159572 -0.125
921 0.1349278579255474 0.1662980947163763 -0.125
922 4.69949463940896 0.1741928985831296 -0.125
923 0.3004321568026774 0.1743408723741629 -0.125
924 4.774999999999656 0.03262813176590531 -0.125
925 0.3557251639853299 0.08181502409602071 -0.125
926 4.790943787156787 0.1679910861360236 -0.125
927 0.2088768178737469 0.1684433500611332 -0.125
928 4.65012851152972 0.07404362882041753 -0.125
929 0.3805207268547148 0.1228787745960519 -0.125
930 4.614888858228261 0.1272807840053457 -0.125
931 4.963397459621418 0.2133974596213769 -0.125
932 4.963397459621458 0.03660254037850274 -0.125
933 0.03660254037831697 0.2133974596216829 -0.125
934 0.0366025403783756 0.03660254037844128 -0.125
935 0.6749999999993572 0.0433012701890989 0.125
936 0.7749999999990692 0.04330127018909549 0.125
937 0.8749999999987769 0.04330127018909549 0.125
938 0.9749999999984853 0.04330127018909549 0.125
939 0.1742307488956185 0.04532970422160138 0.125
940 0.574999999999538 0.04330127018916423 0.125
941 1.074999999998194 0.04330127018909553 0.125
942 0.2693633711191598 0.04726147065077695 0.125
943 1.174999999997901 0.04330127018909544 0.125
944 0.3749464737419389 0.03996906443310698 0.125
945 0.4749999999996119 0.04330127018919163 0.125
946 1.274999999997609 0.04330127018909553 0.125
947 1.374999999997318 0.04330127018909544 0.125
948 1.474999999997027 0.04330127018909544 0.125
949 4.879336282735389 0.2051851937521333 0.125
950 1.574999999996734 0.04330127018909534 0.125
951 4.773420145314196 0.2076108593389186 0.125
952 1.674999999996441 0.04330127018909544 0.125
953 4.675000000000003 0.2086135675383332 0.125
954 4.575658240633595 0.2079047629020374 0.125
955 1.77499999999615 0.04330127018909544 0.125
956 4.474999999999999 0.2066987298107782 0.125
957 4.375000000000004 0.2066987298107782 0.125
958 1.875665319492315 0.04209984603725818 0.125
959 4.274999999999998 0.2066987298107782 0.125
960 4.174999999999994 0.2066987298107782 0.125
961 4.074999999999989 0.2066987298107782 0.125
962 1.9749999999956 0.04330127018918832 0.125
963 3.975000000000001 0.206698729810778 0.125
964 3.874999999999995 0.2066987298107782 0.125
965 3.775000000000002 0.2066987298107782 0.125
966 3.675000000000002 0.2066987298107782 0.125
967 3.574999999999998 0.2066987298107782 0.125
968 3.474999999999998 0.2066987298107782 0.125
969 3.374999999999998 0.2066987298107782 0.125
970 3.274999999999999 0.2066987298107782 0.125
971 3.174999999999997 0.2066987298107786 0.125
972 3.075 0.2066987298107782 0.125
973 2.975000000000001 0.2066987298107782 0.125
974 2.875000000000002 0.2066987298107782 0.125
975 2.774999999999996 0.2066987298107782 0.125
976 2.675 0.2066987298107782 0.125
977 2.574999999999999 0.2066987298107786 0.125
978 2.475000000000001 0.2066987298107784 0.125
979 2.374999999999997 0.2066987298107784 0.125
980 2.274999999999999 0.2066987298107782 0.125
981 2.174999999999999 0.2066987298107784 0.125
982 2.075 0.2066987298107786 0.125
983 0.1206637172645827 0.205185193752323 0.125
984 0.6249999999999909 0.206698729810785 0.125
985 0.2265798546858226 0.2076108593389202 0.125
986 0.5250000000000031 0.2066987298107842 0.125
987 0.3249999999999998 0.2086921342439401 0.125
988 0.4250000000000088 0.2066987298107812 0.125
989 0.7249999999999864 0.2066987298107872 0.125
990 0.8249999999999991 0.2066987298107795 0.125
991 4.825460099950673 0.04442715103584823 0.125
992 0.9250000000000074 0.2066987298107887 0.125
993 4.730409511146068 0.04668131811977121 0.125
994 4.62504863918556 0.04069234584898457 0.125
995 1.025000000000016 0.2066987298107876 0.125
996 4.524999999999073 0.04330127018950193 0.125
997 4.424999999998848 0.04330127018966205 0.125
998 1.125000000000004 0.2066987298107859 0.125
999 4.324999999998715 0.04330127018970386 0.125
1000 4.22499999999847 0.04330127018993514 0.125
1001 1.224999999999987 0.2066987298107863 0.125
1002 4.124999999998336 0.04330127018999782 0.125
1003 4.024999999998201 0.04330127019002444 0.125
1004 1.324999999999986 0.2066987298107876 0.125
1005 3.924999999998068 0.04330127019001645 0.125
1006 3.824999999997936 0.04330127018999715 0.125
1007 1.424999999999977 0.2066987298107831 0.125
1008 3.724999999997802 0.04330127018996022 0.125
1009 3.624999999997663 0.0433012701899018 0.125
1010 1.524999999999986 0.2066987298107872 0.125
1011 3.524999999997526 0.04330127018984542 0.125
1012 3.424999999997387 0.04330127018980845 0.125
1013 1.625 0.2066987298107782 0.125
1014 3.32499999999725 0.04330127018978919 0.125
1015 3.224999999997116 0.04330127018976603 0.125
1016 1.725000000000013 0.2066987298107655 0.125
1017 3.124999999996977 0.04330127018973772 0.125
1018 3.024999999996842 0.04330127018971568 0.125
1019 1.824999999999995 0.2066987298107868 0.125
1020 2.924999999996711 0.04330127018968211 0.125
1021 2.824999999996573 0.04330127018963865 0.125
1022 1.924999999999237 0.2091520644723942 0.125
1023 2.724999999996438 0.04330127018958759 0.125
1024 2.624999999996303 0.04330127018953159 0.125
1025 2.524999999996166 0.04330127018947305 0.125
1026 2.42499999999603 0.0433012701894134 0.125
1027 2.324999999995875 0.04330127018938899 0.125
1028 2.224999999995745 0.04330127018932566 0.125
1029 2.124999999995616 0.04330127018927369 0.125
1030 4.956934664506766 0.1254086508803716 0.125
1031 0.04306533549315655 0.1254086508809725 0.125
1032 0.07959128095278904 0.04528486237218036 0.125
1033 4.920408719047081 0.04528486237195659 0.125
1034 4.957675728085907 0.1748129524103565 0.125
1035 4.909294365881848 0.1578313185349367 0.125
1036 4.913397459621698 0.09999999999973783 0.125
1037 4.870096189432465 0.1249999999996417 0.125
1038 4.871355743087276 0.07478638838804384 0.125
1039 4.82663641193503 0.09870571370419846 0.125
1040 4.826803210730176 0.1484287958367478 0.125
1041 4.783493649053987 0.1249999999995274 0.125
1042 4.780126717770701 0.07453035811525749 0.125
1043 4.739760634538801 0.09973983406629439 0.125
1044 4.691587699148447 0.08478465042219388 0.125
1045 4.699928870381867 0.1324262834318082 0.125
1046 4.653257468563296 0.1160624498932168 0.125
1047 0.04232427191389068 0.1748129524108113 0.125
1048 0.09070563411808308 0.1578313185353989 0.125
1049 0.08660254037823165 0.1000000000004368 0.125
1050 0.1299038105673851 0.1250000000004718 0.125
1051 0.1280889102584234 0.07485136927490162 0.125
1052 0.1730735420615959 0.0991968455831157 0.125
1053 0.1732050807565425 0.1500000000005136 0.125
1054 0.2157702695100536 0.1252804622209012 0.125
1055 0.2195409254535383 0.07514712719540259 0.125
1056 0.2598076211349973 0.1000000000006576 0.125
1057 0.3081469596319685 0.08516988071219436 0.125
1058 0.3000463696066675 0.1329399866956497 0.125
1059 0.3386383933569564 0.1169730915750653 0.125
1060 2.074999999995566 0.04330127018926203 0.125
1061 2.099999999995561 0.08660254037852311 0.125
1062 2.049999999995543 0.08660254037848471 0.125
1063 2.14999999999561 0.08660254037856176 0.125
1064 2.124999999995548 0.1299038105678041 0.125
1065 2.174999999995586 0.1299038105678553 0.125
1066 2.19999999999566 0.0866025403786041 0.125
1067 2.224999999995624 0.1299038105679104 0.125
1068 2.249999999995694 0.08660254037868437 0.125
1069 2.274999999995665 0.1299038105679704 0.125
1070 2.299999999995745 0.08660254037872722 0.125
1071 2.324999999995706 0.1299038105680287 0.125
1072 2.349999999995779 0.08660254037880087 0.125
1073 2.374999999995749 0.1299038105680884 0.125
1074 2.399999999995823 0.08660254037886118 0.125
1075 2.424999999995789 0.1299038105681543 0.125
1076 2.449999999995908 0.08660254037888587 0.125
1077 2.47499999999583 0.1299038105682241 0.125
1078 2.499999999995913 0.08660254037900242 0.125
1079 2.524999999995872 0.1299038105682969 0.125
1080 2.54999999999603 0.08660254037898953 0.125
1081 2.574999999995916 0.1299038105683647 0.125
1082 2.599999999995999 0.08660254037914426 0.125
1083 2.624999999995957 0.1299038105684401 0.125
1084 2.649999999996135 0.08660254037911166 0.125
1085 2.674999999996001 0.1299038105685097 0.125
1086 2.699999999996082 0.08660254037928496 0.125
1087 2.724999999996045 0.1299038105685768 0.125
1088 2.749999999996239 0.08660254037922685 0.125
1089 2.774999999996087 0.1299038105686444 0.125
1090 2.799999999996166 0.08660254037941625 0.125
1091 2.824999999996132 0.1299038105687058 0.125
1092 2.849999999996344 0.08660254037933185 0.125
1093 2.874999999996176 0.1299038105687706 0.125
1094 2.899999999996247 0.0866025403795343 0.125
1095 2.924999999996223 0.1299038105688174 0.125
1096 2.94999999999645 0.08660254037942272 0.125
1097 2.974999999996264 0.1299038105688717 0.125
1098 2.99999999999633 0.08660254037963466 0.125
1099 3.024999999996314 0.1299038105689098 0.125
1100 3.049999999996553 0.08660254037949106 0.125
1101 3.074999999996354 0.1299038105689564 0.125
1102 3.09999999999641 0.08660254037971153 0.125
1103 3.124999999996402 0.1299038105689851 0.125
1104 3.149999999996599 0.08660254037960111 0.125
1105 3.174999999996442 0.129903810569019 0.125
1106 3.199999999996495 0.08660254037978095 0.125
1107 3.224999999996484 0.1299038105690587 0.125
1108 3.2499999999967 0.08660254037967414 0.125
1109 3.274999999996525 0.1299038105691088 0.125
1110 3.299999999996579 0.08660254037986137 0.125
1111 3.324999999996574 0.1299038105691333 0.125
1112 3.349999999996797 0.08660254037972391 0.125
1113 3.374999999996616 0.1299038105691613 0.125
1114 3.399999999996662 0.08660254037991508 0.125
1115 3.424999999996658 0.1299038105691905 0.125
1116 3.449999999996898 0.08660254037978118 0.125
1117 3.474999999996698 0.1299038105692296 0.125
1118 3.499999999996754 0.08660254037999379 0.125
1119 3.524999999996739 0.1299038105692746 0.125
1120 3.549999999997 0.08660254037986939 0.125
1121 3.574999999996777 0.1299038105693365 0.125
1122 3.59999999999685 0.08660254038011049 0.125
1123 3.624999999996815 0.1299038105694062 0.125
1124 3.649999999997104 0.08660254037999897 0.125
1125 3.674999999996854 0.1299038105694895 0.125
1126 3.699999999996943 0.08660254038026871 0.125
1127 3.7249999999969 0.129903810569561 0.125
1128 3.749999999997203 0.0866025403801178 0.125
1129 3.774999999996949 0.1299038105696109 0.125
1130 3.799999999997019 0.08660254038038033 0.125
1131 3.824999999996992 0.1299038105696669 0.125
1132 3.8499999999973 0.08660254038020004 0.125
1133 3.874999999997041 0.1299038105697036 0.125
1134 3.899999999997092 0.08660254038045331 0.125
1135 3.92499999999709 0.1299038105697222 0.125
1136 3.949999999997393 0.08660254038024359 0.125
1137 3.974999999997132 0.129903810569749 0.125
1138 3.999999999997173 0.08660254038049728 0.125
1139 4.024999999997176 0.1299038105697671 0.125
1140 4.04999999999749 0.08660254038026476 0.125
1141 4.074999999997225 0.1299038105697665 0.125
1142 4.099999999997248 0.08660254038050605 0.125
1143 4.124999999997276 0.1299038105697534 0.125
1144 4.149999999997497 0.08660254038028614 0.125
1145 4.174999999997326 0.1299038105697099 0.125
1146 4.199999999997435 0.08660254038031681 0.125
1147 4.224999999997375 0.1299038105696491 0.125
1148 4.249999999997522 0.08660254038021986 0.125
1149 4.27499999999742 0.1299038105695822 0.125
1150 4.299999999997395 0.08660254038030421 0.125
1151 4.324999999997461 0.1299038105695371 0.125
1152 4.349999999997615 0.08660254038009949 0.125
1153 4.374999999997511 0.1299038105694596 0.125
1154 4.399999999997619 0.08660254038007674 0.125
1155 4.424999999997545 0.1299038105694165 0.125
1156 4.449999999997723 0.08660254038000018 0.125
1157 4.474999999997583 0.1299038105693873 0.125
1158 4.499999999997568 0.08660254038010194 0.125
1159 4.524999999997638 0.1299038105693227 0.125
1160 4.549999999997593 0.08660254038000897 0.125
1161 4.573973050337118 0.1274034655208714 0.125
1162 4.606065693061313 0.08809848910458676 0.125
1163 2.024999999995551 0.04330127018923247 0.125
1164 1.999999999995544 0.08660254037840306 0.125
1165 1.950665319492056 0.08621841798792274 0.125
1166 2.024999999995475 0.1290850794281105 0.125
1167 1.975776206074729 0.1293192125888204 0.125
1168 1.925905573756112 0.1260890277372127 0.125
1169 2.001460006669383 0.1697019855246463 0.125
1170 2.074999999995489 0.1294424173745259 0.125
1171 4.174999999998362 0.04330127019013984 0.125
1172 4.474999999998772 0.04330127018987159 0.125
1173 2.874999999996668 0.04330127018980934 0.125
1174 3.674999999997698 0.04330127019011724 0.125
1175 3.174999999997022 0.04330127018987798 0.125
1176 3.074999999996942 0.04330127018989464 0.125
1177 2.374999999995946 0.04330127018941846 0.125
1178 3.474999999997499 0.04330127019002054 0.125
1179 3.374999999997358 0.04330127018998119 0.125
1180 2.574999999996224 0.04330127018956104 0.125
1181 4.274999999998484 0.0433012701900561 0.125
1182 2.674999999996358 0.04330127018963555 0.125
1183 3.974999999998189 0.0433012701902937 0.125
1184 1.474999999999991 0.2066987298107874 0.125
1185 1.499999999999987 0.1633974596215898 0.125
1186 1.549999999999954 0.163397459621583 0.125
1187 1.524999999999966 0.1200961894323983 0.125
1188 1.574999999999908 0.1200961894323892 0.125
1189 1.475000000000025 0.1200961894324083 0.125
1190 1.599999999999969 0.1633974596215563 0.125
1191 1.624999999999845 0.1200961894323658 0.125
1192 1.274999999999986 0.2066987298107874 0.125
1193 1.299999999999978 0.1633974596215868 0.125
1194 1.34999999999995 0.1633974596215812 0.125
1195 1.324999999999962 0.1200961894323977 0.125
1196 1.374999999999903 0.1200961894323847 0.125
1197 1.275000000000022 0.1200961894324091 0.125
1198 1.399999999999941 0.1633974596215808 0.125
1199 1.42499999999984 0.1200961894323598 0.125
1200 4.07499999999833 0.04330127019028687 0.125
1201 1.775000000000002 0.2066987298107853 0.125
1202 1.8 0.1633974596215882 0.125
1203 1.849334680503486 0.1637815820119806 0.125
1204 1.824999999999986 0.1200961894323988 0.125
1205 1.775000000000045 0.1200961894324 0.125
1206 1.875028601696535 0.1226067123367425 0.125
1207 1.750000000000037 0.1633974596215677 0.125
1208 1.725000000000096 0.1200961894323649 0.125
1209 1.700000000000073 0.1633974596215269 0.125
1210 1.675000000000158 0.120096189432301 0.125
1211 1.650000000000043 0.1633974596215114 0.125
1212 1.675000000000021 0.2066987298107636 0.125
1213 1.874223793920623 0.2075557617098485 0.125
1214 1.174999999999996 0.2066987298107892 0.125
1215 1.149999999999999 0.1633974596215899 0.125
1216 1.100000000000035 0.1633974596215885 0.125
1217 1.125000000000015 0.1200961894324008 0.125
1218 1.174999999999956 0.1200961894324029 0.125
1219 1.075000000000074 0.1200961894323994 0.125
1220 1.050000000000046 0.1633974596215904 0.125
1221 1.025000000000137 0.1200961894323862 0.125
1222 1.199999999999966 0.1633974596215848 0.125
1223 1.224999999999903 0.1200961894323712 0.125
1224 1.249999999999956 0.1633974596215693 0.125
1225 0.6749999999999893 0.2066987298107869 0.125
1226 0.6999999999999816 0.163397459621586 0.125
1227 0.7499999999999525 0.1633974596215808 0.125
1228 0.7249999999999647 0.1200961894323968 0.125
1229 0.7749999999999059 0.120096189432385 0.125
1230 0.6750000000000232 0.1200961894324073 0.125
1231 0.7999999999999627 0.1633974596215751 0.125
1232 0.8249999999998434 0.1200961894323615 0.125
1233 0.9750000000000015 0.2066987298107907 0.125
1234 0.9500000000000021 0.1633974596215914 0.125
1235 0.9000000000000379 0.1633974596215871 0.125
1236 0.9250000000000208 0.1200961894324003 0.125
1237 0.8750000000000798 0.1200961894323953 0.125
1238 0.9749999999999618 0.1200961894324058 0.125
1239 0.849999999999991 0.1633974596215818 0.125
1240 1.000000000000027 0.163397459621592 0.125
1241 3.874999999998057 0.04330127019027956 0.125
1242 2.274999999995796 0.04330127018935437 0.125
1243 1.44999999999996 0.1633974596215848 0.125
1244 3.274999999997155 0.04330127018991962 0.125
1245 3.774999999997831 0.04330127019017534 0.125
1246 2.474999999996087 0.04330127018948841 0.125
1247 2.774999999996492 0.04330127018970384 0.125
1248 3.57499999999756 0.04330127019003271 0.125
1249 2.174999999995674 0.0433012701892942 0.125
1250 0.5749999999999958 0.2066987298107837 0.125
1251 0.5500000000000009 0.1633974596215756 0.125
1252 0.5000000000000174 0.1633974596215727 0.125
1253 0.525000000000012 0.1200961894323679 0.125
1254 0.5749999999999839 0.1200961894323739 0.125
1255 0.4750000000000378 0.1200961894323632 0.125
1256 0.5999999999999897 0.1633974596215763 0.125
1257 0.6249999999999526 0.1200961894323666 0.125
1258 0.6499999999999683 0.1633974596215681 0.125
1259 0.4500000000000222 0.1633974596215693 0.125
1260 0.4267199658487092 0.1227238157006993 0.125
1261 4.576019055373708 0.04311577425384703 0.125
1262 2.974999999996809 0.04330127018986679 0.125
1263 4.374999999998767 0.04330127018993733 0.125
1264 0.5249999999995768 0.04330127018918759 0.125
1265 1.374999999999979 0.2066987298107898 0.125
1266 0.1735508055353473 0.1997091977997903 0.125
1267 0.7749999999999803 0.2066987298107889 0.125
1268 1.574999999999979 0.2066987298107892 0.125
1269 0.2752633091143036 0.2089017892538117 0.125
1270 0.2552780788809685 0.1596162309455408 0.125
1271 0.3750000000000016 0.2073055645333199 0.125
1272 0.4020066268236074 0.1652041598495272 0.125
1273 0.8750000000000107 0.2066987298107902 0.125
1274 0.6249999999994713 0.04330127018911645 0.125
1275 1.075000000000025 0.2066987298107939 0.125
1276 3.625000000000002 0.2066987298107735 0.125
1277 3.924999999999997 0.2066987298107782 0.125
1278 2.825 0.2066987298107782 0.125
1279 0.4249954484471176 0.04218393797054288 0.125
1280 2.425000000000001 0.2066987298107786 0.125
1281 0.4750000000000107 0.2066987298107851 0.125
1282 4.32499999999999 0.2066987298107871 0.125
1283 2.625 0.2066987298107822 0.125
1284 3.524999999999991 0.2066987298107949 0.125
1285 2.125000000000003 0.2066987298107845 0.125
1286 4.525039980602129 0.2073676835419558 0.125
1287 3.225000000000006 0.206698729810785 0.125
1288 4.424999999999998 0.2066987298108091 0.125
1289 3.32499999999999 0.2066987298107879 0.125
1290 4.225000000000009 0.2066987298107955 0.125
1291 2.225 0.2066987298107801 0.125
1292 4.625767947405865 0.2078363463142565 0.125
1293 3.425000000000011 0.2066987298108021 0.125
1294 4.826450378962763 0.1994847400620169 0.125
1295 3.125000000000001 0.2066987298107869 0.125
1296 4.7247366908857 0.2088559887103211 0.125
1297 4.744551551722815 0.1594310354429075 0.125
1298 2.524999999999995 0.2066987298107832 0.125
1299 4.124999999999985 0.2066987298107523 0.125
1300 2.324999999999999 0.2066987298107794 0.125
1301 3.024999999999986 0.2066987298107933 0.125
1302 2.924999999999996 0.2066987298107831 0.125
1303 3.824999999999999 0.2066987298107959 0.125
1304 2.725 0.2066987298107867 0.125
1305 3.724999999999988 0.2066987298108003 0.125
1306 1.324999999997464 0.04330127018909553 0.125
1307 0.7249999999992147 0.04330127018909543 0.125
1308 1.82504041055823 0.04263259639844307 0.125
1309 1.624999999996588 0.04330127018909266 0.125
1310 1.024999999998338 0.04330127018909462 0.125
1311 0.9249999999986314 0.04330127018909523 0.125
1312 1.724999999996296 0.04330127018909553 0.125
1313 1.925887092657653 0.04265289004171294 0.125
1314 0.8249999999989229 0.04330127018909442 0.125
1315 1.424999999997169 0.04330127018909408 0.125
1316 1.124999999998048 0.04330127018909338 0.125
1317 1.224999999997757 0.04330127018909227 0.125
1318 1.524999999996879 0.04330127018909118 0.125
1319 4.024999999999998 0.2066987298107871 0.125
1320 4.653256084054413 0.161637617792278 0.125
1321 0.3465730264114475 0.1615542207318724 0.125
1322 0.04123658167086393 0.07656912218029151 0.125
1323 4.925454674243292 0.208416825653103 0.125
1324 0.07454532575666221 0.208416825653283 0.125
1325 4.958763418329108 0.07656912217987405 0.125
1326 0.3253559411576238 0.0413427694721278 0.125
1327 4.674683057689985 0.04058020883310552 0.125
1328 2.025243334444141 0.2093840876500831 0.125
1329 1.901515774741603 0.08377147124243821 0.125
1330 1.900580761141735 0.1666809157804126 0.125
1331 1.950620424606866 0.1687590537914739 0.125
1332 4.598924030109874 0.1667273744542597 0.125
1333 0.4019434209305899 0.0813810124764722 0.125
1334 0.6499999999996057 0.08169872981069157 0.125
1335 0.5999999999995793 0.08169872981065021 0.125
1336 0.699999999999551 0.08169872981069866 0.125
1337 0.5499999999997863 0.08169872981077719 0.125
1338 0.4999999999997756 0.08169872981075414 0.125
1339 0.7499999999994503 0.08169872981068989 0.125
1340 0.4499999999996292 0.08169872981063736 0.125
1341 0.79999999999934 0.08169872981067589 0.125
1342 0.8499999999992778 0.08169872981065729 0.125
1343 0.8999999999992241 0.08169872981065654 0.125
1344 0.9499999999991224 0.08169872981065388 0.125
1345 0.999999999999052 0.08169872981063178 0.125
1346 1.049999999998986 0.08169872981062376 0.125
1347 1.099999999998881 0.08169872981061974 0.125
1348 1.149999999998772 0.08169872981061557 0.125
1349 1.199999999998661 0.08169872981060153 0.125
1350 1.249999999998581 0.08169872981058941 0.125
1351 1.299999999998505 0.08169872981058687 0.125
1352 1.3499999999984 0.0816987298105763 0.125
1353 1.399999999998287 0.08169872981056134 0.125
1354 1.449999999998217 0.08169872981054913 0.125
1355 1.499999999998153 0.08169872981054671 0.125
1356 1.549999999998051 0.08169872981053855 0.125
1357 1.599999999997939 0.08169872981052531 0.125
1358 1.64999999999789 0.0816987298104781 0.125
1359 1.749999999996226 0.08169872980949253 0.125
1360 1.699999999997851 0.08169872981047124 0.125
1361 1.79999999999608 0.08169872980948011 0.125
1362 1.850375017747458 0.08215092420946014 0.125
1363 4.549880552863975 0.1681142587991589 0.125
1364 2.099999999995455 0.1683012701877815 0.125
1365 2.149999999997766 0.1683012701892954 0.125
1366 2.199999999999064 0.168301270190156 0.125
1367 2.249999999999582 0.1683012701905123 0.125
1368 2.299999999999602 0.1683012701905425 0.125
1369 2.349999999999614 0.1683012701905618 0.125
1370 4.500000000000017 0.1683012701908314 0.125
1371 2.399999999999616 0.1683012701905871 0.125
1372 4.449999999999951 0.1683012701908692 0.125
1373 2.449999999999621 0.1683012701906112 0.125
1374 2.499999999999623 0.1683012701906368 0.125
1375 2.549999999999624 0.1683012701906568 0.125
1376 4.400000000000031 0.1683012701909133 0.125
1377 4.349999999999996 0.1683012701909233 0.125
1378 2.599999999999633 0.1683012701906861 0.125
1379 2.649999999999991 0.1683012701909437 0.125
1380 2.700000000000006 0.168301270190966 0.125
1381 2.749999999999996 0.1683012701909864 0.125
1382 4.299999999999997 0.1683012701909938 0.125
1383 2.799999999999994 0.1683012701909971 0.125
1384 4.249999999999995 0.1683012701910187 0.125
1385 2.850000000000008 0.1683012701910258 0.125
1386 2.899999999999995 0.1683012701910239 0.125
1387 2.950000000000002 0.1683012701910494 0.125
1388 3.049999999999983 0.1683012701910611 0.125
1389 3.000000000000002 0.1683012701910428 0.125
1390 3.100000000000012 0.1683012701910624 0.125
1391 3.149999999999985 0.1683012701910568 0.125
1392 3.200000000000002 0.1683012701910599 0.125
1393 3.349999999999986 0.1683012701910708 0.125
1394 4.200000000000016 0.1683012701910876 0.125
1395 3.449999999999984 0.168301270191074 0.125
1396 3.299999999999996 0.1683012701910692 0.125
1397 3.400000000000024 0.1683012701910868 0.125
1398 3.250000000000006 0.1683012701910798 0.125
1399 3.500000000000022 0.1683012701910924 0.125
1400 3.549999999999979 0.1683012701911064 0.125
1401 4.149999999999999 0.1683012701911178 0.125
1402 3.599999999999985 0.1683012701911217 0.125
1403 4.099999999999967 0.1683012701911437 0.125
1404 3.650000000000008 0.1683012701911583 0.125
1405 4.049999999999992 0.1683012701911791 0.125
1406 3.749999999999978 0.1683012701911805 0.125
1407 3.700000000000008 0.1683012701911864 0.125
1408 4.000000000000008 0.1683012701912026 0.125
1409 3.849999999999987 0.1683012701912104 0.125
1410 3.899999999999988 0.16830127019119 0.125
1411 3.949999999999996 0.1683012701911945 0.125
1412 3.800000000000023 0.1683012701912149 0.125
1413 1.975387294286604 0.2094995319064329 0.125
1414 2.049999999995458 0.1682926939197162 0.125
1415 0.2249999999998047 0.03381428049536268 0.125
1416 0.1263821880213295 0.03309318717373667 0.125
1417 4.87344491241693 0.03289968035916974 0.125
1418 4.865072142074423 0.1662980947159572 0.125
1419 0.1349278579255475 0.1662980947163764 0.125
1420 4.69949463940896 0.1741928985831296 0.125
1421 0.3004321568026774 0.174340872374163 0.125
1422 4.774999999999656 0.03262813176590531 0.125
1423 0.3557251639853299 0.08181502409602077 0.125
1424 4.790943787156787 0.1679910861360236 0.125
1425 0.2088768178737469 0.1684433500611332 0.125
1426 4.65012851152972 0.07404362882041753 0.125
1427 0.3805207268547148 0.122878774596052 0.125
1428 4.614888858228261 0.1272807840053457 0.125
1429 4.963397459621418 0.2133974596213769 0.125
1430 4.963397459621458 0.03660254037850274 0.125
1431 0.03660254037831697 0.2133974596216829 0.125
1432 0.0366025403783756 0.03660254037844128 0.125
1433 1.624334680500357 0 0.08290015396236841
1434 1.42452477178558 0 -0.08376052554851419
1435 1.52499999999688 0 -0.08169872981090456
1436 1.824999999995994 0 -0.08169872981091164
1437 0.8249999999989261 0 0.08169872981088713
1438 1.024999999998339 0 0.08169872981086682
1439 1.1749999999979 0 0.08169872981088011
1440 1.925665319491963 0 0.08290015396234537
1441 1.274999999997609 0 -0.08169872981090447
1442 1.724999999996296 0 0.08169872981090447
1443 0.7243346805029749 0 -0.0829001539623567
1444 0.9249999999986313 0 -0.08169872981090447
1445 0.6249999999994714 0 0.08251746095015688
1446 2.024999999995514 0 -0.08251746095014009
1447 0.2256653194960632 0 0.08376794208236599
1448 0.5249999999995769 0 0.08169872981081175
1449 0.3249999999997086 0 -0.08169872981081433
1450 0.4249999999996457 0 -0.08169872981081611
1451 0.1278337285645986 0 -0.08407334698798875
1452 4.479096707023395 0 0.07760336157884405
1453 2.573669361003708 0 0.08328284697455346
1454 2.726330638989154 0 0.08328284697455483
1455 3.124999999997151 0 0.08169872981071638
1456 3.274999999997381 0 0.0816987298107007
1457 3.424999999997606 0 0.08169872981068133
1458 3.624999999997904 0 0.0816987298106816
1459 3.774999999998132 0 0.08169872981069889
1460 3.924999999998372 0 0.08169872981071444
1461 4.175494385849501 0 0.07756621601818844
1462 4.324999999998984 0 0.08169872981071284
1463 4.622614166054377 0 0.08052623582964813
1464 4.77286627007466 0 0.08756263727724067
1465 4.879336282735231 0 0.08018519375209543
1466 2.174999999995708 0 0.08169872981071247
1467 4.022476572596854 0 0.08402909139090067
1468 2.37499999999601 0 -0.08169872981071247
1469 2.974999999996924 0 -0.08169872981071247
1470 2.274524771784214 0 -0.08376052554856982
1471 2.474999999996163 0 -0.08169872981071227
1472 2.824999999996697 0 0.08169872981071065
1473 3.524999999997758 0 0.08169872981068935
1474 1.67499999999644 0 -0.08169872981090442
1475 1.0745247717866 0 -0.08376052554852928
1476 1.474999999997028 0 0.08169872981090537
1477 1.324999999997463 0 0.08169872981089477
1478 0.574999999999538 0 -0.08169872981083577
1479 0.3749999999996818 0 0.08169872981080833
1480 2.074999999995565 0 0.08169872981074817
1481 4.274531179391639 0 -0.08046645518280116
1482 4.575526744483058 0 -0.08014863499467882
1483 3.174999999997228 0 -0.08169872981071247
1484 3.823669361005608 0 -0.08496793685595908
1485 3.674999999997986 0 -0.08169872981071247
1486 4.427797162730831 0 -0.08327918936797213
1487 4.825460099950664 0 -0.08057284896420898
1488 3.47499999999768 0 -0.08169872981071247
1489 3.974524771786795 0 -0.08376052554857055
1490 2.674999999996468 0 -0.08169872981071286
1491 3.374999999997535 0 -0.08169872981071247
1492 4.730857887870096 0 -0.07826697126943145
1493 2.12499999999563 0 -0.08169872981071247
1494 3.074999999997082 0 -0.08169872981071266
1495 2.924999999996853 0 0.08169872981071227
1496 3.574999999997836 0 -0.08169872981071247
1497 4.080642407388037 0 -0.07919969694108413
1498 3.024999999997002 0 0.08169872981071609
1499 2.324999999995931 0 0.08169872981070801
1500 2.424999999996089 0 0.08169872981071176
1501 2.87499999999677 0 -0.08169872981071208
1502 2.774334680500319 0 -0.08290015396231011
1503 0.824999999998923 0 -0.08169872981090456
1504 1.174999999997901 0 -0.08169872981090456
1505 1.924999999995704 0 -0.08169872981088928
1506 1.824999999996006 0 0.08169872981090456
1507 0.7249999999992177 0 0.08169872981089862
1508 0.9249999999986317 0 0.0816987298108706
1509 0.2249999999998044 0 -0.08169872981082668
1510 0.127425077683931 0 0.08383741229198871
1511 3.27499999999738 0 -0.08169872981071284
1512 4.177926535408986 0 -0.08338305660592669
1513 2.575665319492622 0 -0.08208285220100055
1514 4.956934664506756 0 0.0004086508803456956
1515 0.04306533549325296 0 -0.0004086508808760341
1516 4.92040871904708 0 -0.07971513762806909
1517 2.02499999999555 0 0.08169872981076771
1518 2.050665319491821 0 0.03878158201178861
1519 2.001441525570788 0 0.0400455971836955
1520 2.100110886578301 0 0.03846148001987718
1521 2.075206863587817 0 -0.004359249187162551
1522 2.124999999995561 0 -0.004903810567739676
1523 4.957675728085883 0 0.04981295241034245
1524 4.909294365881774 0 0.03283131853488879
1525 4.9133974596217 0 -0.0250000000003347
1526 4.870096189432421 0 -4.418254415860792e-13
1527 4.871355743087264 0 -0.0502136116120461
1528 4.826636411934972 0 -0.02629428629591641
1529 4.826422589399335 0 0.02308109402476402
1530 4.784262515161746 0 -0.001936242926615676
1531 4.78032959157597 0 -0.05078373060404452
1532 4.738415088631426 0 -0.02402198973268752
1533 4.690724056524662 0 -0.0413115328832687
1534 4.700486446895515 0 0.008513611518696182
1535 4.653257468563199 0 -0.008937550106892447
1536 4.648588241416358 0 -0.04956161679403977
1537 4.604919284298366 0 -0.03284381734221692
1538 4.61607628093502 0 0.02449566378894589
1539 4.568263115602873 0 0.008035888890730683
1540 4.573051639206088 0 0.05646590824969114
1541 4.526841025697421 0 0.0418801251198558
1542 4.51948785903121 0 -0.002909010472247027
1543 4.4817724493981 0 0.02554802465784927
1544 4.436338986399146 0 0.04556444530176144
1545 4.44298784842026 0 -0.002501146614930165
1546 4.396763519541132 0 0.01672443755279687
1547 4.393942102309918 0 0.06693984311492296
1548 4.663481461516961 0 0.0416573835794261
1549 4.711409139991601 0 0.05432626554085979
1550 4.403774575598592 0 -0.04004471493355628
1551 4.357080345819204 0 -0.01444023193544544
1552 4.356948720992509 0 -0.06666442115100986
1553 4.317094637093433 0 -0.04328440805637641
1554 4.310318828346196 0 0.004636688734503095
1555 4.270372954151026 0 -0.02555483804218803
1556 4.264042699425772 0 0.023766865492484
1557 4.224873948713871 0 -0.004627491772094346
1558 4.218819934776394 0 0.04527119584649629
1559 4.178396329534307 0 0.02085283079256228
1560 4.133740371460602 0 0.04585686708979154
1561 4.134043423031557 0 -0.004787369304344217
1562 4.090219516997202 0 0.02114690145701204
1563 4.087865138749498 0 -0.02737245318980938
1564 4.046882368335238 0 -0.005960270243621393
1565 4.093958805829911 0 0.06899381689220967
1566 4.226361449082963 0 -0.05371589481392502
1567 4.131823596901691 0 -0.05380769655850325
1568 4.257171647191974 0 0.06987275745809327
1569 2.074999999995498 0 -0.0821601230038625
1570 0.6249999999994544 0 -0.08169872981084589
1571 0.5993346805032473 0 -0.03878158201194132
1572 0.5498891134168643 0 -0.0384614800200592
1573 0.648558474424211 0 -0.04004559718378191
1574 0.5747931364072693 0 0.004359249186937362
1575 0.5249999999996084 0 0.004903810567477549
1576 0.4999815189025022 0 -0.03840812968807193
1577 0.4749999999996588 0 0.004903810567483083
1578 0.04232427191407916 0 -0.04981295241082537
1579 0.08231638829020946 0 -0.02596003068120275
1580 0.08112027707811127 0 0.02505039762882746
1581 0.1299038105675501 0 -2.085913635225567e-13
1582 0.5749999999995675 0 0.082160123003909
1583 1.974999999995576 0 -0.08183518500074216
1584 1.949999999995597 0 -0.03923893329268419
1585 1.899999999995731 0 -0.03853770523362429
1586 1.925475228207247 0 0.002725143486495878
1587 1.875040410557991 0 0.003872642724826647
1588 2.000665319491801 0 -0.04158484636591797
1589 4.475121354067459 0 -0.08238529468379052
1590 1.97601646033709 0 0.08255777915333395
1591 2.874999999996774 0 0.08169872981071205
1592 2.899999999996815 0 0.03839745962142354
1593 2.949999999996892 0 0.03839745962142452
1594 2.924999999996856 0 -0.004903810567865055
1595 2.97499999999693 0 -0.004903810567866151
1596 2.874999999996782 0 -0.004903810567871019
1597 2.849999999996737 0 0.03839745962142849
1598 2.800665319492966 0 0.03878158201171195
1599 0.6749999999993566 0 0.08183518500076686
1600 0.699999999999303 0 0.03923893329270325
1601 0.7499999999991618 0 0.03853770523362538
1602 0.7245247717876419 0 -0.002725143486494311
1603 0.7749595894368883 0 -0.003872642724849119
1604 0.6493346805031701 0 0.04158484636588067
1605 3.174999999997228 0 0.08169872981071238
1606 3.14999999999718 0 0.0383974596214277
1607 3.199999999997261 0 0.0383974596214202
1608 3.099999999997105 0 0.03839745962143236
1609 3.124999999997129 0 -0.004903810567856041
1610 3.074999999997055 0 -0.004903810567847815
1611 3.174999999997218 0 -0.004903810567864195
1612 3.224999999997293 0 -0.004903810567869721
1613 3.249999999997338 0 0.03839745962140876
1614 3.274999999997364 0 -0.004903810567892901
1615 3.299999999997417 0 0.0383974596213859
1616 3.32499999999744 0 -0.00490381056791183
1617 3.34999999999749 0 0.0383974596213859
1618 3.374999999997517 0 -0.004903810567924268
1619 3.399999999997564 0 0.03839745962138226
1620 3.424999999997593 0 -0.004903810567931672
1621 3.449999999997639 0 0.03839745962136663
1622 3.474999999997673 0 -0.004903810567931512
1623 3.499999999997714 0 0.03839745962136452
1624 3.524999999997747 0 -0.004903810567935367
1625 3.54999999999779 0 0.03839745962136591
1626 3.574999999997825 0 -0.004903810567933278
1627 3.599999999997862 0 0.03839745962136092
1628 3.624999999997901 0 -0.00490381056792951
1629 3.649999999997938 0 0.03839745962137937
1630 3.674999999997978 0 -0.004903810567922509
1631 3.699999999998011 0 0.03839745962138486
1632 3.724999999998056 0 -0.004085079428549177
1633 3.749999999998088 0 0.0385339148112842
1634 3.774334680501831 0 -0.004360490456063272
1635 3.748558474422768 0 -0.04470886517006379
1636 3.799889113415452 0 0.03851075550502492
1637 3.824205312822071 0 -0.003591521038993854
1638 3.849999999998234 0 0.03839745962140569
1639 3.874867552135605 0 -0.003866364507034648
1640 3.724999999998055 0 0.0817214723423479
1641 3.324999999997462 0 0.08169872981068488
1642 3.874999999998291 0 0.08169872981070904
1643 3.89997792535455 0 0.03857036729822838
1644 3.949996320891116 0 0.03842627756756373
1645 3.924308313566439 0 -0.004313159563612336
1646 3.898532005289953 0 -0.04466452420106751
1647 3.971683584770404 0 -0.002135442337043403
1648 3.824981518901089 0 0.08171761245797309
1649 0.07771265543447881 0 0.0786749031160303
1650 3.024999999997005 0 -0.08169872981070765
1651 4.025431876949466 0 -0.08348932402139582
1652 4.825990632597669 0 0.07484443509842867
1653 0.6739835396578706 0 -0.08255777915337228
1654 0.2749999999997524 0 -0.08169872981082316
1655 0.2999999999997178 0 -0.03839745962163517
1656 0.3499999999996759 0 -0.03839745962161679
1657 0.3249999999996772 0 0.004085079428252331
1658 0.2749999999997181 0 0.004903810567539323
1659 0.3749999999996363 0 0.004442417374525315
1660 0.3013306389922341 0 0.04479941852180354
1661 0.399999999999648 0 -0.03847435848712816
1662 0.424999999999612 0 0.004454956218982682
1663 4.526331253420445 0 -0.08253441758077068
1664 3.324999999997457 0 -0.08169872981071157
1665 2.374999999996011 0 0.08169872981070966
1666 2.399999999996052 0 0.03839745962142166
1667 2.449999999996128 0 0.03839745962142473
1668 2.424999999996093 0 -0.004903810567863084
1669 2.474999999996168 0 -0.004903810567862883
1670 2.374999999996018 0 -0.004903810567867952
1671 2.499334680499898 0 0.03878158201171206
1672 2.524920795294301 0 -0.001939146850052348
1673 2.349999999995975 0 0.03839745962141954
1674 2.299999999995894 0 0.0383974596214137
1675 2.324999999995943 0 -0.004903810567876463
1676 2.274334680499559 0 -0.003702386416277039
1677 2.249889113413099 0 0.0385976969800019
1678 2.224205312819652 0 -0.004286077925900512
1679 2.199849071035938 0 0.03853378795484062
1680 2.17484239730635 0 -0.003959402599257407
1681 2.19851064602553 0 -0.04467551694348224
1682 2.724223793917521 0 -0.08228308955960131
1683 2.699205312820365 0 -0.03887897530319561
1684 2.649867552133741 0 -0.03847771223505287
1685 2.67484547749 0 0.003991451379274446
1686 2.624952171601536 0 0.003919644128139404
1687 2.724886998843857 0 0.001817917237152657
1688 2.649966274846213 0 0.04375056860905702
1689 2.600746160032453 0 -0.0390230055856533
1690 2.575103187819534 0 0.001041697602240291
1691 3.52499999999776 0 -0.08169872981071646
1692 2.525776206075262 0 -0.08296417436069316
1693 1.424999999997174 0 0.08169872981090394
1694 1.449999999997104 0 0.03839745962180842
1695 1.499999999996958 0 0.03839745962181379
1696 1.399999999997248 0 0.03839745962180668
1697 1.474999999997036 0 -0.004903810567285699
1698 1.524999999996891 0 -0.004903810567277862
1699 1.54933468050058 0 0.03878158201206462
1700 1.574920795294806 0 -0.001939146849816391
1701 1.424334680500949 0 -0.003702386415825834
1702 1.374223793918389 0 -0.004319450818469336
1703 1.349870632317572 0 0.03849485291327037
1704 1.32484907103768 0 -0.003971453921324844
1705 1.34851483849848 0 -0.0446830876457273
1706 1.299953283890936 0 0.03856908461136398
1707 1.274991425225546 0 -0.004430041866839047
1708 1.249990784851238 0 0.0385050252367925
1709 1.224999228187472 0 -0.004453088843297424
1710 1.199998335505042 0 0.03849050751161782
1711 1.174999894299631 0 -0.004454718576648064
1712 1.149999704966132 0 0.03848781626851707
1713 1.124999999998058 0 -0.004903810567342549
1714 1.099999950826148 0 0.03841251906287335
1715 1.074334672306638 0 -0.003699876509029972
1716 1.049889103854347 0 0.0386006252049842
1717 1.024205309862865 0 -0.004285171570187412
1718 0.9998490689518487 0 0.03853442705181738
1719 0.9748423964681546 0 -0.003959145023563936
1720 0.998510645394978 0 -0.04467532295474481
1721 0.949948577569078 0 0.03857773178405692
1722 0.9249909314699125 0 -0.004429132694058214
1723 0.8999899181723399 0 0.03850661796101033
1724 0.8749991691663636 0 -0.004452980299311584
1725 0.8499981812223952 0 0.03849079105631753
1726 1.274990678122101 0 0.08174526157832634
1727 1.124999942630744 0 0.08171629915885123
1728 2.824999999996705 0 -0.004903810567857308
1729 2.775065752180391 0 -0.002306515103710661
1730 0.175515066196573 0 0.08303426421964133
1731 0.2007771953959572 0 0.04230065899156474
1732 0.474999999999614 0 0.08169872981080969
1733 0.4249999999996504 0 0.08169872981080778
1734 1.724999999996294 0 -0.08169872981090368
1735 1.699999999996366 0 -0.03839745962180836
1736 1.749999999996219 0 -0.03839745962180816
1737 1.650665319492743 0 -0.03878158201205548
1738 1.674999999996438 0 0.004903810567286684
1739 1.625069775567336 0 0.0022920830066672
1740 1.724999999996292 0 0.004903810567288718
1741 1.774999999996148 0 0.004903810567287083
1742 1.799999999996067 0 -0.0383974596218143
1743 3.47499999999768 0 0.08169872981068363
1744 1.374978438717348 0 0.08171496202614595
1745 0.3749999999996736 0 -0.08171154628839589
1746 0.1754722880939744 0 -0.08272871795708733
1747 0.1999999999998386 0 -0.03839745962164973
1748 3.974578815580285 0 0.08209192639843357
1749 2.474889113413447 0 0.08176275020909263
1750 1.774999999996153 0 0.0816987298109019
1751 2.274981518898736 0 0.08173210270380034
1752 2.924999999996861 0 -0.08169872981072504
1753 3.224999999997312 0 -0.08169872981070393
1754 2.324959589433718 0 -0.08270803396663341
1755 1.575665319492965 0 -0.08290015396236498
1756 1.474959589434818 0 -0.08270803396670036
1757 0.8749999999987772 0 -0.08169872981090452
1758 0.8749989880427551 0 0.08171594832907303
1759 0.7749595894368584 0 -0.08236740360136247
1760 0.9749662744191446 0 0.08175160307626861
1761 3.224999999997302 0 0.081698729810707
1762 1.224999999997755 0 -0.08169872981090387
1763 2.625108761192796 0 -0.0817914101651476
1764 1.674959589434231 0 0.08236740360135876
1765 2.424999999996085 0 -0.08169872981070869
1766 3.624999999997904 0 -0.0816987298107261
1767 1.625887092658228 0 -0.08234710995810184
1768 3.374999999997534 0 0.08169872981070034
1769 1.774999999996146 0 -0.08169872981090628
1770 1.124959589435841 0 -0.08270803396670823
1771 1.87504041055807 0 0.08236740360136405
1772 2.523983539654663 0 0.08242156219308498
1773 2.775997979241077 0 0.08241089212668858
1774 2.824959589434482 0 -0.08236740360124192
1775 3.574999999997831 0 0.08169872981068296
1776 3.424999999997606 0 -0.0816987298107297
1777 2.999999999996968 0 0.03839745962142125
1778 3.124999999997154 0 -0.08169872981071778
1779 1.074999999998189 0 0.08169872981083691
1780 3.074999999997073 0 0.08169872981071591
1781 1.224998282181874 0 0.08171974556534356
1782 1.524889113414177 0 0.08176275020928273
1783 2.974999999996927 0 0.08169872981071236
1784 1.574094426237976 0 0.08235778002450224
1785 0.7749999999990762 0 0.08172210407953806
1786 3.67499999999798 0 0.08170252023263228
1787 3.996397509104213 0 0.04166812122616918
1788 0.2506653194960297 0 -0.0387815820119136
1789 2.125018481092751 0 0.08170939987713347
1790 2.224953283889175 0 0.08176038624155922
1791 3.04999999999703 0 0.03839745962143074
1792 3.024999999996993 0 -0.004903810567864222
1793 0.7999929617758998 0 0.03861214614801933
1794 0.8249969570935645 0 -0.004199386538837549
1795 0.4749969198167734 0 -0.081700508155231
1796 0.5249779253558052 0 -0.08171147461236632
1797 2.149970139334101 0 0.0385900307492611
1798 0.4499964064529733 0 -0.03848715989246357
1799 1.874999999995838 0 -0.08172210407954264
1800 1.850006735089594 0 -0.03859659090896991
1801 1.825002045396131 0 0.004424933698930894
1802 4.349348309294138 0 0.04176460391821903
1803 4.178904213778894 0 -0.02991144637703855
1804 4.551445579711149 0 -0.03873670701006702
1805 0.03975013473070561 0 0.04861901824752131
1806 4.925454674243196 0 0.08341682565308081
1807 4.958763418329106 0 -0.04843087782014691
1808 0.07908962789305037 0 -0.0779525760728932
1809 0.1534226396045553 0 0.04371063508062415
1810 0.1533540858349029 0 -0.04115942253386666
1811 1.601403440861975 0 -0.04103124350912529
1812 1.598592113969504 0 0.04111654617342814
1813 1.324752473080982 0 -0.08438093800398647
1814 1.399433014116305 0 -0.04439630621068025
1815 0.6994002443952057 0 -0.04192022795113904
1816 0.9747517742312494 0 -0.08437964388883497
1817 1.049429233224594 0 -0.04438888056968369
1818 1.950599755599724 0 0.04192022795111772
1819 0.6245034953061372 0 0.001739223180470717
1820 0.3252217731651236 0 0.08440032648335485
1821 0.2271932053858524 0 0.003109156936583631
1822 0.2517317809541842 0 0.04472058751699356
1823 2.025496504688862 0 -0.001739223180575148
1824 2.174751774333977 0 -0.08437967622034459
1825 2.625437925468893 0 0.0840549289428455
1826 2.550368611451729 0 -0.04137812526407415
1827 2.748587611607636 0 -0.04113539909434816
1828 3.87453356104813 0 -0.08492271193748477
1829 2.675289139882285 0 0.08406350640791301
1830 2.751491343986017 0 0.04106722412845094
1831 3.949008112568406 0 -0.04413100641440469
1832 2.549501927378078 0 0.0411468726420925
1833 3.724759745735503 0 -0.08438523425811199
1834 2.249429235186773 0 -0.04438948227839461
1835 3.799294638124779 0 -0.04458877068149297
1836 1.549999999996809 0 -0.04330127018909425
1837 1.649659359910706 0 0.04281354458336782
1838 1.749999999996223 0 0.04330127018909596
1839 1.699936491555031 0 0.04333142821988373
1840 1.499999999996973 0 -0.04330127018908701
1841 1.799999999996084 0 0.04330127018909589
1842 1.449708675971944 0 -0.04379538881634888
1843 1.249999999997701 0 -0.0433012701891041
1844 0.7496964792597606 0 -0.04284780698589094
1845 1.199999999997827 0 -0.04330127018912321
1846 1.850013811083344 0 0.0431610417023784
1847 1.149999999997991 0 -0.04330127018911598
1848 1.099708044458287 0 -0.04379373289173495
1849 0.7999354358708108 0 -0.04304787330849899
1850 1.900305822583056 0 0.04282443557142135
1851 0.8999999999987266 0 -0.04330127018914207
1852 0.8499941804524376 0 -0.04318148692577375
1853 0.5499999999996167 0 0.04330127018918056
1854 0.4999999999996348 0 0.04330127018914481
1855 0.4499999999997261 0 0.04330127018913184
1856 0.3999999999995977 0 0.04330127018918227
1857 2.099999999995494 0 -0.04330127018927687
1858 4.003534798297726 0 -0.03718180500819993
1859 3.049999999997039 0 -0.04330127018928688
1860 2.899999999996814 0 -0.04330127018929042
1861 3.149999999997176 0 -0.0433012701892857
1862 2.449999999996128 0 -0.04330127018928663
1863 2.499999999996205 0 -0.04330127018928589
1864 2.849999999996723 0 -0.04330127018928315
1865 2.949999999996891 0 -0.0433012701892914
1866 2.299708046149362 0 -0.04379425149450875
1867 2.999999999996962 0 -0.04330127018928846
1868 3.099999999997105 0 -0.04330127018928448
1869 3.199999999997258 0 -0.04330127018928288
1870 2.39999999999605 0 -0.04330127018929001
1871 2.349999999995967 0 -0.04330127018930124
1872 2.799657938952709 0 -0.04281909208645854
1873 3.249999999997332 0 -0.04330127018929409
1874 3.299999999997406 0 -0.04330127018930582
1875 3.649999999997944 0 -0.04329984081127831
1876 3.449999999997639 0 -0.04330127018932552
1877 3.349999999997483 0 -0.04330127018931269
1878 3.599999999997865 0 -0.04330103195965119
1879 3.549999999997795 0 -0.04330123048438104
1880 3.499999999997716 0 -0.04330126357183373
1881 3.399999999997557 0 -0.04330127018931916
1882 1.374537516245997 0 -0.08453680956815136
1883 1.299999999997554 0 -0.04329269392083317
1884 1.02453607077235 0 -0.08453406216029877
1885 0.9499999999985781 0 -0.04329269392087119
1886 0.674562103144549 0 -0.0002508788974370717
1887 0.5999999999995329 0 0.04330984645744234
1888 1.975437896850376 0 0.0002508788974025501
1889 0.2756582521011858 0 0.0846147124340863
1890 0.349999999999638 0 0.04329269392090647
1891 2.049999999995473 0 -0.04330984645754182
1892 2.149999999995504 0 -0.04329269392102759
1893 2.700468312339588 0 0.04299558578940048
1894 2.224536071220343 0 -0.08453420016513188
1895 2.599999999996364 0 0.04329269392101659
1896 3.774380369880822 0 -0.08477513449427128
1897 3.924433075115003 0 -0.08457979468358791
1898 3.849183738404357 0 -0.04443363820367213
1899 3.699999999998013 0 -0.04329269392104688
1900 4.745295135188267 0 0.0227009159317593
1901 4.045674575708373 0 0.04344513074470228
1902 4.531427306181319 0 0.08707235459790513
1903 4.319714907495106 0 -0.08808305687803748
1904 4.678138637067927 0 -0.08573432909354931
1905 4.499999999999233 0 -0.04530416753527935
1906 4.677679138995276 0 0.08738484113089817
1907 4.452581031152237 0 -0.04495134814841673
1908 4.048871317943994 0 -0.04664070988082214
1909 0.1759910796212902 0 0.002757729293640048
1910 4.431875559146143 0 0.0880215299991057
1911 4.130638712627471 0 0.08848338000003793
1912 4.783966269828377 0 0.04396544411281195
1913 4.30045997285972 0 0.04896346271001922
1914 4.218418567320424 0 0.0872620723508245
1915 4.873444912416926 0 -0.09210031964086483
1916 4.864331791682512 0 0.0415298506420832
1917 4.774999999999655 0 -0.09237186823417992
1918 4.623029818848767 0 -0.0842930357738986
1919 4.725662963168425 0 0.09257324468172728
1920 4.125801360874484 0 -0.09415963410989024
1921 4.224999999998849 0 -0.09462978615236126
1922 4.963397459621405 0 0.088397459621379
1923 4.963397459621453 0 -0.0883974596215001
1924 0.03660254037839064 0 0.08839745962156224
1925 0.03660254037836096 0 -0.08839745962166624
1926 4.480331984513461 0 -0.01228840902866818
1927 4.574999999999346 0 0.0960121660167952
1928 4.36128277444559 0 0.0896183736765656
1929 4.388742767445811 0 -0.08963312029554819
1930 4.060881674722865 0 0.08997129018637452
1931 4.011342758543178 0 0.005964487977139672
1932 0.1145504661040781 0 0.04742424280845502
1933 0.1145504661042135 0 -0.04742424280856929
1934 4.748388782212709 0 0.05891017029047078
1935 4.289177765231156 0 0.09052330935586342
1936 5 0.03309401076758395 0.001520387102992743
1937 5 0.2069346645067491 0.0004086508803439863
1938 5 0.122166271435152 0.08407334698786972
1939 5 0.1225749223157154 -0.08383741229204303
1940 5 0.2076757280858878 0.04981295241035395
1941 5 0.1676836117097614 0.02596003068079103
1942 5 0.1688797229217739 -0.02505039762916069
1943 5 0.1200961894324427 -3.662803485172532e-13
1944 5 0.07504612334720839 -0.08264422817472289
1945 5 0.1722873445652713 -0.07867490311610351
1946 5 0.07502839415102079 0.08265446413081981
1947 5 0.17091037210679 0.07795257607268795
1948 5 0.2102498652691957 -0.04861901824779806
1949 5 0.04663195358678936 0.04605385967037329
1950 5 0.04312181994655392 -0.04648029088034349
1951 5 0.09684517871865483 0.04463464151883324
1952 5 0.0963312197913794 -0.04213070644000939
1953 5 0.07935283198085036 0.005779182751265086
1954 5 0.2133974596213797 -0.08839745962145211
1955 5 0.2133974596214111 0.08839745962140921
1956 5 0.03660254037835483 -0.08839745962165273
1957 5 0.03660254037831558 0.08839745962161766
1958 5 0.1354495338957132 0.04742424280839175
1959 5 0.135449533895545 -0.04742424280849191
1960 0.4763306389925595 0.25 -0.08328284697455639
1961 0.3254934086961607 0.25 -0.08407972165627964
1962 2.075475228211627 0.25 -0.08376052554855137
1963 3.174999999999998 0.25 -0.08169872981077937
1964 2.574999999999999 0.25 -0.08169872981077861
1965 1.674999999999999 0.25 -0.08169872981077861
1966 1.525475228211627 0.25 -0.08376052554855037
1967 1.27366936100744 0.25 -0.08328284697456086
1968 2.425475228211628 0.25 -0.08376052554855197
1969 1.975 0.25 -0.08169872981077841
1970 2.174999999999997 0.25 0.08169872981077053
1971 4.77286627007494 0.25 -0.08756263727730858
1972 4.622614166054657 0.25 -0.08052623582910666
1973 4.479096707023978 0.25 -0.07760336157822383
1974 4.322868036879254 0.25 -0.0826723398983172
1975 4.174999999999994 0.25 -0.08169872981077822
1976 4.074999999999989 0.25 -0.08169872981077822
1977 3.724999999999995 0.25 -0.08169872981077822
1978 1.024999999999999 0.25 -0.08169872981077803
1979 0.6750000000000003 0.25 -0.0816987298107747
1980 0.5749999999999998 0.25 -0.08169872981077582
1981 3.924999999999998 0.25 -0.08169872981077822
1982 3.824999999999999 0.25 -0.08169872981077822
1983 3.625 0.25 -0.08169872981077822
1984 3.474999999999998 0.25 -0.08169872981077822
1985 3.374999999999998 0.25 -0.08169872981077822
1986 3.274334680503716 0.25 -0.08290015396232991
1987 3.075665319496277 0.25 -0.08290015396233252
1988 2.974334680503715 0.25 -0.08290015396232912
1989 2.875000000000001 0.25 -0.08169872981077979
1990 2.774999999999999 0.25 -0.08169872981077915
1991 2.675665319496276 0.25 -0.08290015396233699
1992 2.324999999999999 0.25 -0.08169872981077822
1993 1.875 0.25 -0.08169872981077822
1994 1.175000000000001 0.25 -0.08169872981077839
1995 0.9249999999999994 0.25 -0.0816987298107778
1996 0.8249999999999997 0.25 -0.08169872981077686
1997 0.174539900049123 0.25 -0.08057284896418862
1998 1.774999999999998 0.25 0.08169872981077705
1999 1.424999999999999 0.25 -0.08169872981077803
2000 4.879336282735326 0.25 -0.08018519375227806
2001 0.4249999999999998 0.25 0.08169872981077861
2002 0.2689215604783143 0.25 0.07658437688144071
2003 4.225000000000001 0.25 0.08169872981078927
2004 2.474999999999996 0.25 0.08169872981077481
2005 2.825 0.25 0.08169872981077822
2006 1.474999999999998 0.25 0.08169872981077658
2007 2.024999999999995 0.25 0.08169872981077912
2008 0.5243346805037191 0.25 0.08290015396233111
2009 1.324999999999999 0.25 0.08169872981077841
2010 4.375506701490103 0.25 0.08293737728686965
2011 2.624999999999999 0.25 0.08169872981076477
2012 3.124334680503714 0.25 0.08290015396232712
2013 4.575526744483589 0.25 0.08014863499495867
2014 1.574999999999998 0.25 0.08169872981077306
2015 3.225665319496279 0.25 0.08290015396233236
2016 2.374999999999995 0.25 0.08169872981077955
2017 3.574999999999999 0.25 0.08169872981077345
2018 1.22566531949628 0.25 0.08290015396232894
2019 2.225 0.25 -0.08169872981077822
2020 1.124999999999999 0.25 0.08169872981077822
2021 0.725 0.25 0.08169872981077822
2022 0.6249999999999996 0.25 0.08169872981077822
2023 2.274999999999999 0.25 0.08169872981077822
2024 0.9749999999999992 0.25 0.08169872981077822
2025 3.774999999999999 0.25 0.0816987298107808
2026 0.1208321857339565 0.25 0.07910165473262959
2027 3.874999999999992 0.25 0.08169872981077955
2028 3.324999999999995 0.25 0.08169872981077822
2029 0.8745247717883716 0.25 0.08376052554855108
2030 3.425000000000002 0.25 0.08169872981077878
2031 3.974999999999991 0.25 0.08169872981076698
2032 1.924999999999998 0.25 0.08169872981078062
2033 4.730857887870458 0.25 0.07826697126938541
2034 3.024999999999994 0.25 0.08169872981077757
2035 2.925665319496279 0.25 0.08290015396233461
2036 2.724334680503717 0.25 0.08290015396231695
2037 3.675000000000003 0.25 0.08169872981077822
2038 4.825460099950857 0.25 0.08057284896404021
2039 4.125000000000011 0.25 0.08169872981077822
2040 1.674999999999998 0.25 0.08169872981077322
2041 4.474999999999998 0.25 0.08169872981077822
2042 1.774999999999997 0.25 -0.08169872981077803
2043 0.04306533549323322 0.25 0.0004086508803621073
2044 4.95693466450674 0.25 -0.0004086508808661011
2045 4.92040871904715 0.25 0.07971513762789492
2046 0.07959128095283424 0.25 -0.07971513762805815
2047 0.0423242719140931 0.25 0.04981295241034667
2048 0.09072970104234146 0.25 0.03267652724643715
2049 0.08660254037831733 0.25 -0.02500000000026634
2050 0.1299038105675273 0.25 -3.436965726538553e-13
2051 0.1286442569126724 0.25 -0.05021361161193642
2052 0.1735895618181003 0.25 -0.02655008752257415
2053 0.2211521876872908 0.25 -0.05164957339628401
2054 0.2181670286776657 0.25 -0.001507798111825826
2055 0.2627089692512846 0.25 -0.02689090272152288
2056 0.2615421375650835 0.25 0.02285508900533727
2057 0.3027016957643067 0.25 0.003052156143043425
2058 0.2204744363823211 0.25 0.04811291927679546
2059 0.1755122510312114 0.25 0.02275843734196666
2060 0.1752495330104336 0.25 0.07597420832282813
2061 4.957675728085902 0.25 -0.04981295241081925
2062 4.909294365881773 0.25 -0.03283131853528713
2063 4.91339745962167 0.25 0.02499999999979792
2064 4.870096189432414 0.25 -1.525728252855985e-13
2065 4.871355743087287 0.25 0.05021361161156242
2066 4.826636411935073 0.25 0.02629428629545929
2067 4.826422589399465 0.25 -0.02308109402520588
2068 4.784262515161868 0.25 0.001936242926194765
2069 4.780329591576192 0.25 0.05078373060379879
2070 4.738415088631553 0.25 0.02402198973260184
2071 4.690724056524946 0.25 0.04131153288341036
2072 4.700486446895547 0.25 -0.008513611518443884
2073 4.65325746856332 0.25 0.008937550107320419
2074 4.648588241416723 0.25 0.04956161679434887
2075 4.604919284298631 0.25 0.03284381734275627
2076 4.616076280934912 0.25 -0.02449566378816392
2077 4.568263115602939 0.25 -0.008035888889702388
2078 4.573051639206334 0.25 -0.05646590824881874
2079 4.52684102569762 0.25 -0.04188012511863362
2080 4.519487859031253 0.25 0.002909010473519831
2081 4.481772449397992 0.25 -0.02554802465666869
2082 4.436338986399382 0.25 -0.04556444530174081
2083 4.442987848419206 0.25 0.002501146615284632
2084 4.396788958415239 0.25 -0.01671376257279081
2085 4.393963301372697 0.25 -0.06693094729812131
2086 4.663481461517057 0.25 -0.04165738357896954
2087 4.711409139991551 0.25 -0.05432626554063272
2088 4.399609384114212 0.25 0.03727316494072663
2089 4.362862217199156 0.25 0.007171756386998927
2090 4.074999999999988 0.25 0.08169872981077317
2091 4.1 0.25 0.03839745962155264
2092 4.150000000000001 0.25 0.03839745962155466
2093 4.049999999999992 0.25 0.0383974596215407
2094 4.125000000000004 0.25 -0.004903810567666256
2095 4.17500000000001 0.25 -0.004903810567655417
2096 4.32508445024834 0.25 0.0841087370945153
2097 3.374999999999999 0.25 0.08169872981077492
2098 3.400000000000003 0.25 0.0383974596215516
2099 3.450000000000004 0.25 0.03839745962155859
2100 3.425000000000007 0.25 -0.004903810567663765
2101 3.475000000000004 0.25 -0.004903810567665905
2102 3.375000000000011 0.25 -0.004903810567676085
2103 3.500000000000005 0.25 0.03839745962155251
2104 3.525000000000002 0.25 -0.004903810567673104
2105 3.349999999999998 0.25 0.03839745962155063
2106 3.300665319496272 0.25 0.03878158201183024
2107 3.324999999999988 0.25 -0.004903810567677379
2108 3.275079204701929 0.25 -0.001939146849978243
2109 4.225665319496274 0.25 -0.08290015396232939
2110 3.624999999999999 0.25 0.08169872981077742
2111 3.650000000000004 0.25 0.03839745962155645
2112 3.700000000000005 0.25 0.03839745962155678
2113 3.675000000000008 0.25 -0.004903810567664847
2114 3.72500000000001 0.25 -0.004903810567657717
2115 3.625000000000008 0.25 -0.004903810567667283
2116 3.074223793920998 0.25 0.08228308955964075
2117 3.049205312823876 0.25 0.03887897530330548
2118 3.000532871633585 0.25 0.03886183462545815
2119 3.024999999999987 0.25 -0.004903810567667415
2120 2.975063437099227 0.25 -0.001929592967396806
2121 3.074905394383786 0.25 -0.001927552410515559
2122 3.600000000000001 0.25 0.03839745962155076
2123 3.924999999999992 0.25 0.08169872981077476
2124 3.899999999999985 0.25 0.0383974596215559
2125 3.849999999999986 0.25 0.03839745962156212
2126 3.874999999999976 0.25 -0.004903810567663806
2127 3.824999999999977 0.25 -0.004903810567655143
2128 3.924999999999978 0.25 -0.004903810567670804
2129 3.949999999999985 0.25 0.03839745962154652
2130 3.974999999999981 0.25 -0.00490381056768013
2131 2.825 0.25 -0.08169872981077853
2132 2.799999999999997 0.25 -0.03839745962155644
2133 2.75066531949628 0.25 -0.03878158201183386
2134 2.774999999999999 0.25 0.004903810567666068
2135 2.824999999999998 0.25 0.004903810567664396
2136 2.725079204701935 0.25 0.00193914684996314
2137 3.575000000000008 0.25 -0.004903810567679152
2138 4.12499999999998 0.25 -0.08169872981075549
2139 2.424999999999995 0.25 0.08169872981077696
2140 2.39999999999999 0.25 0.03839745962155632
2141 2.34999999999999 0.25 0.03839745962156185
2142 2.374999999999983 0.25 -0.004903810567663015
2143 2.324999999999983 0.25 -0.004903810567654578
2144 2.425665319496271 0.25 -0.003702386416117603
2145 2.450110886582705 0.25 0.03859769698014459
2146 2.50001848109711 0.25 0.03843083251464618
2147 2.475797767358955 0.25 -0.004280515776857995
2148 2.525136041409334 0.25 -0.003975634814367861
2149 2.55002575375107 0.25 0.03855771772927773
2150 2.575007019434615 0.25 -0.004430716402727425
2151 2.50148627378727 0.25 -0.04467729528775942
2152 2.600005462197611 0.25 0.03850301833365127
2153 2.625000541511866 0.25 -0.004453205177045324
2154 2.649335681121959 0.25 0.03887427602892633
2155 2.674930408016152 0.25 -0.002227404505948025
2156 2.525007372474696 0.25 0.08173100164424635
2157 3.774999999999996 0.25 -0.08169872981077683
2158 2.074999999999993 0.25 0.08169872981077472
2159 2.049999999999985 0.25 0.03839745962155502
2160 2.099999999999985 0.25 0.03839745962154713
2161 1.999999999999987 0.25 0.03839745962156531
2162 2.024999999999975 0.25 -0.004903810567661995
2163 1.974999999999975 0.25 -0.004903810567647653
2164 2.075665319496264 0.25 -0.003702386416120472
2165 2.125776206078974 0.25 -0.00431945081881242
2166 2.150129367679818 0.25 0.03849485291301833
2167 2.175150928959782 0.25 -0.00397145392163904
2168 2.15148516149901 0.25 -0.04468308764596356
2169 2.200046716106594 0.25 0.03856908461111564
2170 2.22500857477205 0.25 -0.004430041867194231
2171 2.250009215146435 0.25 0.03850502523654724
2172 2.125021561279965 0.25 0.08171496202601844
2173 2.275000771810271 0.25 -0.004453088843655147
2174 1.824999999999998 0.25 0.08169872981077705
2175 1.799999999999996 0.25 0.03839745962155539
2176 1.849999999999995 0.25 0.0383974596215528
2177 1.749999999999997 0.25 0.0383974596215553
2178 1.824999999999994 0.25 -0.004903810567667422
2179 1.874999999999993 0.25 -0.004903810567671557
2180 1.899999999999994 0.25 0.03839745962155697
2181 2.575006431403896 0.25 0.08174841125299001
2182 1.824999999999998 0.25 -0.08169872981077667
2183 3.575000000000004 0.25 -0.08169872981077025
2184 3.525 0.25 -0.08169872981077811
2185 3.224223793921003 0.25 -0.08228308955964451
2186 3.199205312823886 0.25 -0.03887897530331007
2187 3.15053287163359 0.25 -0.03886183462546038
2188 3.174999999999999 0.25 0.004903810567664341
2189 3.125052174525872 0.25 0.002283909414675843
2190 3.224914823514978 0.25 0.002280488567378233
2191 1.874999999999997 0.25 0.08169872981077789
2192 3.175 0.25 0.08315235712487684
2193 4.526311027743057 0.25 0.08241999010225588
2194 2.625040410562212 0.25 -0.08236740360128925
2195 2.025040410562212 0.25 -0.08270803396665175
2196 1.424999999999999 0.25 0.08169872981077815
2197 1.449999999999997 0.25 0.03839745962155575
2198 1.499999999999996 0.25 0.03839745962155276
2199 1.399999999999998 0.25 0.03839745962155632
2200 1.474999999999993 0.25 -0.004903810567666644
2201 1.525665319496275 0.25 -0.003702386416117753
2202 1.55011088658271 0.25 0.03859769698014109
2203 1.575794687176105 0.25 -0.004286077925710064
2204 1.6001509289598 0.25 0.03853378795497192
2205 1.625157602689311 0.25 -0.003959402599125332
2206 1.601489353970124 0.25 -0.04467551694336185
2207 1.650051421941516 0.25 0.03857758233854351
2208 1.675009068471065 0.25 -0.004429150352794451
2209 0.3749999999999997 0.25 0.08169872981077869
2210 0.3999999999999995 0.25 0.03839745962155733
2211 0.4493346805037193 0.25 0.03878158201183154
2212 0.4248891134172857 0.25 -0.004021059029962773
2213 0.4749075945144051 0.25 -0.001833036396880558
2214 0.3780617216264637 0.25 -0.005653223990912803
2215 0.4018224448331835 0.25 -0.04491365069270042
2216 2.375040410562211 0.25 -0.08270803396665449
2217 1.125000000000001 0.25 -0.081698729810777
2218 1.150000000000004 0.25 -0.0383974596215557
2219 1.100000000000003 0.25 -0.03839745962155452
2220 1.199334680503724 0.25 -0.03878158201183211
2221 1.175000000000006 0.25 0.004903810567664577
2222 1.224920795298066 0.25 0.001939146849972945
2223 1.075000000000001 0.25 -0.081698729810778
2224 1.050000000000002 0.25 -0.03839745962155451
2225 1 0.25 -0.03839745962155536
2226 1.025 0.25 0.004903810567665687
2227 0.9750000000000008 0.25 0.004903810567666634
2228 0.9500000000000003 0.25 -0.03839745962155477
2229 0.9250000000000012 0.25 0.004903810567667539
2230 0.9000000000000001 0.25 -0.03839745962155357
2231 0.8743346805037212 0.25 0.003702386416117042
2232 0.849889113417287 0.25 -0.03859769698014436
2233 0.8242053128238891 0.25 0.004286077925705984
2234 0.7998490710401964 0.25 -0.03853378795497704
2235 0.7748423973106822 0.25 0.003959402599117454
2236 0.7499485780584805 0.25 -0.03857758233854595
2237 0.7249909315289287 0.25 0.004429150352782196
2238 0.7985106460298691 0.25 0.04467551694336081
2239 0.6999899182645689 0.25 -0.03850659011019726
2240 0.6749991691740216 0.25 0.004452982273955538
2241 0.6499981812397656 0.25 -0.03849078608527754
2242 0.6249998850484961 0.25 0.004454701867618138
2243 0.5999996777147109 0.25 -0.03848786548218083
2244 0.5750000000000018 0.25 0.004903810567672539
2245 0.5506652657820662 0.25 -0.03879664965526253
2246 0.5250681976543428 0.25 0.002302921436568812
2247 0.724989749387175 0.25 -0.08174693867838156
2248 0.5749595894377855 0.25 0.08236740360128456
2249 2.674113074107995 0.25 0.08236255896086264
2250 2.85 0.25 -0.03839745962155727
2251 2.875000000000001 0.25 0.00490381056766764
2252 2.899334680503721 0.25 -0.03878158201183311
2253 2.924928347333686 0.25 0.002293220373815817
2254 1.475040410562212 0.25 -0.08270803396665385
2255 0.3250000000000001 0.25 0.081698729810779
2256 0.525997970292051 0.25 -0.0824134034006313
2257 1.275776206078993 0.25 0.08228308955964431
2258 1.30079468717611 0.25 0.0388789753033088
2259 0.6249999999999996 0.25 -0.0816987298107729
2260 1.024999999999999 0.25 0.08169872981077876
2261 3.975000000000005 0.25 -0.08169872981077803
2262 1.625033725150218 0.25 0.08175147165251029
2263 1.175040410562212 0.25 0.08236740360128168
2264 0.6749999999999994 0.25 0.0816987298107783
2265 0.4741129073382928 0.25 0.08234710995802402
2266 2.774959589437786 0.25 0.08236740360128247
2267 0.2692153259578296 0.25 -0.07871065478606398
2268 1.525018481097117 0.25 0.0817321027038739
2269 0.3460813955843102 0.25 0.03273252283461188
2270 1.700010081735428 0.25 0.03850659011019637
2271 1.725000830825977 0.25 -0.004452982273955071
2272 1.725001680289236 0.25 0.08171691822555031
2273 0.9749999999999994 0.25 -0.08169872981077765
2274 1.374999999999998 0.25 0.08169872981077814
2275 2.225009321875503 0.25 0.08174526157820193
2276 1.350132447862683 0.25 0.03847771223518183
2277 1.375022074643778 0.25 -0.004071703992738659
2278 1.32515820161376 0.25 -0.003852766949958847
2279 1.35003004604292 0.25 -0.04375279784824215
2280 1.275145614014655 0.25 -0.001054556452939382
2281 2.274999999999999 0.25 -0.08169872981077755
2282 1.125000000000008 0.25 0.004903810567666915
2283 1.075000000000009 0.25 0.004903810567673448
2284 3.875 0.25 -0.08169872981077453
2285 3.424999999999997 0.25 -0.0816987298107776
2286 3.324959589437785 0.25 -0.08236740360128393
2287 3.024999999999995 0.25 -0.08315235712487455
2288 0.8749815189028808 0.25 -0.08173210270387542
2289 4.075000000000008 0.25 -0.004903810567665486
2290 4.025000000000018 0.25 -0.004903810567707962
2291 0.9249595894377864 0.25 0.08270803396665452
2292 3.524999999999999 0.25 0.08169872981077397
2293 1.925 0.25 -0.08169872981077776
2294 1.074999999999999 0.25 0.08169872981077828
2295 1.724999999999997 0.25 -0.08169872981077936
2296 0.7749645664143086 0.25 -0.08175950646378023
2297 3.125865018017921 0.25 -0.08236048539363172
2298 1.775000036045131 0.25 -0.004458750808314978
2299 4.825990632597866 0.25 -0.07484443509863763
2300 2.875040410562216 0.25 0.08236740360129204
2301 3.725000000000002 0.25 0.0816987298107769
2302 1.224002020755581 0.25 -0.08241089212672936
2303 2.725887092661706 0.25 -0.08234710995802788
2304 2.975865018017922 0.25 0.0823604853936291
2305 3.275887092661701 0.25 0.08234710995802548
2306 3.674999999999994 0.25 -0.08169872981077678
2307 3.999999999999992 0.25 0.03839745962153614
2308 1.425000957701812 0.25 -0.004441837085326466
2309 2.924112907338294 0.25 -0.08234710995802512
2310 3.475 0.25 0.08169872981078033
2311 4.425019347600716 0.25 0.08294076831453283
2312 3.824999999999994 0.25 0.08169872981078083
2313 4.275014075041387 0.25 0.08210039769142563
2314 4.250002345840233 0.25 0.03928313540768518
2315 4.174999999999997 0.25 0.08169872981078348
2316 4.200000390973372 0.25 0.03854507225258964
2317 3.750000000000003 0.25 0.03839745962155607
2318 2.324999999999996 0.25 0.08169872981078075
2319 3.550000000000002 0.25 0.03839745962154974
2320 1.974999999999998 0.25 0.08169872981078415
2321 4.275420878892188 0.25 -0.08244535790756971
2322 4.299198929369249 0.25 -0.04035513196358546
2323 4.024999999999999 0.25 -0.08169872981078878
2324 2.300001664492779 0.25 0.03849050751139305
2325 1.924999999999983 0.25 -0.004903810567670055
2326 4.225475554022779 0.25 -0.002719004304024786
2327 3.799999999999991 0.25 0.03839745962156263
2328 1.949999999999989 0.25 0.03839745962156155
2329 3.774999999999987 0.25 -0.004903810567659928
2330 4.024999999999993 0.25 0.0816987298107695
2331 4.298681361294514 0.25 0.04285328371828352
2332 4.350564502045551 0.25 -0.04130268557464492
2333 4.551443171892724 0.25 0.0387230846918786
2334 0.07456824663689171 0.25 0.08326940537833977
2335 4.958763418329098 0.25 0.04843087781979412
2336 0.0412365816708684 0.25 -0.04843087782014181
2337 4.925454674243246 0.25 -0.0834168256532772
2338 4.250126780296769 0.25 -0.04195205700974097
2339 3.251403852454471 0.25 0.0411138956369653
2340 3.101381116524265 0.25 -0.0410419824616915
2341 0.4255255139709567 0.25 -0.08468338470582007
2342 2.175247526916496 0.25 -0.08438093800406732
2343 0.3533365984316167 0.25 -0.04663800124454272
2344 2.525247712297875 0.25 -0.08437997261103386
2345 3.098588185168066 0.25 0.04111965613456006
2346 2.948594458575261 0.25 -0.04102997074127143
2347 1.249512078596576 0.25 -0.04114723743950743
2348 1.325448554004671 0.25 -0.08405530048269697
2349 2.951385189800847 0.25 0.04112769489151911
2350 1.376197523904048 0.25 -0.08385807571767673
2351 1.625248225661684 0.25 -0.0843796762203016
2352 1.250383770344018 0.25 0.04137467990192222
2353 0.498592554734291 0.25 0.04112919841342715
2354 0.7747517743383119 0.25 0.08437967622030168
2355 0.5014940795216501 0.25 -0.04107154457421167
2356 0.8494292351909755 0.25 0.04438948227827855
2357 3.248592525561793 0.25 -0.0410365967629511
2358 1.550570764809021 0.25 -0.04438948227827935
2359 2.450570764809021 0.25 -0.04438885164420512
2360 2.701405707752234 0.25 -0.04110757610585025
2361 2.100566985880981 0.25 -0.04439630621089903
2362 2.698596719964915 0.25 0.04105181749963609
2363 4.200000000000032 0.25 -0.04330127018919415
2364 3.200330665910953 0.25 0.04294199600807365
2365 3.149717617684767 0.25 0.04288364720202964
2366 1.949999999999994 0.25 -0.04330127018922016
2367 3.750000000000001 0.25 -0.0433012701892177
2368 2.799999999999996 0.25 0.04330127018921883
2369 1.050000000000001 0.25 0.04330127018922214
2370 2.849999999999993 0.25 0.04330127018921899
2371 1 0.25 0.04330127018922175
2372 3.350000000000003 0.25 -0.04330127018922224
2373 3.500000000000004 0.25 -0.0433012701892256
2374 2.749661699101391 0.25 0.04274393377834726
2375 0.9500000000000014 0.25 0.04330127018922142
2376 1.200000000000007 0.25 0.04330127018921769
2377 3.799999999999996 0.25 -0.04330127018922607
2378 2.90033654453217 0.25 0.04281559226430803
2379 3.45 0.25 -0.04330127018922361
2380 1.799999999999992 0.25 -0.04330127018921812
2381 0.8997080461534761 0.25 0.04379425149441502
2382 1.449999999999995 0.25 -0.04330127018922189
2383 3.050325305067379 0.25 -0.04287118778604874
2384 1.749999999999992 0.25 -0.04330127018922818
2385 0.5496591703883564 0.25 0.0428174596950851
2386 4.149999999999999 0.25 -0.04330127018921229
2387 3.700000000000007 0.25 -0.04330127018921423
2388 2.349999999999973 0.25 -0.04330127018921303
2389 0.5999364408124401 0.25 0.04325722928861064
2390 0.6499960820599471 0.25 0.04324393431128645
2391 0.699999400543303 0.25 0.0432582585684248
2392 1.50029195384652 0.25 -0.04379425149441497
2393 1.150000000000007 0.25 0.04330127018921792
2394 2.999999999999963 0.25 -0.04330127018921087
2395 1.849999999999997 0.25 -0.04330127018922518
2396 1.999999999999962 0.25 -0.04330127018920436
2397 3.650000000000006 0.25 -0.04330127018921384
2398 3.849999999999992 0.25 -0.04330127018922508
2399 3.550000000000002 0.25 -0.04330127018921995
2400 1.100000000000004 0.25 0.04330127018922281
2401 1.899999999999998 0.25 -0.04330127018922741
2402 2.400291953846514 0.25 -0.0437941463887342
2403 3.600000000000008 0.25 -0.0433012701892205
2404 1.699999999999999 0.25 -0.04330127018923181
2405 3.299661000034201 0.25 -0.04274139698890712
2406 3.400000000000003 0.25 -0.04330127018922358
2407 3.89999999999999 0.25 -0.04330127018922426
2408 3.949999999999986 0.25 -0.04330127018922482
2409 2.05029132402517 0.25 -0.04379538881651483
2410 3.999999999999986 0.25 -0.04330127018923367
2411 4.099999999999985 0.25 -0.04330127018922383
2412 2.60000799525144 0.25 -0.04325733651700484
2413 2.300000000000032 0.25 -0.04330127018922333
2414 2.650174352261056 0.25 -0.04300411531968361
2415 4.049999999999994 0.25 -0.04330127018925378
2416 2.249999999999956 0.25 -0.04330127018923297
2417 4.273412044576762 0.25 -0.0004816290252171301
2418 2.125462483751352 0.25 -0.08453680956824688
2419 1.299999999999992 0.25 -0.04329269392095586
2420 1.575463928775409 0.25 -0.08453420016508219
2421 0.3755253372391084 0.25 -0.08581588351908158
2422 0.4502155952923268 0.25 -0.0432948353398238
2423 2.475463329850965 0.25 -0.08453444084859171
2424 1.399999999999995 0.25 -0.04329269392095218
2425 0.8245360712245879 0.25 0.08453420016508202
2426 0.7500000000000023 0.25 0.04329269392095655
2427 1.649999999999986 0.25 -0.04329269392095896
2428 2.549999999999975 0.25 -0.04329269392095154
2429 2.199999999999966 0.25 -0.04329269392095532
2430 4.745295135188359 0.25 -0.02270091593186268
2431 0.3008493578784031 0.25 0.04338457493504246
2432 4.531427306181892 0.25 -0.08707235459728964
2433 4.67813863706858 0.25 0.08573432909359355
2434 4.500000000000008 0.25 0.04530416753623159
2435 4.677679138995626 0.25 -0.08738484113057896
2436 4.44999999999999 0.25 0.04573533784882243
2437 0.30882421624417 0.25 -0.04097581687531154
2438 4.431879798959211 0.25 -0.08801975083561719
2439 0.2249999999999996 0.25 0.09054835219243232
2440 4.783966269828509 0.25 -0.04396544411304781
2441 4.318410109816567 0.25 0.0008461947014669245
2442 4.873444912417058 0.25 0.09210031964069951
2443 0.1265550875829257 0.25 -0.09210031964083665
2444 0.138445496277094 0.25 0.04210216552870356
2445 4.864331791682527 0.25 -0.04152985064243676
2446 4.774999999999994 0.25 0.09237186823413135
2447 0.2229814827388485 0.25 -0.09218661542930733
2448 4.62302981884925 0.25 0.08429303577407909
2449 4.725662963168784 0.25 -0.09257324468154846
2450 4.348794595733896 0.25 0.04830722921037339
2451 0.03660254037858336 0.25 0.08839745962137946
2452 0.03660254037846727 0.25 -0.08839745962156986
2453 4.963397459621591 0.25 0.08839745962154937
2454 4.963397459621632 0.25 -0.08839745962166407
2455 4.480671985537432 0.25 0.01167779508281019
2456 4.575000000000002 0.25 -0.09601216601618663
2457 4.361282774446241 0.25 -0.08961837367677838
2458 0.3394892993638219 0.25 -0.01258777698650345
2459 4.74838878221278 0.25 -0.05891017029055524
2460 0 0.1279654082628245 -0.08547979734440603
2461 0 0.1245913491197476 0.08193466450680538
2462 0 0.040688789045108 -0.002416976373916564
2463 0 0.2090752762591123 -0.002008325493295972
2464 0 0.0751870475896764 0.08267572808587165
2465 0 0.09903775044510324 0.04268688815964237
2466 0 0.1500522466910645 0.04388354544663375
2467 0 0.1250000000006172 -0.004903810567343667
2468 0 0.07951992882943355 -0.07709966752978421
2469 0 0.1749804550989059 -0.08793423432297975
2470 0 0.2037007221236632 0.04733226634231474
2471 0 0.04701122448642409 0.0459731845838806
2472 0 0.04049235873604876 -0.04845245020026409
2473 0 0.1736236295927163 0.08525798931953212
2474 0 0.2021513927722299 -0.05135587493297187
2475 0 0.0801084075685143 -0.02761749704431327
2476 0 0.1660405134534746 -0.02486058635268352
2477 0 0.1173869248533895 -0.0433012701891276
2478 0 0.213397459621476 0.08839745962143887
2479 0 0.03660254037872046 -0.08839745962137245
2480 0 0.2133974596216595 -0.08839745962169662
2481 0 0.03660254037859224 0.08839745962142635
2482 0 0.07756244394648883 0.01046919259455651
2483 0 0.1720044541305112 0.0108386806412497
2484 0 0.1523056221206328 -0.05680643346535824
2485 1.175777998629898 0.02624898256629737 -0.08855783166533125
2486 1.174999999998733 0.1389455352828661 0.01394553528241796
2487 1.499999999999994 0.1160087546864245 0.009725512803556165
2488 0.356972908182323 0.125238835190522 0
2489 4.498190941838195 0.1249871814034746 -0.0004225393174797291
2490 2.000381459623808 0.1278054454836681 -0.002900886835403172
2491 4.757648951893353 0.1250000000000049 0
2492 3.904246475283161 0.1259186524956089 0.0008492950572194791
2493 0.9499999999999907 0.1250336486385255 -3.364863851522404e-05
2494 3.74999999999693 0.1251457109135005 0
2495 3.400000000000008 0.1249999999992326 1.387778780781446e-17
2496 3.599999999996803 0.1250000000002055 -3.58796325983235e-13
2497 2.399999999996055 0.1250000000000601 1.127570259384925e-17
2498 2.849999999997996 0.1249999999999173 0
2499 1.700007062966592 0.1249913470420303 -7.999668152305905e-06
2500 2.150434126972453 0.1250305059599164 3.165052255824086e-05
2501 0.5994876033155322 0.1249786434725426 0
2502 2.550110269119103 0.125028417681035 4.207790781255664e-05
2503 1.349565884437161 0.1249677551714814 3.326971666137244e-05
2504 0.8000000000000251 0.1249269568545481 -9.978862286084012e-05
2505 3.099999999997093 0.124966600397538 3.339960236496253e-05
2506 3.249999999997331 0.1249669671569835 3.303284290133521e-05
2507 2.699999999996029 0.1250232474684452 -8.627922984679836e-05
2508 1.849830733935709 0.1250094919790495 9.491979048481536e-06
2509 4.100000000000006 0.1251923524635552 -0.0001923524642171333
2510 4.373102157357841 0.1255355761075842 0
2511 2.975000005466354 0.1249077313837829 -9.980370654658934e-05
2512 2.275217056219708 0.125285614768894 -0.0003020408502238808
2513 0.1582244817215785 0.12594715865696 -0.0009471586569912288
2514 4.246275943112385 0.1249206540947665 6.892341988137818e-05
2515 4.631508972813795 0.123933669811665 0
2516 0.4782258854305224 0.1210353335986282 -0.003665337645560915
2517 4.878954097099251 0.1289540970992462 0.003954097099249111
2518 1.064614711029276 0.1149119977749643 -0.01008571151323373
2519 1.597630988704335 0.1465112934899512 -0.01988841712859973
2520 3.499999999998257 0.1472814717673915 -0.02228147176787182
2521 0.6997602097024013 0.1473930278731528 0.02129679646121115
2522 0.2575727309221859 0.1002085744455666 -0.01400887457000486
2523 4.0020814557889 0.1485718767426908 -0.02357187674316577
2524 1.256914389423565 0.09837081142550123 -0.0266291885744868
2525 1.138129812119617 0.08569653454387802 -0.04099641989776877
2526 1.429591953304453 0.1592895414463198 -0.03389580054391286
2527 3.827501730494939 0.08937773413056349 -0.03541202975048813
2528 3.826748925187408 0.1609203658467931 0.03619946710156711
2529 2.073978369348009 0.0889341699070253 0.03623705273698108
2530 3.674963986447092 0.1621464854091194 -0.03714648540926517
2531 1.926530224556209 0.08878409092080937 0.03607871507441508
2532 3.675036015023353 0.08799770532501125 0.03700229467465437
2533 2.474999999999625 0.1619503151766827 0.03720003534960767
2534 3.174999999997216 0.08780770073058505 -0.0369727908738591
2535 3.325000041064281 0.08780772508839937 -0.03697276505362301
2536 2.774999999999996 0.1621357862784649 0.03713578627859854
2537 2.624999999999844 0.1621776111727339 -0.03718333546732383
2538 3.175000000000392 0.1620856089508566 0.03715317734296099
2539 0.874999999999251 0.08803458369380456 0.03718665711495191
2540 3.325000083243957 0.1618305224799361 0.03724156605653361
2541 2.474999999996166 0.08780773710242694 -0.03697275231876791
2542 0.8750000000000341 0.1620395843218774 -0.03703958432188882
2543 1.774919060634811 0.08783687998284588 0.03716312001725949
2544 1.774918710859531 0.162218988724298 -0.03700108231224228
2545 2.624999999996068 0.08773784844443784 0.03702137749304422
2546 1.274399987453747 0.1618551885810942 0.036858378414306
2547 0.2880799320030729 0.1632955493977927 0.03882008381625482
2548 2.775015511676551 0.08790530835373829 -0.03700892889533526
2549 2.076781133418327 0.1626605233585888 -0.03741113182204039
2550 1.923743837102782 0.162503085148925 -0.03723743601666162
2551 3.976917141760737 0.08783912845317951 0.03796817053549034
2552 3.524999999997752 0.08627523150411247 0.03872476849616971
2553 4.173275245609967 0.1627342206241561 -0.03773422062428598
2554 0.7249999999995015 0.08608475019264608 -0.03903001290911474
2555 1.420625720434493 0.08684588144418323 0.0383067350662956
2556 1.624999999997918 0.08570269994395018 0.03942252610357599
2557 1.12074417302521 0.1680619341434108 -0.04351036042643081
2558 1.121432589291058 0.08070189513552112 0.0406958300787204
2559 4.694217843302482 0.1671848879517268 -0.0395955459263721
2560 4.435326513868192 0.08359091985573273 -0.04087262528864943
2561 4.173020207241692 0.1021793309906526 0.04207916584958653
2562 0.4175210076648636 0.08294925382870928 0.04166255818679074
2563 1.01523978114423 0.1650477950233568 0.03999968231869415
2564 4.565037122619843 0.1640255736900184 0.03938228531155151
2565 4.435964342948808 0.1660445258559817 0.04093785270743559
2566 1.248618416459809 0.04513109459450008 -0.07986890540488026
2567 0.5361874437470245 0.1655987925480625 0.04065490345831552
2568 0.4149573891137103 0.08224619211985673 -0.04233817806641026
2569 0.4179161026709382 0.166900930672097 -0.04154520899947368
2570 2.213019084871935 0.08412775944077489 0.04085317812293096
2571 2.337415580420763 0.08417646767962589 0.04082353232035182
2572 2.912502539011602 0.08415141203855056 0.04084858796155858
2573 2.912497683932381 0.1659188136556175 -0.0408262335786589
2574 2.212632952870286 0.1659704001461238 -0.04097064435199879
2575 3.037475640191498 0.08414139249877797 0.04085860750117917
2576 0.2931078546729309 0.1620402139373914 -0.04440009357659598
2577 4.814763005018303 0.1690059311155621 -0.04397939204864027
2578 2.337800633228513 0.1659386789174394 -0.04093867891742492
2579 4.30990862301685 0.08444177796518704 0.04018290670432883
2580 3.037524200469893 0.1658688907360928 -0.04083044242243852
2581 4.694297350892957 0.1577796531484233 0.04333390169509809
2582 4.565202820800057 0.1515983450237053 -0.04388282901234628
2583 2.217193282616284 0.1679404316620085 0.04282187370542438
2584 2.217183896216605 0.08217937821469763 -0.04295885918030382
2585 0.5351774013369411 0.1679755161586747 -0.04287883292377585
2586 2.333175872049788 0.1679344086658698 0.04281634446604592
2587 2.333210277722386 0.08220436319120539 -0.04293149464177308
2588 0.5356113084352815 0.08218860666420641 0.04281139333582372
2589 2.916903342844927 0.08217006878911168 -0.04294881092928482
2590 4.30947238818394 0.1653882364999548 -0.04034491935087557
2591 3.032784784554508 0.1678536015826711 0.04291823531961575
2592 0.4247447445319253 0.1676068987720976 0.04315543541051065
2593 3.033030186154628 0.08214086027692831 -0.04297977262653069
2594 0.5413846157142732 0.08276547528123884 -0.04216981622138589
2595 4.814546382892069 0.1686088434299606 0.04417366107986133
2596 0.216781477441083 0.1654655887623792 -0.0431462327429336
2597 0.08359186557935552 0.08404151548874388 -0.008226143112130078
2598 2.917230895818398 0.1678557997264785 0.04292686851518659
2599 3.174999999997222 0.07911723703201963 0.04588276296823723
2600 3.675000375720515 0.07936229423558389 -0.04592484094172357
2601 3.675000000000005 0.1709250236089076 0.04563761785054883
2602 1.775000000000016 0.170869794312745 0.04586979431273217
2603 3.324999999997453 0.07904235628825329 0.04595764371209739
2604 4.045396873958225 0.08183105367096077 -0.04329548494080131
2605 1.774999999996142 0.07908273133057367 -0.04563030202933595
2606 2.6249999999998 0.170675454871243 0.0456299129816822
2607 2.474610926819328 0.07916503202733999 0.04583496797274913
2608 0.874999999999285 0.07930474657379954 -0.04569525342634978
2609 2.774999999999995 0.1707049924529775 -0.04565087172761834
2610 3.324999999999991 0.1706167759456221 -0.04561677594556474
2611 3.174999999999993 0.1706485475602968 -0.04564149605109341
2612 4.439533925274397 0.1667985963761125 -0.04230859594998734
2613 2.624999999996062 0.07936366032686354 -0.04590045941813806
2614 2.074999999995558 0.07911157074737193 -0.04619119240482315
2615 4.821059946014788 0.08404883593646206 -0.03971853902232402
2616 2.074999486999079 0.1712877723001561 0.04598012232128763
2617 0.8750000000000137 0.1706743712975514 0.04606800752110537
2618 4.440375518428163 0.08300086933911321 0.0421413198244719
2619 1.102294453519135 0.1671114861321903 0.04218724255366474
2620 1.009385606424928 0.0823229417105427 0.04256355824892184
2621 1.009587912341816 0.1677168799235398 -0.04271687992353503
2622 4.315511943243264 0.1681814715075904 0.04292131831470325
2623 2.475341771504777 0.1705719704899291 -0.04556069270386484
2624 3.82499999999713 0.07844259113209495 0.04655740886778661
2625 3.824999999999994 0.1712751298397635 -0.04627512983968979
2626 0.08497387365855313 0.1635825389282567 0.02655705305011907
2627 1.924999999999991 0.1712080771691023 0.04524069530764559
2628 2.774999999996229 0.0795328172006699 0.04608055725906778
2629 1.22231015033028 0.1709290182796402 -0.04578699018434508
2630 1.222102363718584 0.07912229278600012 0.04560024475538644
2631 1.643912569789238 0.08213590916453596 -0.04271900249411868
2632 1.424999999999998 0.1721724849100589 0.04717248491007284
2633 1.523765691024296 0.171153682875172 -0.04657473567469043
2634 3.545064960446816 0.1681954785772614 0.04306263146946596
2635 3.454935039549597 0.168195478577121 0.04306263146933638
2636 3.454935039549812 0.0819373685303042 -0.04319547857762676
2637 3.545064960458101 0.081937368564826 -0.04319547859234936
2638 0.7446322624634336 0.08195143428258192 0.04293126601582077
2639 4.157613698168854 0.08035261869375455 -0.04163227648868489
2640 4.694925246055711 0.08350370789244703 -0.03680517557092527
2641 1.645318138711888 0.1682295450512804 0.04323662740064445
2642 1.424999999998251 0.07829007102223902 -0.04681833256316943
2643 3.959584816808951 0.168740872780129 0.04357714309261988
2644 1.926322728956386 0.08033132382549041 -0.04618566015186541
2645 0.6539044220162642 0.1683001840871636 -0.04330534071893717
2646 0.654876305067343 0.08200890498525586 0.04293827140934283
2647 0.7455760616907465 0.1683180059332592 -0.04333069066822111
2648 4.303577790965656 0.08282041642398652 -0.04236131658576233
2649 4.045399783225361 0.1682992528478209 0.04316052959179092
2650 4.564426850035751 0.08149873333017026 0.02617015698636382
2651 1.552704458807481 0.08194950828827278 -0.04305049171168725
2652 1.55191895562869 0.1687366636473302 0.04375119681464365
2653 4.813775259114315 0.08044601132388918 0.04395442285472796
2654 3.958047575858616 0.0818300288194479 -0.0432002971332246
2655 4.707581094109914 0.07892863031560199 0.04202722397079946
2656 1.000370204812713 0.08053771724480419 -0.04444971908456005
2657 1.301937641530752 0.07953538075241613 0.04521556751005774
2658 3.44607203962586 0.07912364128066415 0.04587635871940138
2659 1.302131593212051 0.1702339166866908 -0.04549686012124297
2660 0.3082045633968926 0.07997433047484052 0.04489908088078413
2661 0.2079399030342551 0.1704194270981887 0.04438162767209481
2662 0.6460119242306173 0.0793142983552141 -0.04558738164040305
2663 0.6249999999999811 0.1767422836858393 0.05239090998635758
2664 1.674998425234629 0.1768194698465798 -0.0524779294905171
2665 4.124999999999988 0.1774797588925137 0.05182119565975155
2666 3.425000000000002 0.1769901007884933 -0.05199010078828857
2667 3.574999999999979 0.1769901007893697 -0.05199010078917619
2668 0.7668341327550751 0.1743818213477156 0.04989327334462815
2669 0.3249999999997009 0.07345577245820946 -0.04936997143291801
2670 4.074999999999995 0.1771089922659754 -0.05210899226576841
2671 4.05534996285084 0.07874526768981299 0.04618638482369825
2672 3.924999999999988 0.1775843334300969 -0.05258433342987621
2673 0.2064322657625423 0.08057081981337187 0.04542521579689308
2674 4.206327091140204 0.1726390502688223 0.04726961410985452
2675 1.199610722695714 0.06490200463049345 -0.04217203576655303
2676 1.146074697812685 0.08947138208814008 -0.08055921447034332
2677 1.325428622642552 0.07337233943126567 -0.05219965035014781
2678 4.539017295302341 0.07782793004286498 -0.04788847379804818
2679 1.550409975232278 0.07522740795395357 0.04930916163333522
2680 4.633841548146206 0.06998241333016444 0.05196231865560064
2681 2.001346744013689 0.07465796726322048 0.05056839521145395
2682 0.1124294735225435 0.1715632401077228 -0.04828584397844862
2683 0.192761097811751 0.07693069615556572 -0.05138556921431579
2684 3.745958394461758 0.07273887270954607 0.05228289836298725
2685 3.604159629738862 0.07267554849105844 0.05232445150922677
2686 3.905783232069542 0.07262743740397577 0.0523988677830949
2687 4.920071376942898 0.07885723718493187 -0.04614276281508363
2688 1.345234107244812 0.1773326588756193 0.05233815008955801
2689 3.756370177307284 0.1775266095087484 0.05186539339135909
2690 3.251556005770076 0.07265439052770366 0.05234560947248224
2691 3.757176086679278 0.0732278346709485 -0.05243366751706406
2692 2.545700889179707 0.1774808128391702 0.05184564523925637
2693 3.25426647647361 0.07317946274040181 -0.05247906097318267
2694 2.704153156944542 0.07268176299341444 -0.05235273403606858
2695 2.545828577964074 0.07301609456052387 -0.05239586579534224
2696 4.624519539955828 0.06985518938102528 -0.05556162765596818
2697 2.554176966415676 0.07295603302006348 0.05242005048775805
2698 4.922079633790863 0.07775672721354564 0.04832268408173042
2699 3.745511579159564 0.177035088354353 -0.0520350883541419
2700 2.001666231444855 0.07304125207873963 -0.05242667974162245
2701 2.554382763835971 0.1769893866783634 -0.05198847429477781
2702 1.704315781972483 0.07300938491043932 0.05199043746333636
2703 2.001709300146615 0.1774523007119415 0.05164210085109694
2704 0.7962220014361026 0.07293827854812188 -0.0520371932648285
2705 2.695814407975365 0.0731689408284707 0.05243015107825005
2706 3.105068882885232 0.07254270155583643 -0.05315404253443289
2707 4.889854561321052 0.1790506687171005 -0.05386266014067366
2708 2.405143125436942 0.1782137235890495 0.05251360009934587
2709 1.848418962728265 0.1773486740287233 0.05227805521430189
2710 2.405158464860417 0.07247162934417511 -0.05322938071998634
2711 3.25439592527148 0.177136430079372 0.05193935002491411
2712 2.704293235595436 0.1772328451321548 0.05187988474233511
2713 3.251888247502308 0.1772029421548548 -0.05188885406345758
2714 1.848233836930257 0.07256256362550408 -0.05186922466770674
2715 1.845640180673095 0.1768489784136306 -0.05241407188249891
2716 2.695656662191883 0.177282450051283 -0.05193436642917801
2717 2.844900605595366 0.07251667066175739 -0.05318163588319126
2718 2.845115013422434 0.1773750208158633 0.0523750208156635
2719 2.142443693438931 0.07094368476810206 0.05409360366257811
2720 1.856209733009722 0.07301141557773227 0.05199627978678657
2721 3.104830004952115 0.175687561465027 0.05244177344149199
2722 4.230616498250066 0.0767809931399842 -0.05410829740683244
2723 1.073558027035073 0.06527754893446756 -0.05858607011026174
2724 2.14651172433724 0.07144923071743775 -0.05431199058291632
2725 2.146527710472908 0.1793023367964329 0.05355227610818906
2726 4.928992323801886 0.1798075377637006 0.0510850098656969
2727 0.1337923731337505 0.07066085592312234 0.04353486352426709
2728 1.992356086503448 0.1787506001356059 -0.05373310218238084
2729 0.9460709423651296 0.1789473554587542 0.05473353738152084
2730 4.238694947147971 0.07057981639597928 0.05382950504718413
2731 0.9408897248079515 0.1815228267367758 -0.05652282673676835
2732 3.105296862784463 0.06875107557679142 0.05624892442348692
2733 4.240759423543941 0.1800518688608068 -0.05483580317972368
2734 2.405060806104085 0.06863343121432409 0.05636656878574801
2735 0.9408489993974908 0.06845570665090293 0.05569681974088057
2736 2.84467702683316 0.06875671568388711 0.05624328431624542
2737 2.143923969624299 0.1797071008062983 -0.0547653616039559
2738 2.844620921650805 0.1811875317497479 -0.0553190183741069
2739 3.891248226106601 0.1820740254150302 0.05615531493213474
2740 2.405761842769422 0.1802347241099741 -0.05532584839761641
2741 4.630166977688796 0.1825666520386917 0.05925336216422476
2742 3.10540984505031 0.1806061681957445 -0.05532228094675756
2743 1.21004298354305 0.181719412863289 0.0576719822491948
2744 0.8121199547716402 0.1840390550026998 -0.05905020501869863
2745 0.8114470256315149 0.06652957855998513 0.05751884593743963
2746 3.388262897967576 0.1837395320631107 0.05772651338709262
2747 3.388278031322425 0.06726335429836335 -0.05875027255041428
2748 4.369745131763688 0.06913488406024422 -0.06026292353062278
2749 1.369302948690738 0.1844749319048309 -0.05890705580364407
2750 1.487056644739168 0.1845148222641781 0.01700279580612778
2751 1.488535281773619 0.104869149182244 -0.05822932162914535
2752 3.890682818024401 0.06851512522736292 -0.05780828784981953
2753 0.3579956554361517 0.1873445286100295 -0.02258072546024873
2754 0.3558730312101615 0.1772433148574888 0.0462617204941748
2755 0.3541482050770948 0.1370069982215368 -0.06448177226542581
2756 1.482743443553896 0.06519447496017756 0.05980552503982212
2757 1.708776769089483 0.06525818699340892 -0.05867204084683841
2758 4.374703034496359 0.07199733053763756 0.06178416188757567
2759 1.709505159064353 0.1856176355657831 0.06064670970690036
2760 4.374055536348313 0.1799763666259355 -0.06100323537436907
2761 3.609403987707835 0.06571133462143168 -0.06039539940514477
2762 3.609403782172711 0.1853955424376027 0.05928875328853699
2763 0.4782685270205868 0.06463394227190127 -0.06036494892006827
2764 0.06604349435778095 0.07911902971398209 0.0594742103391631
2765 4.503198437162768 0.1879254553934701 0.02109781061837327
2766 2.275226593018369 0.1852151385932581 -0.06021513859325842
2767 2.974985982265701 0.06476759798943758 0.06023240201027527
2768 2.275024082610923 0.1010502012128375 0.06332717131893638
2769 2.975018181370369 0.1856413621535679 -0.06001775033607622
2770 4.754230702422897 0.1891713754161121 -0.04017426347191136
2771 4.627470476816838 0.1825654627959113 -0.05858556205424655
2772 0.1279797811822271 0.1018726816035311 -0.05912139988441487
2773 4.496643809912152 0.06026232767691333 0.006036222744302768
2774 0.9369575673911746 0.06339695558143443 -0.02420705596909058
2775 3.384175055120088 0.06233650439588769 0.01866648234676658
2776 4.514062333248814 0.107351161951559 0.06254914711532124
2777 4.120744434249533 0.06276629254342408 0.02045607539305512
2778 4.499999999997625 0.1409639811347336 -0.06467308742730619
2779 1.065344531836965 0.1856124559387576 -0.0104025458771785
2780 1.066162490060073 0.1134803024496991 0.05908078515544372
2781 0.4764829440941513 0.1467012980475778 -0.06453150463391868
2782 0.4765373478815352 0.1057662295367945 0.06055741226158269
2783 0.3604640092135289 0.1136535354037717 0.06386388001253632
2784 0.1421361576426393 0.1835387835742636 0.05893335083547345
2785 1.362486113364429 0.06192202597443061 0.01733735146085531
2786 0.5942671707542683 0.06168137645189946 0.01938824010337316
2787 0.5944083992186026 0.1890366608647142 -0.06407091968521236
2788 4.098320294106109 0.1145002751916049 -0.06525612177351223
2789 3.390545478114257 0.1102773752639639 0.06378286075804596
2790 2.974967333563731 0.1060832484032453 -0.06340281493254474
2791 2.275196779149031 0.106076941669787 -0.06344808587627823
2792 2.275184500371629 0.1883533372219982 0.01896570650724641
2793 0.4886954071721236 0.1857907248652446 -3.129943578256697e-06
2794 0.5989393415949751 0.109885051027846 0.06429696919886907
2795 4.375793169237977 0.1872591288603106 0.02356619453269359
2796 1.184973673970471 0.1233160827476423 -0.04875915543914983
2797 0.820188131380607 0.1373268867094151 0.0614858038962206
2798 3.876999742167016 0.132946252945646 -0.05921757491812694
2799 3.876189616773789 0.1845358453797058 -0.007572794492453979
2800 4.751412653957397 0.1854176508101089 0.02555343238228909
2801 1.357808480280705 0.1086870139613812 0.06288759244993623
2802 2.975006424958714 0.1877454076120912 0.01891548509323817
2803 0.3625279170367666 0.06256057330656105 0.0145968524461651
2804 4.761518722957149 0.06144957665862168 0.01103381516212677
2805 4.757631543419549 0.06450552762531142 -0.05749951419282291
2806 4.742143520675053 0.1286222273265174 -0.0643786763886523
2807 1.375786674682209 0.119407351829532 -0.05961471036791716
2808 1.722051508242317 0.1324078837699563 -0.06098113772117113
2809 3.374811398145158 0.1310366926277268 -0.05982164668449581
2810 3.374820689007049 0.1848229569994239 -0.006050657714950351
2811 0.8262218411430114 0.184635878790971 0.004805768928643782
2812 0.9499999999999916 0.1174747216212729 -0.06481638219851688
2813 0.5999999999999688 0.1242140173145289 -0.06506443721177022
2814 1.724763736918786 0.1850338768180993 -0.002529152175922716
2815 3.624164090442741 0.185109862308173 -0.003913003800482527
2816 3.624164014735507 0.1289131470612211 -0.06010987182949303
2817 4.109884380060174 0.1114797917557818 0.06353085405148216
2818 2.283584141945128 0.06219736681278228 0.01212431797438948
2819 4.260352667736896 0.1874100137751763 0.01343499098430961
2820 0.06502585137078183 0.1250693320008825 -0.05797174555193215
2821 4.260324532521835 0.139214027995274 0.06213578625447655
2822 1.479088800737142 0.1420817323835382 0.06468655264981681
2823 0.580384730484191 0.1862850832694913 -0.001097719456339023
2824 2.971812726499589 0.06297810926215835 -0.01613252406004229
2825 2.978147337254427 0.1404325801412012 0.06192984990514501
2826 0.4592492688550671 0.06091682205641886 -0.0002794914684113008
2827 1.604210511219439 0.1898340332950657 -0.06671920169280829
2828 4.763021409374225 0.1343947182938159 0.06406099719252321
2829 0.7019743154357375 0.1911251015327635 0.06762939571037241
2830 4.383236422108617 0.1368250851810712 0.06204234541712993
2831 1.065073146390506 0.1462894770885035 -0.06552015880259587
2832 4.390294805691243 0.06381976962021624 0.0001847606563083938
2833 1.064745843350626 0.05937517679483795 0.02105380559813842
2834 1.500225511688822 0.05769489327009109 -0.01611080835413359
2835 1.16389620660323 0.05794363553589675 0.005278412755287294
2836 0.4813587513108178 0.18935499330359 0.06341715023827819
2837 4.93801951335081 0.1437774797979046 -0.02370554656967169
2838 1.382906526667137 0.1876894670474362 0.002698205361838926
2839 3.506046873031061 0.191701532492346 -0.06670153249234777
2840 4.201677342639082 0.06044286599978617 0.001568308037808198
2841 4.864530868939346 0.06505616530277263 0.005479461569219245
2842 3.718356184323609 0.1284336884302176 0.0623925141240919
2843 3.869741572361334 0.1232435630502663 0.06260491348914433
2844 3.718680621960559 0.06271041480875358 -0.003646309949196378
2845 2.516878613019997 0.1225978597822251 0.06297301646553749
2846 4.121629489613502 0.1871112926340239 -0.01058469791622979
2847 0.8314881815497831 0.1241451889760377 -0.06242749344831636
2848 0.8325509064298524 0.0624686233126083 -0.001674894985717885
2849 2.029755325026277 0.1286681347492545 -0.062115684691836
2850 3.633149485912618 0.06220517577420202 -0.002376943405572001
2851 3.633149217536432 0.1273770715558503 0.0627948002737604
2852 3.219873883900946 0.06251221755135776 -0.0009730964747802079
2853 3.718033646976024 0.188152996101471 0.003302841431472824
2854 3.718358076199824 0.1214666533734733 -0.06309530469066302
2855 3.219258018831946 0.1244769803426282 -0.06257738590104386
2856 2.517169584897764 0.06230595273786702 0.002621073380710736
2857 1.598573465436509 0.1347135499205507 0.06859173481679928
2858 3.783138179773134 0.1220006606229205 0.06333536332122046
2859 1.733100270607693 0.1275726656661313 0.06326437099049366
2860 2.667202458616674 0.06212353894545351 -0.00251984697448181
2861 2.582707656241371 0.06231552116919466 -0.002598903915225145
2862 2.582952440090963 0.1882500750916101 0.002628206523664099
2863 3.219649832333545 0.1258415561830707 0.06250953874851309
2864 0.157394720309359 0.1910436708069487 -0.003981717957408357
2865 2.582490530207234 0.1279166588503517 0.06279190669514742
2866 2.732592112853674 0.127679532213637 -0.06272259442574281
2867 2.582874866694489 0.1223502672136858 -0.06330531168037
2868 3.7831541178812 0.06146967710048706 0.003254576780698708
2869 0.6997395603672242 0.1346803110542233 -0.06942457588586695
2870 2.667347346710191 0.1223815254772371 -0.06314487499677912
2871 3.995232020857424 0.1925342007873278 -0.06753420078674507
2872 2.73279536969694 0.06239785747110082 0.002698840954885925
2873 3.867695803133467 0.06174001698147068 0.003879989813181699
2874 2.029659559689238 0.1872931398548499 -0.003828247251928089
2875 2.517440502696111 0.1880258772137294 -0.002848377231277609
2876 2.517447530757666 0.1277318071585007 -0.06295879492589168
2877 3.782964037101749 0.1882004065915032 -0.003483232178231759
2878 2.433370793922816 0.123721786897884 0.06352527503334439
2879 3.219446873831223 0.1874917900131301 0.0008456732279411108
2880 2.433381700088189 0.06147982591437143 0.001276048346637782
2881 2.667338084805142 0.1279233115598972 0.06290328985652004
2882 1.733895662653595 0.06139560309346813 -0.001696292611123182
2883 2.732812800312308 0.1225904225930959 0.06324417779167338
2884 2.115456861776891 0.06145044846100572 -0.001243680652587563
2885 3.133432775893768 0.06141146791984438 0.001168496277339074
2886 2.115575632486149 0.1262614594066287 0.06359806056487109
2887 2.667106568059083 0.1880919804745268 0.002712340829911099
2888 0.05912240208594111 0.06036574701863297 -0.06228615297527783
2889 2.732849315504997 0.1880677509670968 -0.002756978262248876
2890 4.870477586458597 0.1460010413843831 0.06480229566227591
2891 3.78299268041308 0.1287304207765179 -0.06334850063071967
2892 1.885384170674568 0.06150633825409642 -0.002581394537150603
2893 2.815986111749969 0.123517456529861 0.06371611292877055
2894 2.816523807511902 0.06142007299721985 0.001156379962940893
2895 0.2653654516783788 0.05734089273026724 -0.05880402407195492
2896 1.879492560754219 0.187752804534468 -0.0009805059624756621
2897 2.815905838007886 0.1265953319360948 -0.06352947033435934
2898 1.968455929032913 0.1260453409185665 0.06321020648996323
2899 1.819958887777129 0.1227353338421831 0.06278565619377104
2900 1.966071349277648 0.1887368961237996 0.001833697189674568
2901 1.171493812693924 0.1922859157630942 -0.01743520972243234
2902 1.148063242814304 0.1356481334446448 0.06964076802403976
2903 3.134284956475202 0.1262925097646216 -0.06372160074874771
2904 4.756622583309035 0.05874700621276985 0.07139634186105176
2905 0.5921652908800255 0.05772952108841804 -0.06727047891158196
2906 4.856093040709672 0.1880729742527546 0.0002857450008649246
2907 3.134847812922376 0.1226998247726941 0.06418960768330459
2908 1.968738806131543 0.06184254615954879 -0.0008423115162827801
2909 3.28369655975819 0.06107921825049633 0.0006700001768597105
2910 0.9170086994175404 0.1884377488595803 0.0005280245462628693
2911 1.880028607817237 0.1254740897302359 -0.06260885622091696
2912 3.50000000001926 0.05641717267253721 -0.009349758526152913
2913 3.499999999998223 0.1343497585079685 0.06858282733655212
2914 1.819875937675924 0.0620573568800951 0.002593752917744419
2915 0.6997349588769575 0.05594321712451662 0.008937833960800187
2916 2.815820854169983 0.1889889793668885 -0.0009950674259043071
2917 2.434388231053756 0.1260036492294155 -0.06391840335475998
2918 0.9169601403063496 0.125028629973315 0.06378249388672319
2919 3.285525031284794 0.1228473702106998 0.06449904012117645
2920 0.257854776670523 0.1923409398238552 -0.006140962648168512
2921 3.284444722602454 0.1259751743022566 -0.06396408784245625
2922 1.598235574908596 0.05716391274573059 -0.00882604253791482
2923 2.434350919676385 0.1887467682189695 -0.001061862094577799
2924 1.884314613243818 0.1275388385335721 0.06348182389447871
2925 1.814518406910176 0.1230489255238996 -0.06404665460442688
2926 3.13381899854333 0.1886949198694509 -0.0008043960121192203
2927 1.814464982408104 0.1894389974046191 0.002005660043317482
2928 1.967269653455203 0.1231411634319908 -0.06403074333675428
2929 2.033018515027941 0.06121719244895002 -0.0006331017271660466
2930 2.033067243063674 0.1258096478492515 0.06395778922663428
2931 4.648954862517855 0.1837332026031174 -0.0001268856716214543
2932 2.117460032180798 0.1248747047359287 -0.06407783075579408
2933 3.285791575527966 0.1892273863060547 -0.001748261798805035
2934 2.117723001691199 0.1891655231711513 9.067158575835725e-05
2935 0.1682370412320628 0.1263995670967376 0.06650387098918784
2936 4.399999999997524 0.124989268859076 -0.0691914812492628
2937 4.607083538714019 0.1249603076041487 0.06334172283055919
2938 2.17647338811864 0.06097818920209579 -0.002189160264976318
2939 2.176592047731183 0.1272441858176971 0.06405275064599571
2940 4.269641864342491 0.05741058450191489 0.002271360935331056
2941 1.469857945971272 0.1915958802126092 -0.06621847221760496
2942 4.002435871246287 0.1336790636446465 0.06867777759523155
2943 2.372823482632908 0.1274172459226069 0.06442343862425358
2944 2.877196151353732 0.1226504575852666 -0.06473099925272217
2945 2.373745711570537 0.1231515096371794 -0.06467541030611562
2946 3.072842570664609 0.06062194695440012 -0.002516392543596335
2947 2.372834880040977 0.06057523819566795 -0.002405442359215731
2948 2.877110980405562 0.06061748056997758 -0.002491312641143106
2949 3.073630580517219 0.1232260598045566 -0.0646448742264315
2950 0.416092010512243 0.1241991219148014 -0.0006815095113308703
2951 0.05641399487055439 0.1937054246069438 -0.0250113185488669
2952 2.876540154558096 0.1269190876456197 0.06443924156128172
2953 2.876396745680114 0.1894492106624792 0.00184405760928107
2954 1.121073234954928 0.1263039681535273 -0.003259929231749371
2955 3.072839603464442 0.1894404594013942 0.002641440538819396
2956 2.177924404781596 0.1226127236738423 -0.06499839781640863
2957 2.372861148169422 0.1898057666944575 0.002457546790208692
2958 0.6999999999999923 0.1121339123985142 0.07047314400053606
2959 1.598344913249088 0.1117918648279908 -0.06962814578154328
2960 2.17809025844669 0.1899909853555107 0.002388079173761042
2961 1.598915270547798 0.1956139722172376 0.07061397221725219
2962 3.631599645497606 0.1918515066323963 -0.06685150663239441
2963 4.265991710823909 0.1253673689276431 -0.06479587042954855
2964 1.150000000000001 0.1961151101365503 0.07092015058287471
2965 1.731652233036041 0.1918696886872436 -0.06686968868723631
2966 0.699727188096161 0.1960328778184983 -0.07103287781850752
2967 4.10122137876196 0.05704825956411256 -0.04468109461321659
2968 3.50000000001018 0.05370514853758535 -0.07129485146214451
2969 3.499999999998122 0.1962948514687509 0.07129485146875163
2970 3.074626640503271 0.1250462566281674 0.06492586087880164
2971 0.2461297309895825 0.1251097318829273 0.06798340553728521
2972 4.001760259252594 0.05804728022261572 -0.008601658077993478
2973 4.149999999998318 0.05400239389784638 0.07180411983679577
2974 4.003537757499685 0.1134275285935955 -0.07179574982969747
2975 4.652181186589306 0.125482545600187 -0.05864591048297579
2976 3.567538222980318 0.05826547603295456 0.007094699767198077
2977 3.567538222975851 0.117905300217462 0.06673452397769086
2978 1.1702586589367 0.05795373026144696 0.06704626973856144
2979 4.4844147414677 0.05816778615918653 -0.06661380661555666
2980 4.871298456012337 0.117944182677373 -0.06112621151163914
2981 3.498982253529677 0.2014106673612008 0.01635136571867281
2982 3.497126383033039 0.1134900725051502 -0.07160157465597891
2983 0.9767703313909634 0.1269528259142108 0.06555297685779191
2984 0.9767547247658216 0.1903137298054234 0.001850137026817916
2985 2.274999999999597 0.1601186629504647 0.07148642984713137
2986 4.002484768663486 0.1962625186186739 0.01240986767908952
2987 1.635331271958754 0.1916849148025249 -0.01059974483282827
2988 0.7030945570423311 0.1969625212562314 -0.01156760853125074
2989 1.667555083401286 0.05918169341141893 0.007046720765290976
2990 0.6999657157040687 0.05258357240716938 0.06920448350821501
2991 1.667614377515476 0.1178393409706883 0.06591545554407185
2992 0.2579664472704113 0.1275287764958821 -0.06957054619161042
2993 1.057374431629759 0.194605367203352 0.06960536720336689
2994 4.340378717918275 0.1223337749264241 -0.06781760716556569
2995 4.528842725058027 0.1935850132171509 -0.06668614785544551
2996 0.536732393717304 0.1255924113800127 -0.002296743936447557
2997 0.1436537656187085 0.05709578199149679 -0.01942608658323031
2998 1.60064315753727 0.05244974356330848 -0.07054153096958114
2999 3.93755586028161 0.1198122780112685 0.068200990279933
3000 4.001691259519773 0.05445533717906144 -0.07195808567874343
3001 0.3533853931050107 0.05385801804236205 0.07205589364890903
3002 4.130408703743184 0.1887342015713113 -0.06898218070236224
3003 1.171087707069322 0.1742133313401192 -0.07230946419717191
3004 4.817277208413503 0.1285753290727024 -7.764740824575678e-05
3005 4.439945994208975 0.1257687472789399 -0.0009594159302821967
3006 0.1069233671847184 0.1240834370728057 0.06809377868553959
3007 4.589644370307264 0.1933648331958538 -0.007507696262504387
3008 1.563154963944575 0.1927727880873173 -0.008690506190079127
3009 4.486739288660913 0.1586213262489504 0.06890997532365586
3010 1.499999999999988 0.1976912015878868 0.07269120158789338
3011 4.00277472916177 0.196686810503935 0.07168681050394132
3012 0.8200136281819992 0.1959992484925147 0.06203433959789982
3013 3.938578375836514 0.0562327277188761 0.006220828711284147
3014 0.2599541635304154 0.05416886661705687 0.02281844625769726
3015 1.292172943385785 0.05584390867171078 -0.007375166280444073
3016 1.236514603958784 0.1308129761824635 0.06872448062635178
3017 1.312760919123029 0.1939561657104331 0.006768737128278784
3018 1.291763272996425 0.1179127666858926 -0.06915327866810611
3019 0.7637673224427044 0.1186811499997054 -0.06783997124418668
3020 4.199999999997343 0.1234775174290813 -0.07226271675347015
3021 3.457479351759745 0.1218166347370445 0.008102747007154109
3022 2.208466045213358 0.1272956458723438 0.002208924642817077
3023 1.349999999997391 0.05180205393205266 0.07320720287537449
3024 0.7636483575428731 0.05715871223825594 -0.006310105171818049
3025 2.342017220607739 0.127337307417299 0.002242925200452142
3026 4.042465168524276 0.1164189762261313 0.00357105905804699
3027 1.235560079772848 0.1929070531208872 0.006511276323055209
3028 4.253864951558008 0.1965571703830341 0.07145339825647841
3029 2.907965105118809 0.1226877683972111 -0.002338558442275948
3030 3.399999999997409 0.05397057548810309 0.07380071313293637
3031 1.008067878507992 0.1259111633921675 -0.002367564299617572
3032 1.557840772762172 0.1198783640599946 0.01294983679729569
3033 0.164438746364802 0.1485099230891853 -0.06606424979226241
3034 2.049999999995554 0.05157566209114327 0.07342433790885594
3035 3.042045756981881 0.1273573098897494 0.002370060183897797
3036 2.044554523315561 0.1964546959635146 -0.0718407382229755
3037 0.6567489905767322 0.122276943162931 -0.008260149241771028
3038 0.4563119075449892 0.05328353739633671 0.07171646260366206
3039 3.372448314241829 0.1938219202513055 -0.06882192025130554
3040 1.952714745404185 0.05198399124690699 0.07228568547148492
3041 3.199999999997269 0.05124729800000557 -0.07375270200000479
3042 0.05550367301142965 0.1943771243907687 0.0693771243906833
3043 1.799999999996079 0.05121792493431613 0.07378207506568578
3044 3.87252389532719 0.1940526890919825 -0.06905268909198331
3045 2.300050875524442 0.04958485134281958 0.06723560008083812
3046 3.200000000000002 0.198968011199836 0.07367422882477537
3047 1.104629553997823 0.05000604136111511 -0.0157536191265723
3048 1.377280526641914 0.05517508347356601 -0.06886384971012777
3049 0.4539522935068335 0.1985665994796228 -0.07253514942282141
3050 1.231909823338865 0.1328559784185006 0.01166637512194184
3051 2.274565923469494 0.05186888673039854 -0.04386234664463824
3052 4.400274254928324 0.1954599960479301 0.07463354170845203
3053 3.490752537168958 0.05391359559415 0.07108640440574332
3054 3.947873799816541 0.1976693238532444 -0.004257209381647156
3055 1.499999999996954 0.05098741162855625 -0.07401258837144427
3056 1.305570958191232 0.1296811474419045 0.07220777458693695
3057 1.228250091771285 0.09993000731886913 -0.07374672960116682
3058 0.6903763567096803 0.05353742818859328 -0.07086626936101761
3059 0.6485518317053069 0.1980689977314359 0.005037501088829562
3060 2.956244888775707 0.05294956242841802 -0.07205043757140328
3061 4.946233535075554 0.1960911182218045 -0.07109111822193627
3062 4.009757200259458 0.05430867600712511 0.07086007122531414
3063 1.9 0.1989730473386792 -0.07448026363878639
3064 3.69418856402528 0.1172025330497822 -0.007960297571774771
3065 4.315672378115127 0.1273944419023342 0.002378912989498178
3066 2.494274279528055 0.116971950745426 0.008017496461558218
3067 4.667640678749091 0.05476344080411155 0.006472016643664112
3068 3.344221695473401 0.1169022436707807 0.008030837659585977
3069 3.849119897926657 0.1155887356648605 0.01017605400787822
3070 1.755859725521918 0.1328899674854137 0.007966241795599807
3071 2.094790674729458 0.1169998527522911 -0.008655166521545722
3072 3.551562607149678 0.1982187173397406 -0.004760155732974084
3073 3.551562607127884 0.1297601557611957 -0.07321871735672621
3074 1.65236120483972 0.1291250090505695 -0.07361825257855645
3075 1.05 0.2010522989220552 -0.06726497308103666
3076 2.60601487358132 0.1326984680949966 0.007684278748151426
3077 1.445362788717498 0.1314315356158178 0.01311239285156011
3078 2.993365969022026 0.1968244617027227 0.07202989213135308
3079 3.155845018456875 0.1170727254193019 0.007980262275499757
3080 3.697976293572573 0.05128491550433505 0.0737143854118347
3081 2.794151544192807 0.1328149866605355 -0.007736021398412483
3082 4.669104245219407 0.1125487607856354 0.06936852220917343
3083 1.445654605562436 0.05282696750904181 -9.281101594228779e-05
3084 0.8941780313197818 0.1171584397854796 -0.007781624518565074
3085 3.555267753075388 0.0523740464238532 0.07262595357587362
3086 2.497918826053888 0.1987485970652582 0.07374859706525601
3087 3.302044902962042 0.05124731899755049 -0.07375268100224769
3088 0.5999999999995114 0.05030508790334355 0.07461699507421211
3089 3.697916582722924 0.1987819409547066 -0.07378194095470214
3090 3.948749768797791 0.1297416405771353 -0.07298828705333041
3091 4.206790618512078 0.1958709566812151 -0.005122369801641456
3092 0.3741121191689658 0.0553944981562219 -0.07066000368904243
3093 3.302102842449614 0.1987267295024517 0.07372672950245038
3094 3.804757726654725 0.1979131595908123 0.07291315959081771
3095 1.049999999998266 0.05436144075457595 0.07545484126562223
3096 1.297193148095328 0.1983422233822705 0.07362012888262262
3097 2.6019574808502 0.1989060830044207 -0.07375675410598856
3098 1.797904478683625 0.1987538371873358 -0.07375383718733446
3099 1.944851699685736 0.1340753226179817 0.007149445237897276
3100 2.497993919638091 0.05124731873301484 -0.07375268126698842
3101 4.866643718158231 0.05987748140832863 0.06613161008150925
3102 2.751971558028468 0.1988529146098689 0.07374642150570854
3103 3.805894099878487 0.05231739365239427 -0.07242577031970393
3104 2.752103205748178 0.05133993302348519 -0.07377011025121503
3105 4.333338387268053 0.05282970277607883 -0.002523944025509045
3106 0.3023470914626092 0.1293711345845032 -0.001798541758296753
3107 0.5149370299584515 0.05475938232240379 -0.001468006272744802
3108 4.859260733216479 0.05318767521076712 -0.07181232478921309
3109 0.5745280925548065 0.1949932048571483 0.06980479300331521
3110 1.64381892202629 0.1201694348184475 -0.001066621336662996
3111 2.602037039703909 0.05072107549804589 0.07353621408971722
3112 0.7498377321007185 0.05001339396199685 -0.07470960734222822
3113 1.595609131024815 0.05131285054817169 0.07311095225761212
3114 3.953307845902681 0.05140078988303397 0.07373404939920392
3115 4.162496375810466 0.1522815265090946 0.01717959285386191
3116 0.3381485123935679 0.1893408142300317 -0.07452002383096082
3117 1.656059740240042 0.05226463248478237 0.07260747106548868
3118 3.544272654460868 0.1268579082710218 0.00528095726532888
3119 1.23548342972781 0.0540832787131381 -0.001691815822600478
3120 4.537206223566184 0.0548401000578075 0.06966829916224303
3121 4.529644308983679 0.1950294002140177 0.07027506052070667
3122 4.701994037077182 0.1266072549956989 -0.002206914025782289
3123 3.429420026761046 0.1241082561563219 -0.0695736365136288
3124 3.429426816984609 0.1945749380035651 0.0008897258112984764
3125 0.8949930623785476 0.1239674828562771 -0.07286556741009448
3126 0.7442386733024478 0.1196626440904148 0.001491194657846279
3127 4.056138126537356 0.1973332853327374 -0.003458718951296805
3128 2.244604660312822 0.05157465878715597 0.07339229390173842
3129 1.531560732936833 0.1236738915308292 0.06967219725339846
3130 0.2209902374678178 0.1333899311186811 7.032812278443398e-05
3131 0.7717923954767669 0.194647183700573 -0.001788502081236511
3132 0.648465878684806 0.1322456481067452 0.07607760486289444
3133 0.2526363837519923 0.1941181795352403 0.07334803094952154
3134 0.2580078121166969 0.1937555837916173 -0.07202251174378357
3135 1.542323554466785 0.1281553474894539 -0.07067323553384125
3136 0.4060114757233799 0.1986509566592234 0.001778450531091831
3137 4.192220290688863 0.1152165643213803 -0.01355080586385892
3138 0.9502626852548366 0.04883559943977752 -0.07586107775337358
3139 0.7532961550156643 0.1266384450138124 0.07447277323406906
3140 1.294962342275753 0.1195717001016998 0.007584207883386392
3141 0.9849842672269391 0.05411270563167578 0.001678556613417273
3142 3.959277665699241 0.1288254610650055 0.005320875008329599
3143 1.100126122099684 0.1085695214487007 -0.06720502433036349
3144 4.584248821874956 0.1020695499429692 -0.0231296935785046
3145 4.610028239229873 0.05621380651895838 0.001028208469683
3146 1.262287438622964 0.0526889196449873 0.07230369515122628
3147 4.482106609651235 0.06287731727569952 0.07323549769127101
3148 0.4063216245801629 0.12523296146138 -0.07459567041348902
3149 3.802680795191869 0.1373267781998258 -0.00938279962065186
3150 4.852523921312387 0.1997580484624729 0.07386840562032132
3151 0.3106096802256091 0.1931996540955707 0.0009710103029252071
3152 0.5473855523709817 0.1246810168688836 0.07525422899250395
3153 1.408303806537174 0.1270742588085166 0.07333267745300043
3154 3.434410266150414 0.05372034194776814 -0.001107821623841502
3155 4.946159280494032 0.126968891949213 0.06508225576823276
3156 0.8922218364434454 0.05124853743339568 0.0737478950480546
3157 0.5465246691597159 0.1256984181506977 -0.07528502682899743
3158 0.8920069141612366 0.1987379227637531 -0.07372450151423796
3159 4.165320110198417 0.1468005938579884 0.07346282079701313
3160 3.446730483212393 0.125007859286378 0.07526668861339342
3161 0.1470086469810148 0.05210694619830218 -0.07648847839414884
3162 4.701726860218608 0.1968043343131228 0.005754567390184706
3163 1.40441720690107 0.04999311348237485 0.07500688651762336
3164 1.400810132440347 0.1079802031764812 -0.007940592045154037
3165 1.262550645909815 0.1973199396874226 -0.07230959573888618
3166 0.8985347247013169 0.04674263236819542 0.01060444980685388
3167 0.2016273492631742 0.05027114442543878 -0.002196093417209988
3168 4.345883820286685 0.2003447955714816 0.07494233753291711
3169 1.000000000000008 0.2019381694679739 0.07693816946798444
3170 4.066587126273959 0.05191334214958643 -0.001336511293809704
3171 0.05170539828826513 0.1337342310148712 0.06110176627218361
3172 4.330977599435963 0.1241230364432604 0.07109993129297769
3173 2.098676686446099 0.2012569394590008 -0.07620343604790809
3174 4.192977740903672 0.1988661428701044 -0.07386614287010443
3175 1.002742368906116 0.1250010257475076 -0.07564262303317998
3176 4.486106739582561 0.1949404908161239 -0.03126305605410136
3177 0.6464634810199228 0.04971004938906377 1.616484933332474e-05
3178 1.45242400368131 0.1369678150937935 -0.07859684433675615
3179 0.30862730833642 0.05179825898778184 -0.001933348276536392
3180 4.919603787689813 0.197764419429391 -0.005317577084664581
3181 4.699908903896355 0.2004135442644361 0.07705601774373176
3182 3.338959356655329 0.1237501639752467 0.07307458194063068
3183 4.452720031972102 0.1189084899842089 -0.07739369833463501
3184 3.71232999097457 0.05134265042923047 -0.07311083172597052
3185 4.096020436040526 0.06003262924283609 0.07745720526608729
3186 0.2432721424193006 0.05211519879581589 0.07579942446763782
3187 4.811857730224049 0.1243118460093537 -0.0770779569683995
3188 2.231545606494722 0.05334844108335036 0.0004571859075354467
3189 4.055757489084438 0.1251260253144665 0.07443877896843352
3190 1.898526597096457 0.048683025229007 0.07605623079735485
3191 4.594399926654872 0.1169940258367072 -0.0750456468314975
3192 1.158358892608461 0.04534980121656002 -0.06154293948434041
3193 3.711821101019229 0.1985028983378967 0.07350289833789694
3194 0.4003459181264528 0.2030310994050007 -0.07732432280211869
3195 1.746242480559044 0.04912675135442402 0.07587324864557597
3196 2.510748410356538 0.1994201946364213 -0.07376359669855054
3197 4.1472691876795 0.1347656355962319 -0.07598697882388782
3198 2.19983427066162 0.202861378915339 -0.07767001115908684
3199 2.899999999996814 0.04727634741469829 0.07772365258518374
3200 3.049999999997037 0.04727262055485867 0.07772737944519428
3201 4.798561257047226 0.1971225431066896 0.0001851337952817184
3202 1.12167445919309 0.196596570434344 0.001846468713570489
3203 3.146182755563335 0.2012454308650647 0.07573264845932773
3204 2.589469647099739 0.1990050235870089 0.07399830871041935
3205 1.679245098159242 0.2023880357946176 0.01974987768021865
3206 4.079663645284333 0.1973965219492093 0.07239652194921026
3207 2.349999999999998 0.2028068159826354 -0.07780681598263578
3208 4.444821863734207 0.1253626568396695 0.07511793857595905
3209 0.411768334226778 0.1255263206627505 0.07364478935644073
3210 1.43745816796554 0.1982715990464126 0.002042781564654759
3211 0.5073281688150612 0.2004648685512459 -0.07492844413887867
3212 2.899614546304171 0.2026225720127474 -0.0776225720127468
3213 0.04937580901519782 0.05071200177875237 0.01678490664341199
3214 2.050356455071892 0.1358850421166814 0.01435740386383334
3215 2.510379705793747 0.05110137937072361 0.0740969590143741
3216 0.8396829312292398 0.05088619108928905 -0.07411380891071116
3217 3.049999999999992 0.2028343455203123 -0.07767486483556829
3218 3.146713067134066 0.048532591769256 -0.07646740823077781
3219 2.660419152007869 0.05089461000117187 -0.07410538999873009
3220 2.589478305981947 0.05104099115551607 -0.07410730852030553
3221 3.861873416635537 0.05114642407793431 0.07385357592181549
3222 3.788862268574906 0.1990401251430353 -0.07404012514303372
3223 2.660595278679594 0.198860015683616 0.07402322200793066
3224 2.739388602023976 0.1988634813860708 -0.07402947573324241
3225 1.0372464968088 0.04816476529661514 -0.02334604400588388
3226 4.812369998051018 0.04656520411554418 -0.001270467080136593
3227 4.051299580073707 0.136608435691322 -0.07761114979595182
3228 2.352410763819742 0.04802390012099142 0.07697609987896077
3229 0.3058565817718309 0.1964223794962252 0.07670941718001409
3230 1.891706635563522 0.05052430131887969 -0.07443726341260128
3231 4.299168529557662 0.2023725299713024 -0.07752702933945413
3232 4.821281782204511 0.1243857945880708 0.07597273525016282
3233 3.649880033659175 0.140628982465545 0.00985340791531074
3234 2.187634098985336 0.05108268508057773 0.07391731491943092
3235 0.8498341129243547 0.1334107201437758 0.01720614812708176
3236 3.789073248577209 0.050729699032783 0.07427030096716473
3237 1.959082495727679 0.199438962043937 0.0751432179635779
3238 3.208940347774074 0.05019484700603595 0.07480515299381957
3239 2.199663659946386 0.04645393152927738 -0.07809804608849499
3240 3.209164178534047 0.1994662942310763 -0.07464405827051675
3241 2.928919756928076 0.1235435813275771 0.07243456485894403
3242 3.64505458629716 0.04879323194454542 0.07620676805549206
3243 4.214359026526365 0.1139617326644434 0.07461334128797012
3244 2.2 0.2033530687046501 0.07835306870464939
3245 3.020608235430015 0.05243798236163372 0.001813326561332878
3246 1.388284122606178 0.199219180780063 0.07421918078007098
3247 2.228898713229916 0.1255216907695492 0.07233873490736767
3248 2.349999999999998 0.2034015941864085 0.0784015941864066
3249 2.449967238519128 0.1360740885880389 -0.01416118872822811
3250 2.739432187517216 0.05103617208581134 0.07407915282493475
3251 0.5089499116889536 0.04991973863294393 0.07508026136705613
3252 2.899999999996816 0.04660123214226514 -0.07839876785761743
3253 4.345445385495285 0.2004426268469536 -0.01956170892386492
3254 2.349999999995909 0.04660057330087793 -0.07839942669907518
3255 3.299942862964855 0.1359513425657202 -0.01418949513899736
3256 3.049999999997044 0.04659287695390137 -0.07840712304616082
3257 4.42334849807532 0.1989662657826909 -0.001008067110754683
3258 1.900190913689585 0.111937151524537 -0.01199131712246341
3259 4.453162001952736 0.2016549857252893 0.07665498572528975
3260 3.062361919024696 0.1989607294981719 0.0740734715765279
3261 3.335775463031279 0.05158886475614805 0.0001039636397610344
3262 0.3087797163180748 0.1264195388020625 0.0722237152292424
3263 1.547912146154064 0.04692097534240142 0.004503488295957363
3264 3.200122209433416 0.1358723886154541 -0.01441645411076819
3265 1.891159876190733 0.1996260938612919 0.07507119324181886
3266 1.102432980672648 0.04764155395933703 0.07735671061398147
3267 1.959320702951523 0.05019396567816287 -0.07478402903625564
3268 0.1763721790067039 0.2012159877580885 -0.05480887230535771
3269 3.29288546258719 0.04936183163930807 0.07563816836069867
3270 2.320635552835134 0.1260718993462373 0.07249472671442138
3271 2.04264392929028 0.2005086754414734 0.07587735549216448
3272 1.800029333071983 0.1096342668734266 -0.01013820457022916
3273 3.293165323416924 0.2009094586120617 -0.07543477400020494
3274 2.799999999999999 0.2035776126205973 -0.07857761262059726
3275 2.654982804306309 0.2015326218990211 -0.07604645498134976
3276 2.04278681346096 0.04927794826763893 -0.07559897874967976
3277 0.3999398156532892 0.2020432724998623 0.07704327249986784
3278 2.899999999999999 0.2033765618041991 0.07834288894433544
3279 2.450000000000001 0.2033924354589949 -0.07846094699962955
3280 1.553867146251236 0.2023977254357031 -0.07675206736181869
3281 2.650262753756694 0.1131425204889408 -0.013872533676824
3282 1.807053091268682 0.2006194639503118 0.07561946395031216
3283 2.749811935357588 0.1133114987400583 0.01386768484285153
3284 3.149999999997189 0.04630548019320263 0.07869451980663771
3285 2.804699928312427 0.2014703839074803 0.07647038390748045
3286 1.10154540540721 0.2029750356695974 -0.07797503566959982
3287 1.418059769108576 0.1983910279248604 -0.07339102792485783
3288 3.149999999999999 0.2032564015747435 -0.07869623730884015
3289 2.09999999999559 0.04619285847618732 -0.07877351395307816
3290 2.449948408847871 0.04627111578985794 0.07872888421016752
3291 2.4454678891584 0.2017700104012987 0.07677001040129641
3292 1.806972673257664 0.04943203189371422 -0.07568464719864355
3293 2.655077817172764 0.04848659668386266 0.07600382568264336
3294 2.24331548920116 0.2032597368567356 -0.02012946805790946
3295 2.800446420987303 0.04656229866782699 0.0784377013320762
3296 1.480584761563756 0.147306871234751 -0.02798708709584122
3297 2.306799735093936 0.2031386588334575 -0.02039118488627866
3298 2.100000000000002 0.2038376981577599 0.07883769815775604
3299 2.445523493986041 0.04822759187274497 -0.07677240812726724
3300 2.243409278071224 0.1452550996027657 -0.07821471392251242
3301 1.198594752326771 0.0955594607822024 -0.0007649178346768749
3302 2.306837420483869 0.145415721271608 -0.07815491556328044
3303 2.943266985139561 0.145347744360185 -0.07817458015569761
3304 4.284528974679912 0.05032066438762647 0.07275673947978754
3305 0.9000000000000089 0.203728132991153 0.0786690641929737
3306 2.102137258113045 0.04711426231353417 0.07787503233398754
3307 3.00670638354009 0.1453304051174955 -0.07816925941455596
3308 2.804572676606111 0.04820952094090208 -0.07672759483273686
3309 4.715461331616439 0.2012061333134738 -0.07372574723909105
3310 0.6503929248187124 0.1196776944815897 -0.07872852745231318
3311 0.4090424081451204 0.04863200542643412 -0.0033964228860924
3312 1.952357732451998 0.2026339947640655 -0.07819173784666839
3313 2.928034728928687 0.1978172297923351 -0.002176976717190878
3314 4.299999999998627 0.04718463386515281 -0.07979247271928744
3315 4.45916898184738 0.04393664621581749 -0.0224282804289282
3316 2.250844254068757 0.2061664788386512 0.06684826310505362
3317 4.538224593126481 0.2038605524774944 -0.01546280200267133
3318 1.190923617734467 0.1067566102925799 0.07708684937832418
3319 0.9992126100123665 0.2038720039381522 -0.07887200393815186
3320 0.4046664357103097 0.04761700106847569 0.07750663922777293
3321 4.449999999999996 0.2018453910814983 -0.07948662389580467
3322 1.334853517993214 0.1459846636853789 -0.07816613585987109
3323 3.348731809752154 0.04626271853456274 0.07873728146552095
3324 3.006594744431395 0.2031480334250166 -0.02025771859414016
3325 3.46902267116035 0.1568585443746461 -0.07790837905843692
3326 0.9986205932198914 0.04632104588024639 0.07865679722704019
3327 3.466907114170304 0.1977178090286226 -0.03045629638855802
3328 4.167104305843392 0.1989747051002084 0.07397470510020679
3329 4.585888106717452 0.07699595395299282 0.07527610964959155
3330 1.397166805759528 0.04493365593714973 -0.01782659268969822
3331 0.8983447473151071 0.04641249940213923 -0.07858750059786095
3332 0.7503209440077425 0.04555798244094043 0.07944079240299168
3333 3.949999999999999 0.2046635476548808 0.07966354765487835
3334 1.206333629815128 0.05931568739837774 -0.08639129650038448
3335 1.225282034050703 0.01113065497649508 -0.08709930580362953
3336 1.19329491854573 0.0233368051241797 -0.106522059763943
3337 4.925298174075509 0.1266582926459972 -0.07631434430954538
3338 4.549635974706778 0.1318905532345268 0.001587656839229831
3339 1.650014718923468 0.2046942598748983 0.07969425987491099
3340 3.449581391199377 0.04547937757869179 -0.07952062242140542
3341 3.550418608823206 0.04547937759080026 -0.07952062240900595
3342 3.550418608809388 0.2045206224183433 0.07952062241834255
3343 3.449581391187492 0.2045206224176463 0.07952062241764267
3344 4.415518886046386 0.04953035381434923 -0.07447431511207778
3345 0.7499776600092831 0.204764730341928 -0.07975662717372918
3346 1.651311733923388 0.04596881182601188 -0.07903118817398824
3347 1.449229470005815 0.2044330149209015 0.07943301492091427
3348 2.936682933722264 0.04514861747708973 0.0172185579603713
3349 4.775399186029932 0.1848009805262449 0.0767275041787574
3350 1.147716313520241 0.01884272982712404 -0.1077647069867332
3351 1.13482781810214 0.04396524322527812 -0.1016126738698372
3352 0.06760399250712805 0.1828230131413202 -0.0773038314930037
3353 0.6495836734106967 0.2046677551616456 -0.07966775516165109
3354 1.752489903732328 0.04636786738841894 -0.07863213261158325
3355 0.5699985509226025 0.04467561010059063 -0.02269258349351846
3356 3.013555095759042 0.1076440156516457 0.07996951533100274
3357 1.44877082472488 0.04549866757468906 -0.07906326736542753
3358 4.419003233566263 0.04807863237494017 0.07380974654578415
3359 1.137554057683801 0.1384482962550619 -0.08053725466646525
3360 1.382005355906522 0.1465753627347081 0.03363174528900397
3361 0.05450830872122096 0.1302961681811909 -0.004479252181113672
3362 3.653269005400723 0.04636366504567801 -0.07863633495411868
3363 3.653268804170887 0.2036364325705145 0.07863643257051425
3364 4.545333980525383 0.04552616039381583 -0.006975351555505951
3365 0.452511451144157 0.1042665954805546 -0.0793881536418337
3366 4.161276568257339 0.203920170720737 0.01794951053961335
3367 2.301740546922969 0.204044458302425 0.06113267978597067
3368 4.199999999998433 0.04728511001319381 0.08050357870879146
3369 0.6505742484732686 0.04491145731203045 0.08008323678317215
3370 1.598537407601132 0.1740763803181206 0.02325403105715259
3371 1.753719061163929 0.20368711528971 0.07868711528971289
3372 1.550680471912881 0.04478765137485886 -0.07976320053507083
3373 1.549826822146688 0.205437906258202 0.08044752128360073
3374 0.8671193655969003 0.1219577823760995 0.07456062041288772
3375 1.02770785839562 0.04985403628923941 -0.07455379420819939
3376 4.549997068614384 0.1386534058556201 0.08120687632366785
3377 4.947700296529297 0.05664950875649205 -0.0009783544967194389
3378 1.451869788205312 0.1012522632340673 0.07808015378930569
3379 4.579422275047244 0.1888876887293958 -0.07694071549807227
3380 0.106883631260047 0.1315509194092661 -0.01367890472442787
3381 0.5437778545404649 0.04696583729137697 -0.07802350068015054
3382 4.188304758994306 0.0513841320652271 -0.07408735581334534
3383 0.1053301608592705 0.2028980355605361 -0.005605504806713946
3384 4.716268158364324 0.04610463757656811 -0.008403244658367448
3385 4.702825233452456 0.0439913554455184 0.07930483775007222
3386 3.838244591782007 0.1086830657423622 -0.08097416669807944
3387 0.4329289473172957 0.04932273097617038 -0.07584789420711488
3388 0.7320230878194773 0.2048004412489626 0.02924085574167581
3389 3.934830318489038 0.04922235224583769 -0.07511107412373887
3390 4.482094366439098 0.1008919902392969 -0.04100453648689142
3391 0.3137044122422004 0.1113295539791775 -0.08117903334628088
3392 3.837599011319221 0.2061710981751311 0.0166896603151376
3393 4.776941252498937 0.1629609377592493 -0.07680243243623902
3394 4.052163411195349 0.04419944243738724 -0.07839770718781239
3395 1.250336273944981 0.1448292359444015 -0.07831277543051281
3396 4.582806922315513 0.198671827266467 0.07413335973731863
3397 0.5017457688675635 0.1457002519697375 0.07792865249513048
3398 4.543479046839427 0.1182117430314154 -0.07884109363020883
3399 0.2076759847112133 0.1998065290126275 0.00219745937956034
3400 0.3677851213460333 0.08630689005449377 -0.02836249975973815
3401 1.033489747353825 0.144062144971821 0.08175269136535759
3402 3.336222020874828 0.206544224145505 0.01748466611886958
3403 1.526797517965214 0.1577029200297477 0.001703145175709513
3404 3.336291592390779 0.1075555010178646 -0.08160819697516702
3405 4.278453715816251 0.2045526675263667 -0.03120551222763484
$EndNodes
$Elements
17739
1 2 2 11 14 1 934 9
2 2 2 11 14 214 934 1
3 2 2 11 14 107 932 2
4 2 2 11 14 2 932 108
5 2 2 11 14 111 931 3
6 2 2 11 14 3 931 112
7 2 2 11 14 210 933 4
8 2 2 11 14 4 933 211
9 2 2 11 14 9 534 10
10 2 2 11 14 9 934 534
11 2 2 11 14 10 918 11
12 2 2 11 14 534 918 10
13 2 2 11 14 11 441 12
14 2 2 11 14 11 918 441
15 2 2 11 14 12 917 13
16 2 2 11 14 441 917 12
17 2 2 11 14 13 444 14
18 2 2 11 14 13 917 444
19 2 2 11 14 14 828 15
20 2 2 11 14 444 828 14
21 2 2 11 14 15 446 16
22 2 2 11 14 15 828 446
23 2 2 11 14 16 781 17
24 2 2 11 14 446 781 16
25 2 2 11 14 17 447 18
26 2 2 11 14 17 781 447
27 2 2 11 14 18 766 19
28 2 2 11 14 447 766 18
29 2 2 11 14 19 442 20
30 2 2 11 14 19 766 442
31 2 2 11 14 20 776 21
32 2 2 11 14 442 776 20
33 2 2 11 14 21 437 22
34 2 2 11 14 21 776 437
35 2 2 11 14 22 809 23
36 2 2 11 14 437 809 22
37 2 2 11 14 23 438 24
38 2 2 11 14 23 809 438
39 2 2 11 14 24 816 25
40 2 2 11 14 438 816 24
41 2 2 11 14 25 439 26
42 2 2 11 14 25 816 439
43 2 2 11 14 26 813 27
44 2 2 11 14 439 813 26
45 2 2 11 14 27 440 28
46 2 2 11 14 27 813 440
47 2 2 11 14 28 812 29
48 2 2 11 14 440 812 28
49 2 2 11 14 29 443 30
50 2 2 11 14 29 812 443
51 2 2 11 14 30 818 31
52 2 2 11 14 443 818 30
53 2 2 11 14 31 445 32
54 2 2 11 14 31 818 445
55 2 2 11 14 32 819 33
56 2 2 11 14 445 819 32
57 2 2 11 14 33 448 34
58 2 2 11 14 33 819 448
59 2 2 11 14 34 808 35
60 2 2 11 14 448 808 34
61 2 2 11 14 35 449 36
62 2 2 11 14 35 808 449
63 2 2 11 14 36 817 37
64 2 2 11 14 449 817 36
65 2 2 11 14 37 450 38
66 2 2 11 14 37 817 450
67 2 2 11 14 38 820 39
68 2 2 11 14 450 820 38
69 2 2 11 14 39 452 40
70 2 2 11 14 39 820 452
71 2 2 11 14 40 811 41
72 2 2 11 14 452 811 40
73 2 2 11 14 41 454 42
74 2 2 11 14 41 811 454
75 2 2 11 14 42 814 43
76 2 2 11 14 454 814 42
77 2 2 11 14 43 457 44
78 2 2 11 14 43 814 457
79 2 2 11 14 44 810 45
80 2 2 11 14 457 810 44
81 2 2 11 14 45 460 46
82 2 2 11 14 45 810 460
83 2 2 11 14 46 815 47
84 2 2 11 14 460 815 46
85 2 2 11 14 47 464 48
86 2 2 11 14 47 815 464
87 2 2 11 14 48 665 49
88 2 2 11 14 464 665 48
89 2 2 11 14 49 562 50
90 2 2 11 14 49 665 562
91 2 2 11 14 50 531 51
92 2 2 11 14 50 562 531
93 2 2 11 14 51 751 52
94 2 2 11 14 531 751 51
95 2 2 11 14 52 530 53
96 2 2 11 14 52 751 530
97 2 2 11 14 53 744 54
98 2 2 11 14 530 744 53
99 2 2 11 14 54 529 55
100 2 2 11 14 54 744 529
101 2 2 11 14 55 679 56
102 2 2 11 14 529 679 55
103 2 2 11 14 56 528 57
104 2 2 11 14 56 679 528
105 2 2 11 14 57 748 58
106 2 2 11 14 528 748 57
107 2 2 11 14 58 527 59
108 2 2 11 14 58 748 527
109 2 2 11 14 59 682 60
110 2 2 11 14 527 682 59
111 2 2 11 14 60 526 61
112 2 2 11 14 60 682 526
113 2 2 11 14 61 684 62
114 2 2 11 14 526 684 61
115 2 2 11 14 62 525 63
116 2 2 11 14 62 684 525
117 2 2 11 14 63 749 64
118 2 2 11 14 525 749 63
119 2 2 11 14 64 523 65
120 2 2 11 14 64 749 523
121 2 2 11 14 65 675 66
122 2 2 11 14 523 675 65
123 2 2 11 14 66 522 67
124 2 2 11 14 66 675 522
125 2 2 11 14 67 764 68
126 2 2 11 14 522 764 67
127 2 2 11 14 68 520 69
128 2 2 11 14 68 764 520
129 2 2 11 14 69 678 70
130 2 2 11 14 520 678 69
131 2 2 11 14 70 519 71
132 2 2 11 14 70 678 519
133 2 2 11 14 71 677 72
134 2 2 11 14 519 677 71
135 2 2 11 14 72 517 73
136 2 2 11 14 72 677 517
137 2 2 11 14 73 746 74
138 2 2 11 14 517 746 73
139 2 2 11 14 74 516 75
140 2 2 11 14 74 746 516
141 2 2 11 14 75 681 76
142 2 2 11 14 516 681 75
143 2 2 11 14 76 514 77
144 2 2 11 14 76 681 514
145 2 2 11 14 77 680 78
146 2 2 11 14 514 680 77
147 2 2 11 14 78 513 79
148 2 2 11 14 78 680 513
149 2 2 11 14 79 750 80
150 2 2 11 14 513 750 79
151 2 2 11 14 80 511 81
152 2 2 11 14 80 750 511
153 2 2 11 14 81 676 82
154 2 2 11 14 511 676 81
155 2 2 11 14 82 510 83
156 2 2 11 14 82 676 510
157 2 2 11 14 83 747 84
158 2 2 11 14 510 747 83
159 2 2 11 14 84 508 85
160 2 2 11 14 84 747 508
161 2 2 11 14 85 743 86
162 2 2 11 14 508 743 85
163 2 2 11 14 86 507 87
164 2 2 11 14 86 743 507
165 2 2 11 14 87 685 88
166 2 2 11 14 507 685 87
167 2 2 11 14 88 505 89
168 2 2 11 14 88 685 505
169 2 2 11 14 89 702 90
170 2 2 11 14 505 702 89
171 2 2 11 14 90 504 91
172 2 2 11 14 90 702 504
173 2 2 11 14 91 673 92
174 2 2 11 14 504 673 91
175 2 2 11 14 92 502 93
176 2 2 11 14 92 673 502
177 2 2 11 14 93 683 94
178 2 2 11 14 502 683 93
179 2 2 11 14 94 501 95
180 2 2 11 14 94 683 501
181 2 2 11 14 95 765 96
182 2 2 11 14 501 765 95
183 2 2 11 14 96 499 97
184 2 2 11 14 96 765 499
185 2 2 11 14 97 674 98
186 2 2 11 14 499 674 97
187 2 2 11 14 98 498 99
188 2 2 11 14 98 674 498
189 2 2 11 14 99 763 100
190 2 2 11 14 498 763 99
191 2 2 11 14 100 496 101
192 2 2 11 14 100 763 496
193 2 2 11 14 101 829 102
194 2 2 11 14 496 829 101
195 2 2 11 14 102 495 103
196 2 2 11 14 102 829 495
197 2 2 11 14 103 924 104
198 2 2 11 14 495 924 103
199 2 2 11 14 104 493 105
200 2 2 11 14 104 924 493
201 2 2 11 14 105 919 106
202 2 2 11 14 493 919 105
203 2 2 11 14 106 535 107
204 2 2 11 14 106 919 535
205 2 2 11 14 535 932 107
206 2 2 11 14 108 827 109
207 2 2 11 14 108 932 827
208 2 2 11 14 109 532 110
209 2 2 11 14 109 827 532
210 2 2 11 14 110 536 111
211 2 2 11 14 532 536 110
212 2 2 11 14 536 931 111
213 2 2 11 14 112 825 113
214 2 2 11 14 112 931 825
215 2 2 11 14 113 451 114
216 2 2 11 14 113 825 451
217 2 2 11 14 114 796 115
218 2 2 11 14 451 796 114
219 2 2 11 14 115 453 116
220 2 2 11 14 115 796 453
221 2 2 11 14 116 798 117
222 2 2 11 14 453 798 116
223 2 2 11 14 117 455 118
224 2 2 11 14 117 798 455
225 2 2 11 14 118 794 119
226 2 2 11 14 455 794 118
227 2 2 11 14 119 456 120
228 2 2 11 14 119 794 456
229 2 2 11 14 120 788 121
230 2 2 11 14 456 788 120
231 2 2 11 14 121 458 122
232 2 2 11 14 121 788 458
233 2 2 11 14 122 790 123
234 2 2 11 14 458 790 122
235 2 2 11 14 123 459 124
236 2 2 11 14 123 790 459
237 2 2 11 14 124 784 125
238 2 2 11 14 459 784 124
239 2 2 11 14 125 461 126
240 2 2 11 14 125 784 461
241 2 2 11 14 126 792 127
242 2 2 11 14 461 792 126
243 2 2 11 14 127 462 128
244 2 2 11 14 127 792 462
245 2 2 11 14 128 801 129
246 2 2 11 14 462 801 128
247 2 2 11 14 129 463 130
248 2 2 11 14 129 801 463
249 2 2 11 14 130 821 131
250 2 2 11 14 463 821 130
251 2 2 11 14 131 465 132
252 2 2 11 14 131 821 465
253 2 2 11 14 132 779 133
254 2 2 11 14 465 779 132
255 2 2 11 14 133 466 134
256 2 2 11 14 133 779 466
257 2 2 11 14 134 805 135
258 2 2 11 14 466 805 134
259 2 2 11 14 135 467 136
260 2 2 11 14 135 805 467
261 2 2 11 14 136 807 137
262 2 2 11 14 467 807 136
263 2 2 11 14 137 468 138
264 2 2 11 14 137 807 468
265 2 2 11 14 138 778 139
266 2 2 11 14 468 778 138
267 2 2 11 14 139 469 140
268 2 2 11 14 139 778 469
269 2 2 11 14 140 786 141
270 2 2 11 14 469 786 140
271 2 2 11 14 141 470 142
272 2 2 11 14 141 786 470
273 2 2 11 14 142 795 143
274 2 2 11 14 470 795 142
275 2 2 11 14 143 471 144
276 2 2 11 14 143 795 471
277 2 2 11 14 144 791 145
278 2 2 11 14 471 791 144
279 2 2 11 14 145 472 146
280 2 2 11 14 145 791 472
281 2 2 11 14 146 789 147
282 2 2 11 14 472 789 146
283 2 2 11 14 147 473 148
284 2 2 11 14 147 789 473
285 2 2 11 14 148 797 149
286 2 2 11 14 473 797 148
287 2 2 11 14 149 474 150
288 2 2 11 14 149 797 474
289 2 2 11 14 150 803 151
290 2 2 11 14 474 803 150
291 2 2 11 14 151 475 152
292 2 2 11 14 151 803 475
293 2 2 11 14 152 804 153
294 2 2 11 14 475 804 152
295 2 2 11 14 153 476 154
296 2 2 11 14 153 804 476
297 2 2 11 14 154 780 155
298 2 2 11 14 476 780 154
299 2 2 11 14 155 477 156
300 2 2 11 14 155 780 477
301 2 2 11 14 156 806 157
302 2 2 11 14 477 806 156
303 2 2 11 14 157 478 158
304 2 2 11 14 157 806 478
305 2 2 11 14 158 785 159
306 2 2 11 14 478 785 158
307 2 2 11 14 159 479 160
308 2 2 11 14 159 785 479
309 2 2 11 14 160 800 161
310 2 2 11 14 479 800 160
311 2 2 11 14 161 480 162
312 2 2 11 14 161 800 480
313 2 2 11 14 162 782 163
314 2 2 11 14 480 782 162
315 2 2 11 14 163 481 164
316 2 2 11 14 163 782 481
317 2 2 11 14 164 802 165
318 2 2 11 14 481 802 164
319 2 2 11 14 165 482 166
320 2 2 11 14 165 802 482
321 2 2 11 14 166 793 167
322 2 2 11 14 482 793 166
323 2 2 11 14 167 483 168
324 2 2 11 14 167 793 483
325 2 2 11 14 168 787 169
326 2 2 11 14 483 787 168
327 2 2 11 14 169 484 170
328 2 2 11 14 169 787 484
329 2 2 11 14 170 830 171
330 2 2 11 14 484 830 170
331 2 2 11 14 171 915 172
332 2 2 11 14 830 915 171
333 2 2 11 14 172 524 173
334 2 2 11 14 172 915 524
335 2 2 11 14 173 715 174
336 2 2 11 14 524 715 173
337 2 2 11 14 174 521 175
338 2 2 11 14 174 715 521
339 2 2 11 14 175 703 176
340 2 2 11 14 521 703 175
341 2 2 11 14 176 518 177
342 2 2 11 14 176 703 518
343 2 2 11 14 177 714 178
344 2 2 11 14 518 714 177
345 2 2 11 14 178 515 179
346 2 2 11 14 178 714 515
347 2 2 11 14 179 770 180
348 2 2 11 14 515 770 179
349 2 2 11 14 180 512 181
350 2 2 11 14 180 770 512
351 2 2 11 14 181 686 182
352 2 2 11 14 512 686 181
353 2 2 11 14 182 509 183
354 2 2 11 14 182 686 509
355 2 2 11 14 183 768 184
356 2 2 11 14 509 768 183
357 2 2 11 14 184 506 185
358 2 2 11 14 184 768 506
359 2 2 11 14 185 694 186
360 2 2 11 14 506 694 185
361 2 2 11 14 186 503 187
362 2 2 11 14 186 694 503
363 2 2 11 14 187 716 188
364 2 2 11 14 503 716 187
365 2 2 11 14 188 500 189
366 2 2 11 14 188 716 500
367 2 2 11 14 189 777 190
368 2 2 11 14 500 777 189
369 2 2 11 14 190 497 191
370 2 2 11 14 190 777 497
371 2 2 11 14 191 727 192
372 2 2 11 14 497 727 191
373 2 2 11 14 192 494 193
374 2 2 11 14 192 727 494
375 2 2 11 14 193 775 194
376 2 2 11 14 494 775 193
377 2 2 11 14 194 492 195
378 2 2 11 14 194 775 492
379 2 2 11 14 195 767 196
380 2 2 11 14 492 767 195
381 2 2 11 14 196 491 197
382 2 2 11 14 196 767 491
383 2 2 11 14 197 736 198
384 2 2 11 14 491 736 197
385 2 2 11 14 198 486 199
386 2 2 11 14 198 736 486
387 2 2 11 14 199 752 200
388 2 2 11 14 486 752 199
389 2 2 11 14 200 488 201
390 2 2 11 14 200 752 488
391 2 2 11 14 201 783 202
392 2 2 11 14 488 783 201
393 2 2 11 14 202 490 203
394 2 2 11 14 202 783 490
395 2 2 11 14 203 773 204
396 2 2 11 14 490 773 203
397 2 2 11 14 204 489 205
398 2 2 11 14 204 773 489
399 2 2 11 14 205 771 206
400 2 2 11 14 489 771 205
401 2 2 11 14 206 487 207
402 2 2 11 14 206 771 487
403 2 2 11 14 207 769 208
404 2 2 11 14 487 769 207
405 2 2 11 14 208 485 209
406 2 2 11 14 208 769 485
407 2 2 11 14 209 826 210
408 2 2 11 14 485 826 209
409 2 2 11 14 826 933 210
410 2 2 11 14 211 549 212
411 2 2 11 14 211 933 549
412 2 2 11 14 212 533 213
413 2 2 11 14 212 549 533
414 2 2 11 14 213 824 214
415 2 2 11 14 533 824 213
416 2 2 11 14 824 934 214
417 2 2 11 14 776 836 437
418 2 2 11 14 437 838 809
419 2 2 11 14 836 838 437
420 2 2 11 14 809 841 438
421 2 2 11 14 438 843 816
422 2 2 11 14 841 843 438
423 2 2 11 14 439 845 813
424 2 2 11 14 816 844 439
425 2 2 11 14 844 845 439
426 2 2 11 14 440 847 812
427 2 2 11 14 813 846 440
428 2 2 11 14 846 847 440
429 2 2 11 14 553 554 441
430 2 2 11 14 441 918 553
431 2 2 11 14 554 557 441
432 2 2 11 14 557 917 441
433 2 2 11 14 766 839 442
434 2 2 11 14 442 837 776
435 2 2 11 14 442 839 837
436 2 2 11 14 812 848 443
437 2 2 11 14 443 849 818
438 2 2 11 14 848 849 443
439 2 2 11 14 557 558 444
440 2 2 11 14 444 917 557
441 2 2 11 14 558 559 444
442 2 2 11 14 559 828 444
443 2 2 11 14 818 850 445
444 2 2 11 14 445 851 819
445 2 2 11 14 850 851 445
446 2 2 11 14 446 835 781
447 2 2 11 14 828 925 446
448 2 2 11 14 446 925 835
449 2 2 11 14 447 840 766
450 2 2 11 14 781 842 447
451 2 2 11 14 447 842 840
452 2 2 11 14 448 853 808
453 2 2 11 14 819 852 448
454 2 2 11 14 852 853 448
455 2 2 11 14 808 854 449
456 2 2 11 14 449 855 817
457 2 2 11 14 854 855 449
458 2 2 11 14 817 856 450
459 2 2 11 14 450 857 820
460 2 2 11 14 856 857 450
461 2 2 11 14 451 825 537
462 2 2 11 14 537 920 451
463 2 2 11 14 451 920 796
464 2 2 11 14 452 859 811
465 2 2 11 14 820 858 452
466 2 2 11 14 858 859 452
467 2 2 11 14 796 926 453
468 2 2 11 14 453 799 798
469 2 2 11 14 453 926 799
470 2 2 11 14 811 860 454
471 2 2 11 14 454 862 814
472 2 2 11 14 860 862 454
473 2 2 11 14 455 822 794
474 2 2 11 14 798 922 455
475 2 2 11 14 455 922 822
476 2 2 11 14 456 865 788
477 2 2 11 14 794 834 456
478 2 2 11 14 834 865 456
479 2 2 11 14 457 863 810
480 2 2 11 14 814 861 457
481 2 2 11 14 861 863 457
482 2 2 11 14 788 872 458
483 2 2 11 14 458 874 790
484 2 2 11 14 872 874 458
485 2 2 11 14 459 879 784
486 2 2 11 14 790 878 459
487 2 2 11 14 878 879 459
488 2 2 11 14 810 864 460
489 2 2 11 14 460 831 815
490 2 2 11 14 460 864 831
491 2 2 11 14 784 884 461
492 2 2 11 14 461 886 792
493 2 2 11 14 884 886 461
494 2 2 11 14 792 896 462
495 2 2 11 14 462 903 801
496 2 2 11 14 896 903 462
497 2 2 11 14 801 905 463
498 2 2 11 14 463 907 821
499 2 2 11 14 905 907 463
500 2 2 11 14 464 666 665
501 2 2 11 14 464 667 666
502 2 2 11 14 464 815 667
503 2 2 11 14 465 913 779
504 2 2 11 14 821 910 465
505 2 2 11 14 910 913 465
506 2 2 11 14 779 912 466
507 2 2 11 14 466 911 805
508 2 2 11 14 466 912 911
509 2 2 11 14 805 914 467
510 2 2 11 14 467 908 807
511 2 2 11 14 467 914 908
512 2 2 11 14 468 906 778
513 2 2 11 14 807 909 468
514 2 2 11 14 468 909 906
515 2 2 11 14 778 904 469
516 2 2 11 14 469 902 786
517 2 2 11 14 469 904 902
518 2 2 11 14 786 901 470
519 2 2 11 14 470 897 795
520 2 2 11 14 470 901 897
521 2 2 11 14 471 895 791
522 2 2 11 14 795 899 471
523 2 2 11 14 471 899 895
524 2 2 11 14 472 900 789
525 2 2 11 14 791 898 472
526 2 2 11 14 898 900 472
527 2 2 11 14 789 894 473
528 2 2 11 14 473 893 797
529 2 2 11 14 473 894 893
530 2 2 11 14 797 892 474
531 2 2 11 14 474 890 803
532 2 2 11 14 474 892 890
533 2 2 11 14 803 891 475
534 2 2 11 14 475 889 804
535 2 2 11 14 475 891 889
536 2 2 11 14 476 887 780
537 2 2 11 14 804 888 476
538 2 2 11 14 476 888 887
539 2 2 11 14 780 885 477
540 2 2 11 14 477 883 806
541 2 2 11 14 477 885 883
542 2 2 11 14 478 881 785
543 2 2 11 14 806 882 478
544 2 2 11 14 478 882 881
545 2 2 11 14 785 880 479
546 2 2 11 14 479 877 800
547 2 2 11 14 479 880 877
548 2 2 11 14 480 875 782
549 2 2 11 14 800 876 480
550 2 2 11 14 480 876 875
551 2 2 11 14 782 873 481
552 2 2 11 14 481 871 802
553 2 2 11 14 481 873 871
554 2 2 11 14 482 869 793
555 2 2 11 14 802 870 482
556 2 2 11 14 482 870 869
557 2 2 11 14 483 867 787
558 2 2 11 14 793 868 483
559 2 2 11 14 483 868 867
560 2 2 11 14 787 866 484
561 2 2 11 14 484 916 830
562 2 2 11 14 866 916 484
563 2 2 11 14 550 826 485
564 2 2 11 14 485 921 550
565 2 2 11 14 769 921 485
566 2 2 11 14 736 760 486
567 2 2 11 14 486 758 752
568 2 2 11 14 486 760 758
569 2 2 11 14 487 927 769
570 2 2 11 14 771 772 487
571 2 2 11 14 772 927 487
572 2 2 11 14 752 753 488
573 2 2 11 14 753 754 488
574 2 2 11 14 754 783 488
575 2 2 11 14 489 923 771
576 2 2 11 14 773 823 489
577 2 2 11 14 823 923 489
578 2 2 11 14 761 774 490
579 2 2 11 14 490 783 761
580 2 2 11 14 490 774 773
581 2 2 11 14 491 737 736
582 2 2 11 14 491 738 737
583 2 2 11 14 491 767 738
584 2 2 11 14 733 742 492
585 2 2 11 14 492 775 733
586 2 2 11 14 742 767 492
587 2 2 11 14 493 541 540
588 2 2 11 14 540 919 493
589 2 2 11 14 493 544 541
590 2 2 11 14 493 924 544
591 2 2 11 14 727 728 494
592 2 2 11 14 728 729 494
593 2 2 11 14 729 775 494
594 2 2 11 14 495 545 544
595 2 2 11 14 544 924 495
596 2 2 11 14 495 546 545
597 2 2 11 14 495 829 546
598 2 2 11 14 496 763 664
599 2 2 11 14 664 928 496
600 2 2 11 14 496 928 829
601 2 2 11 14 722 735 497
602 2 2 11 14 497 777 722
603 2 2 11 14 497 735 727
604 2 2 11 14 660 662 498
605 2 2 11 14 498 674 660
606 2 2 11 14 662 763 498
607 2 2 11 14 656 658 499
608 2 2 11 14 499 765 656
609 2 2 11 14 658 674 499
610 2 2 11 14 716 717 500
611 2 2 11 14 717 718 500
612 2 2 11 14 718 777 500
613 2 2 11 14 652 654 501
614 2 2 11 14 501 683 652
615 2 2 11 14 654 765 501
616 2 2 11 14 648 650 502
617 2 2 11 14 502 673 648
618 2 2 11 14 650 683 502
619 2 2 11 14 694 726 503
620 2 2 11 14 503 724 716
621 2 2 11 14 503 726 724
622 2 2 11 14 644 646 504
623 2 2 11 14 504 702 644
624 2 2 11 14 646 673 504
625 2 2 11 14 640 642 505
626 2 2 11 14 505 685 640
627 2 2 11 14 642 702 505
628 2 2 11 14 506 695 694
629 2 2 11 14 506 696 695
630 2 2 11 14 506 768 696
631 2 2 11 14 636 638 507
632 2 2 11 14 507 743 636
633 2 2 11 14 638 685 507
634 2 2 11 14 632 634 508
635 2 2 11 14 508 747 632
636 2 2 11 14 634 743 508
637 2 2 11 14 686 745 509
638 2 2 11 14 509 745 700
639 2 2 11 14 700 768 509
640 2 2 11 14 628 630 510
641 2 2 11 14 510 676 628
642 2 2 11 14 630 747 510
643 2 2 11 14 624 626 511
644 2 2 11 14 511 750 624
645 2 2 11 14 626 676 511
646 2 2 11 14 512 687 686
647 2 2 11 14 512 688 687
648 2 2 11 14 512 770 688
649 2 2 11 14 620 622 513
650 2 2 11 14 513 680 620
651 2 2 11 14 622 750 513
652 2 2 11 14 616 618 514
653 2 2 11 14 514 681 616
654 2 2 11 14 618 680 514
655 2 2 11 14 515 713 692
656 2 2 11 14 692 770 515
657 2 2 11 14 515 714 713
658 2 2 11 14 612 614 516
659 2 2 11 14 516 746 612
660 2 2 11 14 614 681 516
661 2 2 11 14 608 610 517
662 2 2 11 14 517 677 608
663 2 2 11 14 610 746 517
664 2 2 11 14 703 709 518
665 2 2 11 14 709 711 518
666 2 2 11 14 711 714 518
667 2 2 11 14 604 606 519
668 2 2 11 14 519 678 604
669 2 2 11 14 606 677 519
670 2 2 11 14 600 602 520
671 2 2 11 14 520 764 600
672 2 2 11 14 602 678 520
673 2 2 11 14 521 704 703
674 2 2 11 14 521 705 704
675 2 2 11 14 521 715 705
676 2 2 11 14 596 598 522
677 2 2 11 14 522 675 596
678 2 2 11 14 598 764 522
679 2 2 11 14 592 594 523
680 2 2 11 14 523 749 592
681 2 2 11 14 594 675 523
682 2 2 11 14 524 832 715
683 2 2 11 14 524 833 832
684 2 2 11 14 524 915 833
685 2 2 11 14 588 590 525
686 2 2 11 14 525 684 588
687 2 2 11 14 590 749 525
688 2 2 11 14 584 586 526
689 2 2 11 14 526 682 584
690 2 2 11 14 586 684 526
691 2 2 11 14 580 582 527
692 2 2 11 14 527 748 580
693 2 2 11 14 582 682 527
694 2 2 11 14 576 578 528
695 2 2 11 14 528 679 576
696 2 2 11 14 578 748 528
697 2 2 11 14 572 574 529
698 2 2 11 14 529 744 572
699 2 2 11 14 574 679 529
700 2 2 11 14 568 570 530
701 2 2 11 14 530 751 568
702 2 2 11 14 570 744 530
703 2 2 11 14 562 563 531
704 2 2 11 14 563 565 531
705 2 2 11 14 565 751 531
706 2 2 11 14 532 537 536
707 2 2 11 14 532 538 537
708 2 2 11 14 532 827 538
709 2 2 11 14 549 550 533
710 2 2 11 14 550 551 533
711 2 2 11 14 551 824 533
712 2 2 11 14 551 553 534
713 2 2 11 14 534 824 551
714 2 2 11 14 553 918 534
715 2 2 11 14 534 934 824
716 2 2 11 14 535 540 538
717 2 2 11 14 538 827 535
718 2 2 11 14 535 919 540
719 2 2 11 14 827 932 535
720 2 2 11 14 537 825 536
721 2 2 11 14 825 931 536
722 2 2 11 14 538 539 537
723 2 2 11 14 539 920 537
724 2 2 11 14 538 540 539
725 2 2 11 14 540 541 539
726 2 2 11 14 541 542 539
727 2 2 11 14 542 920 539
728 2 2 11 14 541 543 542
729 2 2 11 14 541 544 543
730 2 2 11 14 543 926 542
731 2 2 11 14 796 920 542
732 2 2 11 14 542 926 796
733 2 2 11 14 544 545 543
734 2 2 11 14 545 799 543
735 2 2 11 14 799 926 543
736 2 2 11 14 546 547 545
737 2 2 11 14 547 799 545
738 2 2 11 14 546 548 547
739 2 2 11 14 546 928 548
740 2 2 11 14 829 928 546
741 2 2 11 14 548 822 547
742 2 2 11 14 547 922 799
743 2 2 11 14 822 922 547
744 2 2 11 14 548 928 664
745 2 2 11 14 664 930 548
746 2 2 11 14 548 930 822
747 2 2 11 14 549 826 550
748 2 2 11 14 549 933 826
749 2 2 11 14 550 552 551
750 2 2 11 14 550 921 552
751 2 2 11 14 552 553 551
752 2 2 11 14 552 554 553
753 2 2 11 14 552 555 554
754 2 2 11 14 552 921 555
755 2 2 11 14 555 556 554
756 2 2 11 14 556 557 554
757 2 2 11 14 555 927 556
758 2 2 11 14 555 921 769
759 2 2 11 14 769 927 555
760 2 2 11 14 556 558 557
761 2 2 11 14 556 772 558
762 2 2 11 14 556 927 772
763 2 2 11 14 558 560 559
764 2 2 11 14 558 772 560
765 2 2 11 14 560 561 559
766 2 2 11 14 561 925 559
767 2 2 11 14 559 925 828
768 2 2 11 14 560 823 561
769 2 2 11 14 772 923 560
770 2 2 11 14 560 923 823
771 2 2 11 14 823 929 561
772 2 2 11 14 561 929 925
773 2 2 11 14 562 564 563
774 2 2 11 14 562 665 564
775 2 2 11 14 564 672 563
776 2 2 11 14 563 566 565
777 2 2 11 14 563 672 566
778 2 2 11 14 665 666 564
779 2 2 11 14 666 668 564
780 2 2 11 14 668 672 564
781 2 2 11 14 566 567 565
782 2 2 11 14 567 568 565
783 2 2 11 14 568 751 565
784 2 2 11 14 566 867 567
785 2 2 11 14 672 866 566
786 2 2 11 14 866 867 566
787 2 2 11 14 567 569 568
788 2 2 11 14 567 868 569
789 2 2 11 14 867 868 567
790 2 2 11 14 569 570 568
791 2 2 11 14 569 571 570
792 2 2 11 14 569 869 571
793 2 2 11 14 868 869 569
794 2 2 11 14 571 572 570
795 2 2 11 14 572 744 570
796 2 2 11 14 571 573 572
797 2 2 11 14 571 870 573
798 2 2 11 14 869 870 571
799 2 2 11 14 573 574 572
800 2 2 11 14 573 575 574
801 2 2 11 14 573 871 575
802 2 2 11 14 870 871 573
803 2 2 11 14 575 576 574
804 2 2 11 14 576 679 574
805 2 2 11 14 575 577 576
806 2 2 11 14 575 873 577
807 2 2 11 14 871 873 575
808 2 2 11 14 577 578 576
809 2 2 11 14 577 579 578
810 2 2 11 14 577 875 579
811 2 2 11 14 873 875 577
812 2 2 11 14 579 580 578
813 2 2 11 14 580 748 578
814 2 2 11 14 579 581 580
815 2 2 11 14 579 876 581
816 2 2 11 14 875 876 579
817 2 2 11 14 581 582 580
818 2 2 11 14 581 583 582
819 2 2 11 14 581 877 583
820 2 2 11 14 876 877 581
821 2 2 11 14 583 584 582
822 2 2 11 14 584 682 582
823 2 2 11 14 583 585 584
824 2 2 11 14 583 880 585
825 2 2 11 14 877 880 583
826 2 2 11 14 585 586 584
827 2 2 11 14 585 587 586
828 2 2 11 14 585 881 587
829 2 2 11 14 880 881 585
830 2 2 11 14 587 588 586
831 2 2 11 14 588 684 586
832 2 2 11 14 587 589 588
833 2 2 11 14 587 882 589
834 2 2 11 14 881 882 587
835 2 2 11 14 589 590 588
836 2 2 11 14 589 591 590
837 2 2 11 14 589 883 591
838 2 2 11 14 882 883 589
839 2 2 11 14 591 592 590
840 2 2 11 14 592 749 590
841 2 2 11 14 591 593 592
842 2 2 11 14 591 885 593
843 2 2 11 14 883 885 591
844 2 2 11 14 593 594 592
845 2 2 11 14 593 595 594
846 2 2 11 14 593 887 595
847 2 2 11 14 885 887 593
848 2 2 11 14 595 596 594
849 2 2 11 14 596 675 594
850 2 2 11 14 595 597 596
851 2 2 11 14 595 888 597
852 2 2 11 14 887 888 595
853 2 2 11 14 597 598 596
854 2 2 11 14 597 599 598
855 2 2 11 14 597 889 599
856 2 2 11 14 888 889 597
857 2 2 11 14 599 600 598
858 2 2 11 14 600 764 598
859 2 2 11 14 599 601 600
860 2 2 11 14 599 891 601
861 2 2 11 14 889 891 599
862 2 2 11 14 601 602 600
863 2 2 11 14 601 603 602
864 2 2 11 14 601 890 603
865 2 2 11 14 601 891 890
866 2 2 11 14 603 604 602
867 2 2 11 14 604 678 602
868 2 2 11 14 603 605 604
869 2 2 11 14 603 892 605
870 2 2 11 14 890 892 603
871 2 2 11 14 605 606 604
872 2 2 11 14 605 607 606
873 2 2 11 14 605 893 607
874 2 2 11 14 892 893 605
875 2 2 11 14 607 608 606
876 2 2 11 14 608 677 606
877 2 2 11 14 607 609 608
878 2 2 11 14 607 894 609
879 2 2 11 14 893 894 607
880 2 2 11 14 609 610 608
881 2 2 11 14 609 611 610
882 2 2 11 14 609 900 611
883 2 2 11 14 894 900 609
884 2 2 11 14 611 612 610
885 2 2 11 14 612 746 610
886 2 2 11 14 611 613 612
887 2 2 11 14 611 898 613
888 2 2 11 14 611 900 898
889 2 2 11 14 613 614 612
890 2 2 11 14 613 615 614
891 2 2 11 14 613 895 615
892 2 2 11 14 613 898 895
893 2 2 11 14 615 616 614
894 2 2 11 14 616 681 614
895 2 2 11 14 615 617 616
896 2 2 11 14 615 899 617
897 2 2 11 14 895 899 615
898 2 2 11 14 617 618 616
899 2 2 11 14 617 619 618
900 2 2 11 14 617 897 619
901 2 2 11 14 617 899 897
902 2 2 11 14 619 620 618
903 2 2 11 14 620 680 618
904 2 2 11 14 619 621 620
905 2 2 11 14 619 901 621
906 2 2 11 14 897 901 619
907 2 2 11 14 621 622 620
908 2 2 11 14 621 623 622
909 2 2 11 14 621 902 623
910 2 2 11 14 901 902 621
911 2 2 11 14 623 624 622
912 2 2 11 14 624 750 622
913 2 2 11 14 623 625 624
914 2 2 11 14 623 904 625
915 2 2 11 14 902 904 623
916 2 2 11 14 625 626 624
917 2 2 11 14 625 627 626
918 2 2 11 14 625 906 627
919 2 2 11 14 904 906 625
920 2 2 11 14 627 628 626
921 2 2 11 14 628 676 626
922 2 2 11 14 627 629 628
923 2 2 11 14 627 909 629
924 2 2 11 14 906 909 627
925 2 2 11 14 629 630 628
926 2 2 11 14 629 631 630
927 2 2 11 14 629 908 631
928 2 2 11 14 629 909 908
929 2 2 11 14 631 632 630
930 2 2 11 14 632 747 630
931 2 2 11 14 631 633 632
932 2 2 11 14 631 914 633
933 2 2 11 14 908 914 631
934 2 2 11 14 633 634 632
935 2 2 11 14 633 635 634
936 2 2 11 14 633 911 635
937 2 2 11 14 633 914 911
938 2 2 11 14 635 636 634
939 2 2 11 14 636 743 634
940 2 2 11 14 635 637 636
941 2 2 11 14 635 912 637
942 2 2 11 14 911 912 635
943 2 2 11 14 637 638 636
944 2 2 11 14 637 639 638
945 2 2 11 14 637 913 639
946 2 2 11 14 912 913 637
947 2 2 11 14 639 640 638
948 2 2 11 14 640 685 638
949 2 2 11 14 639 641 640
950 2 2 11 14 639 910 641
951 2 2 11 14 639 913 910
952 2 2 11 14 641 642 640
953 2 2 11 14 641 643 642
954 2 2 11 14 641 907 643
955 2 2 11 14 641 910 907
956 2 2 11 14 643 644 642
957 2 2 11 14 644 702 642
958 2 2 11 14 643 645 644
959 2 2 11 14 643 905 645
960 2 2 11 14 643 907 905
961 2 2 11 14 645 646 644
962 2 2 11 14 645 647 646
963 2 2 11 14 645 903 647
964 2 2 11 14 645 905 903
965 2 2 11 14 647 648 646
966 2 2 11 14 648 673 646
967 2 2 11 14 647 649 648
968 2 2 11 14 647 896 649
969 2 2 11 14 647 903 896
970 2 2 11 14 649 650 648
971 2 2 11 14 649 651 650
972 2 2 11 14 649 886 651
973 2 2 11 14 649 896 886
974 2 2 11 14 651 652 650
975 2 2 11 14 652 683 650
976 2 2 11 14 651 653 652
977 2 2 11 14 651 884 653
978 2 2 11 14 651 886 884
979 2 2 11 14 653 654 652
980 2 2 11 14 653 655 654
981 2 2 11 14 653 879 655
982 2 2 11 14 653 884 879
983 2 2 11 14 655 656 654
984 2 2 11 14 656 765 654
985 2 2 11 14 655 657 656
986 2 2 11 14 655 878 657
987 2 2 11 14 655 879 878
988 2 2 11 14 657 658 656
989 2 2 11 14 657 659 658
990 2 2 11 14 657 874 659
991 2 2 11 14 657 878 874
992 2 2 11 14 659 660 658
993 2 2 11 14 660 674 658
994 2 2 11 14 659 661 660
995 2 2 11 14 659 872 661
996 2 2 11 14 659 874 872
997 2 2 11 14 661 662 660
998 2 2 11 14 661 663 662
999 2 2 11 14 661 865 663
1000 2 2 11 14 661 872 865
1001 2 2 11 14 663 664 662
1002 2 2 11 14 664 763 662
1003 2 2 11 14 663 930 664
1004 2 2 11 14 663 865 834
1005 2 2 11 14 834 930 663
1006 2 2 11 14 667 669 666
1007 2 2 11 14 666 669 668
1008 2 2 11 14 667 670 669
1009 2 2 11 14 667 831 670
1010 2 2 11 14 815 831 667
1011 2 2 11 14 669 671 668
1012 2 2 11 14 671 916 668
1013 2 2 11 14 668 916 672
1014 2 2 11 14 670 833 669
1015 2 2 11 14 669 833 671
1016 2 2 11 14 670 831 708
1017 2 2 11 14 708 832 670
1018 2 2 11 14 832 833 670
1019 2 2 11 14 671 915 830
1020 2 2 11 14 830 916 671
1021 2 2 11 14 833 915 671
1022 2 2 11 14 672 916 866
1023 2 2 11 14 687 745 686
1024 2 2 11 14 688 689 687
1025 2 2 11 14 689 691 687
1026 2 2 11 14 691 745 687
1027 2 2 11 14 688 690 689
1028 2 2 11 14 688 692 690
1029 2 2 11 14 688 770 692
1030 2 2 11 14 690 858 689
1031 2 2 11 14 689 857 691
1032 2 2 11 14 689 858 857
1033 2 2 11 14 692 693 690
1034 2 2 11 14 693 859 690
1035 2 2 11 14 690 859 858
1036 2 2 11 14 701 745 691
1037 2 2 11 14 691 856 701
1038 2 2 11 14 691 857 856
1039 2 2 11 14 692 713 693
1040 2 2 11 14 693 713 712
1041 2 2 11 14 712 860 693
1042 2 2 11 14 693 860 859
1043 2 2 11 14 695 726 694
1044 2 2 11 14 696 697 695
1045 2 2 11 14 697 699 695
1046 2 2 11 14 699 726 695
1047 2 2 11 14 696 698 697
1048 2 2 11 14 696 700 698
1049 2 2 11 14 696 768 700
1050 2 2 11 14 698 854 697
1051 2 2 11 14 697 853 699
1052 2 2 11 14 697 854 853
1053 2 2 11 14 700 701 698
1054 2 2 11 14 701 855 698
1055 2 2 11 14 698 855 854
1056 2 2 11 14 725 726 699
1057 2 2 11 14 699 852 725
1058 2 2 11 14 699 853 852
1059 2 2 11 14 700 745 701
1060 2 2 11 14 701 856 855
1061 2 2 11 14 704 709 703
1062 2 2 11 14 705 706 704
1063 2 2 11 14 706 707 704
1064 2 2 11 14 707 709 704
1065 2 2 11 14 705 708 706
1066 2 2 11 14 705 832 708
1067 2 2 11 14 715 832 705
1068 2 2 11 14 706 863 707
1069 2 2 11 14 708 864 706
1070 2 2 11 14 706 864 863
1071 2 2 11 14 707 710 709
1072 2 2 11 14 707 861 710
1073 2 2 11 14 707 863 861
1074 2 2 11 14 831 864 708
1075 2 2 11 14 710 711 709
1076 2 2 11 14 710 712 711
1077 2 2 11 14 710 862 712
1078 2 2 11 14 861 862 710
1079 2 2 11 14 712 713 711
1080 2 2 11 14 713 714 711
1081 2 2 11 14 712 862 860
1082 2 2 11 14 716 724 717
1083 2 2 11 14 717 719 718
1084 2 2 11 14 717 720 719
1085 2 2 11 14 717 724 720
1086 2 2 11 14 719 721 718
1087 2 2 11 14 721 722 718
1088 2 2 11 14 722 777 718
1089 2 2 11 14 720 850 719
1090 2 2 11 14 719 849 721
1091 2 2 11 14 719 850 849
1092 2 2 11 14 724 725 720
1093 2 2 11 14 725 851 720
1094 2 2 11 14 720 851 850
1095 2 2 11 14 721 723 722
1096 2 2 11 14 721 848 723
1097 2 2 11 14 721 849 848
1098 2 2 11 14 723 735 722
1099 2 2 11 14 732 735 723
1100 2 2 11 14 723 847 732
1101 2 2 11 14 723 848 847
1102 2 2 11 14 724 726 725
1103 2 2 11 14 725 852 851
1104 2 2 11 14 727 735 728
1105 2 2 11 14 728 730 729
1106 2 2 11 14 728 732 730
1107 2 2 11 14 728 735 732
1108 2 2 11 14 730 731 729
1109 2 2 11 14 731 733 729
1110 2 2 11 14 733 775 729
1111 2 2 11 14 730 845 731
1112 2 2 11 14 732 846 730
1113 2 2 11 14 730 846 845
1114 2 2 11 14 731 734 733
1115 2 2 11 14 731 844 734
1116 2 2 11 14 731 845 844
1117 2 2 11 14 732 847 846
1118 2 2 11 14 734 742 733
1119 2 2 11 14 741 742 734
1120 2 2 11 14 734 843 741
1121 2 2 11 14 734 844 843
1122 2 2 11 14 737 760 736
1123 2 2 11 14 738 739 737
1124 2 2 11 14 739 740 737
1125 2 2 11 14 740 760 737
1126 2 2 11 14 738 741 739
1127 2 2 11 14 738 742 741
1128 2 2 11 14 738 767 742
1129 2 2 11 14 739 838 740
1130 2 2 11 14 741 841 739
1131 2 2 11 14 739 841 838
1132 2 2 11 14 759 760 740
1133 2 2 11 14 740 836 759
1134 2 2 11 14 740 838 836
1135 2 2 11 14 741 843 841
1136 2 2 11 14 752 758 753
1137 2 2 11 14 753 755 754
1138 2 2 11 14 753 756 755
1139 2 2 11 14 753 758 756
1140 2 2 11 14 755 757 754
1141 2 2 11 14 757 761 754
1142 2 2 11 14 761 783 754
1143 2 2 11 14 756 839 755
1144 2 2 11 14 755 840 757
1145 2 2 11 14 839 840 755
1146 2 2 11 14 758 759 756
1147 2 2 11 14 759 837 756
1148 2 2 11 14 837 839 756
1149 2 2 11 14 757 762 761
1150 2 2 11 14 757 842 762
1151 2 2 11 14 840 842 757
1152 2 2 11 14 758 760 759
1153 2 2 11 14 836 837 759
1154 2 2 11 14 762 774 761
1155 2 2 11 14 762 929 774
1156 2 2 11 14 762 842 835
1157 2 2 11 14 835 929 762
1158 2 2 11 14 766 840 839
1159 2 2 11 14 771 923 772
1160 2 2 11 14 774 823 773
1161 2 2 11 14 774 929 823
1162 2 2 11 14 776 837 836
1163 2 2 11 14 778 906 904
1164 2 2 11 14 779 913 912
1165 2 2 11 14 780 887 885
1166 2 2 11 14 835 842 781
1167 2 2 11 14 782 875 873
1168 2 2 11 14 879 884 784
1169 2 2 11 14 785 881 880
1170 2 2 11 14 786 902 901
1171 2 2 11 14 787 867 866
1172 2 2 11 14 865 872 788
1173 2 2 11 14 789 900 894
1174 2 2 11 14 874 878 790
1175 2 2 11 14 895 898 791
1176 2 2 11 14 886 896 792
1177 2 2 11 14 793 869 868
1178 2 2 11 14 822 834 794
1179 2 2 11 14 897 899 795
1180 2 2 11 14 797 893 892
1181 2 2 11 14 799 922 798
1182 2 2 11 14 800 877 876
1183 2 2 11 14 903 905 801
1184 2 2 11 14 802 871 870
1185 2 2 11 14 890 891 803
1186 2 2 11 14 804 889 888
1187 2 2 11 14 911 914 805
1188 2 2 11 14 806 883 882
1189 2 2 11 14 908 909 807
1190 2 2 11 14 853 854 808
1191 2 2 11 14 838 841 809
1192 2 2 11 14 863 864 810
1193 2 2 11 14 859 860 811
1194 2 2 11 14 847 848 812
1195 2 2 11 14 845 846 813
1196 2 2 11 14 814 862 861
1197 2 2 11 14 843 844 816
1198 2 2 11 14 855 856 817
1199 2 2 11 14 849 850 818
1200 2 2 11 14 851 852 819
1201 2 2 11 14 857 858 820
1202 2 2 11 14 907 910 821
1203 2 2 11 14 822 930 834
1204 2 2 11 14 925 929 835
1205 2 2 11 16 5 215 1432
1206 2 2 11 16 420 5 1432
1207 2 2 11 16 313 6 1430
1208 2 2 11 16 6 314 1430
1209 2 2 11 16 317 7 1429
1210 2 2 11 16 7 318 1429
1211 2 2 11 16 416 8 1431
1212 2 2 11 16 8 417 1431
1213 2 2 11 16 215 216 1032
1214 2 2 11 16 215 1032 1432
1215 2 2 11 16 216 217 1416
1216 2 2 11 16 1032 216 1416
1217 2 2 11 16 217 218 939
1218 2 2 11 16 217 939 1416
1219 2 2 11 16 218 219 1415
1220 2 2 11 16 939 218 1415
1221 2 2 11 16 219 220 942
1222 2 2 11 16 219 942 1415
1223 2 2 11 16 220 221 1326
1224 2 2 11 16 942 220 1326
1225 2 2 11 16 221 222 944
1226 2 2 11 16 221 944 1326
1227 2 2 11 16 222 223 1279
1228 2 2 11 16 944 222 1279
1229 2 2 11 16 223 224 945
1230 2 2 11 16 223 945 1279
1231 2 2 11 16 224 225 1264
1232 2 2 11 16 945 224 1264
1233 2 2 11 16 225 226 940
1234 2 2 11 16 225 940 1264
1235 2 2 11 16 226 227 1274
1236 2 2 11 16 940 226 1274
1237 2 2 11 16 227 228 935
1238 2 2 11 16 227 935 1274
1239 2 2 11 16 228 229 1307
1240 2 2 11 16 935 228 1307
1241 2 2 11 16 229 230 936
1242 2 2 11 16 229 936 1307
1243 2 2 11 16 230 231 1314
1244 2 2 11 16 936 230 1314
1245 2 2 11 16 231 232 937
1246 2 2 11 16 231 937 1314
1247 2 2 11 16 232 233 1311
1248 2 2 11 16 937 232 1311
1249 2 2 11 16 233 234 938
1250 2 2 11 16 233 938 1311
1251 2 2 11 16 234 235 1310
1252 2 2 11 16 938 234 1310
1253 2 2 11 16 235 236 941
1254 2 2 11 16 235 941 1310
1255 2 2 11 16 236 237 1316
1256 2 2 11 16 941 236 1316
1257 2 2 11 16 237 238 943
1258 2 2 11 16 237 943 1316
1259 2 2 11 16 238 239 1317
1260 2 2 11 16 943 238 1317
1261 2 2 11 16 239 240 946
1262 2 2 11 16 239 946 1317
1263 2 2 11 16 240 241 1306
1264 2 2 11 16 946 240 1306
1265 2 2 11 16 241 242 947
1266 2 2 11 16 241 947 1306
1267 2 2 11 16 242 243 1315
1268 2 2 11 16 947 242 1315
1269 2 2 11 16 243 244 948
1270 2 2 11 16 243 948 1315
1271 2 2 11 16 244 245 1318
1272 2 2 11 16 948 244 1318
1273 2 2 11 16 245 246 950
1274 2 2 11 16 245 950 1318
1275 2 2 11 16 246 247 1309
1276 2 2 11 16 950 246 1309
1277 2 2 11 16 247 248 952
1278 2 2 11 16 247 952 1309
1279 2 2 11 16 248 249 1312
1280 2 2 11 16 952 248 1312
1281 2 2 11 16 249 250 955
1282 2 2 11 16 249 955 1312
1283 2 2 11 16 250 251 1308
1284 2 2 11 16 955 250 1308
1285 2 2 11 16 251 252 958
1286 2 2 11 16 251 958 1308
1287 2 2 11 16 252 253 1313
1288 2 2 11 16 958 252 1313
1289 2 2 11 16 253 254 962
1290 2 2 11 16 253 962 1313
1291 2 2 11 16 254 255 1163
1292 2 2 11 16 962 254 1163
1293 2 2 11 16 255 256 1060
1294 2 2 11 16 255 1060 1163
1295 2 2 11 16 256 257 1029
1296 2 2 11 16 256 1029 1060
1297 2 2 11 16 257 258 1249
1298 2 2 11 16 1029 257 1249
1299 2 2 11 16 258 259 1028
1300 2 2 11 16 258 1028 1249
1301 2 2 11 16 259 260 1242
1302 2 2 11 16 1028 259 1242
1303 2 2 11 16 260 261 1027
1304 2 2 11 16 260 1027 1242
1305 2 2 11 16 261 262 1177
1306 2 2 11 16 1027 261 1177
1307 2 2 11 16 262 263 1026
1308 2 2 11 16 262 1026 1177
1309 2 2 11 16 263 264 1246
1310 2 2 11 16 1026 263 1246
1311 2 2 11 16 264 265 1025
1312 2 2 11 16 264 1025 1246
1313 2 2 11 16 265 266 1180
1314 2 2 11 16 1025 265 1180
1315 2 2 11 16 266 267 1024
1316 2 2 11 16 266 1024 1180
1317 2 2 11 16 267 268 1182
1318 2 2 11 16 1024 267 1182
1319 2 2 11 16 268 269 1023
1320 2 2 11 16 268 1023 1182
1321 2 2 11 16 269 270 1247
1322 2 2 11 16 1023 269 1247
1323 2 2 11 16 270 271 1021
1324 2 2 11 16 270 1021 1247
1325 2 2 11 16 271 272 1173
1326 2 2 11 16 1021 271 1173
1327 2 2 11 16 272 273 1020
1328 2 2 11 16 272 1020 1173
1329 2 2 11 16 273 274 1262
1330 2 2 11 16 1020 273 1262
1331 2 2 11 16 274 275 1018
1332 2 2 11 16 274 1018 1262
1333 2 2 11 16 275 276 1176
1334 2 2 11 16 1018 275 1176
1335 2 2 11 16 276 277 1017
1336 2 2 11 16 276 1017 1176
1337 2 2 11 16 277 278 1175
1338 2 2 11 16 1017 277 1175
1339 2 2 11 16 278 279 1015
1340 2 2 11 16 278 1015 1175
1341 2 2 11 16 279 280 1244
1342 2 2 11 16 1015 279 1244
1343 2 2 11 16 280 281 1014
1344 2 2 11 16 280 1014 1244
1345 2 2 11 16 281 282 1179
1346 2 2 11 16 1014 281 1179
1347 2 2 11 16 282 283 1012
1348 2 2 11 16 282 1012 1179
1349 2 2 11 16 283 284 1178
1350 2 2 11 16 1012 283 1178
1351 2 2 11 16 284 285 1011
1352 2 2 11 16 284 1011 1178
1353 2 2 11 16 285 286 1248
1354 2 2 11 16 1011 285 1248
1355 2 2 11 16 286 287 1009
1356 2 2 11 16 286 1009 1248
1357 2 2 11 16 287 288 1174
1358 2 2 11 16 1009 287 1174
1359 2 2 11 16 288 289 1008
1360 2 2 11 16 288 1008 1174
1361 2 2 11 16 289 290 1245
1362 2 2 11 16 1008 289 1245
1363 2 2 11 16 290 291 1006
1364 2 2 11 16 290 1006 1245
1365 2 2 11 16 291 292 1241
1366 2 2 11 16 1006 291 1241
1367 2 2 11 16 292 293 1005
1368 2 2 11 16 292 1005 1241
1369 2 2 11 16 293 294 1183
1370 2 2 11 16 1005 293 1183
1371 2 2 11 16 294 295 1003
1372 2 2 11 16 294 1003 1183
1373 2 2 11 16 295 296 1200
1374 2 2 11 16 1003 295 1200
1375 2 2 11 16 296 297 1002
1376 2 2 11 16 296 1002 1200
1377 2 2 11 16 297 298 1171
1378 2 2 11 16 1002 297 1171
1379 2 2 11 16 298 299 1000
1380 2 2 11 16 298 1000 1171
1381 2 2 11 16 299 300 1181
1382 2 2 11 16 1000 299 1181
1383 2 2 11 16 300 301 999
1384 2 2 11 16 300 999 1181
1385 2 2 11 16 301 302 1263
1386 2 2 11 16 999 301 1263
1387 2 2 11 16 302 303 997
1388 2 2 11 16 302 997 1263
1389 2 2 11 16 303 304 1172
1390 2 2 11 16 997 303 1172
1391 2 2 11 16 304 305 996
1392 2 2 11 16 304 996 1172
1393 2 2 11 16 305 306 1261
1394 2 2 11 16 996 305 1261
1395 2 2 11 16 306 307 994
1396 2 2 11 16 306 994 1261
1397 2 2 11 16 307 308 1327
1398 2 2 11 16 994 307 1327
1399 2 2 11 16 308 309 993
1400 2 2 11 16 308 993 1327
1401 2 2 11 16 309 310 1422
1402 2 2 11 16 993 309 1422
1403 2 2 11 16 310 311 991
1404 2 2 11 16 310 991 1422
1405 2 2 11 16 311 312 1417
1406 2 2 11 16 991 311 1417
1407 2 2 11 16 312 313 1033
1408 2 2 11 16 312 1033 1417
1409 2 2 11 16 1033 313 1430
1410 2 2 11 16 314 315 1325
1411 2 2 11 16 314 1325 1430
1412 2 2 11 16 315 316 1030
1413 2 2 11 16 315 1030 1325
1414 2 2 11 16 316 317 1034
1415 2 2 11 16 1030 316 1034
1416 2 2 11 16 1034 317 1429
1417 2 2 11 16 318 319 1323
1418 2 2 11 16 318 1323 1429
1419 2 2 11 16 319 320 949
1420 2 2 11 16 319 949 1323
1421 2 2 11 16 320 321 1294
1422 2 2 11 16 949 320 1294
1423 2 2 11 16 321 322 951
1424 2 2 11 16 321 951 1294
1425 2 2 11 16 322 323 1296
1426 2 2 11 16 951 322 1296
1427 2 2 11 16 323 324 953
1428 2 2 11 16 323 953 1296
1429 2 2 11 16 324 325 1292
1430 2 2 11 16 953 324 1292
1431 2 2 11 16 325 326 954
1432 2 2 11 16 325 954 1292
1433 2 2 11 16 326 327 1286
1434 2 2 11 16 954 326 1286
1435 2 2 11 16 327 328 956
1436 2 2 11 16 327 956 1286
1437 2 2 11 16 328 329 1288
1438 2 2 11 16 956 328 1288
1439 2 2 11 16 329 330 957
1440 2 2 11 16 329 957 1288
1441 2 2 11 16 330 331 1282
1442 2 2 11 16 957 330 1282
1443 2 2 11 16 331 332 959
1444 2 2 11 16 331 959 1282
1445 2 2 11 16 332 333 1290
1446 2 2 11 16 959 332 1290
1447 2 2 11 16 333 334 960
1448 2 2 11 16 333 960 1290
1449 2 2 11 16 334 335 1299
1450 2 2 11 16 960 334 1299
1451 2 2 11 16 335 336 961
1452 2 2 11 16 335 961 1299
1453 2 2 11 16 336 337 1319
1454 2 2 11 16 961 336 1319
1455 2 2 11 16 337 338 963
1456 2 2 11 16 337 963 1319
1457 2 2 11 16 338 339 1277
1458 2 2 11 16 963 338 1277
1459 2 2 11 16 339 340 964
1460 2 2 11 16 339 964 1277
1461 2 2 11 16 340 341 1303
1462 2 2 11 16 964 340 1303
1463 2 2 11 16 341 342 965
1464 2 2 11 16 341 965 1303
1465 2 2 11 16 342 343 1305
1466 2 2 11 16 965 342 1305
1467 2 2 11 16 343 344 966
1468 2 2 11 16 343 966 1305
1469 2 2 11 16 344 345 1276
1470 2 2 11 16 966 344 1276
1471 2 2 11 16 345 346 967
1472 2 2 11 16 345 967 1276
1473 2 2 11 16 346 347 1284
1474 2 2 11 16 967 346 1284
1475 2 2 11 16 347 348 968
1476 2 2 11 16 347 968 1284
1477 2 2 11 16 348 349 1293
1478 2 2 11 16 968 348 1293
1479 2 2 11 16 349 350 969
1480 2 2 11 16 349 969 1293
1481 2 2 11 16 350 351 1289
1482 2 2 11 16 969 350 1289
1483 2 2 11 16 351 352 970
1484 2 2 11 16 351 970 1289
1485 2 2 11 16 352 353 1287
1486 2 2 11 16 970 352 1287
1487 2 2 11 16 353 354 971
1488 2 2 11 16 353 971 1287
1489 2 2 11 16 354 355 1295
1490 2 2 11 16 971 354 1295
1491 2 2 11 16 355 356 972
1492 2 2 11 16 355 972 1295
1493 2 2 11 16 356 357 1301
1494 2 2 11 16 972 356 1301
1495 2 2 11 16 357 358 973
1496 2 2 11 16 357 973 1301
1497 2 2 11 16 358 359 1302
1498 2 2 11 16 973 358 1302
1499 2 2 11 16 359 360 974
1500 2 2 11 16 359 974 1302
1501 2 2 11 16 360 361 1278
1502 2 2 11 16 974 360 1278
1503 2 2 11 16 361 362 975
1504 2 2 11 16 361 975 1278
1505 2 2 11 16 362 363 1304
1506 2 2 11 16 975 362 1304
1507 2 2 11 16 363 364 976
1508 2 2 11 16 363 976 1304
1509 2 2 11 16 364 365 1283
1510 2 2 11 16 976 364 1283
1511 2 2 11 16 365 366 977
1512 2 2 11 16 365 977 1283
1513 2 2 11 16 366 367 1298
1514 2 2 11 16 977 366 1298
1515 2 2 11 16 367 368 978
1516 2 2 11 16 367 978 1298
1517 2 2 11 16 368 369 1280
1518 2 2 11 16 978 368 1280
1519 2 2 11 16 369 370 979
1520 2 2 11 16 369 979 1280
1521 2 2 11 16 370 371 1300
1522 2 2 11 16 979 370 1300
1523 2 2 11 16 371 372 980
1524 2 2 11 16 371 980 1300
1525 2 2 11 16 372 373 1291
1526 2 2 11 16 980 372 1291
1527 2 2 11 16 373 374 981
1528 2 2 11 16 373 981 1291
1529 2 2 11 16 374 375 1285
1530 2 2 11 16 981 374 1285
1531 2 2 11 16 375 376 982
1532 2 2 11 16 375 982 1285
1533 2 2 11 16 376 377 1328
1534 2 2 11 16 982 376 1328
1535 2 2 11 16 377 378 1413
1536 2 2 11 16 1328 377 1413
1537 2 2 11 16 378 379 1022
1538 2 2 11 16 378 1022 1413
1539 2 2 11 16 379 380 1213
1540 2 2 11 16 1022 379 1213
1541 2 2 11 16 380 381 1019
1542 2 2 11 16 380 1019 1213
1543 2 2 11 16 381 382 1201
1544 2 2 11 16 1019 381 1201
1545 2 2 11 16 382 383 1016
1546 2 2 11 16 382 1016 1201
1547 2 2 11 16 383 384 1212
1548 2 2 11 16 1016 383 1212
1549 2 2 11 16 384 385 1013
1550 2 2 11 16 384 1013 1212
1551 2 2 11 16 385 386 1268
1552 2 2 11 16 1013 385 1268
1553 2 2 11 16 386 387 1010
1554 2 2 11 16 386 1010 1268
1555 2 2 11 16 387 388 1184
1556 2 2 11 16 1010 387 1184
1557 2 2 11 16 388 389 1007
1558 2 2 11 16 388 1007 1184
1559 2 2 11 16 389 390 1265
1560 2 2 11 16 1007 389 1265
1561 2 2 11 16 390 391 1004
1562 2 2 11 16 390 1004 1265
1563 2 2 11 16 391 392 1192
1564 2 2 11 16 1004 391 1192
1565 2 2 11 16 392 393 1001
1566 2 2 11 16 392 1001 1192
1567 2 2 11 16 393 394 1214
1568 2 2 11 16 1001 393 1214
1569 2 2 11 16 394 395 998
1570 2 2 11 16 394 998 1214
1571 2 2 11 16 395 396 1275
1572 2 2 11 16 998 395 1275
1573 2 2 11 16 396 397 995
1574 2 2 11 16 396 995 1275
1575 2 2 11 16 397 398 1233
1576 2 2 11 16 995 397 1233
1577 2 2 11 16 398 399 992
1578 2 2 11 16 398 992 1233
1579 2 2 11 16 399 400 1273
1580 2 2 11 16 992 399 1273
1581 2 2 11 16 400 401 990
1582 2 2 11 16 400 990 1273
1583 2 2 11 16 401 402 1267
1584 2 2 11 16 990 401 1267
1585 2 2 11 16 402 403 989
1586 2 2 11 16 402 989 1267
1587 2 2 11 16 403 404 1225
1588 2 2 11 16 989 403 1225
1589 2 2 11 16 404 405 984
1590 2 2 11 16 404 984 1225
1591 2 2 11 16 405 406 1250
1592 2 2 11 16 984 405 1250
1593 2 2 11 16 406 407 986
1594 2 2 11 16 406 986 1250
1595 2 2 11 16 407 408 1281
1596 2 2 11 16 986 407 1281
1597 2 2 11 16 408 409 988
1598 2 2 11 16 408 988 1281
1599 2 2 11 16 409 410 1271
1600 2 2 11 16 988 409 1271
1601 2 2 11 16 410 411 987
1602 2 2 11 16 410 987 1271
1603 2 2 11 16 411 412 1269
1604 2 2 11 16 987 411 1269
1605 2 2 11 16 412 413 985
1606 2 2 11 16 412 985 1269
1607 2 2 11 16 413 414 1266
1608 2 2 11 16 985 413 1266
1609 2 2 11 16 414 415 983
1610 2 2 11 16 414 983 1266
1611 2 2 11 16 415 416 1324
1612 2 2 11 16 983 415 1324
1613 2 2 11 16 1324 416 1431
1614 2 2 11 16 417 418 1047
1615 2 2 11 16 417 1047 1431
1616 2 2 11 16 418 419 1031
1617 2 2 11 16 418 1031 1047
1618 2 2 11 16 419 420 1322
1619 2 2 11 16 1031 419 1322
1620 2 2 11 16 1322 420 1432
1621 2 2 11 16 1274 935 1334
1622 2 2 11 16 935 1307 1336
1623 2 2 11 16 1334 935 1336
1624 2 2 11 16 1307 936 1339
1625 2 2 11 16 936 1314 1341
1626 2 2 11 16 1339 936 1341
1627 2 2 11 16 937 1311 1343
1628 2 2 11 16 1314 937 1342
1629 2 2 11 16 1342 937 1343
1630 2 2 11 16 938 1310 1345
1631 2 2 11 16 1311 938 1344
1632 2 2 11 16 1344 938 1345
1633 2 2 11 16 1051 939 1052
1634 2 2 11 16 939 1051 1416
1635 2 2 11 16 1052 939 1055
1636 2 2 11 16 1055 939 1415
1637 2 2 11 16 1264 940 1337
1638 2 2 11 16 940 1274 1335
1639 2 2 11 16 940 1335 1337
1640 2 2 11 16 1310 941 1346
1641 2 2 11 16 941 1316 1347
1642 2 2 11 16 1346 941 1347
1643 2 2 11 16 1055 942 1056
1644 2 2 11 16 942 1055 1415
1645 2 2 11 16 1056 942 1057
1646 2 2 11 16 1057 942 1326
1647 2 2 11 16 1316 943 1348
1648 2 2 11 16 943 1317 1349
1649 2 2 11 16 1348 943 1349
1650 2 2 11 16 944 1279 1333
1651 2 2 11 16 1326 944 1423
1652 2 2 11 16 944 1333 1423
1653 2 2 11 16 945 1264 1338
1654 2 2 11 16 1279 945 1340
1655 2 2 11 16 945 1338 1340
1656 2 2 11 16 946 1306 1351
1657 2 2 11 16 1317 946 1350
1658 2 2 11 16 1350 946 1351
1659 2 2 11 16 1306 947 1352
1660 2 2 11 16 947 1315 1353
1661 2 2 11 16 1352 947 1353
1662 2 2 11 16 1315 948 1354
1663 2 2 11 16 948 1318 1355
1664 2 2 11 16 1354 948 1355
1665 2 2 11 16 949 1035 1323
1666 2 2 11 16 1035 949 1418
1667 2 2 11 16 949 1294 1418
1668 2 2 11 16 950 1309 1357
1669 2 2 11 16 1318 950 1356
1670 2 2 11 16 1356 950 1357
1671 2 2 11 16 1294 951 1424
1672 2 2 11 16 951 1296 1297
1673 2 2 11 16 951 1297 1424
1674 2 2 11 16 1309 952 1358
1675 2 2 11 16 952 1312 1360
1676 2 2 11 16 1358 952 1360
1677 2 2 11 16 953 1292 1320
1678 2 2 11 16 1296 953 1420
1679 2 2 11 16 953 1320 1420
1680 2 2 11 16 954 1286 1363
1681 2 2 11 16 1292 954 1332
1682 2 2 11 16 1332 954 1363
1683 2 2 11 16 955 1308 1361
1684 2 2 11 16 1312 955 1359
1685 2 2 11 16 1359 955 1361
1686 2 2 11 16 1286 956 1370
1687 2 2 11 16 956 1288 1372
1688 2 2 11 16 1370 956 1372
1689 2 2 11 16 957 1282 1377
1690 2 2 11 16 1288 957 1376
1691 2 2 11 16 1376 957 1377
1692 2 2 11 16 1308 958 1362
1693 2 2 11 16 958 1313 1329
1694 2 2 11 16 958 1329 1362
1695 2 2 11 16 1282 959 1382
1696 2 2 11 16 959 1290 1384
1697 2 2 11 16 1382 959 1384
1698 2 2 11 16 1290 960 1394
1699 2 2 11 16 960 1299 1401
1700 2 2 11 16 1394 960 1401
1701 2 2 11 16 1299 961 1403
1702 2 2 11 16 961 1319 1405
1703 2 2 11 16 1403 961 1405
1704 2 2 11 16 962 1163 1164
1705 2 2 11 16 962 1164 1165
1706 2 2 11 16 962 1165 1313
1707 2 2 11 16 963 1277 1411
1708 2 2 11 16 1319 963 1408
1709 2 2 11 16 1408 963 1411
1710 2 2 11 16 1277 964 1410
1711 2 2 11 16 964 1303 1409
1712 2 2 11 16 964 1409 1410
1713 2 2 11 16 1303 965 1412
1714 2 2 11 16 965 1305 1406
1715 2 2 11 16 965 1406 1412
1716 2 2 11 16 966 1276 1404
1717 2 2 11 16 1305 966 1407
1718 2 2 11 16 966 1404 1407
1719 2 2 11 16 1276 967 1402
1720 2 2 11 16 967 1284 1400
1721 2 2 11 16 967 1400 1402
1722 2 2 11 16 1284 968 1399
1723 2 2 11 16 968 1293 1395
1724 2 2 11 16 968 1395 1399
1725 2 2 11 16 969 1289 1393
1726 2 2 11 16 1293 969 1397
1727 2 2 11 16 969 1393 1397
1728 2 2 11 16 970 1287 1398
1729 2 2 11 16 1289 970 1396
1730 2 2 11 16 1396 970 1398
1731 2 2 11 16 1287 971 1392
1732 2 2 11 16 971 1295 1391
1733 2 2 11 16 971 1391 1392
1734 2 2 11 16 1295 972 1390
1735 2 2 11 16 972 1301 1388
1736 2 2 11 16 972 1388 1390
1737 2 2 11 16 1301 973 1389
1738 2 2 11 16 973 1302 1387
1739 2 2 11 16 973 1387 1389
1740 2 2 11 16 974 1278 1385
1741 2 2 11 16 1302 974 1386
1742 2 2 11 16 974 1385 1386
1743 2 2 11 16 1278 975 1383
1744 2 2 11 16 975 1304 1381
1745 2 2 11 16 975 1381 1383
1746 2 2 11 16 976 1283 1379
1747 2 2 11 16 1304 976 1380
1748 2 2 11 16 976 1379 1380
1749 2 2 11 16 1283 977 1378
1750 2 2 11 16 977 1298 1375
1751 2 2 11 16 977 1375 1378
1752 2 2 11 16 978 1280 1373
1753 2 2 11 16 1298 978 1374
1754 2 2 11 16 978 1373 1374
1755 2 2 11 16 1280 979 1371
1756 2 2 11 16 979 1300 1369
1757 2 2 11 16 979 1369 1371
1758 2 2 11 16 980 1291 1367
1759 2 2 11 16 1300 980 1368
1760 2 2 11 16 980 1367 1368
1761 2 2 11 16 981 1285 1365
1762 2 2 11 16 1291 981 1366
1763 2 2 11 16 981 1365 1366
1764 2 2 11 16 1285 982 1364
1765 2 2 11 16 982 1328 1414
1766 2 2 11 16 1364 982 1414
1767 2 2 11 16 1048 983 1324
1768 2 2 11 16 983 1048 1419
1769 2 2 11 16 1266 983 1419
1770 2 2 11 16 1225 984 1258
1771 2 2 11 16 984 1250 1256
1772 2 2 11 16 984 1256 1258
1773 2 2 11 16 985 1266 1425
1774 2 2 11 16 1269 985 1270
1775 2 2 11 16 1270 985 1425
1776 2 2 11 16 1250 986 1251
1777 2 2 11 16 1251 986 1252
1778 2 2 11 16 1252 986 1281
1779 2 2 11 16 987 1269 1421
1780 2 2 11 16 1271 987 1321
1781 2 2 11 16 1321 987 1421
1782 2 2 11 16 1259 988 1272
1783 2 2 11 16 988 1259 1281
1784 2 2 11 16 988 1271 1272
1785 2 2 11 16 989 1225 1226
1786 2 2 11 16 989 1226 1227
1787 2 2 11 16 989 1227 1267
1788 2 2 11 16 990 1231 1239
1789 2 2 11 16 1231 990 1267
1790 2 2 11 16 990 1239 1273
1791 2 2 11 16 991 1038 1039
1792 2 2 11 16 1038 991 1417
1793 2 2 11 16 991 1039 1042
1794 2 2 11 16 991 1042 1422
1795 2 2 11 16 1233 992 1234
1796 2 2 11 16 1234 992 1235
1797 2 2 11 16 1235 992 1273
1798 2 2 11 16 993 1042 1043
1799 2 2 11 16 1042 993 1422
1800 2 2 11 16 993 1043 1044
1801 2 2 11 16 993 1044 1327
1802 2 2 11 16 994 1162 1261
1803 2 2 11 16 1162 994 1426
1804 2 2 11 16 994 1327 1426
1805 2 2 11 16 1220 995 1240
1806 2 2 11 16 995 1220 1275
1807 2 2 11 16 995 1233 1240
1808 2 2 11 16 1158 996 1160
1809 2 2 11 16 996 1158 1172
1810 2 2 11 16 1160 996 1261
1811 2 2 11 16 1154 997 1156
1812 2 2 11 16 997 1154 1263
1813 2 2 11 16 1156 997 1172
1814 2 2 11 16 1214 998 1215
1815 2 2 11 16 1215 998 1216
1816 2 2 11 16 1216 998 1275
1817 2 2 11 16 1150 999 1152
1818 2 2 11 16 999 1150 1181
1819 2 2 11 16 1152 999 1263
1820 2 2 11 16 1146 1000 1148
1821 2 2 11 16 1000 1146 1171
1822 2 2 11 16 1148 1000 1181
1823 2 2 11 16 1192 1001 1224
1824 2 2 11 16 1001 1214 1222
1825 2 2 11 16 1001 1222 1224
1826 2 2 11 16 1142 1002 1144
1827 2 2 11 16 1002 1142 1200
1828 2 2 11 16 1144 1002 1171
1829 2 2 11 16 1138 1003 1140
1830 2 2 11 16 1003 1138 1183
1831 2 2 11 16 1140 1003 1200
1832 2 2 11 16 1004 1192 1193
1833 2 2 11 16 1004 1193 1194
1834 2 2 11 16 1004 1194 1265
1835 2 2 11 16 1134 1005 1136
1836 2 2 11 16 1005 1134 1241
1837 2 2 11 16 1136 1005 1183
1838 2 2 11 16 1130 1006 1132
1839 2 2 11 16 1006 1130 1245
1840 2 2 11 16 1132 1006 1241
1841 2 2 11 16 1184 1007 1243
1842 2 2 11 16 1007 1198 1243
1843 2 2 11 16 1198 1007 1265
1844 2 2 11 16 1126 1008 1128
1845 2 2 11 16 1008 1126 1174
1846 2 2 11 16 1128 1008 1245
1847 2 2 11 16 1122 1009 1124
1848 2 2 11 16 1009 1122 1248
1849 2 2 11 16 1124 1009 1174
1850 2 2 11 16 1010 1184 1185
1851 2 2 11 16 1010 1185 1186
1852 2 2 11 16 1010 1186 1268
1853 2 2 11 16 1118 1011 1120
1854 2 2 11 16 1011 1118 1178
1855 2 2 11 16 1120 1011 1248
1856 2 2 11 16 1114 1012 1116
1857 2 2 11 16 1012 1114 1179
1858 2 2 11 16 1116 1012 1178
1859 2 2 11 16 1013 1190 1211
1860 2 2 11 16 1190 1013 1268
1861 2 2 11 16 1013 1211 1212
1862 2 2 11 16 1110 1014 1112
1863 2 2 11 16 1014 1110 1244
1864 2 2 11 16 1112 1014 1179
1865 2 2 11 16 1106 1015 1108
1866 2 2 11 16 1015 1106 1175
1867 2 2 11 16 1108 1015 1244
1868 2 2 11 16 1201 1016 1207
1869 2 2 11 16 1207 1016 1209
1870 2 2 11 16 1209 1016 1212
1871 2 2 11 16 1102 1017 1104
1872 2 2 11 16 1017 1102 1176
1873 2 2 11 16 1104 1017 1175
1874 2 2 11 16 1098 1018 1100
1875 2 2 11 16 1018 1098 1262
1876 2 2 11 16 1100 1018 1176
1877 2 2 11 16 1019 1201 1202
1878 2 2 11 16 1019 1202 1203
1879 2 2 11 16 1019 1203 1213
1880 2 2 11 16 1094 1020 1096
1881 2 2 11 16 1020 1094 1173
1882 2 2 11 16 1096 1020 1262
1883 2 2 11 16 1090 1021 1092
1884 2 2 11 16 1021 1090 1247
1885 2 2 11 16 1092 1021 1173
1886 2 2 11 16 1022 1213 1330
1887 2 2 11 16 1022 1330 1331
1888 2 2 11 16 1022 1331 1413
1889 2 2 11 16 1086 1023 1088
1890 2 2 11 16 1023 1086 1182
1891 2 2 11 16 1088 1023 1247
1892 2 2 11 16 1082 1024 1084
1893 2 2 11 16 1024 1082 1180
1894 2 2 11 16 1084 1024 1182
1895 2 2 11 16 1078 1025 1080
1896 2 2 11 16 1025 1078 1246
1897 2 2 11 16 1080 1025 1180
1898 2 2 11 16 1074 1026 1076
1899 2 2 11 16 1026 1074 1177
1900 2 2 11 16 1076 1026 1246
1901 2 2 11 16 1070 1027 1072
1902 2 2 11 16 1027 1070 1242
1903 2 2 11 16 1072 1027 1177
1904 2 2 11 16 1066 1028 1068
1905 2 2 11 16 1028 1066 1249
1906 2 2 11 16 1068 1028 1242
1907 2 2 11 16 1060 1029 1061
1908 2 2 11 16 1061 1029 1063
1909 2 2 11 16 1063 1029 1249
1910 2 2 11 16 1030 1034 1035
1911 2 2 11 16 1030 1035 1036
1912 2 2 11 16 1030 1036 1325
1913 2 2 11 16 1047 1031 1048
1914 2 2 11 16 1048 1031 1049
1915 2 2 11 16 1049 1031 1322
1916 2 2 11 16 1049 1032 1051
1917 2 2 11 16 1032 1049 1322
1918 2 2 11 16 1051 1032 1416
1919 2 2 11 16 1032 1322 1432
1920 2 2 11 16 1033 1036 1038
1921 2 2 11 16 1036 1033 1325
1922 2 2 11 16 1033 1038 1417
1923 2 2 11 16 1325 1033 1430
1924 2 2 11 16 1035 1034 1323
1925 2 2 11 16 1323 1034 1429
1926 2 2 11 16 1036 1035 1037
1927 2 2 11 16 1037 1035 1418
1928 2 2 11 16 1036 1037 1038
1929 2 2 11 16 1038 1037 1039
1930 2 2 11 16 1039 1037 1040
1931 2 2 11 16 1040 1037 1418
1932 2 2 11 16 1039 1040 1041
1933 2 2 11 16 1039 1041 1042
1934 2 2 11 16 1041 1040 1424
1935 2 2 11 16 1294 1040 1418
1936 2 2 11 16 1040 1294 1424
1937 2 2 11 16 1042 1041 1043
1938 2 2 11 16 1043 1041 1297
1939 2 2 11 16 1297 1041 1424
1940 2 2 11 16 1044 1043 1045
1941 2 2 11 16 1045 1043 1297
1942 2 2 11 16 1044 1045 1046
1943 2 2 11 16 1044 1046 1426
1944 2 2 11 16 1327 1044 1426
1945 2 2 11 16 1046 1045 1320
1946 2 2 11 16 1045 1297 1420
1947 2 2 11 16 1320 1045 1420
1948 2 2 11 16 1046 1162 1426
1949 2 2 11 16 1162 1046 1428
1950 2 2 11 16 1046 1320 1428
1951 2 2 11 16 1047 1048 1324
1952 2 2 11 16 1047 1324 1431
1953 2 2 11 16 1048 1049 1050
1954 2 2 11 16 1048 1050 1419
1955 2 2 11 16 1050 1049 1051
1956 2 2 11 16 1050 1051 1052
1957 2 2 11 16 1050 1052 1053
1958 2 2 11 16 1050 1053 1419
1959 2 2 11 16 1053 1052 1054
1960 2 2 11 16 1054 1052 1055
1961 2 2 11 16 1053 1054 1425
1962 2 2 11 16 1053 1266 1419
1963 2 2 11 16 1266 1053 1425
1964 2 2 11 16 1054 1055 1056
1965 2 2 11 16 1054 1056 1270
1966 2 2 11 16 1054 1270 1425
1967 2 2 11 16 1056 1057 1058
1968 2 2 11 16 1056 1058 1270
1969 2 2 11 16 1058 1057 1059
1970 2 2 11 16 1059 1057 1423
1971 2 2 11 16 1057 1326 1423
1972 2 2 11 16 1058 1059 1321
1973 2 2 11 16 1270 1058 1421
1974 2 2 11 16 1058 1321 1421
1975 2 2 11 16 1321 1059 1427
1976 2 2 11 16 1059 1423 1427
1977 2 2 11 16 1060 1061 1062
1978 2 2 11 16 1060 1062 1163
1979 2 2 11 16 1062 1061 1170
1980 2 2 11 16 1061 1063 1064
1981 2 2 11 16 1061 1064 1170
1982 2 2 11 16 1163 1062 1164
1983 2 2 11 16 1164 1062 1166
1984 2 2 11 16 1166 1062 1170
1985 2 2 11 16 1064 1063 1065
1986 2 2 11 16 1065 1063 1066
1987 2 2 11 16 1066 1063 1249
1988 2 2 11 16 1064 1065 1365
1989 2 2 11 16 1170 1064 1364
1990 2 2 11 16 1364 1064 1365
1991 2 2 11 16 1065 1066 1067
1992 2 2 11 16 1065 1067 1366
1993 2 2 11 16 1365 1065 1366
1994 2 2 11 16 1067 1066 1068
1995 2 2 11 16 1067 1068 1069
1996 2 2 11 16 1067 1069 1367
1997 2 2 11 16 1366 1067 1367
1998 2 2 11 16 1069 1068 1070
1999 2 2 11 16 1070 1068 1242
2000 2 2 11 16 1069 1070 1071
2001 2 2 11 16 1069 1071 1368
2002 2 2 11 16 1367 1069 1368
2003 2 2 11 16 1071 1070 1072
2004 2 2 11 16 1071 1072 1073
2005 2 2 11 16 1071 1073 1369
2006 2 2 11 16 1368 1071 1369
2007 2 2 11 16 1073 1072 1074
2008 2 2 11 16 1074 1072 1177
2009 2 2 11 16 1073 1074 1075
2010 2 2 11 16 1073 1075 1371
2011 2 2 11 16 1369 1073 1371
2012 2 2 11 16 1075 1074 1076
2013 2 2 11 16 1075 1076 1077
2014 2 2 11 16 1075 1077 1373
2015 2 2 11 16 1371 1075 1373
2016 2 2 11 16 1077 1076 1078
2017 2 2 11 16 1078 1076 1246
2018 2 2 11 16 1077 1078 1079
2019 2 2 11 16 1077 1079 1374
2020 2 2 11 16 1373 1077 1374
2021 2 2 11 16 1079 1078 1080
2022 2 2 11 16 1079 1080 1081
2023 2 2 11 16 1079 1081 1375
2024 2 2 11 16 1374 1079 1375
2025 2 2 11 16 1081 1080 1082
2026 2 2 11 16 1082 1080 1180
2027 2 2 11 16 1081 1082 1083
2028 2 2 11 16 1081 1083 1378
2029 2 2 11 16 1375 1081 1378
2030 2 2 11 16 1083 1082 1084
2031 2 2 11 16 1083 1084 1085
2032 2 2 11 16 1083 1085 1379
2033 2 2 11 16 1378 1083 1379
2034 2 2 11 16 1085 1084 1086
2035 2 2 11 16 1086 1084 1182
2036 2 2 11 16 1085 1086 1087
2037 2 2 11 16 1085 1087 1380
2038 2 2 11 16 1379 1085 1380
2039 2 2 11 16 1087 1086 1088
2040 2 2 11 16 1087 1088 1089
2041 2 2 11 16 1087 1089 1381
2042 2 2 11 16 1380 1087 1381
2043 2 2 11 16 1089 1088 1090
2044 2 2 11 16 1090 1088 1247
2045 2 2 11 16 1089 1090 1091
2046 2 2 11 16 1089 1091 1383
2047 2 2 11 16 1381 1089 1383
2048 2 2 11 16 1091 1090 1092
2049 2 2 11 16 1091 1092 1093
2050 2 2 11 16 1091 1093 1385
2051 2 2 11 16 1383 1091 1385
2052 2 2 11 16 1093 1092 1094
2053 2 2 11 16 1094 1092 1173
2054 2 2 11 16 1093 1094 1095
2055 2 2 11 16 1093 1095 1386
2056 2 2 11 16 1385 1093 1386
2057 2 2 11 16 1095 1094 1096
2058 2 2 11 16 1095 1096 1097
2059 2 2 11 16 1095 1097 1387
2060 2 2 11 16 1386 1095 1387
2061 2 2 11 16 1097 1096 1098
2062 2 2 11 16 1098 1096 1262
2063 2 2 11 16 1097 1098 1099
2064 2 2 11 16 1097 1099 1389
2065 2 2 11 16 1387 1097 1389
2066 2 2 11 16 1099 1098 1100
2067 2 2 11 16 1099 1100 1101
2068 2 2 11 16 1099 1101 1388
2069 2 2 11 16 1099 1388 1389
2070 2 2 11 16 1101 1100 1102
2071 2 2 11 16 1102 1100 1176
2072 2 2 11 16 1101 1102 1103
2073 2 2 11 16 1101 1103 1390
2074 2 2 11 16 1388 1101 1390
2075 2 2 11 16 1103 1102 1104
2076 2 2 11 16 1103 1104 1105
2077 2 2 11 16 1103 1105 1391
2078 2 2 11 16 1390 1103 1391
2079 2 2 11 16 1105 1104 1106
2080 2 2 11 16 1106 1104 1175
2081 2 2 11 16 1105 1106 1107
2082 2 2 11 16 1105 1107 1392
2083 2 2 11 16 1391 1105 1392
2084 2 2 11 16 1107 1106 1108
2085 2 2 11 16 1107 1108 1109
2086 2 2 11 16 1107 1109 1398
2087 2 2 11 16 1392 1107 1398
2088 2 2 11 16 1109 1108 1110
2089 2 2 11 16 1110 1108 1244
2090 2 2 11 16 1109 1110 1111
2091 2 2 11 16 1109 1111 1396
2092 2 2 11 16 1109 1396 1398
2093 2 2 11 16 1111 1110 1112
2094 2 2 11 16 1111 1112 1113
2095 2 2 11 16 1111 1113 1393
2096 2 2 11 16 1111 1393 1396
2097 2 2 11 16 1113 1112 1114
2098 2 2 11 16 1114 1112 1179
2099 2 2 11 16 1113 1114 1115
2100 2 2 11 16 1113 1115 1397
2101 2 2 11 16 1393 1113 1397
2102 2 2 11 16 1115 1114 1116
2103 2 2 11 16 1115 1116 1117
2104 2 2 11 16 1115 1117 1395
2105 2 2 11 16 1115 1395 1397
2106 2 2 11 16 1117 1116 1118
2107 2 2 11 16 1118 1116 1178
2108 2 2 11 16 1117 1118 1119
2109 2 2 11 16 1117 1119 1399
2110 2 2 11 16 1395 1117 1399
2111 2 2 11 16 1119 1118 1120
2112 2 2 11 16 1119 1120 1121
2113 2 2 11 16 1119 1121 1400
2114 2 2 11 16 1399 1119 1400
2115 2 2 11 16 1121 1120 1122
2116 2 2 11 16 1122 1120 1248
2117 2 2 11 16 1121 1122 1123
2118 2 2 11 16 1121 1123 1402
2119 2 2 11 16 1400 1121 1402
2120 2 2 11 16 1123 1122 1124
2121 2 2 11 16 1123 1124 1125
2122 2 2 11 16 1123 1125 1404
2123 2 2 11 16 1402 1123 1404
2124 2 2 11 16 1125 1124 1126
2125 2 2 11 16 1126 1124 1174
2126 2 2 11 16 1125 1126 1127
2127 2 2 11 16 1125 1127 1407
2128 2 2 11 16 1404 1125 1407
2129 2 2 11 16 1127 1126 1128
2130 2 2 11 16 1127 1128 1129
2131 2 2 11 16 1127 1129 1406
2132 2 2 11 16 1127 1406 1407
2133 2 2 11 16 1129 1128 1130
2134 2 2 11 16 1130 1128 1245
2135 2 2 11 16 1129 1130 1131
2136 2 2 11 16 1129 1131 1412
2137 2 2 11 16 1406 1129 1412
2138 2 2 11 16 1131 1130 1132
2139 2 2 11 16 1131 1132 1133
2140 2 2 11 16 1131 1133 1409
2141 2 2 11 16 1131 1409 1412
2142 2 2 11 16 1133 1132 1134
2143 2 2 11 16 1134 1132 1241
2144 2 2 11 16 1133 1134 1135
2145 2 2 11 16 1133 1135 1410
2146 2 2 11 16 1409 1133 1410
2147 2 2 11 16 1135 1134 1136
2148 2 2 11 16 1135 1136 1137
2149 2 2 11 16 1135 1137 1411
2150 2 2 11 16 1410 1135 1411
2151 2 2 11 16 1137 1136 1138
2152 2 2 11 16 1138 1136 1183
2153 2 2 11 16 1137 1138 1139
2154 2 2 11 16 1137 1139 1408
2155 2 2 11 16 1137 1408 1411
2156 2 2 11 16 1139 1138 1140
2157 2 2 11 16 1139 1140 1141
2158 2 2 11 16 1139 1141 1405
2159 2 2 11 16 1139 1405 1408
2160 2 2 11 16 1141 1140 1142
2161 2 2 11 16 1142 1140 1200
2162 2 2 11 16 1141 1142 1143
2163 2 2 11 16 1141 1143 1403
2164 2 2 11 16 1141 1403 1405
2165 2 2 11 16 1143 1142 1144
2166 2 2 11 16 1143 1144 1145
2167 2 2 11 16 1143 1145 1401
2168 2 2 11 16 1143 1401 1403
2169 2 2 11 16 1145 1144 1146
2170 2 2 11 16 1146 1144 1171
2171 2 2 11 16 1145 1146 1147
2172 2 2 11 16 1145 1147 1394
2173 2 2 11 16 1145 1394 1401
2174 2 2 11 16 1147 1146 1148
2175 2 2 11 16 1147 1148 1149
2176 2 2 11 16 1147 1149 1384
2177 2 2 11 16 1147 1384 1394
2178 2 2 11 16 1149 1148 1150
2179 2 2 11 16 1150 1148 1181
2180 2 2 11 16 1149 1150 1151
2181 2 2 11 16 1149 1151 1382
2182 2 2 11 16 1149 1382 1384
2183 2 2 11 16 1151 1150 1152
2184 2 2 11 16 1151 1152 1153
2185 2 2 11 16 1151 1153 1377
2186 2 2 11 16 1151 1377 1382
2187 2 2 11 16 1153 1152 1154
2188 2 2 11 16 1154 1152 1263
2189 2 2 11 16 1153 1154 1155
2190 2 2 11 16 1153 1155 1376
2191 2 2 11 16 1153 1376 1377
2192 2 2 11 16 1155 1154 1156
2193 2 2 11 16 1155 1156 1157
2194 2 2 11 16 1155 1157 1372
2195 2 2 11 16 1155 1372 1376
2196 2 2 11 16 1157 1156 1158
2197 2 2 11 16 1158 1156 1172
2198 2 2 11 16 1157 1158 1159
2199 2 2 11 16 1157 1159 1370
2200 2 2 11 16 1157 1370 1372
2201 2 2 11 16 1159 1158 1160
2202 2 2 11 16 1159 1160 1161
2203 2 2 11 16 1159 1161 1363
2204 2 2 11 16 1159 1363 1370
2205 2 2 11 16 1161 1160 1162
2206 2 2 11 16 1162 1160 1261
2207 2 2 11 16 1161 1162 1428
2208 2 2 11 16 1161 1332 1363
2209 2 2 11 16 1332 1161 1428
2210 2 2 11 16 1165 1164 1167
2211 2 2 11 16 1164 1166 1167
2212 2 2 11 16 1165 1167 1168
2213 2 2 11 16 1165 1168 1329
2214 2 2 11 16 1313 1165 1329
2215 2 2 11 16 1167 1166 1169
2216 2 2 11 16 1169 1166 1414
2217 2 2 11 16 1166 1170 1414
2218 2 2 11 16 1168 1167 1331
2219 2 2 11 16 1167 1169 1331
2220 2 2 11 16 1168 1206 1329
2221 2 2 11 16 1206 1168 1330
2222 2 2 11 16 1330 1168 1331
2223 2 2 11 16 1169 1328 1413
2224 2 2 11 16 1328 1169 1414
2225 2 2 11 16 1331 1169 1413
2226 2 2 11 16 1170 1364 1414
2227 2 2 11 16 1185 1184 1243
2228 2 2 11 16 1186 1185 1187
2229 2 2 11 16 1187 1185 1189
2230 2 2 11 16 1189 1185 1243
2231 2 2 11 16 1186 1187 1188
2232 2 2 11 16 1186 1188 1190
2233 2 2 11 16 1186 1190 1268
2234 2 2 11 16 1188 1187 1356
2235 2 2 11 16 1187 1189 1355
2236 2 2 11 16 1187 1355 1356
2237 2 2 11 16 1190 1188 1191
2238 2 2 11 16 1191 1188 1357
2239 2 2 11 16 1188 1356 1357
2240 2 2 11 16 1199 1189 1243
2241 2 2 11 16 1189 1199 1354
2242 2 2 11 16 1189 1354 1355
2243 2 2 11 16 1190 1191 1211
2244 2 2 11 16 1191 1210 1211
2245 2 2 11 16 1210 1191 1358
2246 2 2 11 16 1191 1357 1358
2247 2 2 11 16 1193 1192 1224
2248 2 2 11 16 1194 1193 1195
2249 2 2 11 16 1195 1193 1197
2250 2 2 11 16 1197 1193 1224
2251 2 2 11 16 1194 1195 1196
2252 2 2 11 16 1194 1196 1198
2253 2 2 11 16 1194 1198 1265
2254 2 2 11 16 1196 1195 1352
2255 2 2 11 16 1195 1197 1351
2256 2 2 11 16 1195 1351 1352
2257 2 2 11 16 1198 1196 1199
2258 2 2 11 16 1199 1196 1353
2259 2 2 11 16 1196 1352 1353
2260 2 2 11 16 1223 1197 1224
2261 2 2 11 16 1197 1223 1350
2262 2 2 11 16 1197 1350 1351
2263 2 2 11 16 1198 1199 1243
2264 2 2 11 16 1199 1353 1354
2265 2 2 11 16 1202 1201 1207
2266 2 2 11 16 1203 1202 1204
2267 2 2 11 16 1204 1202 1205
2268 2 2 11 16 1205 1202 1207
2269 2 2 11 16 1203 1204 1206
2270 2 2 11 16 1203 1206 1330
2271 2 2 11 16 1213 1203 1330
2272 2 2 11 16 1204 1205 1361
2273 2 2 11 16 1206 1204 1362
2274 2 2 11 16 1204 1361 1362
2275 2 2 11 16 1205 1207 1208
2276 2 2 11 16 1205 1208 1359
2277 2 2 11 16 1205 1359 1361
2278 2 2 11 16 1329 1206 1362
2279 2 2 11 16 1208 1207 1209
2280 2 2 11 16 1208 1209 1210
2281 2 2 11 16 1208 1210 1360
2282 2 2 11 16 1359 1208 1360
2283 2 2 11 16 1210 1209 1211
2284 2 2 11 16 1211 1209 1212
2285 2 2 11 16 1210 1358 1360
2286 2 2 11 16 1214 1215 1222
2287 2 2 11 16 1215 1216 1217
2288 2 2 11 16 1215 1217 1218
2289 2 2 11 16 1215 1218 1222
2290 2 2 11 16 1217 1216 1219
2291 2 2 11 16 1219 1216 1220
2292 2 2 11 16 1220 1216 1275
2293 2 2 11 16 1218 1217 1348
2294 2 2 11 16 1217 1219 1347
2295 2 2 11 16 1217 1347 1348
2296 2 2 11 16 1222 1218 1223
2297 2 2 11 16 1223 1218 1349
2298 2 2 11 16 1218 1348 1349
2299 2 2 11 16 1219 1220 1221
2300 2 2 11 16 1219 1221 1346
2301 2 2 11 16 1219 1346 1347
2302 2 2 11 16 1221 1220 1240
2303 2 2 11 16 1238 1221 1240
2304 2 2 11 16 1221 1238 1345
2305 2 2 11 16 1221 1345 1346
2306 2 2 11 16 1222 1223 1224
2307 2 2 11 16 1223 1349 1350
2308 2 2 11 16 1226 1225 1258
2309 2 2 11 16 1227 1226 1228
2310 2 2 11 16 1228 1226 1230
2311 2 2 11 16 1230 1226 1258
2312 2 2 11 16 1227 1228 1229
2313 2 2 11 16 1227 1229 1231
2314 2 2 11 16 1227 1231 1267
2315 2 2 11 16 1229 1228 1339
2316 2 2 11 16 1228 1230 1336
2317 2 2 11 16 1228 1336 1339
2318 2 2 11 16 1231 1229 1232
2319 2 2 11 16 1232 1229 1341
2320 2 2 11 16 1229 1339 1341
2321 2 2 11 16 1257 1230 1258
2322 2 2 11 16 1230 1257 1334
2323 2 2 11 16 1230 1334 1336
2324 2 2 11 16 1231 1232 1239
2325 2 2 11 16 1232 1237 1239
2326 2 2 11 16 1237 1232 1342
2327 2 2 11 16 1232 1341 1342
2328 2 2 11 16 1233 1234 1240
2329 2 2 11 16 1234 1235 1236
2330 2 2 11 16 1234 1236 1238
2331 2 2 11 16 1234 1238 1240
2332 2 2 11 16 1236 1235 1237
2333 2 2 11 16 1237 1235 1239
2334 2 2 11 16 1239 1235 1273
2335 2 2 11 16 1236 1237 1343
2336 2 2 11 16 1238 1236 1344
2337 2 2 11 16 1236 1343 1344
2338 2 2 11 16 1237 1342 1343
2339 2 2 11 16 1238 1344 1345
2340 2 2 11 16 1250 1251 1256
2341 2 2 11 16 1251 1252 1253
2342 2 2 11 16 1251 1253 1254
2343 2 2 11 16 1251 1254 1256
2344 2 2 11 16 1253 1252 1255
2345 2 2 11 16 1255 1252 1259
2346 2 2 11 16 1259 1252 1281
2347 2 2 11 16 1254 1253 1337
2348 2 2 11 16 1253 1255 1338
2349 2 2 11 16 1337 1253 1338
2350 2 2 11 16 1256 1254 1257
2351 2 2 11 16 1257 1254 1335
2352 2 2 11 16 1335 1254 1337
2353 2 2 11 16 1255 1259 1260
2354 2 2 11 16 1255 1260 1340
2355 2 2 11 16 1338 1255 1340
2356 2 2 11 16 1256 1257 1258
2357 2 2 11 16 1334 1257 1335
2358 2 2 11 16 1260 1259 1272
2359 2 2 11 16 1260 1272 1427
2360 2 2 11 16 1260 1333 1340
2361 2 2 11 16 1333 1260 1427
2362 2 2 11 16 1264 1337 1338
2363 2 2 11 16 1269 1270 1421
2364 2 2 11 16 1272 1271 1321
2365 2 2 11 16 1272 1321 1427
2366 2 2 11 16 1274 1334 1335
2367 2 2 11 16 1276 1402 1404
2368 2 2 11 16 1277 1410 1411
2369 2 2 11 16 1278 1383 1385
2370 2 2 11 16 1333 1279 1340
2371 2 2 11 16 1280 1371 1373
2372 2 2 11 16 1377 1282 1382
2373 2 2 11 16 1283 1378 1379
2374 2 2 11 16 1284 1399 1400
2375 2 2 11 16 1285 1364 1365
2376 2 2 11 16 1363 1286 1370
2377 2 2 11 16 1287 1392 1398
2378 2 2 11 16 1372 1288 1376
2379 2 2 11 16 1393 1289 1396
2380 2 2 11 16 1384 1290 1394
2381 2 2 11 16 1291 1366 1367
2382 2 2 11 16 1320 1292 1332
2383 2 2 11 16 1395 1293 1397
2384 2 2 11 16 1295 1390 1391
2385 2 2 11 16 1297 1296 1420
2386 2 2 11 16 1298 1374 1375
2387 2 2 11 16 1401 1299 1403
2388 2 2 11 16 1300 1368 1369
2389 2 2 11 16 1388 1301 1389
2390 2 2 11 16 1302 1386 1387
2391 2 2 11 16 1409 1303 1412
2392 2 2 11 16 1304 1380 1381
2393 2 2 11 16 1406 1305 1407
2394 2 2 11 16 1351 1306 1352
2395 2 2 11 16 1336 1307 1339
2396 2 2 11 16 1361 1308 1362
2397 2 2 11 16 1357 1309 1358
2398 2 2 11 16 1345 1310 1346
2399 2 2 11 16 1343 1311 1344
2400 2 2 11 16 1312 1359 1360
2401 2 2 11 16 1341 1314 1342
2402 2 2 11 16 1353 1315 1354
2403 2 2 11 16 1347 1316 1348
2404 2 2 11 16 1349 1317 1350
2405 2 2 11 16 1355 1318 1356
2406 2 2 11 16 1405 1319 1408
2407 2 2 11 16 1320 1332 1428
2408 2 2 11 16 1423 1333 1427
2409 2 2 11 18 1 9 1925
2410 2 2 11 18 421 1 1925
2411 2 2 11 18 107 2 1923
2412 2 2 11 18 2 425 1923
2413 2 2 11 18 215 5 1924
2414 2 2 11 18 5 424 1924
2415 2 2 11 18 6 313 1922
2416 2 2 11 18 428 6 1922
2417 2 2 11 18 9 10 1808
2418 2 2 11 18 9 1808 1925
2419 2 2 11 18 10 11 1451
2420 2 2 11 18 10 1451 1808
2421 2 2 11 18 11 12 1746
2422 2 2 11 18 1451 11 1746
2423 2 2 11 18 12 13 1509
2424 2 2 11 18 12 1509 1746
2425 2 2 11 18 13 14 1654
2426 2 2 11 18 1509 13 1654
2427 2 2 11 18 14 15 1449
2428 2 2 11 18 14 1449 1654
2429 2 2 11 18 15 16 1745
2430 2 2 11 18 1449 15 1745
2431 2 2 11 18 16 17 1450
2432 2 2 11 18 16 1450 1745
2433 2 2 11 18 17 18 1795
2434 2 2 11 18 1450 17 1795
2435 2 2 11 18 18 19 1796
2436 2 2 11 18 1795 18 1796
2437 2 2 11 18 19 20 1478
2438 2 2 11 18 19 1478 1796
2439 2 2 11 18 20 21 1570
2440 2 2 11 18 1478 20 1570
2441 2 2 11 18 21 22 1653
2442 2 2 11 18 1570 21 1653
2443 2 2 11 18 22 23 1443
2444 2 2 11 18 22 1443 1653
2445 2 2 11 18 23 24 1759
2446 2 2 11 18 1443 23 1759
2447 2 2 11 18 24 25 1503
2448 2 2 11 18 24 1503 1759
2449 2 2 11 18 25 26 1757
2450 2 2 11 18 1503 25 1757
2451 2 2 11 18 26 27 1444
2452 2 2 11 18 26 1444 1757
2453 2 2 11 18 27 28 1816
2454 2 2 11 18 1444 27 1816
2455 2 2 11 18 28 29 1884
2456 2 2 11 18 1816 28 1884
2457 2 2 11 18 29 30 1475
2458 2 2 11 18 29 1475 1884
2459 2 2 11 18 30 31 1770
2460 2 2 11 18 1475 30 1770
2461 2 2 11 18 31 32 1504
2462 2 2 11 18 31 1504 1770
2463 2 2 11 18 32 33 1762
2464 2 2 11 18 1504 32 1762
2465 2 2 11 18 33 34 1441
2466 2 2 11 18 33 1441 1762
2467 2 2 11 18 34 35 1813
2468 2 2 11 18 1441 34 1813
2469 2 2 11 18 35 36 1882
2470 2 2 11 18 1813 35 1882
2471 2 2 11 18 36 37 1434
2472 2 2 11 18 36 1434 1882
2473 2 2 11 18 37 38 1756
2474 2 2 11 18 1434 37 1756
2475 2 2 11 18 38 39 1435
2476 2 2 11 18 38 1435 1756
2477 2 2 11 18 39 40 1755
2478 2 2 11 18 1435 39 1755
2479 2 2 11 18 40 41 1767
2480 2 2 11 18 1755 40 1767
2481 2 2 11 18 41 42 1474
2482 2 2 11 18 41 1474 1767
2483 2 2 11 18 42 43 1734
2484 2 2 11 18 1474 42 1734
2485 2 2 11 18 43 44 1769
2486 2 2 11 18 1734 43 1769
2487 2 2 11 18 44 45 1436
2488 2 2 11 18 44 1436 1769
2489 2 2 11 18 45 46 1799
2490 2 2 11 18 1436 45 1799
2491 2 2 11 18 46 47 1505
2492 2 2 11 18 46 1505 1799
2493 2 2 11 18 47 48 1583
2494 2 2 11 18 1505 47 1583
2495 2 2 11 18 48 49 1446
2496 2 2 11 18 48 1446 1583
2497 2 2 11 18 49 50 1569
2498 2 2 11 18 1446 49 1569
2499 2 2 11 18 50 51 1493
2500 2 2 11 18 50 1493 1569
2501 2 2 11 18 51 52 1824
2502 2 2 11 18 1493 51 1824
2503 2 2 11 18 52 53 1894
2504 2 2 11 18 1824 52 1894
2505 2 2 11 18 53 54 1470
2506 2 2 11 18 53 1470 1894
2507 2 2 11 18 54 55 1754
2508 2 2 11 18 1470 54 1754
2509 2 2 11 18 55 56 1468
2510 2 2 11 18 55 1468 1754
2511 2 2 11 18 56 57 1765
2512 2 2 11 18 1468 56 1765
2513 2 2 11 18 57 58 1471
2514 2 2 11 18 57 1471 1765
2515 2 2 11 18 58 59 1692
2516 2 2 11 18 1471 58 1692
2517 2 2 11 18 59 60 1513
2518 2 2 11 18 59 1513 1692
2519 2 2 11 18 60 61 1763
2520 2 2 11 18 1513 60 1763
2521 2 2 11 18 61 62 1490
2522 2 2 11 18 61 1490 1763
2523 2 2 11 18 62 63 1682
2524 2 2 11 18 1490 62 1682
2525 2 2 11 18 63 64 1502
2526 2 2 11 18 63 1502 1682
2527 2 2 11 18 64 65 1774
2528 2 2 11 18 1502 64 1774
2529 2 2 11 18 65 66 1501
2530 2 2 11 18 65 1501 1774
2531 2 2 11 18 66 67 1752
2532 2 2 11 18 1501 66 1752
2533 2 2 11 18 67 68 1469
2534 2 2 11 18 67 1469 1752
2535 2 2 11 18 68 69 1650
2536 2 2 11 18 1469 68 1650
2537 2 2 11 18 69 70 1494
2538 2 2 11 18 69 1494 1650
2539 2 2 11 18 70 71 1778
2540 2 2 11 18 1494 70 1778
2541 2 2 11 18 71 72 1483
2542 2 2 11 18 71 1483 1778
2543 2 2 11 18 72 73 1753
2544 2 2 11 18 1483 72 1753
2545 2 2 11 18 73 74 1511
2546 2 2 11 18 73 1511 1753
2547 2 2 11 18 74 75 1664
2548 2 2 11 18 1511 74 1664
2549 2 2 11 18 75 76 1491
2550 2 2 11 18 75 1491 1664
2551 2 2 11 18 76 77 1776
2552 2 2 11 18 1491 76 1776
2553 2 2 11 18 77 78 1488
2554 2 2 11 18 77 1488 1776
2555 2 2 11 18 78 79 1691
2556 2 2 11 18 1488 78 1691
2557 2 2 11 18 79 80 1496
2558 2 2 11 18 79 1496 1691
2559 2 2 11 18 80 81 1766
2560 2 2 11 18 1496 80 1766
2561 2 2 11 18 81 82 1485
2562 2 2 11 18 81 1485 1766
2563 2 2 11 18 82 83 1833
2564 2 2 11 18 1485 82 1833
2565 2 2 11 18 83 84 1896
2566 2 2 11 18 1833 83 1896
2567 2 2 11 18 84 85 1484
2568 2 2 11 18 84 1484 1896
2569 2 2 11 18 85 86 1828
2570 2 2 11 18 1484 85 1828
2571 2 2 11 18 86 87 1897
2572 2 2 11 18 1828 86 1897
2573 2 2 11 18 87 88 1489
2574 2 2 11 18 87 1489 1897
2575 2 2 11 18 88 89 1651
2576 2 2 11 18 1489 88 1651
2577 2 2 11 18 89 90 1497
2578 2 2 11 18 89 1497 1651
2579 2 2 11 18 90 91 1920
2580 2 2 11 18 1497 90 1920
2581 2 2 11 18 91 92 1512
2582 2 2 11 18 91 1512 1920
2583 2 2 11 18 92 93 1921
2584 2 2 11 18 1512 92 1921
2585 2 2 11 18 93 94 1481
2586 2 2 11 18 93 1481 1921
2587 2 2 11 18 94 95 1903
2588 2 2 11 18 1481 94 1903
2589 2 2 11 18 95 96 1929
2590 2 2 11 18 95 1552 1903
2591 2 2 11 18 1552 95 1929
2592 2 2 11 18 96 97 1486
2593 2 2 11 18 96 1486 1929
2594 2 2 11 18 97 98 1589
2595 2 2 11 18 1486 97 1589
2596 2 2 11 18 98 99 1663
2597 2 2 11 18 1589 98 1663
2598 2 2 11 18 99 100 1482
2599 2 2 11 18 99 1482 1663
2600 2 2 11 18 100 101 1918
2601 2 2 11 18 1482 100 1918
2602 2 2 11 18 101 102 1904
2603 2 2 11 18 101 1904 1918
2604 2 2 11 18 102 103 1492
2605 2 2 11 18 102 1492 1904
2606 2 2 11 18 103 104 1917
2607 2 2 11 18 1492 103 1917
2608 2 2 11 18 104 105 1487
2609 2 2 11 18 104 1487 1917
2610 2 2 11 18 105 106 1915
2611 2 2 11 18 1487 105 1915
2612 2 2 11 18 106 107 1516
2613 2 2 11 18 106 1516 1915
2614 2 2 11 18 1516 107 1923
2615 2 2 11 18 216 215 1649
2616 2 2 11 18 1649 215 1924
2617 2 2 11 18 217 216 1510
2618 2 2 11 18 1510 216 1649
2619 2 2 11 18 218 217 1730
2620 2 2 11 18 217 1510 1730
2621 2 2 11 18 219 218 1447
2622 2 2 11 18 1447 218 1730
2623 2 2 11 18 220 219 1889
2624 2 2 11 18 219 1447 1889
2625 2 2 11 18 221 220 1820
2626 2 2 11 18 1820 220 1889
2627 2 2 11 18 222 221 1479
2628 2 2 11 18 1479 221 1820
2629 2 2 11 18 223 222 1733
2630 2 2 11 18 222 1479 1733
2631 2 2 11 18 224 223 1732
2632 2 2 11 18 1732 223 1733
2633 2 2 11 18 225 224 1448
2634 2 2 11 18 1448 224 1732
2635 2 2 11 18 226 225 1582
2636 2 2 11 18 225 1448 1582
2637 2 2 11 18 227 226 1445
2638 2 2 11 18 1445 226 1582
2639 2 2 11 18 228 227 1599
2640 2 2 11 18 227 1445 1599
2641 2 2 11 18 229 228 1507
2642 2 2 11 18 1507 228 1599
2643 2 2 11 18 230 229 1785
2644 2 2 11 18 229 1507 1785
2645 2 2 11 18 231 230 1437
2646 2 2 11 18 1437 230 1785
2647 2 2 11 18 232 231 1758
2648 2 2 11 18 231 1437 1758
2649 2 2 11 18 233 232 1508
2650 2 2 11 18 1508 232 1758
2651 2 2 11 18 234 233 1760
2652 2 2 11 18 233 1508 1760
2653 2 2 11 18 235 234 1438
2654 2 2 11 18 1438 234 1760
2655 2 2 11 18 236 235 1779
2656 2 2 11 18 235 1438 1779
2657 2 2 11 18 237 236 1727
2658 2 2 11 18 1727 236 1779
2659 2 2 11 18 238 237 1439
2660 2 2 11 18 1439 237 1727
2661 2 2 11 18 239 238 1781
2662 2 2 11 18 238 1439 1781
2663 2 2 11 18 240 239 1726
2664 2 2 11 18 1726 239 1781
2665 2 2 11 18 241 240 1477
2666 2 2 11 18 1477 240 1726
2667 2 2 11 18 242 241 1744
2668 2 2 11 18 241 1477 1744
2669 2 2 11 18 243 242 1693
2670 2 2 11 18 1693 242 1744
2671 2 2 11 18 244 243 1476
2672 2 2 11 18 1476 243 1693
2673 2 2 11 18 245 244 1782
2674 2 2 11 18 244 1476 1782
2675 2 2 11 18 246 245 1784
2676 2 2 11 18 245 1782 1784
2677 2 2 11 18 247 246 1433
2678 2 2 11 18 1433 246 1784
2679 2 2 11 18 248 247 1764
2680 2 2 11 18 247 1433 1764
2681 2 2 11 18 249 248 1442
2682 2 2 11 18 1442 248 1764
2683 2 2 11 18 250 249 1750
2684 2 2 11 18 249 1442 1750
2685 2 2 11 18 251 250 1506
2686 2 2 11 18 1506 250 1750
2687 2 2 11 18 252 251 1771
2688 2 2 11 18 251 1506 1771
2689 2 2 11 18 253 252 1440
2690 2 2 11 18 1440 252 1771
2691 2 2 11 18 254 253 1590
2692 2 2 11 18 253 1440 1590
2693 2 2 11 18 255 254 1517
2694 2 2 11 18 1517 254 1590
2695 2 2 11 18 256 255 1480
2696 2 2 11 18 1480 255 1517
2697 2 2 11 18 257 256 1789
2698 2 2 11 18 256 1480 1789
2699 2 2 11 18 258 257 1466
2700 2 2 11 18 1466 257 1789
2701 2 2 11 18 259 258 1790
2702 2 2 11 18 258 1466 1790
2703 2 2 11 18 260 259 1751
2704 2 2 11 18 1751 259 1790
2705 2 2 11 18 261 260 1499
2706 2 2 11 18 1499 260 1751
2707 2 2 11 18 262 261 1665
2708 2 2 11 18 261 1499 1665
2709 2 2 11 18 263 262 1500
2710 2 2 11 18 1500 262 1665
2711 2 2 11 18 264 263 1749
2712 2 2 11 18 263 1500 1749
2713 2 2 11 18 265 264 1772
2714 2 2 11 18 264 1749 1772
2715 2 2 11 18 266 265 1453
2716 2 2 11 18 1453 265 1772
2717 2 2 11 18 267 266 1825
2718 2 2 11 18 266 1453 1825
2719 2 2 11 18 268 267 1829
2720 2 2 11 18 267 1825 1829
2721 2 2 11 18 269 268 1454
2722 2 2 11 18 1454 268 1829
2723 2 2 11 18 270 269 1773
2724 2 2 11 18 269 1454 1773
2725 2 2 11 18 271 270 1472
2726 2 2 11 18 1472 270 1773
2727 2 2 11 18 272 271 1591
2728 2 2 11 18 271 1472 1591
2729 2 2 11 18 273 272 1495
2730 2 2 11 18 1495 272 1591
2731 2 2 11 18 274 273 1783
2732 2 2 11 18 273 1495 1783
2733 2 2 11 18 275 274 1498
2734 2 2 11 18 1498 274 1783
2735 2 2 11 18 276 275 1780
2736 2 2 11 18 275 1498 1780
2737 2 2 11 18 277 276 1455
2738 2 2 11 18 1455 276 1780
2739 2 2 11 18 278 277 1605
2740 2 2 11 18 277 1455 1605
2741 2 2 11 18 279 278 1761
2742 2 2 11 18 278 1605 1761
2743 2 2 11 18 280 279 1456
2744 2 2 11 18 1456 279 1761
2745 2 2 11 18 281 280 1641
2746 2 2 11 18 280 1456 1641
2747 2 2 11 18 282 281 1768
2748 2 2 11 18 281 1641 1768
2749 2 2 11 18 283 282 1457
2750 2 2 11 18 1457 282 1768
2751 2 2 11 18 284 283 1743
2752 2 2 11 18 283 1457 1743
2753 2 2 11 18 285 284 1473
2754 2 2 11 18 1473 284 1743
2755 2 2 11 18 286 285 1775
2756 2 2 11 18 285 1473 1775
2757 2 2 11 18 287 286 1458
2758 2 2 11 18 1458 286 1775
2759 2 2 11 18 288 287 1786
2760 2 2 11 18 287 1458 1786
2761 2 2 11 18 289 288 1640
2762 2 2 11 18 1640 288 1786
2763 2 2 11 18 290 289 1459
2764 2 2 11 18 1459 289 1640
2765 2 2 11 18 291 290 1648
2766 2 2 11 18 290 1459 1648
2767 2 2 11 18 292 291 1642
2768 2 2 11 18 1642 291 1648
2769 2 2 11 18 293 292 1460
2770 2 2 11 18 1460 292 1642
2771 2 2 11 18 294 293 1748
2772 2 2 11 18 293 1460 1748
2773 2 2 11 18 295 294 1467
2774 2 2 11 18 1467 294 1748
2775 2 2 11 18 296 295 1930
2776 2 2 11 18 295 1467 1930
2777 2 2 11 18 297 296 1911
2778 2 2 11 18 296 1565 1911
2779 2 2 11 18 1565 296 1930
2780 2 2 11 18 298 297 1461
2781 2 2 11 18 1461 297 1911
2782 2 2 11 18 299 298 1914
2783 2 2 11 18 298 1461 1914
2784 2 2 11 18 300 299 1935
2785 2 2 11 18 1568 299 1914
2786 2 2 11 18 299 1568 1935
2787 2 2 11 18 301 300 1462
2788 2 2 11 18 1462 300 1935
2789 2 2 11 18 302 301 1928
2790 2 2 11 18 301 1462 1928
2791 2 2 11 18 303 302 1910
2792 2 2 11 18 302 1547 1910
2793 2 2 11 18 1547 302 1928
2794 2 2 11 18 304 303 1452
2795 2 2 11 18 1452 303 1910
2796 2 2 11 18 305 304 1902
2797 2 2 11 18 304 1452 1902
2798 2 2 11 18 306 305 1927
2799 2 2 11 18 305 1902 1927
2800 2 2 11 18 307 306 1463
2801 2 2 11 18 1463 306 1927
2802 2 2 11 18 308 307 1906
2803 2 2 11 18 307 1463 1906
2804 2 2 11 18 309 308 1919
2805 2 2 11 18 308 1906 1919
2806 2 2 11 18 310 309 1464
2807 2 2 11 18 1464 309 1919
2808 2 2 11 18 311 310 1652
2809 2 2 11 18 310 1464 1652
2810 2 2 11 18 312 311 1465
2811 2 2 11 18 1465 311 1652
2812 2 2 11 18 313 312 1806
2813 2 2 11 18 312 1465 1806
2814 2 2 11 18 313 1806 1922
2815 2 2 11 18 422 421 1578
2816 2 2 11 18 1578 421 1925
2817 2 2 11 18 423 422 1515
2818 2 2 11 18 1515 422 1578
2819 2 2 11 18 424 423 1805
2820 2 2 11 18 423 1515 1805
2821 2 2 11 18 424 1805 1924
2822 2 2 11 18 425 426 1807
2823 2 2 11 18 425 1807 1923
2824 2 2 11 18 426 427 1514
2825 2 2 11 18 426 1514 1807
2826 2 2 11 18 427 428 1523
2827 2 2 11 18 1514 427 1523
2828 2 2 11 18 1523 428 1922
2829 2 2 11 18 1764 1433 1837
2830 2 2 11 18 1433 1784 1812
2831 2 2 11 18 1433 1812 1837
2832 2 2 11 18 1434 1756 1842
2833 2 2 11 18 1814 1434 1842
2834 2 2 11 18 1434 1814 1882
2835 2 2 11 18 1435 1755 1836
2836 2 2 11 18 1756 1435 1840
2837 2 2 11 18 1435 1836 1840
2838 2 2 11 18 1436 1742 1769
2839 2 2 11 18 1742 1436 1800
2840 2 2 11 18 1436 1799 1800
2841 2 2 11 18 1437 1725 1758
2842 2 2 11 18 1725 1437 1793
2843 2 2 11 18 1437 1785 1793
2844 2 2 11 18 1716 1438 1718
2845 2 2 11 18 1438 1716 1779
2846 2 2 11 18 1718 1438 1760
2847 2 2 11 18 1710 1439 1712
2848 2 2 11 18 1439 1710 1781
2849 2 2 11 18 1712 1439 1727
2850 2 2 11 18 1590 1440 1818
2851 2 2 11 18 1440 1771 1850
2852 2 2 11 18 1818 1440 1850
2853 2 2 11 18 1762 1441 1843
2854 2 2 11 18 1441 1813 1883
2855 2 2 11 18 1843 1441 1883
2856 2 2 11 18 1750 1442 1838
2857 2 2 11 18 1442 1764 1839
2858 2 2 11 18 1838 1442 1839
2859 2 2 11 18 1653 1443 1815
2860 2 2 11 18 1443 1759 1844
2861 2 2 11 18 1815 1443 1844
2862 2 2 11 18 1757 1444 1851
2863 2 2 11 18 1444 1816 1885
2864 2 2 11 18 1851 1444 1885
2865 2 2 11 18 1445 1582 1887
2866 2 2 11 18 1599 1445 1604
2867 2 2 11 18 1604 1445 1887
2868 2 2 11 18 1446 1569 1891
2869 2 2 11 18 1583 1446 1588
2870 2 2 11 18 1588 1446 1891
2871 2 2 11 18 1447 1730 1731
2872 2 2 11 18 1447 1731 1822
2873 2 2 11 18 1447 1822 1889
2874 2 2 11 18 1582 1448 1853
2875 2 2 11 18 1448 1732 1854
2876 2 2 11 18 1853 1448 1854
2877 2 2 11 18 1654 1449 1655
2878 2 2 11 18 1655 1449 1656
2879 2 2 11 18 1656 1449 1745
2880 2 2 11 18 1450 1661 1745
2881 2 2 11 18 1661 1450 1798
2882 2 2 11 18 1450 1795 1798
2883 2 2 11 18 1451 1746 1810
2884 2 2 11 18 1808 1451 1933
2885 2 2 11 18 1451 1810 1933
2886 2 2 11 18 1541 1452 1543
2887 2 2 11 18 1452 1541 1902
2888 2 2 11 18 1543 1452 1544
2889 2 2 11 18 1544 1452 1910
2890 2 2 11 18 1453 1772 1832
2891 2 2 11 18 1825 1453 1895
2892 2 2 11 18 1453 1832 1895
2893 2 2 11 18 1773 1454 1830
2894 2 2 11 18 1454 1829 1893
2895 2 2 11 18 1830 1454 1893
2896 2 2 11 18 1605 1455 1606
2897 2 2 11 18 1606 1455 1608
2898 2 2 11 18 1608 1455 1780
2899 2 2 11 18 1456 1613 1615
2900 2 2 11 18 1613 1456 1761
2901 2 2 11 18 1456 1615 1641
2902 2 2 11 18 1457 1619 1621
2903 2 2 11 18 1619 1457 1768
2904 2 2 11 18 1457 1621 1743
2905 2 2 11 18 1458 1627 1629
2906 2 2 11 18 1627 1458 1775
2907 2 2 11 18 1458 1629 1786
2908 2 2 11 18 1459 1633 1636
2909 2 2 11 18 1633 1459 1640
2910 2 2 11 18 1459 1636 1648
2911 2 2 11 18 1460 1642 1643
2912 2 2 11 18 1460 1643 1644
2913 2 2 11 18 1460 1644 1748
2914 2 2 11 18 1558 1461 1559
2915 2 2 11 18 1461 1558 1914
2916 2 2 11 18 1559 1461 1560
2917 2 2 11 18 1560 1461 1911
2918 2 2 11 18 1802 1462 1913
2919 2 2 11 18 1462 1802 1928
2920 2 2 11 18 1913 1462 1935
2921 2 2 11 18 1538 1463 1540
2922 2 2 11 18 1463 1538 1548
2923 2 2 11 18 1540 1463 1927
2924 2 2 11 18 1463 1548 1906
2925 2 2 11 18 1652 1464 1912
2926 2 2 11 18 1912 1464 1934
2927 2 2 11 18 1464 1919 1934
2928 2 2 11 18 1465 1524 1806
2929 2 2 11 18 1524 1465 1916
2930 2 2 11 18 1465 1652 1916
2931 2 2 11 18 1466 1679 1790
2932 2 2 11 18 1679 1466 1797
2933 2 2 11 18 1466 1789 1797
2934 2 2 11 18 1467 1748 1787
2935 2 2 11 18 1467 1787 1901
2936 2 2 11 18 1467 1901 1930
2937 2 2 11 18 1754 1468 1871
2938 2 2 11 18 1468 1765 1870
2939 2 2 11 18 1468 1870 1871
2940 2 2 11 18 1469 1650 1867
2941 2 2 11 18 1752 1469 1865
2942 2 2 11 18 1865 1469 1867
2943 2 2 11 18 1470 1754 1866
2944 2 2 11 18 1834 1470 1866
2945 2 2 11 18 1470 1834 1894
2946 2 2 11 18 1471 1692 1863
2947 2 2 11 18 1765 1471 1862
2948 2 2 11 18 1862 1471 1863
2949 2 2 11 18 1591 1472 1597
2950 2 2 11 18 1597 1472 1598
2951 2 2 11 18 1598 1472 1773
2952 2 2 11 18 1473 1623 1625
2953 2 2 11 18 1623 1473 1743
2954 2 2 11 18 1473 1625 1775
2955 2 2 11 18 1474 1734 1735
2956 2 2 11 18 1474 1735 1737
2957 2 2 11 18 1474 1737 1767
2958 2 2 11 18 1475 1770 1848
2959 2 2 11 18 1817 1475 1848
2960 2 2 11 18 1475 1817 1884
2961 2 2 11 18 1476 1693 1694
2962 2 2 11 18 1476 1694 1695
2963 2 2 11 18 1476 1695 1782
2964 2 2 11 18 1703 1477 1706
2965 2 2 11 18 1477 1703 1744
2966 2 2 11 18 1706 1477 1726
2967 2 2 11 18 1478 1570 1571
2968 2 2 11 18 1478 1571 1572
2969 2 2 11 18 1478 1572 1796
2970 2 2 11 18 1733 1479 1856
2971 2 2 11 18 1479 1820 1890
2972 2 2 11 18 1856 1479 1890
2973 2 2 11 18 1480 1517 1518
2974 2 2 11 18 1480 1518 1520
2975 2 2 11 18 1480 1520 1789
2976 2 2 11 18 1481 1553 1555
2977 2 2 11 18 1553 1481 1903
2978 2 2 11 18 1481 1555 1566
2979 2 2 11 18 1481 1566 1921
2980 2 2 11 18 1482 1537 1804
2981 2 2 11 18 1537 1482 1918
2982 2 2 11 18 1663 1482 1804
2983 2 2 11 18 1483 1753 1869
2984 2 2 11 18 1778 1483 1861
2985 2 2 11 18 1861 1483 1869
2986 2 2 11 18 1484 1828 1898
2987 2 2 11 18 1484 1835 1896
2988 2 2 11 18 1835 1484 1898
2989 2 2 11 18 1766 1485 1875
2990 2 2 11 18 1485 1833 1899
2991 2 2 11 18 1875 1485 1899
2992 2 2 11 18 1550 1486 1907
2993 2 2 11 18 1486 1550 1929
2994 2 2 11 18 1486 1589 1907
2995 2 2 11 18 1487 1527 1528
2996 2 2 11 18 1527 1487 1915
2997 2 2 11 18 1487 1528 1531
2998 2 2 11 18 1487 1531 1917
2999 2 2 11 18 1488 1691 1880
3000 2 2 11 18 1776 1488 1876
3001 2 2 11 18 1876 1488 1880
3002 2 2 11 18 1489 1651 1858
3003 2 2 11 18 1831 1489 1858
3004 2 2 11 18 1489 1831 1897
3005 2 2 11 18 1490 1682 1683
3006 2 2 11 18 1490 1683 1684
3007 2 2 11 18 1490 1684 1763
3008 2 2 11 18 1664 1491 1877
3009 2 2 11 18 1491 1776 1881
3010 2 2 11 18 1877 1491 1881
3011 2 2 11 18 1492 1531 1532
3012 2 2 11 18 1531 1492 1917
3013 2 2 11 18 1492 1532 1533
3014 2 2 11 18 1492 1533 1904
3015 2 2 11 18 1569 1493 1857
3016 2 2 11 18 1493 1824 1892
3017 2 2 11 18 1857 1493 1892
3018 2 2 11 18 1650 1494 1859
3019 2 2 11 18 1494 1778 1868
3020 2 2 11 18 1859 1494 1868
3021 2 2 11 18 1495 1591 1592
3022 2 2 11 18 1495 1592 1593
3023 2 2 11 18 1495 1593 1783
3024 2 2 11 18 1691 1496 1879
3025 2 2 11 18 1496 1766 1878
3026 2 2 11 18 1496 1878 1879
3027 2 2 11 18 1563 1497 1567
3028 2 2 11 18 1497 1563 1908
3029 2 2 11 18 1567 1497 1920
3030 2 2 11 18 1651 1497 1908
3031 2 2 11 18 1777 1498 1783
3032 2 2 11 18 1498 1777 1791
3033 2 2 11 18 1780 1498 1791
3034 2 2 11 18 1665 1499 1673
3035 2 2 11 18 1673 1499 1674
3036 2 2 11 18 1674 1499 1751
3037 2 2 11 18 1500 1665 1666
3038 2 2 11 18 1500 1666 1667
3039 2 2 11 18 1500 1667 1749
3040 2 2 11 18 1501 1752 1860
3041 2 2 11 18 1774 1501 1864
3042 2 2 11 18 1501 1860 1864
3043 2 2 11 18 1682 1502 1827
3044 2 2 11 18 1502 1774 1872
3045 2 2 11 18 1827 1502 1872
3046 2 2 11 18 1503 1757 1852
3047 2 2 11 18 1759 1503 1849
3048 2 2 11 18 1849 1503 1852
3049 2 2 11 18 1504 1762 1845
3050 2 2 11 18 1770 1504 1847
3051 2 2 11 18 1504 1845 1847
3052 2 2 11 18 1505 1583 1584
3053 2 2 11 18 1505 1584 1585
3054 2 2 11 18 1505 1585 1799
3055 2 2 11 18 1506 1750 1841
3056 2 2 11 18 1771 1506 1846
3057 2 2 11 18 1506 1841 1846
3058 2 2 11 18 1507 1599 1600
3059 2 2 11 18 1507 1600 1601
3060 2 2 11 18 1507 1601 1785
3061 2 2 11 18 1721 1508 1723
3062 2 2 11 18 1508 1721 1760
3063 2 2 11 18 1723 1508 1758
3064 2 2 11 18 1509 1654 1788
3065 2 2 11 18 1746 1509 1747
3066 2 2 11 18 1747 1509 1788
3067 2 2 11 18 1510 1649 1932
3068 2 2 11 18 1730 1510 1809
3069 2 2 11 18 1809 1510 1932
3070 2 2 11 18 1511 1664 1874
3071 2 2 11 18 1753 1511 1873
3072 2 2 11 18 1873 1511 1874
3073 2 2 11 18 1512 1566 1803
3074 2 2 11 18 1566 1512 1921
3075 2 2 11 18 1567 1512 1803
3076 2 2 11 18 1512 1567 1920
3077 2 2 11 18 1689 1513 1763
3078 2 2 11 18 1513 1689 1826
3079 2 2 11 18 1692 1513 1826
3080 2 2 11 18 1514 1523 1524
3081 2 2 11 18 1514 1524 1525
3082 2 2 11 18 1514 1525 1807
3083 2 2 11 18 1515 1578 1579
3084 2 2 11 18 1515 1579 1580
3085 2 2 11 18 1515 1580 1805
3086 2 2 11 18 1516 1525 1527
3087 2 2 11 18 1525 1516 1807
3088 2 2 11 18 1516 1527 1915
3089 2 2 11 18 1807 1516 1923
3090 2 2 11 18 1518 1517 1519
3091 2 2 11 18 1519 1517 1590
3092 2 2 11 18 1518 1519 1823
3093 2 2 11 18 1520 1518 1521
3094 2 2 11 18 1521 1518 1823
3095 2 2 11 18 1519 1590 1818
3096 2 2 11 18 1519 1818 1888
3097 2 2 11 18 1823 1519 1888
3098 2 2 11 18 1520 1521 1522
3099 2 2 11 18 1520 1522 1797
3100 2 2 11 18 1789 1520 1797
3101 2 2 11 18 1522 1521 1857
3102 2 2 11 18 1521 1823 1891
3103 2 2 11 18 1857 1521 1891
3104 2 2 11 18 1522 1680 1797
3105 2 2 11 18 1680 1522 1892
3106 2 2 11 18 1522 1857 1892
3107 2 2 11 18 1524 1523 1806
3108 2 2 11 18 1806 1523 1922
3109 2 2 11 18 1525 1524 1526
3110 2 2 11 18 1526 1524 1916
3111 2 2 11 18 1525 1526 1527
3112 2 2 11 18 1527 1526 1528
3113 2 2 11 18 1528 1526 1529
3114 2 2 11 18 1529 1526 1916
3115 2 2 11 18 1528 1529 1530
3116 2 2 11 18 1528 1530 1531
3117 2 2 11 18 1530 1529 1912
3118 2 2 11 18 1529 1652 1912
3119 2 2 11 18 1652 1529 1916
3120 2 2 11 18 1531 1530 1532
3121 2 2 11 18 1532 1530 1900
3122 2 2 11 18 1900 1530 1912
3123 2 2 11 18 1533 1532 1534
3124 2 2 11 18 1534 1532 1900
3125 2 2 11 18 1533 1534 1535
3126 2 2 11 18 1533 1535 1536
3127 2 2 11 18 1533 1536 1904
3128 2 2 11 18 1535 1534 1548
3129 2 2 11 18 1548 1534 1549
3130 2 2 11 18 1549 1534 1900
3131 2 2 11 18 1536 1535 1537
3132 2 2 11 18 1537 1535 1538
3133 2 2 11 18 1538 1535 1548
3134 2 2 11 18 1536 1537 1918
3135 2 2 11 18 1904 1536 1918
3136 2 2 11 18 1537 1538 1539
3137 2 2 11 18 1537 1539 1804
3138 2 2 11 18 1539 1538 1540
3139 2 2 11 18 1539 1540 1541
3140 2 2 11 18 1539 1541 1542
3141 2 2 11 18 1539 1542 1804
3142 2 2 11 18 1541 1540 1902
3143 2 2 11 18 1902 1540 1927
3144 2 2 11 18 1542 1541 1543
3145 2 2 11 18 1542 1543 1926
3146 2 2 11 18 1804 1542 1905
3147 2 2 11 18 1905 1542 1926
3148 2 2 11 18 1543 1544 1545
3149 2 2 11 18 1543 1545 1926
3150 2 2 11 18 1545 1544 1546
3151 2 2 11 18 1546 1544 1547
3152 2 2 11 18 1547 1544 1910
3153 2 2 11 18 1545 1546 1550
3154 2 2 11 18 1545 1550 1907
3155 2 2 11 18 1545 1907 1926
3156 2 2 11 18 1546 1547 1802
3157 2 2 11 18 1550 1546 1551
3158 2 2 11 18 1551 1546 1802
3159 2 2 11 18 1802 1547 1928
3160 2 2 11 18 1548 1549 1906
3161 2 2 11 18 1549 1900 1934
3162 2 2 11 18 1906 1549 1919
3163 2 2 11 18 1919 1549 1934
3164 2 2 11 18 1550 1551 1552
3165 2 2 11 18 1550 1552 1929
3166 2 2 11 18 1552 1551 1553
3167 2 2 11 18 1553 1551 1554
3168 2 2 11 18 1554 1551 1802
3169 2 2 11 18 1552 1553 1903
3170 2 2 11 18 1553 1554 1555
3171 2 2 11 18 1555 1554 1556
3172 2 2 11 18 1556 1554 1913
3173 2 2 11 18 1554 1802 1913
3174 2 2 11 18 1555 1556 1557
3175 2 2 11 18 1555 1557 1566
3176 2 2 11 18 1557 1556 1558
3177 2 2 11 18 1558 1556 1568
3178 2 2 11 18 1568 1556 1913
3179 2 2 11 18 1557 1558 1559
3180 2 2 11 18 1557 1559 1803
3181 2 2 11 18 1566 1557 1803
3182 2 2 11 18 1558 1568 1914
3183 2 2 11 18 1559 1560 1561
3184 2 2 11 18 1559 1561 1803
3185 2 2 11 18 1561 1560 1562
3186 2 2 11 18 1562 1560 1565
3187 2 2 11 18 1565 1560 1911
3188 2 2 11 18 1561 1562 1563
3189 2 2 11 18 1561 1563 1567
3190 2 2 11 18 1561 1567 1803
3191 2 2 11 18 1563 1562 1564
3192 2 2 11 18 1564 1562 1901
3193 2 2 11 18 1562 1565 1901
3194 2 2 11 18 1563 1564 1908
3195 2 2 11 18 1564 1858 1908
3196 2 2 11 18 1858 1564 1931
3197 2 2 11 18 1564 1901 1931
3198 2 2 11 18 1901 1565 1930
3199 2 2 11 18 1568 1913 1935
3200 2 2 11 18 1569 1857 1891
3201 2 2 11 18 1571 1570 1573
3202 2 2 11 18 1573 1570 1653
3203 2 2 11 18 1572 1571 1574
3204 2 2 11 18 1571 1573 1819
3205 2 2 11 18 1574 1571 1819
3206 2 2 11 18 1572 1574 1575
3207 2 2 11 18 1572 1575 1576
3208 2 2 11 18 1572 1576 1796
3209 2 2 11 18 1573 1653 1815
3210 2 2 11 18 1573 1815 1886
3211 2 2 11 18 1819 1573 1886
3212 2 2 11 18 1575 1574 1853
3213 2 2 11 18 1574 1819 1887
3214 2 2 11 18 1853 1574 1887
3215 2 2 11 18 1576 1575 1577
3216 2 2 11 18 1577 1575 1854
3217 2 2 11 18 1575 1853 1854
3218 2 2 11 18 1576 1577 1798
3219 2 2 11 18 1576 1795 1796
3220 2 2 11 18 1795 1576 1798
3221 2 2 11 18 1577 1662 1798
3222 2 2 11 18 1662 1577 1855
3223 2 2 11 18 1577 1854 1855
3224 2 2 11 18 1579 1578 1808
3225 2 2 11 18 1808 1578 1925
3226 2 2 11 18 1580 1579 1581
3227 2 2 11 18 1581 1579 1933
3228 2 2 11 18 1579 1808 1933
3229 2 2 11 18 1580 1581 1932
3230 2 2 11 18 1580 1649 1805
3231 2 2 11 18 1649 1580 1932
3232 2 2 11 18 1809 1581 1909
3233 2 2 11 18 1581 1809 1932
3234 2 2 11 18 1581 1810 1909
3235 2 2 11 18 1810 1581 1933
3236 2 2 11 18 1582 1853 1887
3237 2 2 11 18 1584 1583 1588
3238 2 2 11 18 1585 1584 1586
3239 2 2 11 18 1586 1584 1888
3240 2 2 11 18 1584 1588 1888
3241 2 2 11 18 1585 1586 1587
3242 2 2 11 18 1585 1587 1800
3243 2 2 11 18 1799 1585 1800
3244 2 2 11 18 1587 1586 1850
3245 2 2 11 18 1586 1818 1850
3246 2 2 11 18 1818 1586 1888
3247 2 2 11 18 1800 1587 1801
3248 2 2 11 18 1801 1587 1846
3249 2 2 11 18 1846 1587 1850
3250 2 2 11 18 1588 1823 1888
3251 2 2 11 18 1823 1588 1891
3252 2 2 11 18 1589 1663 1905
3253 2 2 11 18 1589 1905 1907
3254 2 2 11 18 1592 1591 1597
3255 2 2 11 18 1593 1592 1594
3256 2 2 11 18 1594 1592 1596
3257 2 2 11 18 1596 1592 1597
3258 2 2 11 18 1593 1594 1595
3259 2 2 11 18 1593 1595 1777
3260 2 2 11 18 1593 1777 1783
3261 2 2 11 18 1595 1594 1865
3262 2 2 11 18 1594 1596 1860
3263 2 2 11 18 1594 1860 1865
3264 2 2 11 18 1777 1595 1792
3265 2 2 11 18 1792 1595 1867
3266 2 2 11 18 1595 1865 1867
3267 2 2 11 18 1596 1597 1728
3268 2 2 11 18 1596 1728 1864
3269 2 2 11 18 1860 1596 1864
3270 2 2 11 18 1597 1598 1728
3271 2 2 11 18 1728 1598 1729
3272 2 2 11 18 1729 1598 1830
3273 2 2 11 18 1598 1773 1830
3274 2 2 11 18 1600 1599 1604
3275 2 2 11 18 1601 1600 1602
3276 2 2 11 18 1602 1600 1886
3277 2 2 11 18 1600 1604 1886
3278 2 2 11 18 1601 1602 1603
3279 2 2 11 18 1601 1603 1793
3280 2 2 11 18 1785 1601 1793
3281 2 2 11 18 1603 1602 1844
3282 2 2 11 18 1602 1815 1844
3283 2 2 11 18 1815 1602 1886
3284 2 2 11 18 1793 1603 1794
3285 2 2 11 18 1794 1603 1849
3286 2 2 11 18 1603 1844 1849
3287 2 2 11 18 1604 1819 1886
3288 2 2 11 18 1819 1604 1887
3289 2 2 11 18 1605 1606 1607
3290 2 2 11 18 1605 1607 1761
3291 2 2 11 18 1607 1606 1611
3292 2 2 11 18 1606 1608 1609
3293 2 2 11 18 1606 1609 1611
3294 2 2 11 18 1607 1611 1612
3295 2 2 11 18 1607 1612 1613
3296 2 2 11 18 1607 1613 1761
3297 2 2 11 18 1609 1608 1610
3298 2 2 11 18 1610 1608 1791
3299 2 2 11 18 1608 1780 1791
3300 2 2 11 18 1609 1610 1868
3301 2 2 11 18 1611 1609 1861
3302 2 2 11 18 1861 1609 1868
3303 2 2 11 18 1610 1791 1792
3304 2 2 11 18 1610 1792 1859
3305 2 2 11 18 1610 1859 1868
3306 2 2 11 18 1612 1611 1869
3307 2 2 11 18 1611 1861 1869
3308 2 2 11 18 1613 1612 1614
3309 2 2 11 18 1614 1612 1873
3310 2 2 11 18 1612 1869 1873
3311 2 2 11 18 1613 1614 1615
3312 2 2 11 18 1615 1614 1616
3313 2 2 11 18 1616 1614 1874
3314 2 2 11 18 1614 1873 1874
3315 2 2 11 18 1615 1616 1617
3316 2 2 11 18 1615 1617 1641
3317 2 2 11 18 1617 1616 1618
3318 2 2 11 18 1618 1616 1877
3319 2 2 11 18 1616 1874 1877
3320 2 2 11 18 1617 1618 1619
3321 2 2 11 18 1617 1619 1768
3322 2 2 11 18 1641 1617 1768
3323 2 2 11 18 1619 1618 1620
3324 2 2 11 18 1620 1618 1881
3325 2 2 11 18 1618 1877 1881
3326 2 2 11 18 1619 1620 1621
3327 2 2 11 18 1621 1620 1622
3328 2 2 11 18 1622 1620 1876
3329 2 2 11 18 1876 1620 1881
3330 2 2 11 18 1621 1622 1623
3331 2 2 11 18 1621 1623 1743
3332 2 2 11 18 1623 1622 1624
3333 2 2 11 18 1624 1622 1880
3334 2 2 11 18 1622 1876 1880
3335 2 2 11 18 1623 1624 1625
3336 2 2 11 18 1625 1624 1626
3337 2 2 11 18 1626 1624 1879
3338 2 2 11 18 1879 1624 1880
3339 2 2 11 18 1625 1626 1627
3340 2 2 11 18 1625 1627 1775
3341 2 2 11 18 1627 1626 1628
3342 2 2 11 18 1628 1626 1878
3343 2 2 11 18 1878 1626 1879
3344 2 2 11 18 1627 1628 1629
3345 2 2 11 18 1629 1628 1630
3346 2 2 11 18 1630 1628 1875
3347 2 2 11 18 1875 1628 1878
3348 2 2 11 18 1629 1630 1631
3349 2 2 11 18 1629 1631 1786
3350 2 2 11 18 1631 1630 1632
3351 2 2 11 18 1632 1630 1899
3352 2 2 11 18 1630 1875 1899
3353 2 2 11 18 1631 1632 1633
3354 2 2 11 18 1631 1633 1640
3355 2 2 11 18 1631 1640 1786
3356 2 2 11 18 1633 1632 1634
3357 2 2 11 18 1634 1632 1635
3358 2 2 11 18 1635 1632 1899
3359 2 2 11 18 1633 1634 1636
3360 2 2 11 18 1634 1635 1835
3361 2 2 11 18 1636 1634 1637
3362 2 2 11 18 1637 1634 1835
3363 2 2 11 18 1635 1833 1896
3364 2 2 11 18 1833 1635 1899
3365 2 2 11 18 1835 1635 1896
3366 2 2 11 18 1636 1637 1638
3367 2 2 11 18 1636 1638 1648
3368 2 2 11 18 1638 1637 1639
3369 2 2 11 18 1639 1637 1898
3370 2 2 11 18 1637 1835 1898
3371 2 2 11 18 1638 1639 1643
3372 2 2 11 18 1642 1638 1643
3373 2 2 11 18 1638 1642 1648
3374 2 2 11 18 1643 1639 1645
3375 2 2 11 18 1645 1639 1646
3376 2 2 11 18 1646 1639 1898
3377 2 2 11 18 1644 1643 1645
3378 2 2 11 18 1644 1645 1647
3379 2 2 11 18 1644 1647 1787
3380 2 2 11 18 1748 1644 1787
3381 2 2 11 18 1645 1646 1831
3382 2 2 11 18 1647 1645 1831
3383 2 2 11 18 1646 1828 1897
3384 2 2 11 18 1828 1646 1898
3385 2 2 11 18 1831 1646 1897
3386 2 2 11 18 1787 1647 1931
3387 2 2 11 18 1647 1831 1858
3388 2 2 11 18 1647 1858 1931
3389 2 2 11 18 1805 1649 1924
3390 2 2 11 18 1650 1859 1867
3391 2 2 11 18 1858 1651 1908
3392 2 2 11 18 1654 1655 1788
3393 2 2 11 18 1655 1656 1657
3394 2 2 11 18 1655 1657 1658
3395 2 2 11 18 1655 1658 1788
3396 2 2 11 18 1657 1656 1659
3397 2 2 11 18 1659 1656 1661
3398 2 2 11 18 1661 1656 1745
3399 2 2 11 18 1658 1657 1660
3400 2 2 11 18 1657 1659 1890
3401 2 2 11 18 1660 1657 1890
3402 2 2 11 18 1658 1660 1822
3403 2 2 11 18 1788 1658 1821
3404 2 2 11 18 1821 1658 1822
3405 2 2 11 18 1659 1661 1662
3406 2 2 11 18 1659 1662 1856
3407 2 2 11 18 1659 1856 1890
3408 2 2 11 18 1660 1820 1889
3409 2 2 11 18 1820 1660 1890
3410 2 2 11 18 1822 1660 1889
3411 2 2 11 18 1662 1661 1798
3412 2 2 11 18 1662 1855 1856
3413 2 2 11 18 1663 1804 1905
3414 2 2 11 18 1874 1664 1877
3415 2 2 11 18 1666 1665 1673
3416 2 2 11 18 1667 1666 1668
3417 2 2 11 18 1668 1666 1670
3418 2 2 11 18 1670 1666 1673
3419 2 2 11 18 1667 1668 1669
3420 2 2 11 18 1667 1669 1671
3421 2 2 11 18 1667 1671 1749
3422 2 2 11 18 1669 1668 1862
3423 2 2 11 18 1668 1670 1870
3424 2 2 11 18 1862 1668 1870
3425 2 2 11 18 1671 1669 1672
3426 2 2 11 18 1672 1669 1863
3427 2 2 11 18 1669 1862 1863
3428 2 2 11 18 1670 1673 1675
3429 2 2 11 18 1670 1675 1871
3430 2 2 11 18 1870 1670 1871
3431 2 2 11 18 1671 1672 1832
3432 2 2 11 18 1749 1671 1772
3433 2 2 11 18 1772 1671 1832
3434 2 2 11 18 1690 1672 1826
3435 2 2 11 18 1672 1690 1832
3436 2 2 11 18 1826 1672 1863
3437 2 2 11 18 1673 1674 1675
3438 2 2 11 18 1675 1674 1676
3439 2 2 11 18 1676 1674 1677
3440 2 2 11 18 1677 1674 1751
3441 2 2 11 18 1675 1676 1866
3442 2 2 11 18 1675 1866 1871
3443 2 2 11 18 1676 1677 1678
3444 2 2 11 18 1676 1678 1834
3445 2 2 11 18 1676 1834 1866
3446 2 2 11 18 1678 1677 1679
3447 2 2 11 18 1679 1677 1790
3448 2 2 11 18 1677 1751 1790
3449 2 2 11 18 1678 1679 1680
3450 2 2 11 18 1678 1680 1681
3451 2 2 11 18 1678 1681 1834
3452 2 2 11 18 1680 1679 1797
3453 2 2 11 18 1681 1680 1892
3454 2 2 11 18 1824 1681 1892
3455 2 2 11 18 1681 1824 1894
3456 2 2 11 18 1834 1681 1894
3457 2 2 11 18 1683 1682 1827
3458 2 2 11 18 1684 1683 1685
3459 2 2 11 18 1685 1683 1687
3460 2 2 11 18 1687 1683 1827
3461 2 2 11 18 1684 1685 1686
3462 2 2 11 18 1684 1686 1689
3463 2 2 11 18 1684 1689 1763
3464 2 2 11 18 1686 1685 1688
3465 2 2 11 18 1685 1687 1893
3466 2 2 11 18 1688 1685 1893
3467 2 2 11 18 1686 1688 1895
3468 2 2 11 18 1689 1686 1690
3469 2 2 11 18 1690 1686 1895
3470 2 2 11 18 1729 1687 1827
3471 2 2 11 18 1687 1729 1830
3472 2 2 11 18 1687 1830 1893
3473 2 2 11 18 1825 1688 1829
3474 2 2 11 18 1688 1825 1895
3475 2 2 11 18 1829 1688 1893
3476 2 2 11 18 1689 1690 1826
3477 2 2 11 18 1832 1690 1895
3478 2 2 11 18 1691 1879 1880
3479 2 2 11 18 1692 1826 1863
3480 2 2 11 18 1694 1693 1696
3481 2 2 11 18 1696 1693 1744
3482 2 2 11 18 1695 1694 1697
3483 2 2 11 18 1694 1696 1701
3484 2 2 11 18 1697 1694 1701
3485 2 2 11 18 1695 1697 1698
3486 2 2 11 18 1695 1698 1699
3487 2 2 11 18 1695 1699 1782
3488 2 2 11 18 1701 1696 1702
3489 2 2 11 18 1702 1696 1703
3490 2 2 11 18 1703 1696 1744
3491 2 2 11 18 1698 1697 1840
3492 2 2 11 18 1697 1701 1842
3493 2 2 11 18 1840 1697 1842
3494 2 2 11 18 1699 1698 1700
3495 2 2 11 18 1700 1698 1836
3496 2 2 11 18 1836 1698 1840
3497 2 2 11 18 1699 1700 1812
3498 2 2 11 18 1782 1699 1784
3499 2 2 11 18 1784 1699 1812
3500 2 2 11 18 1739 1700 1811
3501 2 2 11 18 1700 1739 1812
3502 2 2 11 18 1811 1700 1836
3503 2 2 11 18 1701 1702 1814
3504 2 2 11 18 1701 1814 1842
3505 2 2 11 18 1702 1703 1704
3506 2 2 11 18 1702 1704 1705
3507 2 2 11 18 1702 1705 1814
3508 2 2 11 18 1704 1703 1706
3509 2 2 11 18 1705 1704 1883
3510 2 2 11 18 1704 1706 1707
3511 2 2 11 18 1704 1707 1883
3512 2 2 11 18 1705 1813 1882
3513 2 2 11 18 1813 1705 1883
3514 2 2 11 18 1814 1705 1882
3515 2 2 11 18 1707 1706 1708
3516 2 2 11 18 1708 1706 1726
3517 2 2 11 18 1707 1708 1709
3518 2 2 11 18 1707 1709 1843
3519 2 2 11 18 1707 1843 1883
3520 2 2 11 18 1709 1708 1710
3521 2 2 11 18 1710 1708 1781
3522 2 2 11 18 1708 1726 1781
3523 2 2 11 18 1709 1710 1711
3524 2 2 11 18 1709 1711 1845
3525 2 2 11 18 1843 1709 1845
3526 2 2 11 18 1711 1710 1712
3527 2 2 11 18 1711 1712 1713
3528 2 2 11 18 1711 1713 1847
3529 2 2 11 18 1845 1711 1847
3530 2 2 11 18 1713 1712 1714
3531 2 2 11 18 1714 1712 1727
3532 2 2 11 18 1713 1714 1715
3533 2 2 11 18 1713 1715 1848
3534 2 2 11 18 1847 1713 1848
3535 2 2 11 18 1715 1714 1716
3536 2 2 11 18 1716 1714 1779
3537 2 2 11 18 1714 1727 1779
3538 2 2 11 18 1715 1716 1717
3539 2 2 11 18 1715 1717 1817
3540 2 2 11 18 1715 1817 1848
3541 2 2 11 18 1717 1716 1718
3542 2 2 11 18 1717 1718 1719
3543 2 2 11 18 1717 1719 1720
3544 2 2 11 18 1717 1720 1817
3545 2 2 11 18 1719 1718 1721
3546 2 2 11 18 1721 1718 1760
3547 2 2 11 18 1720 1719 1885
3548 2 2 11 18 1719 1721 1722
3549 2 2 11 18 1719 1722 1885
3550 2 2 11 18 1720 1816 1884
3551 2 2 11 18 1816 1720 1885
3552 2 2 11 18 1817 1720 1884
3553 2 2 11 18 1722 1721 1723
3554 2 2 11 18 1722 1723 1724
3555 2 2 11 18 1722 1724 1851
3556 2 2 11 18 1722 1851 1885
3557 2 2 11 18 1724 1723 1725
3558 2 2 11 18 1725 1723 1758
3559 2 2 11 18 1724 1725 1794
3560 2 2 11 18 1724 1794 1852
3561 2 2 11 18 1851 1724 1852
3562 2 2 11 18 1725 1793 1794
3563 2 2 11 18 1728 1729 1872
3564 2 2 11 18 1864 1728 1872
3565 2 2 11 18 1729 1827 1872
3566 2 2 11 18 1731 1730 1809
3567 2 2 11 18 1731 1809 1909
3568 2 2 11 18 1731 1821 1822
3569 2 2 11 18 1821 1731 1909
3570 2 2 11 18 1732 1733 1855
3571 2 2 11 18 1854 1732 1855
3572 2 2 11 18 1855 1733 1856
3573 2 2 11 18 1735 1734 1736
3574 2 2 11 18 1736 1734 1769
3575 2 2 11 18 1735 1736 1740
3576 2 2 11 18 1737 1735 1738
3577 2 2 11 18 1738 1735 1740
3578 2 2 11 18 1740 1736 1741
3579 2 2 11 18 1741 1736 1742
3580 2 2 11 18 1742 1736 1769
3581 2 2 11 18 1737 1738 1739
3582 2 2 11 18 1737 1739 1811
3583 2 2 11 18 1767 1737 1811
3584 2 2 11 18 1739 1738 1837
3585 2 2 11 18 1738 1740 1839
3586 2 2 11 18 1837 1738 1839
3587 2 2 11 18 1812 1739 1837
3588 2 2 11 18 1740 1741 1838
3589 2 2 11 18 1740 1838 1839
3590 2 2 11 18 1741 1742 1801
3591 2 2 11 18 1741 1801 1841
3592 2 2 11 18 1838 1741 1841
3593 2 2 11 18 1742 1800 1801
3594 2 2 11 18 1746 1747 1810
3595 2 2 11 18 1747 1788 1821
3596 2 2 11 18 1810 1747 1909
3597 2 2 11 18 1747 1821 1909
3598 2 2 11 18 1750 1838 1841
3599 2 2 11 18 1860 1752 1865
3600 2 2 11 18 1869 1753 1873
3601 2 2 11 18 1866 1754 1871
3602 2 2 11 18 1755 1767 1811
3603 2 2 11 18 1755 1811 1836
3604 2 2 11 18 1756 1840 1842
3605 2 2 11 18 1757 1851 1852
3606 2 2 11 18 1844 1759 1849
3607 2 2 11 18 1762 1843 1845
3608 2 2 11 18 1764 1837 1839
3609 2 2 11 18 1765 1862 1870
3610 2 2 11 18 1766 1875 1878
3611 2 2 11 18 1770 1847 1848
3612 2 2 11 18 1771 1846 1850
3613 2 2 11 18 1774 1864 1872
3614 2 2 11 18 1776 1876 1881
3615 2 2 11 18 1791 1777 1792
3616 2 2 11 18 1778 1861 1868
3617 2 2 11 18 1901 1787 1931
3618 2 2 11 18 1859 1792 1867
3619 2 2 11 18 1794 1849 1852
3620 2 2 11 18 1841 1801 1846
3621 2 2 11 18 1900 1912 1934
3622 2 2 11 18 1907 1905 1926
3623 2 2 10 20 2 108 1956
3624 2 2 10 20 425 2 1956
3625 2 2 10 20 111 3 1954
3626 2 2 10 20 3 429 1954
3627 2 2 10 20 314 6 1957
3628 2 2 10 20 6 428 1957
3629 2 2 10 20 7 317 1955
3630 2 2 10 20 432 7 1955
3631 2 2 10 20 108 109 1944
3632 2 2 10 20 108 1944 1956
3633 2 2 10 20 109 110 1939
3634 2 2 10 20 109 1939 1944
3635 2 2 10 20 110 111 1945
3636 2 2 10 20 1939 110 1945
3637 2 2 10 20 1945 111 1954
3638 2 2 10 20 315 314 1946
3639 2 2 10 20 1946 314 1957
3640 2 2 10 20 316 315 1938
3641 2 2 10 20 1938 315 1946
3642 2 2 10 20 317 316 1947
3643 2 2 10 20 316 1938 1947
3644 2 2 10 20 317 1947 1955
3645 2 2 10 20 426 425 1950
3646 2 2 10 20 1950 425 1956
3647 2 2 10 20 427 426 1936
3648 2 2 10 20 1936 426 1950
3649 2 2 10 20 428 427 1949
3650 2 2 10 20 427 1936 1949
3651 2 2 10 20 428 1949 1957
3652 2 2 10 20 429 430 1948
3653 2 2 10 20 429 1948 1954
3654 2 2 10 20 430 431 1937
3655 2 2 10 20 430 1937 1948
3656 2 2 10 20 431 432 1940
3657 2 2 10 20 1937 431 1940
3658 2 2 10 20 1940 432 1955
3659 2 2 10 20 1949 1936 1953
3660 2 2 10 20 1936 1950 1953
3661 2 2 10 20 1937 1940 1941
3662 2 2 10 20 1937 1941 1942
3663 2 2 10 20 1937 1942 1948
3664 2 2 10 20 1938 1946 1951
3665 2 2 10 20 1947 1938 1958
3666 2 2 10 20 1938 1951 1958
3667 2 2 10 20 1944 1939 1952
3668 2 2 10 20 1939 1945 1959
3669 2 2 10 20 1952 1939 1959
3670 2 2 10 20 1941 1940 1947
3671 2 2 10 20 1947 1940 1955
3672 2 2 10 20 1942 1941 1943
3673 2 2 10 20 1943 1941 1958
3674 2 2 10 20 1941 1947 1958
3675 2 2 10 20 1942 1943 1959
3676 2 2 10 20 1942 1945 1948
3677 2 2 10 20 1945 1942 1959
3678 2 2 10 20 1943 1951 1953
3679 2 2 10 20 1951 1943 1958
3680 2 2 10 20 1952 1943 1953
3681 2 2 10 20 1943 1952 1959
3682 2 2 10 20 1950 1944 1952
3683 2 2 10 20 1944 1950 1956
3684 2 2 10 20 1948 1945 1954
3685 2 2 10 20 1946 1949 1951
3686 2 2 10 20 1949 1946 1957
3687 2 2 10 20 1951 1949 1953
3688 2 2 10 20 1950 1952 1953
3689 2 2 11 22 3 112 2454
3690 2 2 11 22 429 3 2454
3691 2 2 11 22 210 4 2452
3692 2 2 11 22 4 433 2452
3693 2 2 11 22 318 7 2453
3694 2 2 11 22 7 432 2453
3695 2 2 11 22 8 416 2451
3696 2 2 11 22 436 8 2451
3697 2 2 11 22 112 113 2337
3698 2 2 11 22 112 2337 2454
3699 2 2 11 22 113 114 2000
3700 2 2 11 22 113 2000 2337
3701 2 2 11 22 114 115 2299
3702 2 2 11 22 2000 114 2299
3703 2 2 11 22 115 116 1971
3704 2 2 11 22 115 1971 2299
3705 2 2 11 22 116 117 2449
3706 2 2 11 22 1971 116 2449
3707 2 2 11 22 117 118 2435
3708 2 2 11 22 117 2435 2449
3709 2 2 11 22 118 119 1972
3710 2 2 11 22 118 1972 2435
3711 2 2 11 22 119 120 2456
3712 2 2 11 22 1972 119 2456
3713 2 2 11 22 120 121 2432
3714 2 2 11 22 120 2432 2456
3715 2 2 11 22 121 122 1973
3716 2 2 11 22 121 1973 2432
3717 2 2 11 22 122 123 2438
3718 2 2 11 22 1973 122 2438
3719 2 2 11 22 123 124 2457
3720 2 2 11 22 123 2085 2438
3721 2 2 11 22 2085 123 2457
3722 2 2 11 22 124 125 1974
3723 2 2 11 22 124 1974 2457
3724 2 2 11 22 125 126 2321
3725 2 2 11 22 1974 125 2321
3726 2 2 11 22 126 127 2109
3727 2 2 11 22 126 2109 2321
3728 2 2 11 22 127 128 1975
3729 2 2 11 22 127 1975 2109
3730 2 2 11 22 128 129 2138
3731 2 2 11 22 1975 128 2138
3732 2 2 11 22 129 130 1976
3733 2 2 11 22 129 1976 2138
3734 2 2 11 22 130 131 2323
3735 2 2 11 22 1976 130 2323
3736 2 2 11 22 131 132 2261
3737 2 2 11 22 131 2261 2323
3738 2 2 11 22 132 133 1981
3739 2 2 11 22 132 1981 2261
3740 2 2 11 22 133 134 2284
3741 2 2 11 22 1981 133 2284
3742 2 2 11 22 134 135 1982
3743 2 2 11 22 134 1982 2284
3744 2 2 11 22 135 136 2157
3745 2 2 11 22 1982 135 2157
3746 2 2 11 22 136 137 1977
3747 2 2 11 22 136 1977 2157
3748 2 2 11 22 137 138 2306
3749 2 2 11 22 1977 137 2306
3750 2 2 11 22 138 139 1983
3751 2 2 11 22 138 1983 2306
3752 2 2 11 22 139 140 2183
3753 2 2 11 22 1983 139 2183
3754 2 2 11 22 140 141 2184
3755 2 2 11 22 2183 140 2184
3756 2 2 11 22 141 142 1984
3757 2 2 11 22 141 1984 2184
3758 2 2 11 22 142 143 2285
3759 2 2 11 22 1984 142 2285
3760 2 2 11 22 143 144 1985
3761 2 2 11 22 143 1985 2285
3762 2 2 11 22 144 145 2286
3763 2 2 11 22 1985 144 2286
3764 2 2 11 22 145 146 1986
3765 2 2 11 22 145 1986 2286
3766 2 2 11 22 146 147 2185
3767 2 2 11 22 1986 146 2185
3768 2 2 11 22 147 148 1963
3769 2 2 11 22 147 1963 2185
3770 2 2 11 22 148 149 2297
3771 2 2 11 22 1963 148 2297
3772 2 2 11 22 149 150 1987
3773 2 2 11 22 149 1987 2297
3774 2 2 11 22 150 151 2287
3775 2 2 11 22 1987 150 2287
3776 2 2 11 22 151 152 1988
3777 2 2 11 22 151 1988 2287
3778 2 2 11 22 152 153 2309
3779 2 2 11 22 1988 152 2309
3780 2 2 11 22 153 154 1989
3781 2 2 11 22 153 1989 2309
3782 2 2 11 22 154 155 2131
3783 2 2 11 22 1989 154 2131
3784 2 2 11 22 155 156 1990
3785 2 2 11 22 155 1990 2131
3786 2 2 11 22 156 157 2303
3787 2 2 11 22 1990 156 2303
3788 2 2 11 22 157 158 1991
3789 2 2 11 22 157 1991 2303
3790 2 2 11 22 158 159 2194
3791 2 2 11 22 1991 158 2194
3792 2 2 11 22 159 160 1964
3793 2 2 11 22 159 1964 2194
3794 2 2 11 22 160 161 2344
3795 2 2 11 22 1964 160 2344
3796 2 2 11 22 161 162 2423
3797 2 2 11 22 2344 161 2423
3798 2 2 11 22 162 163 1968
3799 2 2 11 22 162 1968 2423
3800 2 2 11 22 163 164 2216
3801 2 2 11 22 1968 163 2216
3802 2 2 11 22 164 165 1992
3803 2 2 11 22 164 1992 2216
3804 2 2 11 22 165 166 2281
3805 2 2 11 22 1992 165 2281
3806 2 2 11 22 166 167 2019
3807 2 2 11 22 166 2019 2281
3808 2 2 11 22 167 168 2342
3809 2 2 11 22 2019 167 2342
3810 2 2 11 22 168 169 2418
3811 2 2 11 22 2342 168 2418
3812 2 2 11 22 169 170 1962
3813 2 2 11 22 169 1962 2418
3814 2 2 11 22 170 171 2195
3815 2 2 11 22 1962 170 2195
3816 2 2 11 22 171 172 1969
3817 2 2 11 22 171 1969 2195
3818 2 2 11 22 172 173 2293
3819 2 2 11 22 1969 172 2293
3820 2 2 11 22 173 174 1993
3821 2 2 11 22 173 1993 2293
3822 2 2 11 22 174 175 2182
3823 2 2 11 22 1993 174 2182
3824 2 2 11 22 175 176 2042
3825 2 2 11 22 175 2042 2182
3826 2 2 11 22 176 177 2295
3827 2 2 11 22 2042 176 2295
3828 2 2 11 22 177 178 1965
3829 2 2 11 22 177 1965 2295
3830 2 2 11 22 178 179 2351
3831 2 2 11 22 1965 178 2351
3832 2 2 11 22 179 180 2420
3833 2 2 11 22 2351 179 2420
3834 2 2 11 22 180 181 1966
3835 2 2 11 22 180 1966 2420
3836 2 2 11 22 181 182 2254
3837 2 2 11 22 1966 181 2254
3838 2 2 11 22 182 183 1999
3839 2 2 11 22 182 1999 2254
3840 2 2 11 22 183 184 2350
3841 2 2 11 22 1999 183 2350
3842 2 2 11 22 184 185 2348
3843 2 2 11 22 184 2348 2350
3844 2 2 11 22 185 186 1967
3845 2 2 11 22 185 1967 2348
3846 2 2 11 22 186 187 2302
3847 2 2 11 22 1967 186 2302
3848 2 2 11 22 187 188 1994
3849 2 2 11 22 187 1994 2302
3850 2 2 11 22 188 189 2217
3851 2 2 11 22 1994 188 2217
3852 2 2 11 22 189 190 2223
3853 2 2 11 22 2217 189 2223
3854 2 2 11 22 190 191 1978
3855 2 2 11 22 190 1978 2223
3856 2 2 11 22 191 192 2273
3857 2 2 11 22 1978 191 2273
3858 2 2 11 22 192 193 1995
3859 2 2 11 22 192 1995 2273
3860 2 2 11 22 193 194 2288
3861 2 2 11 22 1995 193 2288
3862 2 2 11 22 194 195 1996
3863 2 2 11 22 194 1996 2288
3864 2 2 11 22 195 196 2296
3865 2 2 11 22 1996 195 2296
3866 2 2 11 22 196 197 2247
3867 2 2 11 22 196 2247 2296
3868 2 2 11 22 197 198 1979
3869 2 2 11 22 197 1979 2247
3870 2 2 11 22 198 199 2259
3871 2 2 11 22 1979 198 2259
3872 2 2 11 22 199 200 1980
3873 2 2 11 22 199 1980 2259
3874 2 2 11 22 200 201 2256
3875 2 2 11 22 1980 200 2256
3876 2 2 11 22 201 202 1960
3877 2 2 11 22 201 1960 2256
3878 2 2 11 22 202 203 2341
3879 2 2 11 22 1960 202 2341
3880 2 2 11 22 203 204 2421
3881 2 2 11 22 2341 203 2421
3882 2 2 11 22 204 205 1961
3883 2 2 11 22 204 1961 2421
3884 2 2 11 22 205 206 2267
3885 2 2 11 22 1961 205 2267
3886 2 2 11 22 206 207 2447
3887 2 2 11 22 2267 206 2447
3888 2 2 11 22 207 208 1997
3889 2 2 11 22 207 1997 2447
3890 2 2 11 22 208 209 2443
3891 2 2 11 22 1997 208 2443
3892 2 2 11 22 209 210 2046
3893 2 2 11 22 209 2046 2443
3894 2 2 11 22 2046 210 2452
3895 2 2 11 22 319 318 2045
3896 2 2 11 22 2045 318 2453
3897 2 2 11 22 320 319 2442
3898 2 2 11 22 319 2045 2442
3899 2 2 11 22 321 320 2038
3900 2 2 11 22 2038 320 2442
3901 2 2 11 22 322 321 2446
3902 2 2 11 22 321 2038 2446
3903 2 2 11 22 323 322 2033
3904 2 2 11 22 2033 322 2446
3905 2 2 11 22 324 323 2433
3906 2 2 11 22 323 2033 2433
3907 2 2 11 22 325 324 2448
3908 2 2 11 22 324 2433 2448
3909 2 2 11 22 326 325 2013
3910 2 2 11 22 2013 325 2448
3911 2 2 11 22 327 326 2193
3912 2 2 11 22 326 2013 2193
3913 2 2 11 22 328 327 2041
3914 2 2 11 22 2041 327 2193
3915 2 2 11 22 329 328 2311
3916 2 2 11 22 328 2041 2311
3917 2 2 11 22 330 329 2010
3918 2 2 11 22 2010 329 2311
3919 2 2 11 22 331 330 2096
3920 2 2 11 22 330 2010 2096
3921 2 2 11 22 332 331 2313
3922 2 2 11 22 331 2096 2313
3923 2 2 11 22 333 332 2003
3924 2 2 11 22 2003 332 2313
3925 2 2 11 22 334 333 2315
3926 2 2 11 22 333 2003 2315
3927 2 2 11 22 335 334 2039
3928 2 2 11 22 2039 334 2315
3929 2 2 11 22 336 335 2090
3930 2 2 11 22 335 2039 2090
3931 2 2 11 22 337 336 2330
3932 2 2 11 22 336 2090 2330
3933 2 2 11 22 338 337 2031
3934 2 2 11 22 2031 337 2330
3935 2 2 11 22 339 338 2123
3936 2 2 11 22 338 2031 2123
3937 2 2 11 22 340 339 2027
3938 2 2 11 22 2027 339 2123
3939 2 2 11 22 341 340 2312
3940 2 2 11 22 340 2027 2312
3941 2 2 11 22 342 341 2025
3942 2 2 11 22 2025 341 2312
3943 2 2 11 22 343 342 2301
3944 2 2 11 22 342 2025 2301
3945 2 2 11 22 344 343 2037
3946 2 2 11 22 2037 343 2301
3947 2 2 11 22 345 344 2110
3948 2 2 11 22 344 2037 2110
3949 2 2 11 22 346 345 2017
3950 2 2 11 22 2017 345 2110
3951 2 2 11 22 347 346 2292
3952 2 2 11 22 346 2017 2292
3953 2 2 11 22 348 347 2310
3954 2 2 11 22 347 2292 2310
3955 2 2 11 22 349 348 2030
3956 2 2 11 22 2030 348 2310
3957 2 2 11 22 350 349 2097
3958 2 2 11 22 349 2030 2097
3959 2 2 11 22 351 350 2028
3960 2 2 11 22 2028 350 2097
3961 2 2 11 22 352 351 2305
3962 2 2 11 22 351 2028 2305
3963 2 2 11 22 353 352 2015
3964 2 2 11 22 2015 352 2305
3965 2 2 11 22 354 353 2192
3966 2 2 11 22 353 2015 2192
3967 2 2 11 22 355 354 2012
3968 2 2 11 22 2012 354 2192
3969 2 2 11 22 356 355 2116
3970 2 2 11 22 355 2012 2116
3971 2 2 11 22 357 356 2034
3972 2 2 11 22 2034 356 2116
3973 2 2 11 22 358 357 2304
3974 2 2 11 22 357 2034 2304
3975 2 2 11 22 359 358 2035
3976 2 2 11 22 2035 358 2304
3977 2 2 11 22 360 359 2300
3978 2 2 11 22 359 2035 2300
3979 2 2 11 22 361 360 2005
3980 2 2 11 22 2005 360 2300
3981 2 2 11 22 362 361 2266
3982 2 2 11 22 361 2005 2266
3983 2 2 11 22 363 362 2036
3984 2 2 11 22 2036 362 2266
3985 2 2 11 22 364 363 2249
3986 2 2 11 22 363 2036 2249
3987 2 2 11 22 365 364 2011
3988 2 2 11 22 2011 364 2249
3989 2 2 11 22 366 365 2181
3990 2 2 11 22 365 2011 2181
3991 2 2 11 22 367 366 2156
3992 2 2 11 22 2156 366 2181
3993 2 2 11 22 368 367 2004
3994 2 2 11 22 2004 367 2156
3995 2 2 11 22 369 368 2139
3996 2 2 11 22 368 2004 2139
3997 2 2 11 22 370 369 2016
3998 2 2 11 22 2016 369 2139
3999 2 2 11 22 371 370 2318
4000 2 2 11 22 370 2016 2318
4001 2 2 11 22 372 371 2023
4002 2 2 11 22 2023 371 2318
4003 2 2 11 22 373 372 2275
4004 2 2 11 22 372 2023 2275
4005 2 2 11 22 374 373 1970
4006 2 2 11 22 1970 373 2275
4007 2 2 11 22 375 374 2172
4008 2 2 11 22 374 1970 2172
4009 2 2 11 22 376 375 2158
4010 2 2 11 22 2158 375 2172
4011 2 2 11 22 377 376 2007
4012 2 2 11 22 2007 376 2158
4013 2 2 11 22 378 377 2320
4014 2 2 11 22 377 2007 2320
4015 2 2 11 22 379 378 2032
4016 2 2 11 22 2032 378 2320
4017 2 2 11 22 380 379 2191
4018 2 2 11 22 379 2032 2191
4019 2 2 11 22 381 380 2174
4020 2 2 11 22 2174 380 2191
4021 2 2 11 22 382 381 1998
4022 2 2 11 22 1998 381 2174
4023 2 2 11 22 383 382 2272
4024 2 2 11 22 382 1998 2272
4025 2 2 11 22 384 383 2040
4026 2 2 11 22 2040 383 2272
4027 2 2 11 22 385 384 2262
4028 2 2 11 22 384 2040 2262
4029 2 2 11 22 386 385 2014
4030 2 2 11 22 2014 385 2262
4031 2 2 11 22 387 386 2268
4032 2 2 11 22 386 2014 2268
4033 2 2 11 22 388 387 2006
4034 2 2 11 22 2006 387 2268
4035 2 2 11 22 389 388 2196
4036 2 2 11 22 388 2006 2196
4037 2 2 11 22 390 389 2274
4038 2 2 11 22 389 2196 2274
4039 2 2 11 22 391 390 2009
4040 2 2 11 22 2009 390 2274
4041 2 2 11 22 392 391 2257
4042 2 2 11 22 391 2009 2257
4043 2 2 11 22 393 392 2018
4044 2 2 11 22 2018 392 2257
4045 2 2 11 22 394 393 2263
4046 2 2 11 22 393 2018 2263
4047 2 2 11 22 395 394 2020
4048 2 2 11 22 2020 394 2263
4049 2 2 11 22 396 395 2294
4050 2 2 11 22 395 2020 2294
4051 2 2 11 22 397 396 2260
4052 2 2 11 22 2260 396 2294
4053 2 2 11 22 398 397 2024
4054 2 2 11 22 2024 397 2260
4055 2 2 11 22 399 398 2291
4056 2 2 11 22 398 2024 2291
4057 2 2 11 22 400 399 2029
4058 2 2 11 22 2029 399 2291
4059 2 2 11 22 401 400 2425
4060 2 2 11 22 400 2029 2425
4061 2 2 11 22 402 401 2354
4062 2 2 11 22 2354 401 2425
4063 2 2 11 22 403 402 2021
4064 2 2 11 22 2021 402 2354
4065 2 2 11 22 404 403 2264
4066 2 2 11 22 403 2021 2264
4067 2 2 11 22 405 404 2022
4068 2 2 11 22 2022 404 2264
4069 2 2 11 22 406 405 2248
4070 2 2 11 22 405 2022 2248
4071 2 2 11 22 407 406 2008
4072 2 2 11 22 2008 406 2248
4073 2 2 11 22 408 407 2265
4074 2 2 11 22 407 2008 2265
4075 2 2 11 22 409 408 2001
4076 2 2 11 22 2001 408 2265
4077 2 2 11 22 410 409 2209
4078 2 2 11 22 409 2001 2209
4079 2 2 11 22 411 410 2255
4080 2 2 11 22 410 2209 2255
4081 2 2 11 22 412 411 2002
4082 2 2 11 22 2002 411 2255
4083 2 2 11 22 413 412 2439
4084 2 2 11 22 412 2002 2439
4085 2 2 11 22 414 413 2060
4086 2 2 11 22 2060 413 2439
4087 2 2 11 22 415 414 2026
4088 2 2 11 22 2026 414 2060
4089 2 2 11 22 416 415 2334
4090 2 2 11 22 415 2026 2334
4091 2 2 11 22 416 2334 2451
4092 2 2 11 22 430 429 2061
4093 2 2 11 22 2061 429 2454
4094 2 2 11 22 431 430 2044
4095 2 2 11 22 2044 430 2061
4096 2 2 11 22 432 431 2335
4097 2 2 11 22 431 2044 2335
4098 2 2 11 22 432 2335 2453
4099 2 2 11 22 433 434 2336
4100 2 2 11 22 433 2336 2452
4101 2 2 11 22 434 435 2043
4102 2 2 11 22 434 2043 2336
4103 2 2 11 22 435 436 2047
4104 2 2 11 22 2043 435 2047
4105 2 2 11 22 2047 436 2451
4106 2 2 11 22 2256 1960 2355
4107 2 2 11 22 1960 2341 2422
4108 2 2 11 22 2355 1960 2422
4109 2 2 11 22 1961 2267 2437
4110 2 2 11 22 1961 2343 2421
4111 2 2 11 22 2343 1961 2437
4112 2 2 11 22 1962 2195 2409
4113 2 2 11 22 2361 1962 2409
4114 2 2 11 22 1962 2361 2418
4115 2 2 11 22 2185 1963 2186
4116 2 2 11 22 2186 1963 2187
4117 2 2 11 22 2187 1963 2297
4118 2 2 11 22 2194 1964 2412
4119 2 2 11 22 1964 2344 2428
4120 2 2 11 22 2412 1964 2428
4121 2 2 11 22 2295 1965 2404
4122 2 2 11 22 1965 2351 2427
4123 2 2 11 22 2404 1965 2427
4124 2 2 11 22 1966 2254 2392
4125 2 2 11 22 2358 1966 2392
4126 2 2 11 22 1966 2358 2420
4127 2 2 11 22 1967 2302 2347
4128 2 2 11 22 1967 2347 2419
4129 2 2 11 22 2348 1967 2419
4130 2 2 11 22 1968 2216 2402
4131 2 2 11 22 2359 1968 2402
4132 2 2 11 22 1968 2359 2423
4133 2 2 11 22 2195 1969 2396
4134 2 2 11 22 1969 2293 2366
4135 2 2 11 22 1969 2366 2396
4136 2 2 11 22 2166 1970 2169
4137 2 2 11 22 1970 2166 2172
4138 2 2 11 22 2169 1970 2275
4139 2 2 11 22 2299 1971 2440
4140 2 2 11 22 2440 1971 2459
4141 2 2 11 22 1971 2449 2459
4142 2 2 11 22 2076 1972 2078
4143 2 2 11 22 1972 2076 2086
4144 2 2 11 22 2078 1972 2456
4145 2 2 11 22 1972 2086 2435
4146 2 2 11 22 2079 1973 2081
4147 2 2 11 22 1973 2079 2432
4148 2 2 11 22 2081 1973 2082
4149 2 2 11 22 2082 1973 2438
4150 2 2 11 22 1974 2321 2322
4151 2 2 11 22 1974 2322 2332
4152 2 2 11 22 1974 2332 2457
4153 2 2 11 22 2109 1975 2363
4154 2 2 11 22 1975 2138 2386
4155 2 2 11 22 2363 1975 2386
4156 2 2 11 22 2138 1976 2411
4157 2 2 11 22 1976 2323 2415
4158 2 2 11 22 2411 1976 2415
4159 2 2 11 22 2157 1977 2367
4160 2 2 11 22 1977 2306 2387
4161 2 2 11 22 2367 1977 2387
4162 2 2 11 22 2223 1978 2224
4163 2 2 11 22 2224 1978 2225
4164 2 2 11 22 2225 1978 2273
4165 2 2 11 22 2239 1979 2241
4166 2 2 11 22 1979 2239 2247
4167 2 2 11 22 2241 1979 2259
4168 2 2 11 22 2243 1980 2245
4169 2 2 11 22 1980 2243 2259
4170 2 2 11 22 2245 1980 2256
4171 2 2 11 22 2261 1981 2408
4172 2 2 11 22 1981 2284 2407
4173 2 2 11 22 1981 2407 2408
4174 2 2 11 22 1982 2157 2377
4175 2 2 11 22 2284 1982 2398
4176 2 2 11 22 1982 2377 2398
4177 2 2 11 22 1983 2183 2403
4178 2 2 11 22 2306 1983 2397
4179 2 2 11 22 2397 1983 2403
4180 2 2 11 22 2184 1984 2373
4181 2 2 11 22 1984 2285 2379
4182 2 2 11 22 2373 1984 2379
4183 2 2 11 22 2285 1985 2406
4184 2 2 11 22 1985 2286 2372
4185 2 2 11 22 1985 2372 2406
4186 2 2 11 22 1986 2185 2357
4187 2 2 11 22 2286 1986 2405
4188 2 2 11 22 1986 2357 2405
4189 2 2 11 22 1987 2287 2383
4190 2 2 11 22 2297 1987 2340
4191 2 2 11 22 2340 1987 2383
4192 2 2 11 22 2287 1988 2394
4193 2 2 11 22 1988 2309 2346
4194 2 2 11 22 1988 2346 2394
4195 2 2 11 22 1989 2131 2250
4196 2 2 11 22 1989 2250 2252
4197 2 2 11 22 1989 2252 2309
4198 2 2 11 22 2131 1990 2132
4199 2 2 11 22 2132 1990 2133
4200 2 2 11 22 2133 1990 2303
4201 2 2 11 22 1991 2194 2414
4202 2 2 11 22 2303 1991 2360
4203 2 2 11 22 2360 1991 2414
4204 2 2 11 22 2216 1992 2388
4205 2 2 11 22 1992 2281 2413
4206 2 2 11 22 2388 1992 2413
4207 2 2 11 22 1993 2182 2395
4208 2 2 11 22 2293 1993 2401
4209 2 2 11 22 1993 2395 2401
4210 2 2 11 22 1994 2217 2218
4211 2 2 11 22 1994 2218 2220
4212 2 2 11 22 1994 2220 2302
4213 2 2 11 22 2228 1995 2230
4214 2 2 11 22 1995 2228 2273
4215 2 2 11 22 2230 1995 2288
4216 2 2 11 22 2232 1996 2234
4217 2 2 11 22 1996 2232 2288
4218 2 2 11 22 2234 1996 2296
4219 2 2 11 22 1997 2051 2052
4220 2 2 11 22 2051 1997 2443
4221 2 2 11 22 1997 2052 2053
4222 2 2 11 22 1997 2053 2447
4223 2 2 11 22 1998 2174 2175
4224 2 2 11 22 1998 2175 2177
4225 2 2 11 22 1998 2177 2272
4226 2 2 11 22 2254 1999 2382
4227 2 2 11 22 1999 2350 2424
4228 2 2 11 22 2382 1999 2424
4229 2 2 11 22 2000 2062 2337
4230 2 2 11 22 2062 2000 2445
4231 2 2 11 22 2000 2299 2445
4232 2 2 11 22 2209 2001 2210
4233 2 2 11 22 2210 2001 2211
4234 2 2 11 22 2211 2001 2265
4235 2 2 11 22 2002 2056 2058
4236 2 2 11 22 2056 2002 2431
4237 2 2 11 22 2002 2058 2439
4238 2 2 11 22 2002 2255 2431
4239 2 2 11 22 2003 2313 2314
4240 2 2 11 22 2003 2314 2316
4241 2 2 11 22 2315 2003 2316
4242 2 2 11 22 2139 2004 2145
4243 2 2 11 22 2145 2004 2146
4244 2 2 11 22 2146 2004 2156
4245 2 2 11 22 2266 2005 2368
4246 2 2 11 22 2005 2300 2370
4247 2 2 11 22 2368 2005 2370
4248 2 2 11 22 2196 2006 2197
4249 2 2 11 22 2197 2006 2198
4250 2 2 11 22 2198 2006 2268
4251 2 2 11 22 2007 2158 2159
4252 2 2 11 22 2007 2159 2161
4253 2 2 11 22 2007 2161 2320
4254 2 2 11 22 2008 2248 2385
4255 2 2 11 22 2265 2008 2353
4256 2 2 11 22 2353 2008 2385
4257 2 2 11 22 2257 2009 2258
4258 2 2 11 22 2258 2009 2276
4259 2 2 11 22 2009 2274 2276
4260 2 2 11 22 2088 2010 2311
4261 2 2 11 22 2010 2088 2450
4262 2 2 11 22 2096 2010 2450
4263 2 2 11 22 2152 2011 2154
4264 2 2 11 22 2011 2152 2181
4265 2 2 11 22 2154 2011 2249
4266 2 2 11 22 2116 2012 2345
4267 2 2 11 22 2012 2192 2365
4268 2 2 11 22 2345 2012 2365
4269 2 2 11 22 2013 2075 2333
4270 2 2 11 22 2075 2013 2448
4271 2 2 11 22 2193 2013 2333
4272 2 2 11 22 2202 2014 2204
4273 2 2 11 22 2014 2202 2268
4274 2 2 11 22 2204 2014 2262
4275 2 2 11 22 2192 2015 2364
4276 2 2 11 22 2015 2305 2339
4277 2 2 11 22 2015 2339 2364
4278 2 2 11 22 2016 2139 2140
4279 2 2 11 22 2016 2140 2141
4280 2 2 11 22 2016 2141 2318
4281 2 2 11 22 2017 2110 2122
4282 2 2 11 22 2017 2122 2319
4283 2 2 11 22 2292 2017 2319
4284 2 2 11 22 2018 2257 2352
4285 2 2 11 22 2263 2018 2376
4286 2 2 11 22 2018 2352 2376
4287 2 2 11 22 2281 2019 2416
4288 2 2 11 22 2019 2342 2429
4289 2 2 11 22 2416 2019 2429
4290 2 2 11 22 2020 2263 2393
4291 2 2 11 22 2294 2020 2400
4292 2 2 11 22 2020 2393 2400
4293 2 2 11 22 2264 2021 2391
4294 2 2 11 22 2021 2354 2426
4295 2 2 11 22 2391 2021 2426
4296 2 2 11 22 2248 2022 2389
4297 2 2 11 22 2022 2264 2390
4298 2 2 11 22 2389 2022 2390
4299 2 2 11 22 2023 2171 2275
4300 2 2 11 22 2171 2023 2324
4301 2 2 11 22 2023 2318 2324
4302 2 2 11 22 2024 2260 2371
4303 2 2 11 22 2291 2024 2375
4304 2 2 11 22 2024 2371 2375
4305 2 2 11 22 2301 2025 2317
4306 2 2 11 22 2025 2312 2327
4307 2 2 11 22 2317 2025 2327
4308 2 2 11 22 2026 2048 2334
4309 2 2 11 22 2048 2026 2444
4310 2 2 11 22 2026 2060 2444
4311 2 2 11 22 2027 2123 2124
4312 2 2 11 22 2027 2124 2125
4313 2 2 11 22 2027 2125 2312
4314 2 2 11 22 2028 2097 2105
4315 2 2 11 22 2028 2105 2106
4316 2 2 11 22 2028 2106 2305
4317 2 2 11 22 2029 2291 2381
4318 2 2 11 22 2356 2029 2381
4319 2 2 11 22 2029 2356 2425
4320 2 2 11 22 2097 2030 2098
4321 2 2 11 22 2098 2030 2099
4322 2 2 11 22 2099 2030 2310
4323 2 2 11 22 2123 2031 2129
4324 2 2 11 22 2129 2031 2307
4325 2 2 11 22 2307 2031 2330
4326 2 2 11 22 2032 2180 2191
4327 2 2 11 22 2180 2032 2328
4328 2 2 11 22 2032 2320 2328
4329 2 2 11 22 2033 2069 2070
4330 2 2 11 22 2069 2033 2446
4331 2 2 11 22 2033 2070 2071
4332 2 2 11 22 2033 2071 2433
4333 2 2 11 22 2034 2116 2117
4334 2 2 11 22 2034 2117 2118
4335 2 2 11 22 2034 2118 2304
4336 2 2 11 22 2300 2035 2378
4337 2 2 11 22 2035 2304 2349
4338 2 2 11 22 2035 2349 2378
4339 2 2 11 22 2249 2036 2362
4340 2 2 11 22 2036 2266 2374
4341 2 2 11 22 2362 2036 2374
4342 2 2 11 22 2110 2037 2111
4343 2 2 11 22 2111 2037 2112
4344 2 2 11 22 2112 2037 2301
4345 2 2 11 22 2038 2065 2066
4346 2 2 11 22 2065 2038 2442
4347 2 2 11 22 2038 2066 2069
4348 2 2 11 22 2038 2069 2446
4349 2 2 11 22 2090 2039 2091
4350 2 2 11 22 2091 2039 2092
4351 2 2 11 22 2092 2039 2315
4352 2 2 11 22 2040 2207 2262
4353 2 2 11 22 2207 2040 2270
4354 2 2 11 22 2270 2040 2272
4355 2 2 11 22 2041 2193 2434
4356 2 2 11 22 2311 2041 2436
4357 2 2 11 22 2041 2434 2436
4358 2 2 11 22 2182 2042 2380
4359 2 2 11 22 2042 2295 2384
4360 2 2 11 22 2380 2042 2384
4361 2 2 11 22 2043 2047 2048
4362 2 2 11 22 2043 2048 2049
4363 2 2 11 22 2043 2049 2336
4364 2 2 11 22 2044 2061 2062
4365 2 2 11 22 2044 2062 2063
4366 2 2 11 22 2044 2063 2335
4367 2 2 11 22 2045 2063 2065
4368 2 2 11 22 2063 2045 2335
4369 2 2 11 22 2045 2065 2442
4370 2 2 11 22 2335 2045 2453
4371 2 2 11 22 2046 2049 2051
4372 2 2 11 22 2049 2046 2336
4373 2 2 11 22 2046 2051 2443
4374 2 2 11 22 2336 2046 2452
4375 2 2 11 22 2048 2047 2334
4376 2 2 11 22 2334 2047 2451
4377 2 2 11 22 2049 2048 2050
4378 2 2 11 22 2050 2048 2444
4379 2 2 11 22 2049 2050 2051
4380 2 2 11 22 2051 2050 2052
4381 2 2 11 22 2052 2050 2059
4382 2 2 11 22 2059 2050 2444
4383 2 2 11 22 2053 2052 2054
4384 2 2 11 22 2054 2052 2059
4385 2 2 11 22 2053 2054 2055
4386 2 2 11 22 2053 2055 2267
4387 2 2 11 22 2053 2267 2447
4388 2 2 11 22 2055 2054 2056
4389 2 2 11 22 2056 2054 2058
4390 2 2 11 22 2058 2054 2059
4391 2 2 11 22 2055 2056 2057
4392 2 2 11 22 2055 2057 2437
4393 2 2 11 22 2267 2055 2437
4394 2 2 11 22 2057 2056 2431
4395 2 2 11 22 2269 2057 2431
4396 2 2 11 22 2057 2269 2458
4397 2 2 11 22 2437 2057 2458
4398 2 2 11 22 2058 2059 2060
4399 2 2 11 22 2058 2060 2439
4400 2 2 11 22 2060 2059 2444
4401 2 2 11 22 2062 2061 2337
4402 2 2 11 22 2337 2061 2454
4403 2 2 11 22 2063 2062 2064
4404 2 2 11 22 2064 2062 2445
4405 2 2 11 22 2063 2064 2065
4406 2 2 11 22 2065 2064 2066
4407 2 2 11 22 2066 2064 2067
4408 2 2 11 22 2067 2064 2445
4409 2 2 11 22 2066 2067 2068
4410 2 2 11 22 2066 2068 2069
4411 2 2 11 22 2068 2067 2440
4412 2 2 11 22 2067 2299 2440
4413 2 2 11 22 2299 2067 2445
4414 2 2 11 22 2069 2068 2070
4415 2 2 11 22 2070 2068 2430
4416 2 2 11 22 2430 2068 2440
4417 2 2 11 22 2071 2070 2072
4418 2 2 11 22 2072 2070 2430
4419 2 2 11 22 2071 2072 2073
4420 2 2 11 22 2071 2073 2074
4421 2 2 11 22 2071 2074 2433
4422 2 2 11 22 2073 2072 2086
4423 2 2 11 22 2086 2072 2087
4424 2 2 11 22 2087 2072 2430
4425 2 2 11 22 2074 2073 2075
4426 2 2 11 22 2075 2073 2076
4427 2 2 11 22 2076 2073 2086
4428 2 2 11 22 2074 2075 2448
4429 2 2 11 22 2433 2074 2448
4430 2 2 11 22 2075 2076 2077
4431 2 2 11 22 2075 2077 2333
4432 2 2 11 22 2077 2076 2078
4433 2 2 11 22 2077 2078 2079
4434 2 2 11 22 2077 2079 2080
4435 2 2 11 22 2077 2080 2333
4436 2 2 11 22 2079 2078 2432
4437 2 2 11 22 2432 2078 2456
4438 2 2 11 22 2080 2079 2081
4439 2 2 11 22 2080 2081 2455
4440 2 2 11 22 2333 2080 2434
4441 2 2 11 22 2434 2080 2455
4442 2 2 11 22 2081 2082 2083
4443 2 2 11 22 2081 2083 2455
4444 2 2 11 22 2083 2082 2084
4445 2 2 11 22 2084 2082 2085
4446 2 2 11 22 2085 2082 2438
4447 2 2 11 22 2083 2084 2088
4448 2 2 11 22 2083 2088 2436
4449 2 2 11 22 2083 2436 2455
4450 2 2 11 22 2084 2085 2332
4451 2 2 11 22 2088 2084 2089
4452 2 2 11 22 2089 2084 2332
4453 2 2 11 22 2332 2085 2457
4454 2 2 11 22 2086 2087 2435
4455 2 2 11 22 2087 2430 2459
4456 2 2 11 22 2435 2087 2449
4457 2 2 11 22 2449 2087 2459
4458 2 2 11 22 2088 2089 2450
4459 2 2 11 22 2088 2311 2436
4460 2 2 11 22 2089 2332 2441
4461 2 2 11 22 2089 2441 2450
4462 2 2 11 22 2090 2091 2093
4463 2 2 11 22 2090 2093 2330
4464 2 2 11 22 2091 2092 2094
4465 2 2 11 22 2093 2091 2289
4466 2 2 11 22 2091 2094 2289
4467 2 2 11 22 2094 2092 2095
4468 2 2 11 22 2095 2092 2316
4469 2 2 11 22 2092 2315 2316
4470 2 2 11 22 2093 2289 2290
4471 2 2 11 22 2093 2290 2307
4472 2 2 11 22 2093 2307 2330
4473 2 2 11 22 2094 2095 2386
4474 2 2 11 22 2289 2094 2411
4475 2 2 11 22 2094 2386 2411
4476 2 2 11 22 2095 2316 2326
4477 2 2 11 22 2095 2326 2363
4478 2 2 11 22 2095 2363 2386
4479 2 2 11 22 2313 2096 2331
4480 2 2 11 22 2331 2096 2450
4481 2 2 11 22 2097 2098 2105
4482 2 2 11 22 2098 2099 2100
4483 2 2 11 22 2098 2100 2102
4484 2 2 11 22 2098 2102 2105
4485 2 2 11 22 2100 2099 2101
4486 2 2 11 22 2101 2099 2103
4487 2 2 11 22 2103 2099 2310
4488 2 2 11 22 2100 2101 2379
4489 2 2 11 22 2102 2100 2406
4490 2 2 11 22 2100 2379 2406
4491 2 2 11 22 2101 2103 2104
4492 2 2 11 22 2101 2104 2373
4493 2 2 11 22 2101 2373 2379
4494 2 2 11 22 2105 2102 2107
4495 2 2 11 22 2107 2102 2372
4496 2 2 11 22 2372 2102 2406
4497 2 2 11 22 2104 2103 2319
4498 2 2 11 22 2292 2103 2310
4499 2 2 11 22 2103 2292 2319
4500 2 2 11 22 2137 2104 2319
4501 2 2 11 22 2104 2137 2399
4502 2 2 11 22 2373 2104 2399
4503 2 2 11 22 2106 2105 2107
4504 2 2 11 22 2106 2107 2108
4505 2 2 11 22 2106 2108 2339
4506 2 2 11 22 2305 2106 2339
4507 2 2 11 22 2108 2107 2405
4508 2 2 11 22 2107 2372 2405
4509 2 2 11 22 2108 2190 2339
4510 2 2 11 22 2190 2108 2357
4511 2 2 11 22 2357 2108 2405
4512 2 2 11 22 2321 2109 2338
4513 2 2 11 22 2338 2109 2363
4514 2 2 11 22 2110 2111 2122
4515 2 2 11 22 2111 2112 2113
4516 2 2 11 22 2111 2113 2115
4517 2 2 11 22 2111 2115 2122
4518 2 2 11 22 2113 2112 2114
4519 2 2 11 22 2114 2112 2317
4520 2 2 11 22 2112 2301 2317
4521 2 2 11 22 2113 2114 2387
4522 2 2 11 22 2115 2113 2397
4523 2 2 11 22 2113 2387 2397
4524 2 2 11 22 2114 2317 2329
4525 2 2 11 22 2114 2329 2367
4526 2 2 11 22 2114 2367 2387
4527 2 2 11 22 2122 2115 2137
4528 2 2 11 22 2137 2115 2403
4529 2 2 11 22 2115 2397 2403
4530 2 2 11 22 2117 2116 2345
4531 2 2 11 22 2118 2117 2119
4532 2 2 11 22 2119 2117 2121
4533 2 2 11 22 2121 2117 2345
4534 2 2 11 22 2118 2119 2120
4535 2 2 11 22 2118 2120 2349
4536 2 2 11 22 2304 2118 2349
4537 2 2 11 22 2120 2119 2394
4538 2 2 11 22 2119 2121 2383
4539 2 2 11 22 2119 2383 2394
4540 2 2 11 22 2253 2120 2346
4541 2 2 11 22 2120 2253 2349
4542 2 2 11 22 2346 2120 2394
4543 2 2 11 22 2121 2189 2340
4544 2 2 11 22 2189 2121 2345
4545 2 2 11 22 2121 2340 2383
4546 2 2 11 22 2122 2137 2319
4547 2 2 11 22 2124 2123 2129
4548 2 2 11 22 2125 2124 2126
4549 2 2 11 22 2126 2124 2128
4550 2 2 11 22 2128 2124 2129
4551 2 2 11 22 2125 2126 2127
4552 2 2 11 22 2125 2127 2327
4553 2 2 11 22 2312 2125 2327
4554 2 2 11 22 2127 2126 2398
4555 2 2 11 22 2126 2128 2407
4556 2 2 11 22 2398 2126 2407
4557 2 2 11 22 2327 2127 2329
4558 2 2 11 22 2329 2127 2377
4559 2 2 11 22 2377 2127 2398
4560 2 2 11 22 2128 2129 2130
4561 2 2 11 22 2128 2130 2408
4562 2 2 11 22 2407 2128 2408
4563 2 2 11 22 2130 2129 2307
4564 2 2 11 22 2290 2130 2307
4565 2 2 11 22 2130 2290 2410
4566 2 2 11 22 2408 2130 2410
4567 2 2 11 22 2131 2132 2250
4568 2 2 11 22 2132 2133 2134
4569 2 2 11 22 2132 2134 2135
4570 2 2 11 22 2132 2135 2250
4571 2 2 11 22 2134 2133 2136
4572 2 2 11 22 2136 2133 2360
4573 2 2 11 22 2133 2303 2360
4574 2 2 11 22 2135 2134 2368
4575 2 2 11 22 2134 2136 2374
4576 2 2 11 22 2368 2134 2374
4577 2 2 11 22 2250 2135 2251
4578 2 2 11 22 2251 2135 2370
4579 2 2 11 22 2135 2368 2370
4580 2 2 11 22 2155 2136 2360
4581 2 2 11 22 2136 2155 2362
4582 2 2 11 22 2136 2362 2374
4583 2 2 11 22 2399 2137 2403
4584 2 2 11 22 2386 2138 2411
4585 2 2 11 22 2140 2139 2145
4586 2 2 11 22 2141 2140 2142
4587 2 2 11 22 2142 2140 2144
4588 2 2 11 22 2144 2140 2145
4589 2 2 11 22 2141 2142 2143
4590 2 2 11 22 2141 2143 2324
4591 2 2 11 22 2318 2141 2324
4592 2 2 11 22 2143 2142 2388
4593 2 2 11 22 2142 2144 2402
4594 2 2 11 22 2388 2142 2402
4595 2 2 11 22 2143 2173 2324
4596 2 2 11 22 2173 2143 2413
4597 2 2 11 22 2143 2388 2413
4598 2 2 11 22 2144 2145 2147
4599 2 2 11 22 2144 2147 2359
4600 2 2 11 22 2144 2359 2402
4601 2 2 11 22 2145 2146 2147
4602 2 2 11 22 2147 2146 2148
4603 2 2 11 22 2148 2146 2149
4604 2 2 11 22 2149 2146 2156
4605 2 2 11 22 2147 2148 2151
4606 2 2 11 22 2147 2151 2359
4607 2 2 11 22 2148 2149 2150
4608 2 2 11 22 2148 2150 2428
4609 2 2 11 22 2151 2148 2428
4610 2 2 11 22 2150 2149 2152
4611 2 2 11 22 2152 2149 2181
4612 2 2 11 22 2149 2156 2181
4613 2 2 11 22 2150 2152 2153
4614 2 2 11 22 2150 2153 2412
4615 2 2 11 22 2150 2412 2428
4616 2 2 11 22 2151 2344 2423
4617 2 2 11 22 2344 2151 2428
4618 2 2 11 22 2359 2151 2423
4619 2 2 11 22 2153 2152 2154
4620 2 2 11 22 2153 2154 2155
4621 2 2 11 22 2153 2155 2414
4622 2 2 11 22 2412 2153 2414
4623 2 2 11 22 2155 2154 2362
4624 2 2 11 22 2154 2249 2362
4625 2 2 11 22 2155 2360 2414
4626 2 2 11 22 2157 2367 2377
4627 2 2 11 22 2159 2158 2160
4628 2 2 11 22 2160 2158 2172
4629 2 2 11 22 2159 2160 2164
4630 2 2 11 22 2161 2159 2162
4631 2 2 11 22 2162 2159 2164
4632 2 2 11 22 2164 2160 2165
4633 2 2 11 22 2165 2160 2166
4634 2 2 11 22 2166 2160 2172
4635 2 2 11 22 2161 2162 2163
4636 2 2 11 22 2161 2163 2328
4637 2 2 11 22 2320 2161 2328
4638 2 2 11 22 2163 2162 2396
4639 2 2 11 22 2162 2164 2409
4640 2 2 11 22 2396 2162 2409
4641 2 2 11 22 2163 2325 2328
4642 2 2 11 22 2325 2163 2366
4643 2 2 11 22 2366 2163 2396
4644 2 2 11 22 2164 2165 2361
4645 2 2 11 22 2164 2361 2409
4646 2 2 11 22 2165 2166 2167
4647 2 2 11 22 2165 2167 2168
4648 2 2 11 22 2165 2168 2361
4649 2 2 11 22 2167 2166 2169
4650 2 2 11 22 2168 2167 2429
4651 2 2 11 22 2167 2169 2170
4652 2 2 11 22 2167 2170 2429
4653 2 2 11 22 2168 2342 2418
4654 2 2 11 22 2342 2168 2429
4655 2 2 11 22 2361 2168 2418
4656 2 2 11 22 2170 2169 2171
4657 2 2 11 22 2171 2169 2275
4658 2 2 11 22 2170 2171 2173
4659 2 2 11 22 2170 2173 2416
4660 2 2 11 22 2170 2416 2429
4661 2 2 11 22 2173 2171 2324
4662 2 2 11 22 2173 2413 2416
4663 2 2 11 22 2175 2174 2176
4664 2 2 11 22 2176 2174 2191
4665 2 2 11 22 2175 2176 2178
4666 2 2 11 22 2177 2175 2298
4667 2 2 11 22 2175 2178 2298
4668 2 2 11 22 2178 2176 2179
4669 2 2 11 22 2179 2176 2180
4670 2 2 11 22 2180 2176 2191
4671 2 2 11 22 2270 2177 2271
4672 2 2 11 22 2177 2270 2272
4673 2 2 11 22 2271 2177 2298
4674 2 2 11 22 2178 2179 2395
4675 2 2 11 22 2298 2178 2380
4676 2 2 11 22 2380 2178 2395
4677 2 2 11 22 2179 2180 2325
4678 2 2 11 22 2179 2325 2401
4679 2 2 11 22 2395 2179 2401
4680 2 2 11 22 2325 2180 2328
4681 2 2 11 22 2182 2380 2395
4682 2 2 11 22 2183 2184 2399
4683 2 2 11 22 2183 2399 2403
4684 2 2 11 22 2184 2373 2399
4685 2 2 11 22 2185 2186 2357
4686 2 2 11 22 2186 2187 2188
4687 2 2 11 22 2186 2188 2190
4688 2 2 11 22 2186 2190 2357
4689 2 2 11 22 2188 2187 2189
4690 2 2 11 22 2189 2187 2340
4691 2 2 11 22 2187 2297 2340
4692 2 2 11 22 2188 2189 2365
4693 2 2 11 22 2190 2188 2364
4694 2 2 11 22 2364 2188 2365
4695 2 2 11 22 2189 2345 2365
4696 2 2 11 22 2339 2190 2364
4697 2 2 11 22 2192 2364 2365
4698 2 2 11 22 2193 2333 2434
4699 2 2 11 22 2194 2412 2414
4700 2 2 11 22 2195 2396 2409
4701 2 2 11 22 2196 2197 2199
4702 2 2 11 22 2196 2199 2274
4703 2 2 11 22 2197 2198 2200
4704 2 2 11 22 2199 2197 2308
4705 2 2 11 22 2197 2200 2308
4706 2 2 11 22 2200 2198 2201
4707 2 2 11 22 2201 2198 2202
4708 2 2 11 22 2202 2198 2268
4709 2 2 11 22 2274 2199 2276
4710 2 2 11 22 2276 2199 2277
4711 2 2 11 22 2277 2199 2308
4712 2 2 11 22 2200 2201 2392
4713 2 2 11 22 2308 2200 2382
4714 2 2 11 22 2382 2200 2392
4715 2 2 11 22 2201 2202 2203
4716 2 2 11 22 2201 2203 2358
4717 2 2 11 22 2201 2358 2392
4718 2 2 11 22 2203 2202 2204
4719 2 2 11 22 2203 2204 2205
4720 2 2 11 22 2203 2205 2206
4721 2 2 11 22 2203 2206 2358
4722 2 2 11 22 2205 2204 2207
4723 2 2 11 22 2207 2204 2262
4724 2 2 11 22 2206 2205 2427
4725 2 2 11 22 2205 2207 2208
4726 2 2 11 22 2205 2208 2427
4727 2 2 11 22 2206 2351 2420
4728 2 2 11 22 2351 2206 2427
4729 2 2 11 22 2358 2206 2420
4730 2 2 11 22 2208 2207 2270
4731 2 2 11 22 2208 2270 2271
4732 2 2 11 22 2208 2271 2404
4733 2 2 11 22 2208 2404 2427
4734 2 2 11 22 2209 2210 2269
4735 2 2 11 22 2255 2209 2269
4736 2 2 11 22 2210 2211 2212
4737 2 2 11 22 2210 2212 2214
4738 2 2 11 22 2210 2214 2269
4739 2 2 11 22 2212 2211 2213
4740 2 2 11 22 2213 2211 2353
4741 2 2 11 22 2211 2265 2353
4742 2 2 11 22 2212 2213 2422
4743 2 2 11 22 2214 2212 2215
4744 2 2 11 22 2215 2212 2422
4745 2 2 11 22 2246 2213 2353
4746 2 2 11 22 2213 2246 2355
4747 2 2 11 22 2213 2355 2422
4748 2 2 11 22 2214 2215 2343
4749 2 2 11 22 2269 2214 2458
4750 2 2 11 22 2214 2343 2458
4751 2 2 11 22 2215 2341 2421
4752 2 2 11 22 2341 2215 2422
4753 2 2 11 22 2343 2215 2421
4754 2 2 11 22 2216 2388 2402
4755 2 2 11 22 2218 2217 2219
4756 2 2 11 22 2219 2217 2223
4757 2 2 11 22 2218 2219 2282
4758 2 2 11 22 2220 2218 2221
4759 2 2 11 22 2221 2218 2282
4760 2 2 11 22 2219 2223 2224
4761 2 2 11 22 2219 2224 2283
4762 2 2 11 22 2282 2219 2283
4763 2 2 11 22 2220 2221 2222
4764 2 2 11 22 2220 2222 2347
4765 2 2 11 22 2302 2220 2347
4766 2 2 11 22 2222 2221 2376
4767 2 2 11 22 2221 2282 2393
4768 2 2 11 22 2376 2221 2393
4769 2 2 11 22 2222 2280 2347
4770 2 2 11 22 2280 2222 2352
4771 2 2 11 22 2352 2222 2376
4772 2 2 11 22 2224 2225 2226
4773 2 2 11 22 2224 2226 2283
4774 2 2 11 22 2226 2225 2227
4775 2 2 11 22 2227 2225 2228
4776 2 2 11 22 2228 2225 2273
4777 2 2 11 22 2226 2227 2371
4778 2 2 11 22 2283 2226 2369
4779 2 2 11 22 2369 2226 2371
4780 2 2 11 22 2227 2228 2229
4781 2 2 11 22 2227 2229 2375
4782 2 2 11 22 2371 2227 2375
4783 2 2 11 22 2229 2228 2230
4784 2 2 11 22 2229 2230 2231
4785 2 2 11 22 2229 2231 2381
4786 2 2 11 22 2375 2229 2381
4787 2 2 11 22 2231 2230 2232
4788 2 2 11 22 2232 2230 2288
4789 2 2 11 22 2231 2232 2233
4790 2 2 11 22 2231 2233 2356
4791 2 2 11 22 2231 2356 2381
4792 2 2 11 22 2233 2232 2234
4793 2 2 11 22 2233 2234 2235
4794 2 2 11 22 2233 2235 2238
4795 2 2 11 22 2233 2238 2356
4796 2 2 11 22 2235 2234 2236
4797 2 2 11 22 2236 2234 2296
4798 2 2 11 22 2235 2236 2237
4799 2 2 11 22 2235 2237 2426
4800 2 2 11 22 2238 2235 2426
4801 2 2 11 22 2237 2236 2239
4802 2 2 11 22 2239 2236 2247
4803 2 2 11 22 2247 2236 2296
4804 2 2 11 22 2237 2239 2240
4805 2 2 11 22 2237 2240 2391
4806 2 2 11 22 2237 2391 2426
4807 2 2 11 22 2238 2354 2425
4808 2 2 11 22 2354 2238 2426
4809 2 2 11 22 2356 2238 2425
4810 2 2 11 22 2240 2239 2241
4811 2 2 11 22 2240 2241 2242
4812 2 2 11 22 2240 2242 2390
4813 2 2 11 22 2240 2390 2391
4814 2 2 11 22 2242 2241 2243
4815 2 2 11 22 2243 2241 2259
4816 2 2 11 22 2242 2243 2244
4817 2 2 11 22 2242 2244 2389
4818 2 2 11 22 2242 2389 2390
4819 2 2 11 22 2244 2243 2245
4820 2 2 11 22 2244 2245 2246
4821 2 2 11 22 2244 2246 2385
4822 2 2 11 22 2244 2385 2389
4823 2 2 11 22 2246 2245 2355
4824 2 2 11 22 2245 2256 2355
4825 2 2 11 22 2246 2353 2385
4826 2 2 11 22 2385 2248 2389
4827 2 2 11 22 2250 2251 2252
4828 2 2 11 22 2252 2251 2253
4829 2 2 11 22 2253 2251 2378
4830 2 2 11 22 2251 2370 2378
4831 2 2 11 22 2252 2253 2346
4832 2 2 11 22 2309 2252 2346
4833 2 2 11 22 2349 2253 2378
4834 2 2 11 22 2254 2382 2392
4835 2 2 11 22 2255 2269 2431
4836 2 2 11 22 2257 2258 2352
4837 2 2 11 22 2258 2276 2278
4838 2 2 11 22 2258 2278 2280
4839 2 2 11 22 2258 2280 2352
4840 2 2 11 22 2260 2294 2369
4841 2 2 11 22 2260 2369 2371
4842 2 2 11 22 2323 2261 2410
4843 2 2 11 22 2261 2408 2410
4844 2 2 11 22 2263 2376 2393
4845 2 2 11 22 2390 2264 2391
4846 2 2 11 22 2266 2368 2374
4847 2 2 11 22 2271 2298 2384
4848 2 2 11 22 2271 2384 2404
4849 2 2 11 22 2276 2277 2278
4850 2 2 11 22 2278 2277 2279
4851 2 2 11 22 2279 2277 2424
4852 2 2 11 22 2277 2308 2424
4853 2 2 11 22 2278 2279 2419
4854 2 2 11 22 2280 2278 2419
4855 2 2 11 22 2348 2279 2350
4856 2 2 11 22 2279 2348 2419
4857 2 2 11 22 2350 2279 2424
4858 2 2 11 22 2347 2280 2419
4859 2 2 11 22 2413 2281 2416
4860 2 2 11 22 2282 2283 2400
4861 2 2 11 22 2393 2282 2400
4862 2 2 11 22 2283 2369 2400
4863 2 2 11 22 2284 2398 2407
4864 2 2 11 22 2379 2285 2406
4865 2 2 11 22 2372 2286 2405
4866 2 2 11 22 2383 2287 2394
4867 2 2 11 22 2290 2289 2415
4868 2 2 11 22 2289 2411 2415
4869 2 2 11 22 2410 2290 2415
4870 2 2 11 22 2291 2375 2381
4871 2 2 11 22 2366 2293 2401
4872 2 2 11 22 2369 2294 2400
4873 2 2 11 22 2384 2295 2404
4874 2 2 11 22 2298 2380 2384
4875 2 2 11 22 2370 2300 2378
4876 2 2 11 22 2387 2306 2397
4877 2 2 11 22 2308 2382 2424
4878 2 2 11 22 2314 2313 2331
4879 2 2 11 22 2316 2314 2326
4880 2 2 11 22 2326 2314 2417
4881 2 2 11 22 2314 2331 2417
4882 2 2 11 22 2317 2327 2329
4883 2 2 11 22 2322 2321 2338
4884 2 2 11 22 2332 2322 2441
4885 2 2 11 22 2322 2338 2417
4886 2 2 11 22 2322 2417 2441
4887 2 2 11 22 2323 2410 2415
4888 2 2 11 22 2325 2366 2401
4889 2 2 11 22 2326 2338 2363
4890 2 2 11 22 2338 2326 2417
4891 2 2 11 22 2367 2329 2377
4892 2 2 11 22 2417 2331 2441
4893 2 2 11 22 2441 2331 2450
4894 2 2 11 22 2343 2437 2458
4895 2 2 11 22 2430 2440 2459
4896 2 2 11 22 2436 2434 2455
4897 2 2 1 24 214 1 2479
4898 2 2 1 24 1 421 2479
4899 2 2 1 24 4 211 2480
4900 2 2 1 24 433 4 2480
4901 2 2 1 24 5 420 2481
4902 2 2 1 24 424 5 2481
4903 2 2 1 24 417 8 2478
4904 2 2 1 24 8 436 2478
4905 2 2 1 24 211 212 2469
4906 2 2 1 24 211 2469 2480
4907 2 2 1 24 212 213 2460
4908 2 2 1 24 212 2460 2469
4909 2 2 1 24 213 214 2468
4910 2 2 1 24 2460 213 2468
4911 2 2 1 24 2468 214 2479
4912 2 2 1 24 418 417 2473
4913 2 2 1 24 2473 417 2478
4914 2 2 1 24 419 418 2461
4915 2 2 1 24 2461 418 2473
4916 2 2 1 24 420 419 2464
4917 2 2 1 24 419 2461 2464
4918 2 2 1 24 420 2464 2481
4919 2 2 1 24 421 422 2472
4920 2 2 1 24 421 2472 2479
4921 2 2 1 24 422 423 2462
4922 2 2 1 24 422 2462 2472
4923 2 2 1 24 423 424 2471
4924 2 2 1 24 2462 423 2471
4925 2 2 1 24 2471 424 2481
4926 2 2 1 24 434 433 2474
4927 2 2 1 24 2474 433 2480
4928 2 2 1 24 435 434 2463
4929 2 2 1 24 2463 434 2474
4930 2 2 1 24 436 435 2470
4931 2 2 1 24 435 2463 2470
4932 2 2 1 24 436 2470 2478
4933 2 2 1 24 2460 2468 2477
4934 2 2 1 24 2469 2460 2484
4935 2 2 1 24 2460 2477 2484
4936 2 2 1 24 2464 2461 2465
4937 2 2 1 24 2465 2461 2466
4938 2 2 1 24 2466 2461 2473
4939 2 2 1 24 2462 2471 2482
4940 2 2 1 24 2472 2462 2475
4941 2 2 1 24 2475 2462 2482
4942 2 2 1 24 2470 2463 2483
4943 2 2 1 24 2463 2474 2476
4944 2 2 1 24 2463 2476 2483
4945 2 2 1 24 2464 2465 2471
4946 2 2 1 24 2464 2471 2481
4947 2 2 1 24 2465 2466 2467
4948 2 2 1 24 2465 2467 2482
4949 2 2 1 24 2471 2465 2482
4950 2 2 1 24 2467 2466 2483
4951 2 2 1 24 2470 2466 2473
4952 2 2 1 24 2466 2470 2483
4953 2 2 1 24 2475 2467 2477
4954 2 2 1 24 2467 2475 2482
4955 2 2 1 24 2467 2476 2477
4956 2 2 1 24 2476 2467 2483
4957 2 2 1 24 2468 2472 2475
4958 2 2 1 24 2472 2468 2479
4959 2 2 1 24 2468 2475 2477
4960 2 2 1 24 2469 2474 2480
4961 2 2 1 24 2474 2469 2484
4962 2 2 1 24 2470 2473 2478
4963 2 2 1 24 2476 2474 2484
4964 2 2 1 24 2477 2476 2484
4965 4 2 100 26 627 2816 2600 2854
4966 4 2 100 26 840 2763 3157 3365
4967 4 2 100 26 2501 2663 2567 2794
4968 4 2 100 26 2524 2659 2629 3050
4969 4 2 100 26 2723 2831 848 3175
4970 4 2 100 26 2113 2601 2815 2853
4971 4 2 100 26 964 2027 2739 3094
4972 4 2 100 26 1001 2743 2018 3096
4973 4 2 100 26 2659 3027 2280 3165
4974 4 2 100 26 681 1491 2747 3087
4975 4 2 100 26 2593 3060 600 3256
4976 4 2 100 26 2659 3017 2280 3027
4977 4 2 100 26 2097 2746 969 3093
4978 4 2 100 26 1518 1520 1521 2529
4979 4 2 100 26 1730 939 2673 2727
4980 4 2 100 26 1536 2640 1904 2696
4981 4 2 100 26 829 2640 928 2696
4982 4 2 100 26 709 707 2544 2808
4983 4 2 100 26 1904 495 829 2640
4984 4 2 100 26 1062 1170 1061 2529
4985 4 2 100 26 2793 3049 2569 3136
4986 4 2 100 26 2659 3027 2629 3050
4987 4 2 100 26 2594 2763 2516 2781
4988 4 2 100 26 1813 448 1441 2677
4989 4 2 100 26 2422 3049 2793 3136
4990 4 2 100 26 2546 3027 2659 3050
4991 4 2 100 26 1813 808 448 2677
4992 4 2 100 26 1520 1521 2529 2884
4993 4 2 100 26 1492 495 1904 2640
4994 4 2 100 26 627 2530 2816 2854
4995 4 2 100 26 821 2670 2323 2871
4996 4 2 100 26 1956 1944 932 2687
4997 4 2 100 26 1944 827 932 2687
4998 4 2 100 26 2781 3157 2763 3365
4999 4 2 100 26 2285 470 1984 2666
5000 4 2 100 26 2285 795 470 2666
5001 4 2 100 26 1943 2837 2698 3155
5002 4 2 100 26 606 608 607 2534
5003 4 2 100 26 580 579 578 2541
5004 4 2 100 26 1956 932 1923 2687
5005 4 2 100 26 1124 1125 1126 2532
5006 4 2 100 26 707 2544 2808 2925
5007 4 2 100 26 2113 2815 2530 2853
5008 4 2 100 26 1631 1630 1629 2532
5009 4 2 100 26 1984 2666 470 3325
5010 4 2 100 26 1984 2666 3325 3327
5011 4 2 100 26 704 709 707 2544
5012 4 2 100 26 1441 448 2566 2677
5013 4 2 100 26 1518 2529 1521 2929
5014 4 2 100 26 1082 1083 1084 2545
5015 4 2 100 26 1061 2529 1170 2886
5016 4 2 100 26 714 2351 515 2664
5017 4 2 100 26 2264 1225 2022 2663
5018 4 2 100 26 1225 984 2022 2663
5019 4 2 100 26 707 2808 2605 2925
5020 4 2 100 26 1965 2351 714 2664
5021 4 2 100 26 2264 1225 2663 2829
5022 4 2 100 26 516 1664 1491 3087
5023 4 2 100 26 681 516 1491 3087
5024 4 2 100 26 590 592 591 2548
5025 4 2 100 26 2323 821 463 2670
5026 4 2 100 26 1976 2323 463 2670
5027 4 2 100 26 1867 3060 2593 3256
5028 4 2 100 26 2028 2097 1289 3093
5029 4 2 100 26 1289 2097 969 3093
5030 4 2 100 26 469 2667 2183 2839
5031 4 2 100 26 2147 2146 2145 2533
5032 4 2 100 26 1170 2529 1062 2930
5033 4 2 100 26 2546 3050 2659 3140
5034 4 2 100 26 2232 2542 2231 2811
5035 4 2 100 26 2524 2659 3050 3140
5036 4 2 100 26 2487 3077 2751 3083
5037 4 2 100 26 2354 989 2021 2668
5038 4 2 100 26 1267 989 2354 2668
5039 4 2 100 26 1631 1630 2532 2844
5040 4 2 100 26 529 572 3051 3254
5041 4 2 100 26 1126 2532 1125 2842
5042 4 2 100 26 2518 2723 2656 2831
5043 4 2 100 26 579 578 2541 2917
5044 4 2 100 26 2587 3051 572 3254
5045 4 2 100 26 2184 469 2183 2839
5046 4 2 100 26 2184 786 469 2839
5047 4 2 100 26 1326 1820 1889 2660
5048 4 2 100 26 515 2664 2351 2827
5049 4 2 100 26 606 2534 607 2903
5050 4 2 100 26 2563 2619 2518 2779
5051 4 2 100 26 2246 2793 2585 2823
5052 4 2 100 26 2518 2619 2563 2780
5053 4 2 100 26 1125 2532 1124 2851
5054 4 2 100 26 1629 2532 1630 2850
5055 4 2 100 26 600 2593 2790 3060
5056 4 2 100 26 608 607 2534 2855
5057 4 2 100 26 2226 2369 2563 2779
5058 4 2 100 26 1804 2696 2678 3364
5059 4 2 100 26 580 579 2541 2876
5060 4 2 100 26 840 3157 755 3365
5061 4 2 100 26 755 3157 2781 3365
5062 4 2 100 26 707 704 2544 2925
5063 4 2 100 26 2567 2663 2501 2823
5064 4 2 100 26 2751 3077 2642 3083
5065 4 2 100 26 2656 2831 2723 3175
5066 4 2 100 26 1082 1083 2545 2865
5067 4 2 100 26 2662 2501 2905 3355
5068 4 2 100 26 779 465 2261 2672
5069 4 2 100 26 2261 1981 779 2672
5070 4 2 100 26 1083 1084 2545 2881
5071 4 2 100 26 570 530 3051 3239
5072 4 2 100 26 928 829 546 2640
5073 4 2 100 26 1224 2743 1001 3096
5074 4 2 100 26 591 2548 592 2897
5075 4 2 100 26 591 590 2548 2866
5076 4 2 100 26 2246 2567 2793 2823
5077 4 2 100 26 465 2261 2672 2871
5078 4 2 100 26 570 3051 2584 3239
5079 4 2 100 26 2662 2786 2501 3355
5080 4 2 100 26 1730 2673 1809 2727
5081 4 2 100 26 2147 2533 2145 2923
5082 4 2 100 26 2146 2533 2147 2875
5083 4 2 100 26 644 646 2788 2967
5084 4 2 100 26 2542 2231 2811 2910
5085 4 2 100 26 1923 1807 1956 2687
5086 4 2 100 26 2579 1150 2821 3304
5087 4 2 100 26 504 2639 646 2967
5088 4 2 100 26 1487 2615 493 2805
5089 4 2 100 26 1536 1533 1904 2640
5090 4 2 100 26 1387 3078 2598 3278
5091 4 2 100 26 2763 2781 2594 3157
5092 4 2 100 26 2125 2739 2027 3094
5093 4 2 100 26 2224 2226 2621 2779
5094 4 2 100 26 2598 3078 2349 3278
5095 4 2 100 26 2224 2226 2225 2621
5096 4 2 100 26 2230 2231 2232 2542
5097 4 2 100 26 2683 2992 556 3033
5098 4 2 100 26 2369 2563 2779 2993
5099 4 2 100 26 1462 999 2758 3304
5100 4 2 100 26 1904 2640 829 2696
5101 4 2 100 26 1216 2780 2619 2902
5102 4 2 100 26 1192 1224 1001 3096
5103 4 2 100 26 2594 2781 2516 2996
5104 4 2 100 26 2074 2741 2931 3162
5105 4 2 100 26 2639 2788 646 2967
5106 4 2 100 26 1521 2529 2884 2929
5107 4 2 100 26 506 2348 2659 2749
5108 4 2 100 26 2202 2652 2750 3008
5109 4 2 100 26 1347 1217 2558 2780
5110 4 2 100 26 495 2640 1492 2805
5111 4 2 100 26 964 2739 1409 3094
5112 4 2 100 26 529 572 744 3051
5113 4 2 100 26 1217 2780 1216 2902
5114 4 2 100 26 1217 2558 2780 2902
5115 4 2 100 26 520 600 3060 3256
5116 4 2 100 26 2018 2743 2352 3096
5117 4 2 100 26 1148 2821 1150 3304
5118 4 2 100 26 644 504 646 2967
5119 4 2 100 26 1828 2752 743 3103
5120 4 2 100 26 2602 2814 2298 2927
5121 4 2 100 26 2569 2793 2592 2950
5122 4 2 100 26 2778 3317 2489 3338
5123 4 2 100 26 2569 2516 2793 2950
5124 4 2 100 26 1150 2579 2821 3172
5125 4 2 100 26 989 2021 2668 2829
5126 4 2 100 26 2492 2752 2798 3090
5127 4 2 100 26 626 2600 627 2816
5128 4 2 100 26 2113 2601 2111 2815
5129 4 2 100 26 1630 2532 2844 2850
5130 4 2 100 26 2074 2741 3162 3181
5131 4 2 100 26 2509 2561 2639 3137
5132 4 2 100 26 1820 1660 1889 2660
5133 4 2 100 26 2529 1170 2886 2930
5134 4 2 100 26 2532 1125 2842 2851
5135 4 2 100 26 1032 2727 1649 2764
5136 4 2 100 26 1001 2018 1192 3096
5137 4 2 100 26 848 2723 3175 3375
5138 4 2 100 26 572 2587 2791 3051
5139 4 2 100 26 707 861 2605 2808
5140 4 2 100 26 2567 2794 2663 3109
5141 4 2 100 26 2020 2964 998 2993
5142 4 2 100 26 2509 2639 2561 2777
5143 4 2 100 26 2231 2542 2230 2910
5144 4 2 100 26 1673 2571 1675 2818
5145 4 2 100 26 1943 2698 2837 3377
5146 4 2 100 26 2504 2638 2745 2797
5147 4 2 100 26 928 2640 546 2975
5148 4 2 100 26 2558 2978 2835 3301
5149 4 2 100 26 1731 1809 1730 2673
5150 4 2 100 26 1674 2571 1673 2818
5151 4 2 100 26 744 570 530 3051
5152 4 2 100 26 579 2541 2876 2917
5153 4 2 100 26 2299 2577 796 2707
5154 4 2 100 26 607 2534 2855 2903
5155 4 2 100 26 2587 2512 3025 3302
5156 4 2 100 26 2486 2558 3301 3318
5157 4 2 100 26 2593 2511 3035 3307
5158 4 2 100 26 2629 2659 2524 3395
5159 4 2 100 26 2621 2779 2226 2984
5160 4 2 100 26 1083 2545 2865 2881
5161 4 2 100 26 2593 2790 2511 3307
5162 4 2 100 26 2512 2584 3022 3300
5163 4 2 100 26 928 2696 2640 2975
5164 4 2 100 26 2587 2791 2512 3302
5165 4 2 100 26 2649 2665 2509 2846
5166 4 2 100 26 2512 2791 2584 3300
5167 4 2 100 26 1621 2912 2658 3053
5168 4 2 100 26 2639 2967 504 3382
5169 4 2 100 26 2658 2912 1621 3154
5170 4 2 100 26 2978 3301 2558 3318
5171 4 2 100 26 2202 2750 2201 3008
5172 4 2 100 26 2781 2996 2594 3157
5173 4 2 100 26 445 31 32 3336
5174 4 2 100 26 31 1504 32 3336
5175 4 2 100 26 2177 2298 2602 2814
5176 4 2 100 26 1920 504 2967 3382
5177 4 2 100 26 1168 1165 1329 2531
5178 4 2 100 26 2563 2226 2779 2984
5179 4 2 100 26 2548 591 2866 2897
5180 4 2 100 26 503 2629 2302 3003
5181 4 2 100 26 1482 2678 1804 2696
5182 4 2 100 26 2614 2849 2929 3214
5183 4 2 100 26 2592 2516 2793 2836
5184 4 2 100 26 2546 2743 1224 3096
5185 4 2 100 26 742 3019 2744 3345
5186 4 2 100 26 1637 2527 1898 3103
5187 4 2 100 26 2596 2992 2683 3033
5188 4 2 100 26 2504 2638 2797 3139
5189 4 2 100 26 2587 2818 1675 2947
5190 4 2 100 26 2533 2147 2875 2923
5191 4 2 100 26 2397 2530 2113 2815
5192 4 2 100 26 627 2530 906 2816
5193 4 2 100 26 2649 2846 2509 3127
5194 4 2 100 26 1482 763 2678 2696
5195 4 2 100 26 1570 776 2662 3058
5196 4 2 100 26 2594 2905 2501 3355
5197 4 2 100 26 2384 2544 2298 2814
5198 4 2 100 26 738 3019 742 3345
5199 4 2 100 26 2419 2659 2280 3165
5200 4 2 100 26 1409 2739 2528 3094
5201 4 2 100 26 998 2619 1216 2993
5202 4 2 100 26 2520 3021 2912 3118
5203 4 2 100 26 1674 1673 1675 2818
5204 4 2 100 26 1510 1932 1649 2727
5205 4 2 100 26 2503 2838 2749 3017
5206 4 2 100 26 2552 2912 3021 3118
5207 4 2 100 26 2509 2553 3115 3137
5208 4 2 100 26 2659 2503 2749 3017
5209 4 2 100 26 998 2964 2619 2993
5210 4 2 100 26 2678 2696 763 3191
5211 4 2 100 26 2739 3094 2125 3392
5212 4 2 100 26 2633 2750 2392 2941
5213 4 2 100 26 1637 2868 2527 3103
5214 4 2 100 26 924 1917 1487 2805
5215 4 2 100 26 2492 2654 2752 3090
5216 4 2 100 26 570 2791 2584 3051
5217 4 2 100 26 1898 2527 1637 2873
5218 4 2 100 26 2571 1675 2818 2947
5219 4 2 100 26 2778 3176 2489 3317
5220 4 2 100 26 1867 2824 2593 3060
5221 4 2 100 26 2631 2499 2757 2808
5222 4 2 100 26 2793 2836 2516 3397
5223 4 2 100 26 848 2831 2723 3143
5224 4 2 100 26 2665 2846 2649 3127
5225 4 2 100 26 2008 986 2836 3109
5226 4 2 100 26 1165 2531 1168 2898
5227 4 2 100 26 1131 1409 2528 3094
5228 4 2 100 26 2518 2831 2656 3175
5229 4 2 100 26 2352 2743 2546 3096
5230 4 2 100 26 1818 1586 1850 2531
5231 4 2 100 26 2745 2797 2638 3139
5232 4 2 100 26 1922 1430 1957 2698
5233 4 2 100 26 2349 2598 2802 3078
5234 4 2 100 26 546 829 495 2640
5235 4 2 100 26 2501 2594 2813 2905
5236 4 2 100 26 2490 2929 2849 3214
5237 4 2 100 26 1957 1430 1946 2698
5238 4 2 100 26 755 2781 757 3365
5239 4 2 100 26 1325 1946 1430 2698
5240 4 2 100 26 1879 2976 2761 3341
5241 4 2 100 26 1400 2762 2977 3342
5242 4 2 100 26 2440 2299 2577 3393
5243 4 2 100 26 1793 2745 1601 3332
5244 4 2 100 26 2202 2750 2652 3010
5245 4 2 100 26 1867 1650 3060 3256
5246 4 2 100 26 939 1052 2673 2727
5247 4 2 100 26 2544 2298 2814 2927
5248 4 2 100 26 1043 2828 2655 3082
5249 4 2 100 26 2605 2808 2882 3070
5250 4 2 100 26 1793 1601 2745 3024
5251 4 2 100 26 2745 3024 1601 3332
5252 4 2 100 26 2397 2387 2113 2530
5253 4 2 100 26 906 627 909 2530
5254 4 2 100 26 2257 1192 2018 3096
5255 4 2 100 26 1329 1168 2531 2924
5256 4 2 100 26 1878 2761 1879 2976
5257 4 2 100 26 1400 2762 1402 2977
5258 4 2 100 26 2347 2280 3027 3165
5259 4 2 100 26 1216 2619 998 2964
5260 4 2 100 26 1409 1131 2528 2843
5261 4 2 100 26 2211 2793 2592 3136
5262 4 2 100 26 1150 2579 1152 3304
5263 4 2 100 26 672 2849 2614 2932
5264 4 2 100 26 2602 2927 2899 3272
5265 4 2 100 26 2384 2380 2298 2544
5266 4 2 100 26 1383 1089 1381 2536
5267 4 2 100 26 1217 1219 1216 2780
5268 4 2 100 26 1373 1374 1077 2533
5269 4 2 100 26 1861 1611 1869 2534
5270 4 2 100 26 881 880 585 2537
5271 4 2 100 26 2631 2499 2808 3074
5272 4 2 100 26 822 2559 922 3309
5273 4 2 100 26 2400 2964 2020 2993
5274 4 2 100 26 2224 2779 2621 3075
5275 4 2 100 26 2245 2246 2585 2823
5276 4 2 100 26 2600 2816 2850 3233
5277 4 2 100 26 1224 2743 2546 3016
5278 4 2 100 26 2599 2863 2852 3264
5279 4 2 100 26 866 916 672 2549
5280 4 2 100 26 2582 3317 2778 3338
5281 4 2 100 26 1838 1841 1741 2543
5282 4 2 100 26 1675 2571 1673 2947
5283 4 2 100 26 840 2763 2594 3157
5284 4 2 100 26 1650 520 3060 3256
5285 4 2 100 26 1391 1392 1105 2538
5286 4 2 100 26 2221 2393 2901 2964
5287 4 2 100 26 743 2752 634 3103
5288 4 2 100 26 2759 2991 1211 3339
5289 4 2 100 26 2400 2779 2619 2993
5290 4 2 100 26 840 755 757 3365
5291 4 2 100 26 906 2530 909 3089
5292 4 2 100 26 2387 2530 2397 3089
5293 4 2 100 26 1586 1850 2531 2892
5294 4 2 100 26 822 2771 2559 3309
5295 4 2 100 26 2392 2633 2201 2750
5296 4 2 100 26 2091 2846 2665 3127
5297 4 2 100 26 909 2530 627 2854
5298 4 2 100 26 1673 2571 1674 3045
5299 4 2 100 26 1674 2571 2818 3045
5300 4 2 100 26 1359 1205 1361 2543
5301 4 2 100 26 2499 2882 2808 3070
5302 4 2 100 26 2580 3035 2511 3307
5303 4 2 100 26 2091 3127 2665 3206
5304 4 2 100 26 1863 1862 1669 2541
5305 4 2 100 26 574 573 572 2587
5306 4 2 100 26 2400 2619 2964 2993
5307 4 2 100 26 573 572 2587 3302
5308 4 2 100 26 1387 2825 2598 3078
5309 4 2 100 26 2225 2621 2226 2984
5310 4 2 100 26 596 598 597 2589
5311 4 2 100 26 1374 2533 1373 3086
5312 4 2 100 26 597 2589 598 3303
5313 4 2 100 26 2113 2530 2387 2853
5314 4 2 100 26 1754 529 3051 3254
5315 4 2 100 26 2302 2629 2220 3003
5316 4 2 100 26 614 3087 2747 3404
5317 4 2 100 26 862 860 2757 3074
5318 4 2 100 26 2578 3025 2512 3302
5319 4 2 100 26 2567 2836 986 3109
5320 4 2 100 26 2617 2811 2231 2910
5321 4 2 100 26 2535 2747 1877 3087
5322 4 2 100 26 2512 3022 2574 3300
5323 4 2 100 26 2765 3005 2565 3176
5324 4 2 100 26 2257 2018 2352 3096
5325 4 2 100 26 622 2761 3073 3341
5326 4 2 100 26 2319 3072 2762 3342
5327 4 2 100 26 1259 3209 2592 3397
5328 4 2 100 26 601 600 602 2593
5329 4 2 100 26 2757 3074 860 3346
5330 4 2 100 26 2400 2283 2779 2993
5331 4 2 100 26 2751 2834 2487 3083
5332 4 2 100 26 1688 1686 1895 2545
5333 4 2 100 26 2765 2776 2489 3338
5334 4 2 100 26 569 2584 570 3300
5335 4 2 100 26 2280 2659 2419 3017
5336 4 2 100 26 570 569 568 2584
5337 4 2 100 26 2677 3164 2785 3330
5338 4 2 100 26 1898 2752 1828 3103
5339 4 2 100 26 2230 2542 2232 3158
5340 4 2 100 26 1318 1784 1782 2679
5341 4 2 100 26 2509 3115 2561 3137
5342 4 2 100 26 1302 3078 1387 3278
5343 4 2 100 26 2659 2749 2279 3017
5344 4 2 100 26 601 600 2593 3307
5345 4 2 100 26 2746 3093 2105 3402
5346 4 2 100 26 2521 3037 2869 3126
5347 4 2 100 26 1393 2746 2540 3093
5348 4 2 100 26 1520 2529 1518 3034
5349 4 2 100 26 2221 2376 2393 2964
5350 4 2 100 26 2616 2874 2164 2934
5351 4 2 100 26 2366 2325 2401 2550
5352 4 2 100 26 1062 2529 1061 3034
5353 4 2 100 26 1045 2581 2828 3082
5354 4 2 100 26 1188 2679 2857 3113
5355 4 2 100 26 1898 2527 2752 3103
5356 4 2 100 26 2118 2119 2117 2591
5357 4 2 100 26 530 1894 3051 3239
5358 4 2 100 26 2495 2747 2775 3068
5359 4 2 100 26 880 2537 881 3097
5360 4 2 100 26 2380 2544 2384 3098
5361 4 2 100 26 2603 2909 2919 3255
5362 4 2 100 26 1383 2536 1381 3102
5363 4 2 100 26 2869 3037 2554 3126
5364 4 2 100 26 1611 2599 2852 2885
5365 4 2 100 26 2744 3019 2647 3345
5366 4 2 100 26 2202 2198 2750 3010
5367 4 2 100 26 2171 2169 2170 2583
5368 4 2 100 26 1205 2859 2602 2899
5369 4 2 100 26 2171 2583 2170 3294
5370 4 2 100 26 942 2660 1889 3186
5371 4 2 100 26 916 672 2549 2849
5372 4 2 100 26 1318 1784 2679 3113
5373 4 2 100 26 959 3028 2313 3168
5374 4 2 100 26 1209 1211 2759 2991
5375 4 2 100 26 2487 2651 3135 3403
5376 4 2 100 26 833 2550 670 2928
5377 4 2 100 26 1188 2857 1357 3113
5378 4 2 100 26 2573 2511 2769 3313
5379 4 2 100 26 1623 2912 1621 3053
5380 4 2 100 26 1537 2696 1804 3364
5381 4 2 100 26 2495 2789 2746 3068
5382 4 2 100 26 1409 2528 2739 2843
5383 4 2 100 26 2637 2496 2761 2816
5384 4 2 100 26 2496 2634 2762 2815
5385 4 2 100 26 2655 2828 2581 3082
5386 4 2 100 26 622 2761 624 3073
5387 4 2 100 26 2319 2122 2762 3072
5388 4 2 100 26 2677 3048 3164 3330
5389 4 2 100 26 2576 2920 2522 3106
5390 4 2 100 26 2592 2793 2516 2950
5391 4 2 100 26 2508 2899 2927 3272
5392 4 2 100 26 1898 2752 2527 2873
5393 4 2 100 26 2592 2783 2488 2950
5394 4 2 100 26 2224 2621 2225 3075
5395 4 2 100 26 493 2615 1487 3108
5396 4 2 100 26 1470 530 1894 3051
5397 4 2 100 26 3016 3056 1197 3146
5398 4 2 100 26 687 2633 2941 3178
5399 4 2 100 26 2618 2773 1543 3315
5400 4 2 100 26 2511 2572 2767 3241
5401 4 2 100 26 2385 2567 2008 2836
5402 4 2 100 26 2412 2537 2153 2862
5403 4 2 100 26 1869 2534 1611 2852
5404 4 2 100 26 2008 2836 2567 3109
5405 4 2 100 26 2153 2412 2414 2537
5406 4 2 100 26 2035 2349 3078 3278
5407 4 2 100 26 964 1303 2312 3094
5408 4 2 100 26 964 2312 2027 3094
5409 4 2 100 26 2546 2743 2352 3027
5410 4 2 100 26 2643 2492 2739 3054
5411 4 2 100 26 1922 1957 1523 2698
5412 4 2 100 26 2496 2634 2815 3072
5413 4 2 100 26 2637 2496 2816 3073
5414 4 2 100 26 1625 1623 2552 2912
5415 4 2 100 26 1120 2552 1118 2913
5416 4 2 100 26 1862 2541 1863 3100
5417 4 2 100 26 2501 2813 2662 2905
5418 4 2 100 26 1411 2999 2739 3333
5419 4 2 100 26 744 530 1470 3051
5420 4 2 100 26 880 585 2537 2867
5421 4 2 100 26 1827 1729 1872 2548
5422 4 2 100 26 2567 2793 2516 3397
5423 4 2 100 26 833 832 670 2550
5424 4 2 100 26 2655 3067 3082 3122
5425 4 2 100 26 1374 1077 2533 2845
5426 4 2 100 26 920 2980 2577 3187
5427 4 2 100 26 942 1326 1889 2660
5428 4 2 100 26 2546 3017 2352 3096
5429 4 2 100 26 1818 1586 2531 2908
5430 4 2 100 26 2641 2991 2759 3339
5431 4 2 100 26 2577 2770 2440 3393
5432 4 2 100 26 1205 2543 1359 2859
5433 4 2 100 26 2118 2119 2591 3324
5434 4 2 100 26 1410 2739 1411 2999
5435 4 2 100 26 2374 2134 2368 2536
5436 4 2 100 26 881 2537 585 2870
5437 4 2 100 26 2232 2744 2542 2811
5438 4 2 100 26 1818 2531 1850 3040
5439 4 2 100 26 2246 2385 2567 2823
5440 4 2 100 26 861 2605 2808 3354
5441 4 2 100 26 1861 2534 1869 3041
5442 4 2 100 26 1686 2545 1688 2860
5443 4 2 100 26 2279 2659 2348 2749
5444 4 2 100 26 2060 2439 985 2661
5445 4 2 100 26 2246 2567 2353 2793
5446 4 2 100 26 1216 2619 2780 3401
5447 4 2 100 26 1437 2745 1314 3156
5448 4 2 100 26 1131 2843 2624 2858
5449 4 2 100 26 2509 2788 2846 3197
5450 4 2 100 26 1131 2528 2843 2858
5451 4 2 100 26 2757 2808 862 3074
5452 4 2 100 26 2299 2445 2577 2707
5453 4 2 100 26 2592 2793 2569 3136
5454 4 2 100 26 2739 3054 2129 3333
5455 4 2 100 26 1392 1105 2538 2863
5456 4 2 100 26 1895 2545 1686 2861
5457 4 2 100 26 1943 2698 1951 3155
5458 4 2 100 26 1649 2727 1932 2764
5459 4 2 100 26 1381 2536 1089 2883
5460 4 2 100 26 907 2670 821 2871
5461 4 2 100 26 2415 2323 2670 2871
5462 4 2 100 26 1984 470 2839 3325
5463 4 2 100 26 1984 3325 2839 3327
5464 4 2 100 26 2506 2919 2909 3255
5465 4 2 100 26 2511 2575 2767 3245
5466 4 2 100 26 1561 2639 2777 2840
5467 4 2 100 26 506 2659 2348 3165
5468 4 2 100 26 2352 3017 2546 3027
5469 4 2 100 26 1373 2533 1077 2878
5470 4 2 100 26 1533 1492 1904 2640
5471 4 2 100 26 2511 2767 2825 3241
5472 4 2 100 26 723 848 2831 3175
5473 4 2 100 26 2258 2352 3017 3096
5474 4 2 100 26 1669 2541 1862 2880
5475 4 2 100 26 1611 2534 1861 2885
5476 4 2 100 26 1669 1863 2541 2856
5477 4 2 100 26 1326 1820 2660 3001
5478 4 2 100 26 574 573 2587 2945
5479 4 2 100 26 2605 2882 1741 2914
5480 4 2 100 26 1841 2543 1838 3043
5481 4 2 100 26 1318 950 1784 3113
5482 4 2 100 26 2657 3119 2630 3140
5483 4 2 100 26 862 2757 860 3346
5484 4 2 100 26 2637 3073 2761 3341
5485 4 2 100 26 2762 3072 2634 3342
5486 4 2 100 26 2517 2837 2698 3377
5487 4 2 100 26 2506 2852 2863 3264
5488 4 2 100 26 1827 1729 2548 2872
5489 4 2 100 26 1383 1089 2536 2893
5490 4 2 100 26 1341 3139 2745 3332
5491 4 2 100 26 1841 1741 2543 2914
5492 4 2 100 26 2361 2164 2409 2549
5493 4 2 100 26 573 2587 2945 3302
5494 4 2 100 26 2492 2799 2739 3054
5495 4 2 100 26 1148 2730 2821 3304
5496 4 2 100 26 1835 2868 1637 3103
5497 4 2 100 26 2495 2635 2746 2789
5498 4 2 100 26 1838 2543 1741 2882
5499 4 2 100 26 2743 2901 2486 2964
5500 4 2 100 26 2540 2746 2789 3068
5501 4 2 100 26 1879 2761 1878 3341
5502 4 2 100 26 1402 2762 1400 3342
5503 4 2 100 26 1138 2551 1136 2999
5504 4 2 100 26 2607 2880 2878 3249
5505 4 2 100 26 999 1150 1152 3304
5506 4 2 100 26 2124 2129 2739 3054
5507 4 2 100 26 601 2593 602 2949
5508 4 2 100 26 1302 2035 3078 3278
5509 4 2 100 26 2535 2775 2747 3068
5510 4 2 100 26 2651 2751 2487 3135
5511 4 2 100 26 2677 3048 2807 3164
5512 4 2 100 26 2517 2890 2653 3101
5513 4 2 100 26 2164 2409 2549 2874
5514 4 2 100 26 2735 3084 2774 3166
5515 4 2 100 26 1392 2538 1391 3046
5516 4 2 100 26 1359 2543 1361 3043
5517 4 2 100 26 1138 2942 2551 2999
5518 4 2 100 26 1124 2532 1126 3080
5519 4 2 100 26 2673 2727 1052 2935
5520 4 2 100 26 597 596 2589 2944
5521 4 2 100 26 2487 3135 2751 3403
5522 4 2 100 26 1487 493 924 2805
5523 4 2 100 26 1631 2532 1629 3080
5524 4 2 100 26 1391 2538 1105 2907
5525 4 2 100 26 1510 939 1730 2727
5526 4 2 100 26 2511 2802 2769 3313
5527 4 2 100 26 2298 2544 2380 2927
5528 4 2 100 26 2143 2586 2141 3367
5529 4 2 100 26 2145 2533 2146 3086
5530 4 2 100 26 1361 2543 1205 2899
5531 4 2 100 26 2493 2774 2735 3084
5532 4 2 100 26 1980 752 2787 3211
5533 4 2 100 26 1688 2545 1895 3111
5534 4 2 100 26 700 2807 3178 3287
5535 4 2 100 26 2531 1168 2898 2924
5536 4 2 100 26 601 2593 2949 3307
5537 4 2 100 26 2374 2536 2368 3102
5538 4 2 100 26 861 2808 2757 3354
5539 4 2 100 26 2589 597 2944 3303
5540 4 2 100 26 2353 2567 2385 2836
5541 4 2 100 26 1341 2797 2745 3139
5542 4 2 100 26 1729 1872 2548 2894
5543 4 2 100 26 2143 3297 2586 3367
5544 4 2 100 26 939 1510 1416 2727
5545 4 2 100 26 2412 2414 2537 3097
5546 4 2 100 26 1625 2912 2552 2976
5547 4 2 100 26 1120 2552 2913 2977
5548 4 2 100 26 2141 2586 2143 2957
5549 4 2 100 26 776 1570 2662 2905
5550 4 2 100 26 2489 3005 2765 3176
5551 4 2 100 26 712 862 2808 3074
5552 4 2 100 26 2517 2698 2837 3155
5553 4 2 100 26 2496 2850 2816 3233
5554 4 2 100 26 735 2731 728 3175
5555 4 2 100 26 1318 2679 1782 2756
5556 4 2 100 26 2134 2368 2536 2916
5557 4 2 100 26 2312 2125 2027 3094
5558 4 2 100 26 735 2731 3175 3319
5559 4 2 100 26 866 2549 672 2932
5560 4 2 100 26 1105 2863 2599 2907
5561 4 2 100 26 2325 2550 2366 2900
5562 4 2 100 26 2586 2143 2957 3297
5563 4 2 100 26 2611 2879 2188 2926
5564 4 2 100 26 672 564 2614 2849
5565 4 2 100 26 569 568 2584 2956
5566 4 2 100 26 1216 2993 2619 3401
5567 4 2 100 26 2117 2591 2119 2955
5568 4 2 100 26 2620 2780 1221 3095
5569 4 2 100 26 580 2541 578 3100
5570 4 2 100 26 1637 2527 2868 2873
5571 4 2 100 26 728 2731 735 3319
5572 4 2 100 26 2577 3187 2491 3393
5573 4 2 100 26 2584 569 2956 3300
5574 4 2 100 26 2364 2365 2188 2538
5575 4 2 100 26 2588 3088 1337 3251
5576 4 2 100 26 2074 3162 2071 3181
5577 4 2 100 26 709 2544 704 3098
5578 4 2 100 26 1457 3030 1012 3053
5579 4 2 100 26 1581 2597 2727 2997
5580 4 2 100 26 796 2577 920 2707
5581 4 2 100 26 2521 2915 3037 3126
5582 4 2 100 26 1853 3088 2588 3251
5583 4 2 100 26 2509 2665 2649 2817
5584 4 2 100 26 2640 2806 547 2975
5585 4 2 100 26 1611 2599 1607 2852
5586 4 2 100 26 2489 2776 2765 3009
5587 4 2 100 26 959 1382 3028 3168
5588 4 2 100 26 506 2749 2659 3322
5589 4 2 100 26 1704 1705 2677 2785
5590 4 2 100 26 1221 2780 2620 3401
5591 4 2 100 26 2596 556 2992 3033
5592 4 2 100 26 2169 2170 2583 2960
5593 4 2 100 26 1202 1205 2602 2899
5594 4 2 100 26 2511 2767 2824 3245
5595 4 2 100 26 1148 1149 1150 2821
5596 4 2 100 26 2401 2550 2325 2896
5597 4 2 100 26 2495 2746 2810 3068
5598 4 2 100 26 2153 2537 2414 2887
5599 4 2 100 26 763 498 1663 2678
5600 4 2 100 26 2211 2592 2793 2836
5601 4 2 100 26 608 2534 606 3041
5602 4 2 100 26 2134 2536 2374 2889
5603 4 2 100 26 2554 3037 2915 3126
5604 4 2 100 26 2749 2838 2279 3017
5605 4 2 100 26 2400 2619 2779 3202
5606 4 2 100 26 2415 2871 2670 3127
5607 4 2 100 26 2495 2809 2747 3068
5608 4 2 100 26 948 2756 1476 3163
5609 4 2 100 26 2355 2585 2246 2793
5610 4 2 100 26 2627 2896 2325 2900
5611 4 2 100 26 2515 3082 3067 3122
5612 4 2 100 26 2170 2583 2960 3294
5613 4 2 100 26 592 2548 590 3104
5614 4 2 100 26 1516 1923 932 2687
5615 4 2 100 26 916 2549 866 3173
5616 4 2 100 26 2516 2950 2781 3365
5617 4 2 100 26 670 2550 832 2911
5618 4 2 100 26 2641 1211 2991 3339
5619 4 2 100 26 1106 2599 1105 2863
5620 4 2 100 26 542 920 2577 3187
5621 4 2 100 26 1675 2818 2587 3051
5622 4 2 100 26 2612 2760 2510 3257
5623 4 2 100 26 2226 2369 2371 2563
5624 4 2 100 26 2630 3016 2657 3140
5625 4 2 100 26 2523 2942 2649 2986
5626 4 2 100 26 998 1275 2294 2993
5627 4 2 100 26 1827 2548 1872 3104
5628 4 2 100 26 2497 2878 2880 3249
5629 4 2 100 26 672 2549 2849 2932
5630 4 2 100 26 2520 3021 2666 3123
5631 4 2 100 26 2020 998 2294 2993
5632 4 2 100 26 2782 2826 3107 3251
5633 4 2 100 26 2392 2750 2200 2941
5634 4 2 100 26 1150 1152 2579 3172
5635 4 2 100 26 2509 2846 2553 3197
5636 4 2 100 26 2591 2119 2955 3324
5637 4 2 100 26 2627 2924 2896 3258
5638 4 2 100 26 1741 1742 2605 2914
5639 4 2 100 26 2364 2538 2188 2879
5640 4 2 100 26 985 2661 2439 3133
5641 4 2 100 26 1737 2989 2757 3346
5642 4 2 100 26 2264 2663 2390 2829
5643 4 2 100 26 1282 959 2096 3168
5644 4 2 100 26 1315 948 1476 3163
5645 4 2 100 26 1411 2739 1410 3333
5646 4 2 100 26 2540 2810 2746 3068
5647 4 2 100 26 2761 2976 2637 3341
5648 4 2 100 26 2634 2977 2762 3342
5649 4 2 100 26 1315 1476 1693 3163
5650 4 2 100 26 2608 2847 2848 3235
5651 4 2 100 26 1329 2531 1165 3040
5652 4 2 100 26 1536 2640 2696 3067
5653 4 2 100 26 1259 2592 2836 3397
5654 4 2 100 26 959 2313 2096 3168
5655 4 2 100 26 2353 2385 2008 2836
5656 4 2 100 26 2592 2950 2488 3136
5657 4 2 100 26 1205 2543 2859 2899
5658 4 2 100 26 2535 2747 2809 3068
5659 4 2 100 26 752 753 2787 3211
5660 4 2 100 26 1590 962 1163 2681
5661 4 2 100 26 2503 2785 2677 3164
5662 4 2 100 26 2302 2220 1994 3003
5663 4 2 100 26 1082 2545 1084 3111
5664 4 2 100 26 2313 3028 2331 3168
5665 4 2 100 26 1611 2852 2534 2885
5666 4 2 100 26 1590 1163 1517 2681
5667 4 2 100 26 2622 3028 1382 3168
5668 4 2 100 26 670 2550 2911 2928
5669 4 2 100 26 2788 3002 2846 3197
5670 4 2 100 26 2539 2745 1725 3156
5671 4 2 100 26 1581 2597 1580 2727
5672 4 2 100 26 841 739 838 2554
5673 4 2 100 26 2401 2366 2550 3063
5674 4 2 100 26 2547 2920 3106 3130
5675 4 2 100 26 1258 2663 1225 2829
5676 4 2 100 26 2575 2511 2767 3356
5677 4 2 100 26 624 2761 2816 3073
5678 4 2 100 26 2122 2815 2762 3072
5679 4 2 100 26 2511 2790 3029 3303
5680 4 2 100 26 2522 2971 2660 3106
5681 4 2 100 26 646 2639 504 3382
5682 4 2 100 26 634 3103 2752 3386
5683 4 2 100 26 2631 2808 2757 3074
5684 4 2 100 26 2188 2611 2186 2879
5685 4 2 100 26 2645 2787 760 3310
5686 4 2 100 26 455 2771 822 3309
5687 4 2 100 26 2564 2776 2765 3338
5688 4 2 100 26 2757 2808 2605 3354
5689 4 2 100 26 2607 2856 1669 2880
5690 4 2 100 26 2781 2950 2569 3365
5691 4 2 100 26 1131 1132 2624 2843
5692 4 2 100 26 2648 2748 2510 3105
5693 4 2 100 26 1077 2845 2607 2878
5694 4 2 100 26 2510 2748 2648 2994
5695 4 2 100 26 1844 1815 1602 2554
5696 4 2 100 26 492 1996 2744 3158
5697 4 2 100 26 2512 3022 2792 3294
5698 4 2 100 26 2572 2511 2767 3348
5699 4 2 100 26 2512 2792 3025 3297
5700 4 2 100 26 2739 2799 2124 3054
5701 4 2 100 26 1806 1430 1922 2698
5702 4 2 100 26 636 2798 2752 3090
5703 4 2 100 26 2440 1971 2299 3393
5704 4 2 100 26 1844 2554 1602 3024
5705 4 2 100 26 1339 3139 1341 3332
5706 4 2 100 26 1686 2545 2860 2861
5707 4 2 100 26 2760 2795 2510 3257
5708 4 2 100 26 2558 2835 1712 3047
5709 4 2 100 26 795 470 2666 3325
5710 4 2 100 26 2285 2666 1984 3327
5711 4 2 100 26 2365 2188 2538 2926
5712 4 2 100 26 2592 2754 2488 2783
5713 4 2 100 26 2385 2353 2246 2567
5714 4 2 100 26 2159 2164 2616 2874
5715 4 2 100 26 2499 2664 2987 3205
5716 4 2 100 26 2241 2787 2645 3059
5717 4 2 100 26 2567 3109 986 3397
5718 4 2 100 26 959 1282 1382 3168
5719 4 2 100 26 1883 1441 2566 2677
5720 4 2 100 26 986 2836 2567 3397
5721 4 2 100 26 2241 2243 2787 3059
5722 4 2 100 26 2537 2153 2862 2887
5723 4 2 100 26 2634 2520 2913 2981
5724 4 2 100 26 2637 2912 2520 2982
5725 4 2 100 26 2164 2549 2361 2934
5726 4 2 100 26 1737 1735 2757 2989
5727 4 2 100 26 585 2537 2867 2870
5728 4 2 100 26 1397 3160 2746 3343
5729 4 2 100 26 2331 3028 2622 3168
5730 4 2 100 26 2455 2765 2436 3257
5731 4 2 100 26 1317 2630 1781 2978
5732 4 2 100 26 2400 2779 2283 3202
5733 4 2 100 26 2618 2776 2489 3208
5734 4 2 100 26 2376 2743 2901 3027
5735 4 2 100 26 2365 2538 2364 3046
5736 4 2 100 26 2517 2687 2837 3377
5737 4 2 100 26 2549 2164 2874 2934
5738 4 2 100 26 2645 2521 2869 2988
5739 4 2 100 26 2531 1850 3040 3190
5740 4 2 100 26 1980 2787 2245 3211
5741 4 2 100 26 733 2744 2542 3158
5742 4 2 100 26 909 2530 2854 3089
5743 4 2 100 26 1686 2860 2613 2861
5744 4 2 100 26 2580 2593 3035 3307
5745 4 2 100 26 2812 3084 2731 3125
5746 4 2 100 26 1251 986 3109 3397
5747 4 2 100 26 2612 2760 2082 3321
5748 4 2 100 26 1469 1650 520 3060
5749 4 2 100 26 520 764 1469 3060
5750 4 2 100 26 1131 1412 1409 3094
5751 4 2 100 26 547 2559 922 2975
5752 4 2 100 26 1345 2620 1221 3095
5753 4 2 100 26 2361 2549 2409 3173
5754 4 2 100 26 2511 2825 2767 3356
5755 4 2 100 26 2666 2520 3123 3325
5756 4 2 100 26 585 2867 2613 2870
5757 4 2 100 26 2600 2816 2530 2854
5758 4 2 100 26 2765 2776 2564 3009
5759 4 2 100 26 2245 2246 2355 2585
5760 4 2 100 26 2630 3050 3016 3140
5761 4 2 100 26 822 922 2559 2975
5762 4 2 100 26 2493 2731 2812 3084
5763 4 2 100 26 2387 2853 2530 3089
5764 4 2 100 26 2348 2279 2419 2659
5765 4 2 100 26 2606 2862 2153 2887
5766 4 2 100 26 2542 2744 2232 3158
5767 4 2 100 26 1347 1217 1348 2558
5768 4 2 100 26 2663 2501 3037 3132
5769 4 2 100 26 2325 2627 2180 2896
5770 4 2 100 26 2523 2604 2972 2974
5771 4 2 100 26 1138 1136 2551 3114
5772 4 2 100 26 2635 2913 2520 2981
5773 4 2 100 26 2636 2520 2912 2982
5774 4 2 100 26 2543 1741 2882 2914
5775 4 2 100 26 1729 2548 2872 2894
5776 4 2 100 26 853 2566 448 2677
5777 4 2 100 26 2213 2793 2211 3136
5778 4 2 100 26 2550 2325 2896 2900
5779 4 2 100 26 920 2707 2577 2980
5780 4 2 100 26 1357 1191 1358 2556
5781 4 2 100 26 2489 3009 3005 3208
5782 4 2 100 26 2202 2198 2201 2750
5783 4 2 100 26 2615 2806 2491 3187
5784 4 2 100 26 2677 2785 1705 3330
5785 4 2 100 26 1725 2745 2539 2848
5786 4 2 100 26 2134 2889 2609 2916
5787 4 2 100 26 1706 2657 2785 3015
5788 4 2 100 26 1730 2673 939 3186
5789 4 2 100 26 2638 3024 2745 3332
5790 4 2 100 26 2585 2787 753 3211
5791 4 2 100 26 2901 2964 2393 3202
5792 4 2 100 26 1883 2677 2566 3015
5793 4 2 100 26 2646 2915 2521 2958
5794 4 2 100 26 1194 2801 2688 3153
5795 4 2 100 26 1809 2673 1731 3167
5796 4 2 100 26 2501 2813 2585 2823
5797 4 2 100 26 2541 1669 2856 2880
5798 4 2 100 26 964 1409 1303 3094
5799 4 2 100 26 1712 1714 2558 3047
5800 4 2 100 26 1586 2892 2531 2908
5801 4 2 100 26 2241 2645 2787 3353
5802 4 2 100 26 2647 2869 2521 2988
5803 4 2 100 26 1543 1544 2618 3315
5804 4 2 100 26 1078 2607 1077 2845
5805 4 2 100 26 1152 2758 2579 3172
5806 4 2 100 26 2578 2587 3025 3302
5807 4 2 100 26 547 546 2640 2975
5808 4 2 100 26 1602 2554 1815 2915
5809 4 2 100 26 1105 2538 2863 2907
5810 4 2 100 26 1077 2533 2845 2878
5811 4 2 100 26 721 2831 848 3143
5812 4 2 100 26 760 2787 2645 3353
5813 4 2 100 26 627 2600 628 2854
5814 4 2 100 26 1606 2599 1611 2885
5815 4 2 100 26 1877 2747 2535 3261
5816 4 2 100 26 1342 3156 2745 3374
5817 4 2 100 26 916 3036 2549 3173
5818 4 2 100 26 2385 2008 2567 3109
5819 4 2 100 26 1259 2782 3209 3397
5820 4 2 100 26 2112 2601 2113 2853
5821 4 2 100 26 2504 2647 2744 3019
5822 4 2 100 26 1077 2607 1076 2878
5823 4 2 100 26 1854 2826 3038 3251
5824 4 2 100 26 2486 2964 2901 3202
5825 4 2 100 26 1809 2727 2673 3167
5826 4 2 100 26 2588 1337 3088 3152
5827 4 2 100 26 503 2302 716 3003
5828 4 2 100 26 1667 2607 1669 2880
5829 4 2 100 26 1207 2602 1205 2859
5830 4 2 100 26 2520 2912 2637 3118
5831 4 2 100 26 1403 2817 3189 3206
5832 4 2 100 26 2351 2664 2427 2827
5833 4 2 100 26 1393 2540 2746 3182
5834 4 2 100 26 2542 2744 733 2847
5835 4 2 100 26 2566 2677 853 3018
5836 4 2 100 26 1854 3107 2826 3251
5837 4 2 100 26 1348 2558 1217 2902
5838 4 2 100 26 2511 2802 3035 3324
5839 4 2 100 26 2508 2896 2924 3258
5840 4 2 100 26 2538 2188 2879 2926
5841 4 2 100 26 2606 2887 2881 3281
5842 4 2 100 26 2987 3110 2499 3205
5843 4 2 100 26 940 1337 3088 3251
5844 4 2 100 26 1671 1669 2607 2856
5845 4 2 100 26 455 822 922 3309
5846 4 2 100 26 917 1746 1509 2683
5847 4 2 100 26 2132 2134 2609 2916
5848 4 2 100 26 1509 917 2683 2895
5849 4 2 100 26 2171 2583 3294 3316
5850 4 2 100 26 2523 2649 2942 3026
5851 4 2 100 26 739 2554 841 3019
5852 4 2 100 26 1403 2665 2817 3206
5853 4 2 100 26 1582 3088 1853 3251
5854 4 2 100 26 1078 1076 1077 2607
5855 4 2 100 26 1607 1611 1606 2599
5856 4 2 100 26 1104 1105 1106 2599
5857 4 2 100 26 1321 2783 2754 3209
5858 4 2 100 26 1341 1229 2797 3139
5859 4 2 100 26 2670 2846 2788 3002
5860 4 2 100 26 1965 2427 2351 2664
5861 4 2 100 26 1202 1205 1207 2602
5862 4 2 100 26 2152 2153 2606 2862
5863 4 2 100 26 1537 1482 1804 2696
5864 4 2 100 26 1520 2529 3034 3306
5865 4 2 100 26 1374 2845 2533 3086
5866 4 2 100 26 1646 2752 2873 3013
5867 4 2 100 26 2584 2574 3022 3300
5868 4 2 100 26 2134 2133 2609 2889
5869 4 2 100 26 2419 2659 2279 3017
5870 4 2 100 26 2776 3009 2489 3208
5871 4 2 100 26 1194 3153 2688 3246
5872 4 2 100 26 2609 2889 2866 3283
5873 4 2 100 26 2521 2869 2647 3126
5874 4 2 100 26 1131 2624 1130 2858
5875 4 2 100 26 1812 1837 1739 2556
5876 4 2 100 26 2302 1994 716 3003
5877 4 2 100 26 2134 2133 2132 2609
5878 4 2 100 26 1346 1221 2780 3095
5879 4 2 100 26 2491 3187 2806 3393
5880 4 2 100 26 1781 2630 1317 3146
5881 4 2 100 26 1536 1533 2640 3067
5882 4 2 100 26 1580 2727 2597 3213
5883 4 2 100 26 2536 1089 2883 2893
5884 4 2 100 26 2410 2986 2871 3127
5885 4 2 100 26 2511 2824 2767 3348
5886 4 2 100 26 2134 2536 2889 2916
5887 4 2 100 26 1346 1345 1221 3095
5888 4 2 100 26 1586 2644 2892 2908
5889 4 2 100 26 584 2613 585 2867
5890 4 2 100 26 2530 2815 2397 2962
5891 4 2 100 26 906 2816 2530 2962
5892 4 2 100 26 1105 2599 1104 2907
5893 4 2 100 26 832 2550 833 3063
5894 4 2 100 26 1350 3016 1197 3146
5895 4 2 100 26 2245 2787 2585 3211
5896 4 2 100 26 700 2749 2807 3287
5897 4 2 100 26 546 547 2640 2806
5898 4 2 100 26 627 626 628 2600
5899 4 2 100 26 2112 2111 2113 2601
5900 4 2 100 26 585 2613 586 2870
5901 4 2 100 26 672 2614 563 2932
5902 4 2 100 26 1671 1669 1667 2607
5903 4 2 100 26 952 1312 1442 2702
5904 4 2 100 26 2670 2509 3026 3227
5905 4 2 100 26 1933 2888 2997 3161
5906 4 2 100 26 2666 3021 2520 3327
5907 4 2 100 26 2544 2814 2384 2965
5908 4 2 100 26 683 502 1481 2722
5909 4 2 100 26 2542 2731 3084 3125
5910 4 2 100 26 2188 2187 2611 2926
5911 4 2 100 26 2515 2581 2741 3082
5912 4 2 100 26 2783 2950 2592 3209
5913 4 2 100 26 2412 2537 2862 3097
5914 4 2 100 26 879 884 2994 3231
5915 4 2 100 26 1741 2605 1736 2882
5916 4 2 100 26 2633 2201 2750 3008
5917 4 2 100 26 2641 2499 2759 2991
5918 4 2 100 26 2537 880 2867 3097
5919 4 2 100 26 2517 2653 2841 3101
5920 4 2 100 26 2666 3124 3021 3327
5921 4 2 100 26 2154 2606 2153 2887
5922 4 2 100 26 2187 2186 2188 2611
5923 4 2 100 26 2500 2886 2934 3071
5924 4 2 100 26 1602 2554 2915 3024
5925 4 2 100 26 739 838 2554 2869
5926 4 2 100 26 2745 3156 2539 3374
5927 4 2 100 26 585 584 586 2613
5928 4 2 100 26 2585 2996 2781 3157
5929 4 2 100 26 1736 1741 1742 2605
5930 4 2 100 26 1684 2613 1686 2860
5931 4 2 100 26 2492 2798 2752 3069
5932 4 2 100 26 2152 2153 2154 2606
5933 4 2 100 26 2794 3109 2567 3152
5934 4 2 100 26 1828 743 508 3103
5935 4 2 100 26 2564 2741 2515 3007
5936 4 2 100 26 2521 2915 2646 3037
5937 4 2 100 26 1883 1813 1441 2677
5938 4 2 100 26 1782 2679 1695 2756
5939 4 2 100 26 2628 2883 1089 2893
5940 4 2 100 26 2504 2848 2847 3235
5941 4 2 100 26 1150 2821 1149 3172
5942 4 2 100 26 796 2577 2299 3393
5943 4 2 100 26 2529 1061 3034 3306
5944 4 2 100 26 2782 3038 2826 3251
5945 4 2 100 26 1132 1130 1131 2624
5946 4 2 100 26 1637 2868 2624 2873
5947 4 2 100 26 544 493 2615 2805
5948 4 2 100 26 2175 2177 2298 2602
5949 4 2 100 26 2588 3088 2794 3152
5950 4 2 100 26 2794 3088 1337 3152
5951 4 2 100 26 1787 2551 2972 3013
5952 4 2 100 26 517 1753 1511 2693
5953 4 2 100 26 1511 746 517 2693
5954 4 2 100 26 1812 2556 1739 2922
5955 4 2 100 26 3135 3296 2751 3403
5956 4 2 100 26 1457 2658 3030 3053
5957 4 2 100 26 2782 2592 3209 3397
5958 4 2 100 26 2656 3175 2723 3375
5959 4 2 100 26 2503 2677 2807 3164
5960 4 2 100 26 2520 2636 2912 3021
5961 4 2 100 26 1869 2534 2852 3041
5962 4 2 100 26 2511 3029 2573 3303
5963 4 2 100 26 1951 2698 1943 3377
5964 4 2 100 26 2549 916 2849 3036
5965 4 2 100 26 2082 2760 2612 3257
5966 4 2 100 26 2589 3029 2790 3303
5967 4 2 100 26 1704 2785 2677 3015
5968 4 2 100 26 1787 2551 3013 3114
5969 4 2 100 26 1381 2536 2883 3102
5970 4 2 100 26 1713 1712 2835 3047
5971 4 2 100 26 1706 2657 1703 2785
5972 4 2 100 26 1481 683 2722 3314
5973 4 2 100 26 2634 2913 2520 3118
5974 4 2 100 26 1863 2541 2856 3100
5975 4 2 100 26 1555 2722 2940 3314
5976 4 2 100 26 2616 2934 2886 3071
5977 4 2 100 26 2592 2488 2754 3136
5978 4 2 100 26 2655 2804 2491 2828
5979 4 2 100 26 2635 2520 2913 3021
5980 4 2 100 26 2410 2871 2415 3127
5981 4 2 100 26 1209 2759 1211 3339
5982 4 2 100 26 1739 2556 1837 2989
5983 4 2 100 26 2586 3025 2792 3297
5984 4 2 100 26 1686 2613 1689 2861
5985 4 2 100 26 2857 3032 2519 3110
5986 4 2 100 26 2581 2828 2655 3122
5987 4 2 100 26 1729 2872 2628 2894
5988 4 2 100 26 2431 2547 2056 3151
5989 4 2 100 26 1957 1949 1523 2698
5990 4 2 100 26 662 2678 763 3191
5991 4 2 100 26 1848 2723 3047 3192
5992 4 2 100 26 2496 2762 2634 2977
5993 4 2 100 26 2496 2637 2761 2976
5994 4 2 100 26 2792 3022 2583 3294
5995 4 2 100 26 1703 2657 1706 3023
5996 4 2 100 26 2663 2823 2567 3109
5997 4 2 100 26 508 743 634 3103
5998 4 2 100 26 546 2640 495 2805
5999 4 2 100 26 2526 2838 2807 3164
6000 4 2 100 26 2574 3022 2512 3294
6001 4 2 100 26 1764 952 1442 2702
6002 4 2 100 26 1725 2745 1437 3156
6003 4 2 100 26 1652 991 2653 2904
6004 4 2 100 26 1703 2785 2657 3023
6005 4 2 100 26 2175 2602 2298 2927
6006 4 2 100 26 2604 2523 2972 3026
6007 4 2 100 26 1584 2644 1586 2908
6008 4 2 100 26 1248 1775 2685 3242
6009 4 2 100 26 2796 3057 725 3395
6010 4 2 100 26 572 2791 2587 3302
6011 4 2 100 26 1302 2035 973 3078
6012 4 2 100 26 563 672 564 2614
6013 4 2 100 26 2380 2927 2544 3098
6014 4 2 100 26 2352 2280 3017 3027
6015 4 2 100 26 1416 1032 1051 2727
6016 4 2 100 26 1712 1713 1714 3047
6017 4 2 100 26 1088 1089 2628 2883
6018 4 2 100 26 2585 2813 2787 2823
6019 4 2 100 26 1090 2628 1089 2893
6020 4 2 100 26 2499 2987 2664 3110
6021 4 2 100 26 2512 3025 2578 3297
6022 4 2 100 26 2807 2838 2503 3164
6023 4 2 100 26 1889 2660 1660 3186
6024 4 2 100 26 2526 3178 2807 3287
6025 4 2 100 26 940 3088 1582 3251
6026 4 2 100 26 2668 2829 2021 3388
6027 4 2 100 26 1248 1009 1775 3242
6028 4 2 100 26 1458 1775 1009 3242
6029 4 2 100 26 2646 3037 2501 3132
6030 4 2 100 26 1089 1090 1088 2628
6031 4 2 100 26 1895 2545 2861 3111
6032 4 2 100 26 1586 2644 1585 2892
6033 4 2 100 26 1646 2873 1645 3013
6034 4 2 100 26 2624 2868 2858 3149
6035 4 2 100 26 2523 3026 2942 3142
6036 4 2 100 26 2492 2752 2873 3069
6037 4 2 100 26 985 1266 2060 2661
6038 4 2 100 26 2487 2751 3296 3403
6039 4 2 100 26 808 853 448 2677
6040 4 2 100 26 1689 1686 1684 2613
6041 4 2 100 26 2589 2790 598 3303
6042 4 2 100 26 2005 974 1278 2718
6043 4 2 100 26 2519 3032 2922 3110
6044 4 2 100 26 2553 3091 2386 3366
6045 4 2 100 26 1329 2531 3040 3190
6046 4 2 100 26 2493 2910 2731 3084
6047 4 2 100 26 2065 2906 2726 3150
6048 4 2 100 26 2491 2800 2770 3122
6049 4 2 100 26 2567 2996 2501 3152
6050 4 2 100 26 2521 2645 2869 3037
6051 4 2 100 26 2549 3036 2409 3173
6052 4 2 100 26 670 2911 2644 2928
6053 4 2 100 26 2556 3032 2857 3110
6054 4 2 100 26 2169 2583 2171 3316
6055 4 2 100 26 1358 2556 1191 2991
6056 4 2 100 26 2605 2808 2757 2882
6057 4 2 100 26 1803 2639 1561 2840
6058 4 2 100 26 2594 2763 840 3381
6059 4 2 100 26 2489 3005 2618 3208
6060 4 2 100 26 1818 2908 2531 3040
6061 4 2 100 26 2572 2767 1096 3199
6062 4 2 100 26 2577 3004 2491 3187
6063 4 2 100 26 1191 2556 1357 2857
6064 4 2 100 26 2641 2499 3110 3205
6065 4 2 100 26 2243 2823 2787 3059
6066 4 2 100 26 1012 3030 2658 3053
6067 4 2 100 26 2543 1841 2914 3043
6068 4 2 100 26 1045 2828 1043 3082
6069 4 2 100 26 2538 1392 2863 3046
6070 4 2 100 26 1096 2767 2572 3241
6071 4 2 100 26 764 520 600 3060
6072 4 2 100 26 2572 3199 1096 3241
6073 4 2 100 26 2782 3107 2588 3251
6074 4 2 100 26 2328 2180 2325 2627
6075 4 2 100 26 1585 1586 1584 2644
6076 4 2 100 26 600 2790 2593 3307
6077 4 2 100 26 1256 3109 2794 3152
6078 4 2 100 26 1630 2844 2600 2850
6079 4 2 100 26 2567 2501 2794 3152
6080 4 2 100 26 907 2670 2871 3227
6081 4 2 100 26 2445 2577 2707 2906
6082 4 2 100 26 1861 2534 3041 3218
6083 4 2 100 26 2390 2264 2022 2663
6084 4 2 100 26 2527 2752 2798 3069
6085 4 2 100 26 2328 2627 2325 2900
6086 4 2 100 26 1706 2785 1704 3015
6087 4 2 100 26 2657 3056 3016 3146
6088 4 2 100 26 2633 3296 3135 3403
6089 4 2 100 26 1492 2805 2640 3384
6090 4 2 100 26 2302 2629 503 3165
6091 4 2 100 26 2584 2791 570 3300
6092 4 2 100 26 1224 3056 2546 3096
6093 4 2 100 26 2511 3035 2580 3324
6094 4 2 100 26 2005 2718 1278 3285
6095 4 2 100 26 2857 3110 2519 3370
6096 4 2 100 26 2590 2994 884 3231
6097 4 2 100 26 2510 2758 2618 2830
6098 4 2 100 26 1675 2587 1866 3051
6099 4 2 100 26 2638 2504 2745 3024
6100 4 2 100 26 2579 2510 2758 3105
6101 4 2 100 26 1395 3160 1397 3343
6102 4 2 100 26 724 2796 725 3395
6103 4 2 100 26 2568 2950 2516 3365
6104 4 2 100 26 2124 2739 2129 3333
6105 4 2 100 26 1764 952 2702 3117
6106 4 2 100 26 1314 2745 1342 3156
6107 4 2 100 26 841 2554 838 3112
6108 4 2 100 26 2496 2851 2850 3233
6109 4 2 100 26 1579 1933 2888 2997
6110 4 2 100 26 2376 2901 2221 3027
6111 4 2 100 26 1136 2999 2551 3114
6112 4 2 100 26 2559 3122 2770 3162
6113 4 2 100 26 2536 2374 2889 3102
6114 4 2 100 26 607 2855 2611 2903
6115 4 2 100 26 1361 2543 2899 3043
6116 4 2 100 26 1359 2543 3043 3195
6117 4 2 100 26 2487 3032 2651 3403
6118 4 2 100 26 1355 2679 1318 2756
6119 4 2 100 26 2493 2918 2910 3084
6120 4 2 100 26 2637 2816 2761 3073
6121 4 2 100 26 2762 2815 2634 3072
6122 4 2 100 26 2922 3032 2556 3110
6123 4 2 100 26 1937 1940 2335 2726
6124 4 2 100 26 2601 2842 1125 2851
6125 4 2 100 26 1848 2723 3192 3351
6126 4 2 100 26 2516 2781 2569 2793
6127 4 2 100 26 2788 3026 2509 3227
6128 4 2 100 26 2641 3110 2987 3205
6129 4 2 100 26 1625 2552 1623 3085
6130 4 2 100 26 1118 2552 1120 3085
6131 4 2 100 26 2504 2744 2847 3019
6132 4 2 100 26 2226 2563 2371 2984
6133 4 2 100 26 1838 3043 2543 3195
6134 4 2 100 26 2972 3026 2523 3142
6135 4 2 100 26 2313 2331 2096 3168
6136 4 2 100 26 2542 2731 2910 3084
6137 4 2 100 26 2767 3200 1777 3245
6138 4 2 100 26 2532 1631 2844 3080
6139 4 2 100 26 2347 2419 2280 3165
6140 4 2 100 26 2757 2808 2499 2882
6141 4 2 100 26 2489 2565 3005 3009
6142 4 2 100 26 1920 2967 1567 3382
6143 4 2 100 26 1531 2615 1487 2805
6144 4 2 100 26 1397 2789 2746 3160
6145 4 2 100 26 2643 3054 2739 3333
6146 4 2 100 26 2850 2851 2532 3233
6147 4 2 100 26 519 1494 1778 2706
6148 4 2 100 26 519 678 1494 2706
6149 4 2 100 26 974 2005 2300 2718
6150 4 2 100 26 606 3041 2534 3218
6151 4 2 100 26 2043 2463 2951 3042
6152 4 2 100 26 2588 2786 2594 2996
6153 4 2 100 26 2371 2563 2369 3169
6154 4 2 100 26 1656 2803 3311 3400
6155 4 2 100 26 2663 3037 2521 3132
6156 4 2 100 26 1308 1771 1506 2720
6157 4 2 100 26 1287 2015 970 2711
6158 4 2 100 26 2525 3047 2723 3192
6159 4 2 100 26 1787 3013 1644 3114
6160 4 2 100 26 2671 2972 1901 3062
6161 4 2 100 26 2507 2881 2887 3281
6162 4 2 100 26 2496 2685 2850 2851
6163 4 2 100 26 821 907 463 2670
6164 4 2 100 26 2323 1976 2415 2670
6165 4 2 100 26 2016 2139 1280 2708
6166 4 2 100 26 2016 1280 979 2708
6167 4 2 100 26 2913 3021 2520 3118
6168 4 2 100 26 1351 1197 3056 3146
6169 4 2 100 26 1126 2532 2842 3080
6170 4 2 100 26 2160 2616 2164 2934
6171 4 2 100 26 2631 3074 2757 3346
6172 4 2 100 26 1850 2531 2892 3190
6173 4 2 100 26 2655 2828 2491 3122
6174 4 2 100 26 2615 2805 2491 2806
6175 4 2 100 26 2409 2549 2874 3036
6176 4 2 100 26 2683 2992 2596 3130
6177 4 2 100 26 2519 3032 2857 3370
6178 4 2 100 26 1468 1765 528 2710
6179 4 2 100 26 528 679 1468 2710
6180 4 2 100 26 2646 2501 2794 3132
6181 4 2 100 26 1637 2624 1638 2873
6182 4 2 100 26 1492 2640 1533 3384
6183 4 2 100 26 2617 2910 2918 3084
6184 4 2 100 26 2523 2972 2654 2974
6185 4 2 100 26 1256 2663 2794 3109
6186 4 2 100 26 2218 3003 2557 3286
6187 4 2 100 26 2511 2573 2769 3303
6188 4 2 100 26 2544 2508 2927 3272
6189 4 2 100 26 622 624 2761 3341
6190 4 2 100 26 2492 2873 2752 3013
6191 4 2 100 26 2319 2762 2122 3342
6192 4 2 100 26 1224 3016 2546 3056
6193 4 2 100 26 840 3157 2594 3381
6194 4 2 100 26 1729 2628 1598 2894
6195 4 2 100 26 1865 2589 1594 3348
6196 4 2 100 26 1518 2529 2929 3034
6197 4 2 100 26 2507 2866 2889 3283
6198 4 2 100 26 2544 2508 2715 2927
6199 4 2 100 26 2548 1827 2872 3104
6200 4 2 100 26 2493 2735 2918 3084
6201 4 2 100 26 2508 2544 2715 3272
6202 4 2 100 26 650 2963 2722 3314
6203 4 2 100 26 1879 2637 2976 3341
6204 4 2 100 26 1400 2977 2634 3342
6205 4 2 100 26 2305 970 2015 2711
6206 4 2 100 26 1971 2440 2770 3393
6207 4 2 100 26 2591 3035 2802 3324
6208 4 2 100 26 2575 3200 2767 3245
6209 4 2 100 26 2207 2987 2641 3370
6210 4 2 100 26 1835 1637 1898 3103
6211 4 2 100 26 2494 2858 2868 3149
6212 4 2 100 26 2364 2538 2879 3046
6213 4 2 100 26 1739 2922 2556 2989
6214 4 2 100 26 2574 2512 2766 3294
6215 4 2 100 26 2522 3106 2920 3130
6216 4 2 100 26 763 1663 1482 2678
6217 4 2 100 26 515 713 2664 2827
6218 4 2 100 26 2539 3084 2735 3166
6219 4 2 100 26 2509 2788 2670 2846
6220 4 2 100 26 2950 3148 2569 3365
6221 4 2 100 26 2670 2788 2509 3227
6222 4 2 100 26 2529 1062 2930 3034
6223 4 2 100 26 2566 2677 2524 3015
6224 4 2 100 26 2605 2808 2544 2925
6225 4 2 100 26 2146 2533 2875 3086
6226 4 2 100 26 922 2559 2806 3309
6227 4 2 100 26 2230 2910 2542 3158
6228 4 2 100 26 796 451 2000 2707
6229 4 2 100 26 2512 2574 2766 3300
6230 4 2 100 26 2590 2963 884 2994
6231 4 2 100 26 2538 1391 3046 3203
6232 4 2 100 26 2118 2591 2802 3324
6233 4 2 100 26 998 1216 1275 2993
6234 4 2 100 26 2524 2677 2566 3018
6235 4 2 100 26 2386 3091 2553 3174
6236 4 2 100 26 1637 1636 2624 2868
6237 4 2 100 26 927 2596 3134 3268
6238 4 2 100 26 2505 2903 2926 3079
6239 4 2 100 26 1590 962 2681 3040
6240 4 2 100 26 2580 2511 2769 3307
6241 4 2 100 26 715 1993 2182 2715
6242 4 2 100 26 2354 2668 2021 3388
6243 4 2 100 26 2558 2486 2902 3318
6244 4 2 100 26 2757 2989 2631 3346
6245 4 2 100 26 1656 3311 3092 3400
6246 4 2 100 26 2516 2782 2592 2950
6247 4 2 100 26 1389 2591 1099 3356
6248 4 2 100 26 1425 1053 1266 2661
6249 4 2 100 26 1138 1137 2942 2999
6250 4 2 100 26 2299 796 2000 2707
6251 4 2 100 26 1771 1308 958 2720
6252 4 2 100 26 521 715 2182 2715
6253 4 2 100 26 2578 2512 2766 3302
6254 4 2 100 26 2512 2578 2766 3297
6255 4 2 100 26 1481 502 1921 2722
6256 4 2 100 26 1312 1442 2702 3195
6257 4 2 100 26 2532 2850 2685 2851
6258 4 2 100 26 2552 3021 2913 3118
6259 4 2 100 26 2543 1359 2859 3195
6260 4 2 100 26 2495 2635 2789 3160
6261 4 2 100 26 1815 2554 1844 3112
6262 4 2 100 26 833 3063 2550 3312
6263 4 2 100 26 2258 2352 2280 3017
6264 4 2 100 26 2642 3077 2751 3296
6265 4 2 100 26 2529 1520 2884 3306
6266 4 2 100 26 2636 2495 2747 3154
6267 4 2 100 26 2639 2788 2509 3197
6268 4 2 100 26 2525 3047 2518 3143
6269 4 2 100 26 2737 2956 868 3198
6270 4 2 100 26 492 2744 733 3158
6271 4 2 100 26 1718 2620 1716 2833
6272 4 2 100 26 868 2737 867 2956
6273 4 2 100 26 675 523 1774 2717
6274 4 2 100 26 867 2737 868 3198
6275 4 2 100 26 1259 2782 1255 3209
6276 4 2 100 26 2594 2786 2501 2996
6277 4 2 100 26 2654 2492 2752 3013
6278 4 2 100 26 1225 1258 984 2663
6279 4 2 100 26 2160 2159 2164 2616
6280 4 2 100 26 2741 2931 2515 3007
6281 4 2 100 26 2445 2067 2577 2906
6282 4 2 100 26 1941 2837 1958 3155
6283 4 2 100 26 2527 2873 2752 3069
6284 4 2 100 26 1774 1501 675 2717
6285 4 2 100 26 2353 2793 2567 2836
6286 4 2 100 26 3032 3135 2651 3403
6287 4 2 100 26 1165 2531 2898 3040
6288 4 2 100 26 2228 2984 2731 3319
6289 4 2 100 26 2747 2775 1881 3154
6290 4 2 100 26 2501 2585 2813 2996
6291 4 2 100 26 1138 1136 1137 2999
6292 4 2 100 26 2499 2631 2757 2989
6293 4 2 100 26 636 3090 2752 3389
6294 4 2 100 26 2043 2470 2463 3042
6295 4 2 100 26 2523 2654 2972 3142
6296 4 2 100 26 2563 2993 2369 3169
6297 4 2 100 26 2615 2491 3004 3187
6298 4 2 100 26 2390 2829 2663 3059
6299 4 2 100 26 2541 580 2876 3100
6300 4 2 100 26 1638 1637 1636 2624
6301 4 2 100 26 2627 2898 1168 2924
6302 4 2 100 26 2539 2918 2735 3084
6303 4 2 100 26 2498 2894 2893 3081
6304 4 2 100 26 1083 2865 2606 2881
6305 4 2 100 26 2492 2739 2799 3069
6306 4 2 100 26 714 515 713 2664
6307 4 2 100 26 913 465 2672 2871
6308 4 2 100 26 2261 2408 2672 2871
6309 4 2 100 26 2490 2928 2908 3099
6310 4 2 100 26 1860 1594 1865 2589
6311 4 2 100 26 2232 2744 1996 3158
6312 4 2 100 26 2365 2538 3046 3203
6313 4 2 100 26 636 637 2798 3090
6314 4 2 100 26 1388 1099 2591 2970
6315 4 2 100 26 2490 2908 2898 3099
6316 4 2 100 26 779 913 465 2672
6317 4 2 100 26 1981 2261 2408 2672
6318 4 2 100 26 2633 2827 2519 3135
6319 4 2 100 26 2490 2681 2898 2908
6320 4 2 100 26 2526 2749 2807 2838
6321 4 2 100 26 1782 1699 1695 2679
6322 4 2 100 26 2648 2940 2722 3314
6323 4 2 100 26 2522 2660 2971 3014
6324 4 2 100 26 1865 2824 2589 3348
6325 4 2 100 26 1248 2685 1775 3085
6326 4 2 100 26 2386 2846 2553 3366
6327 4 2 100 26 709 2808 2544 2965
6328 4 2 100 26 2804 2828 2655 2904
6329 4 2 100 26 1188 2857 2679 3129
6330 4 2 100 26 1061 2529 2886 3306
6331 4 2 100 26 2745 3139 2638 3332
6332 4 2 100 26 2035 2304 973 3078
6333 4 2 100 26 2511 2580 2769 3324
6334 4 2 100 26 887 888 2738 2944
6335 4 2 100 26 881 2537 2870 3275
6336 4 2 100 26 855 2642 701 2807
6337 4 2 100 26 1830 2628 1729 2872
6338 4 2 100 26 2626 2951 2483 3042
6339 4 2 100 26 1280 2708 2139 3291
6340 4 2 100 26 2060 2661 1266 2784
6341 4 2 100 26 2738 2944 888 3212
6342 4 2 100 26 590 2548 2866 3104
6343 4 2 100 26 2533 1373 3086 3291
6344 4 2 100 26 1344 2735 2983 3326
6345 4 2 100 26 1853 2786 2588 3088
6346 4 2 100 26 1051 2727 1032 2764
6347 4 2 100 26 2095 2386 3091 3366
6348 4 2 100 26 1579 2888 2597 2997
6349 4 2 100 26 2499 2859 2759 2991
6350 4 2 100 26 626 2600 2816 3362
6351 4 2 100 26 2601 2111 2815 3363
6352 4 2 100 26 2225 2984 2228 3319
6353 4 2 100 26 2231 2617 2356 2811
6354 4 2 100 26 2534 608 2855 3041
6355 4 2 100 26 2611 2926 2903 3079
6356 4 2 100 26 932 535 1516 2687
6357 4 2 100 26 724 3003 2796 3395
6358 4 2 100 26 2056 2547 2431 3133
6359 4 2 100 26 2544 2925 2715 3272
6360 4 2 100 26 887 2738 888 3212
6361 4 2 100 26 2218 2217 3003 3286
6362 4 2 100 26 2489 2565 2765 3005
6363 4 2 100 26 1695 2756 2679 3263
6364 4 2 100 26 1971 453 2299 3393
6365 4 2 100 26 2519 2922 2651 2959
6366 4 2 100 26 1124 2532 3080 3242
6367 4 2 100 26 2621 2493 2731 2812
6368 4 2 100 26 2532 1629 3080 3242
6369 4 2 100 26 2773 3005 2560 3315
6370 4 2 100 26 2522 2992 2683 3130
6371 4 2 100 26 1389 1388 1099 2591
6372 4 2 100 26 2503 2807 2749 2838
6373 4 2 100 26 2534 1861 2885 3218
6374 4 2 100 26 739 2869 2554 3019
6375 4 2 100 26 1621 2658 1457 3053
6376 4 2 100 26 1012 2658 1116 3053
6377 4 2 100 26 2450 2795 2622 3253
6378 4 2 100 26 2812 845 3138 3331
6379 4 2 100 26 2366 2550 3063 3312
6380 4 2 100 26 2501 2645 2823 3059
6381 4 2 100 26 1469 1867 1650 3060
6382 4 2 100 26 2525 3192 2723 3351
6383 4 2 100 26 2200 2941 2750 3210
6384 4 2 100 26 2492 2843 2739 3069
6385 4 2 100 26 1345 1221 2620 2983
6386 4 2 100 26 1838 2543 2882 3195
6387 4 2 100 26 2596 3033 2683 3130
6388 4 2 100 26 2552 3053 1623 3085
6389 4 2 100 26 1118 3053 2552 3085
6390 4 2 100 26 2670 2871 2523 3127
6391 4 2 100 26 1618 1881 2747 2775
6392 4 2 100 26 1389 2825 2591 3356
6393 4 2 100 26 2515 2582 2771 3191
6394 4 2 100 26 2488 2754 3106 3262
6395 4 2 100 26 1373 2533 2878 3291
6396 4 2 100 26 528 2710 1765 3299
6397 4 2 100 26 2290 2986 2410 3127
6398 4 2 100 26 2533 2878 2708 3249
6399 4 2 100 26 2212 2213 2211 3136
6400 4 2 100 26 2770 3122 2800 3162
6401 4 2 100 26 1923 1516 1807 2687
6402 4 2 100 26 827 535 932 2687
6403 4 2 100 26 2503 2677 3018 3322
6404 4 2 100 26 1383 2536 3102 3285
6405 4 2 100 26 2653 2890 2517 3232
6406 4 2 100 26 878 874 2612 2936
6407 4 2 100 26 2500 2934 2932 3071
6408 4 2 100 26 1862 2541 3100 3299
6409 4 2 100 26 2812 3125 845 3331
6410 4 2 100 26 2128 2124 2799 3054
6411 4 2 100 26 2426 2354 2021 3388
6412 4 2 100 26 2553 2733 3091 3137
6413 4 2 100 26 1828 508 1484 3103
6414 4 2 100 26 2540 2919 2711 3255
6415 4 2 100 26 2594 2786 2588 3355
6416 4 2 100 26 1410 2843 2739 2999
6417 4 2 100 26 2497 2708 2878 3249
6418 4 2 100 26 2581 3162 2741 3181
6419 4 2 100 26 3005 3009 2565 3208
6420 4 2 100 26 1747 1509 2683 2895
6421 4 2 100 26 1950 1956 1807 2687
6422 4 2 100 26 2545 1082 2865 3111
6423 4 2 100 26 833 2550 2928 3312
6424 4 2 100 26 704 2544 2925 3098
6425 4 2 100 26 1037 2890 1036 3101
6426 4 2 100 26 1198 3153 1194 3246
6427 4 2 100 26 1862 2880 2541 3299
6428 4 2 100 26 1900 2804 2655 2904
6429 4 2 100 26 2740 2957 2388 3207
6430 4 2 100 26 1357 2556 1358 3113
6431 4 2 100 26 455 2435 2771 3309
6432 4 2 100 26 2677 2785 2503 3015
6433 4 2 100 26 2401 2550 2896 3063
6434 4 2 100 26 2145 2533 3086 3291
6435 4 2 100 26 1958 2837 1943 3155
6436 4 2 100 26 2619 2964 2486 3202
6437 4 2 100 26 2731 2812 728 3175
6438 4 2 100 26 847 2656 2812 3138
6439 4 2 100 26 2431 3133 2547 3229
6440 4 2 100 26 1521 2884 2614 2929
6441 4 2 100 26 1932 2727 1580 2764
6442 4 2 100 26 836 2662 776 3058
6443 4 2 100 26 1598 1729 1830 2628
6444 4 2 100 26 1901 2972 2671 3170
6445 4 2 100 26 1624 2912 1625 2976
6446 4 2 100 26 1120 2913 1119 2977
6447 4 2 100 26 1622 1621 2912 3154
6448 4 2 100 26 2500 2737 2932 2934
6449 4 2 100 26 2542 2847 733 3125
6450 4 2 100 26 2545 1688 2860 3293
6451 4 2 100 26 2584 3051 2512 3188
6452 4 2 100 26 873 2740 871 2945
6453 4 2 100 26 2528 2799 2739 3069
6454 4 2 100 26 1099 2591 2970 3356
6455 4 2 100 26 2506 2711 2919 3255
6456 4 2 100 26 2496 2851 2762 2977
6457 4 2 100 26 2496 2761 2850 2976
6458 4 2 100 26 1255 2782 1259 3397
6459 4 2 100 26 881 3097 2537 3275
6460 4 2 100 26 871 2945 2740 3207
6461 4 2 100 26 2645 2813 2787 3310
6462 4 2 100 26 2536 1383 2893 3285
6463 4 2 100 26 2511 2790 2589 3029
6464 4 2 100 26 2541 578 3100 3299
6465 4 2 100 26 1344 2983 1345 3326
6466 4 2 100 26 2510 2832 2758 3105
6467 4 2 100 26 2533 2708 2923 3249
6468 4 2 100 26 2644 2908 2928 3099
6469 4 2 100 26 1036 2890 2698 3101
6470 4 2 100 26 1623 1622 1621 2912
6471 4 2 100 26 1625 1624 1623 2912
6472 4 2 100 26 1119 1120 1118 2913
6473 4 2 100 26 2536 2368 3102 3285
6474 4 2 100 26 2402 2388 2740 2957
6475 4 2 100 26 2512 2792 2586 3025
6476 4 2 100 26 1871 1866 1675 2587
6477 4 2 100 26 1221 2620 2983 3401
6478 4 2 100 26 2616 2886 1170 2930
6479 4 2 100 26 2559 2771 2086 3309
6480 4 2 100 26 1391 2538 2907 3203
6481 4 2 100 26 2400 2020 2294 2993
6482 4 2 100 26 2441 2622 2331 2819
6483 4 2 100 26 2628 2893 2894 3081
6484 4 2 100 26 2609 2866 591 2897
6485 4 2 100 26 1580 2764 2727 3213
6486 4 2 100 26 1347 2558 1348 3266
6487 4 2 100 26 2583 2792 2512 3022
6488 4 2 100 26 1941 1943 1958 2837
6489 4 2 100 26 2510 2830 2618 3005
6490 4 2 100 26 1394 2674 1384 3243
6491 4 2 100 26 2732 2946 1791 3200
6492 4 2 100 26 1351 2657 2801 3023
6493 4 2 100 26 1774 2717 523 3308
6494 4 2 100 26 1543 2773 2618 3147
6495 4 2 100 26 1737 2757 1735 3346
6496 4 2 100 26 2532 1124 2851 3242
6497 4 2 100 26 2531 1329 2924 3190
6498 4 2 100 26 1629 2532 2850 3242
6499 4 2 100 26 2753 2488 2950 3136
6500 4 2 100 26 2508 2715 2925 3272
6501 4 2 100 26 2581 2931 2741 3162
6502 4 2 100 26 2519 2651 2922 3032
6503 4 2 100 26 2546 3017 2659 3027
6504 4 2 100 26 2618 2758 2510 2832
6505 4 2 100 26 1721 2735 3141 3166
6506 4 2 100 26 2550 2366 2900 3312
6507 4 2 100 26 2618 3005 2773 3315
6508 4 2 100 26 1592 2948 2736 3199
6509 4 2 100 26 2642 2526 3077 3296
6510 4 2 100 26 1957 1946 1949 2698
6511 4 2 100 26 2551 3026 2972 3142
6512 4 2 100 26 1355 1356 1318 2679
6513 4 2 100 26 1394 1384 1147 3243
6514 4 2 100 26 2782 2950 2562 3209
6515 4 2 100 26 2514 2674 2561 3243
6516 4 2 100 26 857 3055 858 3135
6517 4 2 100 26 892 2742 890 2949
6518 4 2 100 26 1860 1594 2589 2948
6519 4 2 100 26 2504 2848 2745 3024
6520 4 2 100 26 2500 2719 2886 3071
6521 4 2 100 26 1922 1523 1806 2698
6522 4 2 100 26 626 2816 2761 3362
6523 4 2 100 26 2762 2815 2111 3363
6524 4 2 100 26 701 2807 2642 3178
6525 4 2 100 26 2569 2781 2516 2950
6526 4 2 100 26 927 556 2596 3033
6527 4 2 100 26 2648 2510 3065 3105
6528 4 2 100 26 2540 2789 2746 3182
6529 4 2 100 26 1331 1168 2627 2898
6530 4 2 100 26 2499 2641 2759 3205
6531 4 2 100 26 871 2740 873 3207
6532 4 2 100 26 554 2683 556 3033
6533 4 2 100 26 1608 1791 2732 2946
6534 4 2 100 26 2510 2579 2758 3172
6535 4 2 100 26 2368 2536 2916 3285
6536 4 2 100 26 2514 3091 2733 3137
6537 4 2 100 26 653 884 2963 2994
6538 4 2 100 26 2523 3026 2670 3127
6539 4 2 100 26 1743 1457 1012 3053
6540 4 2 100 26 1012 1178 1743 3053
6541 4 2 100 26 2663 2829 1258 3132
6542 4 2 100 26 2758 2830 1154 3208
6543 4 2 100 26 2537 2414 2887 3275
6544 4 2 100 26 2516 2782 2826 3107
6545 4 2 100 26 1725 2848 2539 3166
6546 4 2 100 26 607 894 2611 2855
6547 4 2 100 26 866 2549 2932 3173
6548 4 2 100 26 2517 2698 2890 3101
6549 4 2 100 26 579 2876 2623 2917
6550 4 2 100 26 1592 1597 2736 2948
6551 4 2 100 26 592 2548 3104 3308
6552 4 2 100 26 2623 2875 2147 2923
6553 4 2 100 26 1462 999 1928 2758
6554 4 2 100 26 2564 2515 2741 2937
6555 4 2 100 26 2517 2837 2726 3155
6556 4 2 100 26 1477 1306 3023 3146
6557 4 2 100 26 890 2949 2742 3217
6558 4 2 100 26 2521 3037 2663 3059
6559 4 2 100 26 2528 2739 2843 3069
6560 4 2 100 26 981 1285 2172 2725
6561 4 2 100 26 1571 2662 2905 3177
6562 4 2 100 26 2510 2760 2612 2936
6563 4 2 100 26 2700 2849 2490 2929
6564 4 2 100 26 1351 2801 2657 3056
6565 4 2 100 26 2429 2960 2168 3198
6566 4 2 100 26 2515 2741 2937 3082
6567 4 2 100 26 1355 2679 2756 3129
6568 4 2 100 26 2172 1970 981 2725
6569 4 2 100 26 650 652 2963 3314
6570 4 2 100 26 1163 1517 2681 3034
6571 4 2 100 26 1358 3113 2556 3117
6572 4 2 100 26 1696 2785 2555 3330
6573 4 2 100 26 2653 2517 3004 3232
6574 4 2 100 26 2545 1084 3111 3293
6575 4 2 100 26 485 2443 2682 3268
6576 4 2 100 26 2168 2960 2737 3198
6577 4 2 100 26 1731 2673 1730 3186
6578 4 2 100 26 1302 973 1387 3078
6579 4 2 100 26 2414 2537 3097 3275
6580 4 2 100 26 1267 1227 989 2668
6581 4 2 100 26 2492 2643 2739 2999
6582 4 2 100 26 2670 3026 2523 3227
6583 4 2 100 26 2559 547 2806 2975
6584 4 2 100 26 1717 1718 1716 2833
6585 4 2 100 26 2510 2560 2748 2936
6586 4 2 100 26 2618 2773 2489 2776
6587 4 2 100 26 441 1746 917 2683
6588 4 2 100 26 1347 2780 2558 3266
6589 4 2 100 26 2621 3075 722 3319
6590 4 2 100 26 2493 2620 2735 3141
6591 4 2 100 26 1084 2545 2881 3293
6592 4 2 100 26 2736 2952 1094 3199
6593 4 2 100 26 2758 3208 1154 3358
6594 4 2 100 26 1706 1703 1704 2785
6595 4 2 100 26 724 720 725 2796
6596 4 2 100 26 2565 2765 3176 3257
6597 4 2 100 26 646 2788 2639 3197
6598 4 2 100 26 831 2644 670 2911
6599 4 2 100 26 2489 2773 2678 3338
6600 4 2 100 26 2497 2923 2708 3249
6601 4 2 100 26 2670 3026 2509 3127
6602 4 2 100 26 1837 2556 1812 3113
6603 4 2 100 26 2137 2815 2122 3072
6604 4 2 100 26 624 2816 623 3073
6605 4 2 100 26 2346 2769 2573 3212
6606 4 2 100 26 2674 2821 1384 3243
6607 4 2 100 26 2663 3037 2501 3059
6608 4 2 100 26 2542 3125 733 3158
6609 4 2 100 26 2932 2934 2549 3071
6610 4 2 100 26 751 531 1824 2724
6611 4 2 100 26 2739 2999 2643 3333
6612 4 2 100 26 1688 2545 3111 3293
6613 4 2 100 26 2547 3106 2754 3262
6614 4 2 100 26 1824 531 1493 2724
6615 4 2 100 26 2549 2361 2934 3173
6616 4 2 100 26 2556 2857 1191 2991
6617 4 2 100 26 2218 2901 2557 3003
6618 4 2 100 26 1570 2662 1573 3058
6619 4 2 100 26 1695 2834 2756 3263
6620 4 2 100 26 2488 3148 2950 3400
6621 4 2 100 26 1094 2736 1092 2952
6622 4 2 100 26 2647 2504 2744 3131
6623 4 2 100 26 830 2195 915 2728
6624 4 2 100 26 2402 2740 2388 3207
6625 4 2 100 26 572 2791 744 3051
6626 4 2 100 26 1706 1477 2657 3146
6627 4 2 100 26 2664 2814 2404 3205
6628 4 2 100 26 2516 2588 2782 3107
6629 4 2 100 26 2752 3013 1646 3389
6630 4 2 100 26 858 3135 3055 3372
6631 4 2 100 26 2811 2847 2542 3235
6632 4 2 100 26 2529 2886 2719 3071
6633 4 2 100 26 1544 2618 2832 3358
6634 4 2 100 26 1802 2579 1913 3304
6635 4 2 100 26 1618 2775 2747 3261
6636 4 2 100 26 2509 2817 2649 3189
6637 4 2 100 26 847 2812 2656 3175
6638 4 2 100 26 1306 1351 2657 3146
6639 4 2 100 26 2346 2573 2769 3313
6640 4 2 100 26 2640 2805 545 2806
6641 4 2 100 26 2535 3087 1877 3261
6642 4 2 100 26 2561 2674 2514 3137
6643 4 2 100 26 2657 3023 1306 3146
6644 4 2 100 26 1594 2589 2948 3348
6645 4 2 100 26 1074 2943 2734 3228
6646 4 2 100 26 2784 3006 1048 3042
6647 4 2 100 26 606 2534 2903 3218
6648 4 2 100 26 1072 2943 1074 3228
6649 4 2 100 26 2548 2866 2694 3283
6650 4 2 100 26 1427 2783 1321 3209
6651 4 2 100 26 2504 2847 2811 3235
6652 4 2 100 26 2494 2684 2842 3064
6653 4 2 100 26 2734 2947 1666 3228
6654 4 2 100 26 1878 2850 2761 2976
6655 4 2 100 26 2762 2851 1402 2977
6656 4 2 100 26 1673 1666 2947 3228
6657 4 2 100 26 1449 2669 828 2895
6658 4 2 100 26 2500 2884 2719 3071
6659 4 2 100 26 721 723 848 2831
6660 4 2 100 26 2538 2365 2926 3203
6661 4 2 100 26 2202 2961 2652 3370
6662 4 2 100 26 722 2831 2621 3175
6663 4 2 100 26 1871 2587 1675 2947
6664 4 2 100 26 922 2559 547 2806
6665 4 2 100 26 2346 3212 2573 3313
6666 4 2 100 26 937 1758 1437 3156
6667 4 2 100 26 937 1437 1314 3156
6668 4 2 100 26 2495 2775 2747 3154
6669 4 2 100 26 2510 2994 2648 3065
6670 4 2 100 26 890 2742 892 3217
6671 4 2 100 26 2551 2942 3026 3142
6672 4 2 100 26 570 744 2791 3051
6673 4 2 100 26 985 1425 1266 2661
6674 4 2 100 26 1969 915 2195 2728
6675 4 2 100 26 2495 2636 2747 3123
6676 4 2 100 26 1477 3023 2657 3146
6677 4 2 100 26 1716 2833 2620 3095
6678 4 2 100 26 2635 2495 2746 3124
6679 4 2 100 26 1696 2555 2785 3163
6680 4 2 100 26 1227 989 2668 2829
6681 4 2 100 26 1570 1653 776 3058
6682 4 2 100 26 2511 2802 2591 3035
6683 4 2 100 26 2532 2842 2684 3064
6684 4 2 100 26 1980 2256 752 3211
6685 4 2 100 26 1571 2662 1573 2905
6686 4 2 100 26 2519 3074 2664 3110
6687 4 2 100 26 2602 2177 2814 3371
6688 4 2 100 26 2369 2779 2283 2993
6689 4 2 100 26 1696 2555 3083 3330
6690 4 2 100 26 2491 2804 3122 3384
6691 4 2 100 26 2530 2962 2397 3089
6692 4 2 100 26 906 2962 2530 3089
6693 4 2 100 26 2202 3010 2652 3373
6694 4 2 100 26 2813 2996 2585 3157
6695 4 2 100 26 2767 2825 1096 3356
6696 4 2 100 26 2503 3015 2785 3140
6697 4 2 100 26 546 545 2640 2805
6698 4 2 100 26 692 2959 2827 3135
6699 4 2 100 26 2145 2923 2533 3291
6700 4 2 100 26 2548 1872 3104 3308
6701 4 2 100 26 1571 1573 2662 3177
6702 4 2 100 26 578 2541 2917 3299
6703 4 2 100 26 2635 2746 2789 3160
6704 4 2 100 26 2526 2807 2749 3287
6705 4 2 100 26 1272 1321 2754 3209
6706 4 2 100 26 2746 3160 2635 3343
6707 4 2 100 26 2772 2997 2888 3161
6708 4 2 100 26 2500 2886 2725 2934
6709 4 2 100 26 2550 832 2911 3063
6710 4 2 100 26 2503 3018 2659 3322
6711 4 2 100 26 2507 2694 2866 3283
6712 4 2 100 26 453 796 2299 3393
6713 4 2 100 26 2549 2932 2737 2934
6714 4 2 100 26 1096 2825 2767 3241
6715 4 2 100 26 2540 3068 2789 3182
6716 4 2 100 26 1351 1306 2657 3023
6717 4 2 100 26 878 2612 874 3321
6718 4 2 100 26 2529 2719 2884 3071
6719 4 2 100 26 796 542 920 2577
6720 4 2 100 26 822 2559 2771 2975
6721 4 2 100 26 709 2965 2544 3098
6722 4 2 100 26 1425 2661 1054 2935
6723 4 2 100 26 2592 2950 2782 3209
6724 4 2 100 26 2971 3106 2547 3262
6725 4 2 100 26 2527 2691 2868 3149
6726 4 2 100 26 2659 3018 2503 3140
6727 4 2 100 26 2512 3051 2818 3188
6728 4 2 100 26 1722 2774 1721 3141
6729 4 2 100 26 1722 1721 2774 3166
6730 4 2 100 26 2612 2510 3005 3257
6731 4 2 100 26 1297 2581 1420 3181
6732 4 2 100 26 2890 3004 2517 3232
6733 4 2 100 26 2525 2723 2676 3351
6734 4 2 100 26 2525 2954 2835 3301
6735 4 2 100 26 2745 2848 1793 3024
6736 4 2 100 26 1721 3141 2774 3166
6737 4 2 100 26 2620 3031 2518 3225
6738 4 2 100 26 2941 3178 2633 3296
6739 4 2 100 26 1872 2548 2894 3308
6740 4 2 100 26 742 2847 2744 3019
6741 4 2 100 26 2505 2706 2903 3079
6742 4 2 100 26 2585 2793 2567 2823
6743 4 2 100 26 1777 2767 3245 3348
6744 4 2 100 26 2545 2881 2705 3281
6745 4 2 100 26 1618 1881 2775 3154
6746 4 2 100 26 2562 2826 3038 3311
6747 4 2 100 26 2491 2615 2804 2805
6748 4 2 100 26 846 2812 845 3138
6749 4 2 100 26 2690 2909 2506 2919
6750 4 2 100 26 2621 2831 722 3075
6751 4 2 100 26 2683 3033 2513 3130
6752 4 2 100 26 2680 3067 2515 3082
6753 4 2 100 26 592 2897 2548 3308
6754 4 2 100 26 2519 3135 3032 3403
6755 4 2 100 26 1320 2581 1420 3082
6756 4 2 100 26 1891 1521 2614 2929
6757 4 2 100 26 1578 2472 2462 3213
6758 4 2 100 26 2494 2868 2691 3149
6759 4 2 100 26 1881 2747 3154 3340
6760 4 2 100 26 2512 2818 2587 3025
6761 4 2 100 26 492 775 1996 3158
6762 4 2 100 26 1537 3145 2696 3364
6763 4 2 100 26 1901 2972 1931 3062
6764 4 2 100 26 2288 1996 775 3158
6765 4 2 100 26 2753 2754 2488 3136
6766 4 2 100 26 2742 2955 2383 3217
6767 4 2 100 26 1747 1788 2895 3167
6768 4 2 100 26 1899 2600 1630 2844
6769 4 2 100 26 2498 2717 2894 3081
6770 4 2 100 26 2898 2908 2531 3099
6771 4 2 100 26 2202 2652 3008 3370
6772 4 2 100 26 1660 2660 1820 3001
6773 4 2 100 26 2660 3014 1660 3186
6774 4 2 100 26 1033 1430 1806 2698
6775 4 2 100 26 2503 3018 2677 3140
6776 4 2 100 26 1393 3093 2540 3182
6777 4 2 100 26 2568 2516 2763 3365
6778 4 2 100 26 2678 3145 3144 3364
6779 4 2 100 26 1407 1125 2601 2842
6780 4 2 100 26 506 695 2659 3165
6781 4 2 100 26 857 2751 3055 3135
6782 4 2 100 26 2534 2903 2706 3079
6783 4 2 100 26 2525 2954 2518 3047
6784 4 2 100 26 2548 2694 2872 3283
6785 4 2 100 26 1737 2631 2989 3346
6786 4 2 100 26 2497 2571 2734 2943
6787 4 2 100 26 2252 2953 2738 3212
6788 4 2 100 26 2544 2965 2384 3098
6789 4 2 100 26 2502 2692 2875 3066
6790 4 2 100 26 2571 2497 2734 2947
6791 4 2 100 26 2503 2659 2749 3322
6792 4 2 100 26 2520 2636 3021 3123
6793 4 2 100 26 2755 3092 925 3148
6794 4 2 100 26 1747 2895 2683 3167
6795 4 2 100 26 2617 3012 1239 3305
6796 4 2 100 26 847 2812 846 3138
6797 4 2 100 26 1778 519 2706 3218
6798 4 2 100 26 1273 1239 3012 3305
6799 4 2 100 26 2568 3148 2950 3365
6800 4 2 100 26 2519 2664 2987 3110
6801 4 2 100 26 1351 2801 1352 3023
6802 4 2 100 26 1351 3056 2657 3146
6803 4 2 100 26 2516 2763 2594 3107
6804 4 2 100 26 2493 2621 2731 2984
6805 4 2 100 26 1464 1422 991 2904
6806 4 2 100 26 752 488 753 3211
6807 4 2 100 26 1852 1724 2608 2848
6808 4 2 100 26 1356 1188 2679 3129
6809 4 2 100 26 2502 2876 2695 3066
6810 4 2 100 26 992 2291 1233 2729
6811 4 2 100 26 546 2640 545 2806
6812 4 2 100 26 2507 2705 2881 3281
6813 4 2 100 26 636 638 3090 3389
6814 4 2 100 26 2761 2816 2600 3362
6815 4 2 100 26 2601 2815 2762 3363
6816 4 2 100 26 1216 2780 1219 3401
6817 4 2 100 26 2024 1233 2291 2729
6818 4 2 100 26 2487 2751 3077 3296
6819 4 2 100 26 2510 2748 2560 2832
6820 4 2 100 26 2513 2784 2626 3006
6821 4 2 100 26 2653 2491 2804 2828
6822 4 2 100 26 2494 2853 2699 3064
6823 4 2 100 26 2533 2875 2692 3066
6824 4 2 100 26 2540 2711 2933 3255
6825 4 2 100 26 2204 2961 2202 3370
6826 4 2 100 26 2547 2920 2056 3151
6827 4 2 100 26 2726 2906 2065 3180
6828 4 2 100 26 3015 3119 1708 3146
6829 4 2 100 26 2614 3071 2849 3214
6830 4 2 100 26 2502 2875 2876 3066
6831 4 2 100 26 1900 2655 2804 3384
6832 4 2 100 26 2519 2827 2664 3074
6833 4 2 100 26 2502 2697 2861 3076
6834 4 2 100 26 2679 2756 2487 2834
6835 4 2 100 26 1708 1706 3015 3146
6836 4 2 100 26 2508 2899 2709 2927
6837 4 2 100 26 1138 3062 2942 3189
6838 4 2 100 26 2792 3294 2583 3316
6839 4 2 100 26 2183 2667 469 2962
6840 4 2 100 26 2666 3021 2495 3123
6841 4 2 100 26 1266 2661 1053 2784
6842 4 2 100 26 1414 2616 1170 2930
6843 4 2 100 26 2250 2738 2252 2953
6844 4 2 100 26 2532 2684 2844 3064
6845 4 2 100 26 1102 2732 1100 2970
6846 4 2 100 26 1100 2970 2732 3200
6847 4 2 100 26 2498 2572 2736 2948
6848 4 2 100 26 2515 2741 2581 2931
6849 4 2 100 26 2663 2829 2521 3059
6850 4 2 100 26 1791 1608 2732 3200
6851 4 2 100 26 1100 2732 1102 3200
6852 4 2 100 26 1837 2556 3113 3117
6853 4 2 100 26 2584 2791 2512 3051
6854 4 2 100 26 2503 2807 2677 3322
6855 4 2 100 26 2612 2936 874 3183
6856 4 2 100 26 2217 500 716 3003
6857 4 2 100 26 1994 2217 716 3003
6858 4 2 100 26 1855 3038 2826 3311
6859 4 2 100 26 2541 2695 2876 3066
6860 4 2 100 26 2299 2445 2067 2577
6861 4 2 100 26 1994 2218 2217 3003
6862 4 2 100 26 2355 2585 2793 3211
6863 4 2 100 26 1338 2782 3152 3251
6864 4 2 100 26 1298 2692 2156 3204
6865 4 2 100 26 2348 2659 2419 3165
6866 4 2 100 26 1597 1592 2736 3199
6867 4 2 100 26 1092 2736 1094 3199
6868 4 2 100 26 1855 3311 1856 3320
6869 4 2 100 26 1193 3056 1224 3096
6870 4 2 100 26 2530 2699 2853 3064
6871 4 2 100 26 2499 2814 2664 3205
6872 4 2 100 26 1342 2745 1232 3374
6873 4 2 100 26 1877 1618 2747 3261
6874 4 2 100 26 2575 2505 2732 2946
6875 4 2 100 26 2381 2617 2231 2910
6876 4 2 100 26 2502 2867 2701 3076
6877 4 2 100 26 2572 2498 2736 2952
6878 4 2 100 26 2620 2518 2833 3225
6879 4 2 100 26 2608 3084 2847 3235
6880 4 2 100 26 2494 2844 2684 3064
6881 4 2 100 26 1125 1404 2601 2851
6882 4 2 100 26 1630 2600 1875 2850
6883 4 2 100 26 2534 2706 2885 3079
6884 4 2 100 26 1555 1481 2722 3314
6885 4 2 100 26 2626 3006 2784 3042
6886 4 2 100 26 2748 2994 654 3314
6887 4 2 100 26 2827 3135 2633 3280
6888 4 2 100 26 1965 2664 714 2965
6889 4 2 100 26 2499 2702 2882 3070
6890 4 2 100 26 2660 3106 2971 3262
6891 4 2 100 26 1964 479 2701 3196
6892 4 2 100 26 1510 1730 1809 2727
6893 4 2 100 26 2571 2818 2587 2947
6894 4 2 100 26 2502 2861 2867 3076
6895 4 2 100 26 2342 2418 483 2737
6896 4 2 100 26 2746 3124 2098 3343
6897 4 2 100 26 1138 2551 3062 3114
6898 4 2 100 26 616 3123 2747 3340
6899 4 2 100 26 2488 2569 2753 2950
6900 4 2 100 26 2554 841 3019 3112
6901 4 2 100 26 437 776 1653 3058
6902 4 2 100 26 1725 2539 3156 3166
6903 4 2 100 26 2525 2954 2796 3359
6904 4 2 100 26 2618 2560 3005 3315
6905 4 2 100 26 861 710 2757 2808
6906 4 2 100 26 1867 2593 2824 3245
6907 4 2 100 26 2505 2885 2706 3079
6908 4 2 100 26 2665 3127 2649 3206
6909 4 2 100 26 2663 2794 2501 3132
6910 4 2 100 26 1980 2245 2256 3211
6911 4 2 100 26 2545 2861 2697 3076
6912 4 2 100 26 2513 2673 2727 3167
6913 4 2 100 26 2245 2585 2787 2823
6914 4 2 100 26 544 924 493 2805
6915 4 2 100 26 1908 2972 2604 3000
6916 4 2 100 26 2548 2894 2717 3081
6917 4 2 100 26 2363 3091 2386 3174
6918 4 2 100 26 2638 1601 3024 3332
6919 4 2 100 26 1857 2614 1521 2884
6920 4 2 100 26 2614 2849 2700 2929
6921 4 2 100 26 2604 3026 2788 3227
6922 4 2 100 26 1053 2784 2661 2935
6923 4 2 100 26 2498 2893 2718 3081
6924 4 2 100 26 2526 2642 3178 3296
6925 4 2 100 26 2488 2755 3148 3400
6926 4 2 100 26 2729 2910 2493 2918
6927 4 2 100 26 2521 2829 2663 3132
6928 4 2 100 26 2567 2836 2793 3397
6929 4 2 100 26 2598 2511 3029 3313
6930 4 2 100 26 822 547 922 2975
6931 4 2 100 26 2493 2735 2620 2983
6932 4 2 100 26 1410 1135 2843 2999
6933 4 2 100 26 2623 2876 2875 3066
6934 4 2 100 26 1378 2606 1083 2865
6935 4 2 100 26 883 591 2609 2866
6936 4 2 100 26 2505 2575 2732 2970
6937 4 2 100 26 1944 1956 1950 2687
6938 4 2 100 26 2726 2906 2890 3150
6939 4 2 100 26 2515 2771 2975 3191
6940 4 2 100 26 1147 1384 2821 3243
6941 4 2 100 26 2281 2019 793 2766
6942 4 2 100 26 482 2281 793 2766
6943 4 2 100 26 2386 2553 2846 3002
6944 4 2 100 26 2651 3055 3135 3372
6945 4 2 100 26 2579 2821 2730 3304
6946 4 2 100 26 2060 2059 2661 2784
6947 4 2 100 26 2747 2775 2535 3261
6948 4 2 100 26 1400 2913 2634 2977
6949 4 2 100 26 2637 2912 1879 2976
6950 4 2 100 26 2537 2701 2867 3076
6951 4 2 100 26 752 2256 488 3211
6952 4 2 100 26 2647 2521 3126 3131
6953 4 2 100 26 2491 2770 2577 3393
6954 4 2 100 26 2669 2488 3106 3179
6955 4 2 100 26 2590 2622 3253 3405
6956 4 2 100 26 1777 3245 2824 3348
6957 4 2 100 26 2383 2742 2340 2955
6958 4 2 100 26 2667 2815 2403 3072
6959 4 2 100 26 904 2816 2667 3073
6960 4 2 100 26 2568 2763 2516 2826
6961 4 2 100 26 787 483 2418 2737
6962 4 2 100 26 1977 2699 807 3222
6963 4 2 100 26 1844 2554 3024 3112
6964 4 2 100 26 2499 2757 2882 2989
6965 4 2 100 26 1355 1356 2679 3129
6966 4 2 100 26 2573 2498 2738 2944
6967 4 2 100 26 878 2612 2760 2936
6968 4 2 100 26 1196 2801 1194 3153
6969 4 2 100 26 1815 3058 2554 3112
6970 4 2 100 26 2545 2705 2860 3281
6971 4 2 100 26 1364 1170 2616 2886
6972 4 2 100 26 2505 2970 2955 3035
6973 4 2 100 26 1070 3228 3045 3270
6974 4 2 100 26 2745 2797 1232 3374
6975 4 2 100 26 2601 2853 2842 3064
6976 4 2 100 26 2512 2985 2583 3247
6977 4 2 100 26 2498 2897 2717 3081
6978 4 2 100 26 689 687 2751 3135
6979 4 2 100 26 2514 2730 2579 2821
6980 4 2 100 26 1054 2661 1425 2971
6981 4 2 100 26 2496 2667 3073 3118
6982 4 2 100 26 2613 2867 2861 3076
6983 4 2 100 26 2497 2587 2945 2947
6984 4 2 100 26 438 2704 1759 3216
6985 4 2 100 26 1168 1330 2627 2924
6986 4 2 100 26 1787 2972 1647 3013
6987 4 2 100 26 1387 2598 2825 3241
6988 4 2 100 26 1379 1083 2606 2881
6989 4 2 100 26 1706 2657 1477 3023
6990 4 2 100 26 2489 3176 2765 3317
6991 4 2 100 26 2109 461 2321 2733
6992 4 2 100 26 1783 1018 1498 2767
6993 4 2 100 26 1018 1783 1262 2767
6994 4 2 100 26 2598 2498 2952 2953
6995 4 2 100 26 983 2026 2784 3042
6996 4 2 100 26 707 710 861 2808
6997 4 2 100 26 1020 1783 1495 2767
6998 4 2 100 26 1262 1783 1020 2767
6999 4 2 100 26 884 886 2963 3231
7000 4 2 100 26 2543 2882 2702 3070
7001 4 2 100 26 2565 3005 2510 3257
7002 4 2 100 26 2677 2807 854 3322
7003 4 2 100 26 1898 1828 1484 3103
7004 4 2 100 26 2554 3058 838 3112
7005 4 2 100 26 2518 2656 3031 3175
7006 4 2 100 26 2498 2573 2738 2953
7007 4 2 100 26 1320 2741 2581 3082
7008 4 2 100 26 2518 3031 2831 3175
7009 4 2 100 26 2600 3064 2816 3233
7010 4 2 100 26 837 2905 836 3310
7011 4 2 100 26 1070 1072 3228 3270
7012 4 2 100 26 1008 1640 2684 3236
7013 4 2 100 26 878 2760 2612 3321
7014 4 2 100 26 876 2623 579 2876
7015 4 2 100 26 2759 2814 2177 3371
7016 4 2 100 26 2515 2771 2582 3007
7017 4 2 100 26 2657 2785 3015 3140
7018 4 2 100 26 2913 3053 1118 3160
7019 4 2 100 26 2560 3005 2773 3390
7020 4 2 100 26 1580 1581 1579 2597
7021 4 2 100 26 2493 2563 2729 2983
7022 4 2 100 26 1788 3014 2895 3167
7023 4 2 100 26 2581 2491 2828 3122
7024 4 2 100 26 2500 2584 2938 2956
7025 4 2 100 26 2391 2988 2829 3059
7026 4 2 100 26 2500 2570 2719 2938
7027 4 2 100 26 802 2281 482 2766
7028 4 2 100 26 2492 2686 3013 3142
7029 4 2 100 26 1549 2655 1900 3384
7030 4 2 100 26 2756 2834 1695 3083
7031 4 2 100 26 2570 2500 2719 2939
7032 4 2 100 26 2563 2493 2729 2984
7033 4 2 100 26 2593 2505 2946 2949
7034 4 2 100 26 839 3157 840 3381
7035 4 2 100 26 1400 1402 1121 2977
7036 4 2 100 26 1878 1879 1626 2976
7037 4 2 100 26 802 1992 2281 2766
7038 4 2 100 26 2594 2501 2786 3355
7039 4 2 100 26 2304 2035 2349 3078
7040 4 2 100 26 2621 3175 2731 3319
7041 4 2 100 26 2494 2842 2853 3064
7042 4 2 100 26 2536 2718 2893 3081
7043 4 2 100 26 2591 2955 2970 3035
7044 4 2 100 26 2234 2744 3131 3345
7045 4 2 100 26 2533 2692 2845 3066
7046 4 2 100 26 2548 2717 2897 3081
7047 4 2 100 26 1758 1725 1437 3156
7048 4 2 100 26 1045 1420 2581 3082
7049 4 2 100 26 2662 2915 2554 3037
7050 4 2 100 26 660 2778 3390 3398
7051 4 2 100 26 2511 2593 3035 3245
7052 4 2 100 26 1420 1297 1045 2581
7053 4 2 100 26 2573 3029 2511 3313
7054 4 2 100 26 2541 2856 2695 3066
7055 4 2 100 26 1140 1200 3062 3185
7056 4 2 100 26 2151 2147 2623 2875
7057 4 2 100 26 2512 2586 2985 3270
7058 4 2 100 26 2531 2898 2681 2908
7059 4 2 100 26 885 2609 591 2897
7060 4 2 100 26 1710 2835 2630 3119
7061 4 2 100 26 875 579 2623 2917
7062 4 2 100 26 2545 2697 2865 3076
7063 4 2 100 26 836 2905 2662 3310
7064 4 2 100 26 667 670 2644 2928
7065 4 2 100 26 2208 2664 2404 3205
7066 4 2 100 26 557 2683 2895 2992
7067 4 2 100 26 838 2554 2869 3058
7068 4 2 100 26 2507 2872 2694 3283
7069 4 2 100 26 2505 2903 2742 2926
7070 4 2 100 26 1682 2694 525 3219
7071 4 2 100 26 2502 2865 2697 3076
7072 4 2 100 26 2552 2912 2658 3021
7073 4 2 100 26 2660 3106 2488 3179
7074 4 2 100 26 2513 2727 2997 3167
7075 4 2 100 26 2590 2819 2622 3405
7076 4 2 100 26 1115 2789 1397 3160
7077 4 2 100 26 576 2710 2945 3254
7078 4 2 100 26 461 2109 792 2733
7079 4 2 100 26 613 2610 898 2921
7080 4 2 100 26 2599 3079 2863 3264
7081 4 2 100 26 1695 2679 1699 3263
7082 4 2 100 26 607 2611 893 2903
7083 4 2 100 26 2706 2949 604 3256
7084 4 2 100 26 2171 3294 2792 3316
7085 4 2 100 26 1809 1909 2727 3167
7086 4 2 100 26 1138 1140 3062 3189
7087 4 2 100 26 2502 2695 2856 3066
7088 4 2 100 26 2631 2922 1737 2989
7089 4 2 100 26 2733 2963 886 3231
7090 4 2 100 26 965 2025 2689 3193
7091 4 2 100 26 2579 2758 1802 3105
7092 4 2 100 26 827 2687 1944 3337
7093 4 2 100 26 1331 1168 1330 2627
7094 4 2 100 26 2502 2845 2692 3066
7095 4 2 100 26 2597 2888 2772 2997
7096 4 2 100 26 2753 2950 2569 3136
7097 4 2 100 26 2736 2893 2498 2894
7098 4 2 100 26 2511 2598 3029 3241
7099 4 2 100 26 2019 793 2766 3198
7100 4 2 100 26 2497 2878 2734 2880
7101 4 2 100 26 2504 2744 2811 2847
7102 4 2 100 26 1890 1660 2660 3179
7103 4 2 100 26 1777 2824 1595 3348
7104 4 2 100 26 1308 2720 1506 3043
7105 4 2 100 26 2515 2564 3007 3338
7106 4 2 100 26 2377 2625 2127 2877
7107 4 2 100 26 2521 2647 2988 3131
7108 4 2 100 26 2664 2827 2519 2987
7109 4 2 100 26 1753 2693 517 3041
7110 4 2 100 26 2824 3029 2589 3348
7111 4 2 100 26 2582 2995 2778 3317
7112 4 2 100 26 2824 3245 2767 3348
7113 4 2 100 26 2200 2392 2201 2750
7114 4 2 100 26 1144 2561 1145 3243
7115 4 2 100 26 2633 3135 2519 3403
7116 4 2 100 26 463 1976 2670 3002
7117 4 2 100 26 2590 2733 2514 2819
7118 4 2 100 26 2510 2590 2760 2994
7119 4 2 100 26 2561 2817 1144 3159
7120 4 2 100 26 2400 2369 2283 2993
7121 4 2 100 26 2491 2804 2655 3122
7122 4 2 100 26 602 604 2949 3256
7123 4 2 100 26 2359 2623 2147 2923
7124 4 2 100 26 576 2945 574 3254
7125 4 2 100 26 1531 1487 1917 2805
7126 4 2 100 26 1371 2708 2943 3248
7127 4 2 100 26 2523 2672 3090 3142
7128 4 2 100 26 2850 3064 2600 3233
7129 4 2 100 26 1781 2630 1710 2978
7130 4 2 100 26 2551 3013 2686 3142
7131 4 2 100 26 2565 2510 2795 3257
7132 4 2 100 26 1365 2939 2725 3244
7133 4 2 100 26 2496 3073 2637 3118
7134 4 2 100 26 2677 1705 3048 3330
7135 4 2 100 26 2669 2488 3179 3400
7136 4 2 100 26 1144 1146 2561 3243
7137 4 2 100 26 2500 2574 2737 2960
7138 4 2 100 26 1870 2947 2710 3254
7139 4 2 100 26 1366 2939 1365 3244
7140 4 2 100 26 909 908 2699 2854
7141 4 2 100 26 2746 2789 1113 3182
7142 4 2 100 26 1873 2852 2693 3041
7143 4 2 100 26 2556 1357 2857 3113
7144 4 2 100 26 1579 2597 1581 2997
7145 4 2 100 26 633 2625 914 2891
7146 4 2 100 26 1561 2777 2639 2967
7147 4 2 100 26 775 492 733 3158
7148 4 2 100 26 2060 2058 2439 2661
7149 4 2 100 26 2574 2500 2737 2956
7150 4 2 100 26 610 2693 2855 3041
7151 4 2 100 26 2655 3122 2804 3384
7152 4 2 100 26 2489 3317 2765 3338
7153 4 2 100 26 2497 2578 2740 2945
7154 4 2 100 26 2578 2497 2740 2957
7155 4 2 100 26 564 666 2700 2849
7156 4 2 100 26 2511 2769 2790 3303
7157 4 2 100 26 1646 1639 1645 2873
7158 4 2 100 26 1494 2706 678 3256
7159 4 2 100 26 2431 2547 3151 3229
7160 4 2 100 26 2300 974 2718 3278
7161 4 2 100 26 2085 2082 2760 3321
7162 4 2 100 26 2511 3029 2572 3241
7163 4 2 100 26 1787 2972 2551 3062
7164 4 2 100 26 1543 2618 1544 3147
7165 4 2 100 26 1660 1890 2660 3001
7166 4 2 100 26 830 2195 2728 3036
7167 4 2 100 26 2503 2677 3015 3140
7168 4 2 100 26 2016 2708 979 3248
7169 4 2 100 26 2653 3101 2890 3232
7170 4 2 100 26 2615 2491 2804 3004
7171 4 2 100 26 2316 2314 2674 3091
7172 4 2 100 26 2581 1297 2828 3181
7173 4 2 100 26 1393 2746 1113 3182
7174 4 2 100 26 512 687 2633 2941
7175 4 2 100 26 2680 3145 1540 3329
7176 4 2 100 26 2036 2712 1304 3223
7177 4 2 100 26 2602 3070 2927 3272
7178 4 2 100 26 2410 2415 2290 3127
7179 4 2 100 26 481 782 2216 2740
7180 4 2 100 26 1868 2946 2706 3256
7181 4 2 100 26 2387 2699 2367 2853
7182 4 2 100 26 1018 1498 2767 3200
7183 4 2 100 26 2517 2707 2577 2906
7184 4 2 100 26 2608 2848 1724 3166
7185 4 2 100 26 2511 2790 2769 3307
7186 4 2 100 26 2514 2733 3020 3137
7187 4 2 100 26 1334 2794 2646 3369
7188 4 2 100 26 2798 2799 2625 3069
7189 4 2 100 26 2544 2808 2605 3070
7190 4 2 100 26 1145 2561 1144 3159
7191 4 2 100 26 1777 1595 2824 3245
7192 4 2 100 26 862 712 860 3074
7193 4 2 100 26 1865 2589 2824 3060
7194 4 2 100 26 1848 3192 1770 3351
7195 4 2 100 26 2506 2933 2711 3255
7196 4 2 100 26 1020 2767 1495 3199
7197 4 2 100 26 1692 527 2695 3220
7198 4 2 100 26 1382 2622 2821 3028
7199 4 2 100 26 2721 2955 2505 2970
7200 4 2 100 26 2495 3021 2635 3160
7201 4 2 100 26 1652 2653 1912 2904
7202 4 2 100 26 1891 1521 1857 2614
7203 4 2 100 26 2696 3145 2678 3364
7204 4 2 100 26 1385 2952 2718 3278
7205 4 2 100 26 1374 2692 1375 2845
7206 4 2 100 26 1941 2726 2837 3155
7207 4 2 100 26 1468 2710 679 3254
7208 4 2 100 26 2587 2818 2571 3025
7209 4 2 100 26 1896 2691 747 3184
7210 4 2 100 26 2221 2901 2393 3202
7211 4 2 100 26 720 2796 2676 3057
7212 4 2 100 26 1005 2686 1460 3221
7213 4 2 100 26 1004 2688 2009 3246
7214 4 2 100 26 1567 2967 2639 3382
7215 4 2 100 26 927 3134 487 3268
7216 4 2 100 26 1501 675 2717 3252
7217 4 2 100 26 2633 3008 2750 3403
7218 4 2 100 26 652 654 2994 3314
7219 4 2 100 26 2492 2999 2686 3142
7220 4 2 100 26 2537 2862 2701 3076
7221 4 2 100 26 2217 500 3003 3286
7222 4 2 100 26 2551 2686 2999 3142
7223 4 2 100 26 2265 988 2001 2836
7224 4 2 100 26 2309 804 2769 3212
7225 4 2 100 26 2825 3035 2591 3356
7226 4 2 100 26 2634 3072 2496 3118
7227 4 2 100 26 1385 1386 2952 3278
7228 4 2 100 26 2696 3144 2678 3145
7229 4 2 100 26 2288 2232 1996 3158
7230 4 2 100 26 1200 1930 3062 3185
7231 4 2 100 26 2505 2580 2742 2949
7232 4 2 100 26 1787 3062 2551 3114
7233 4 2 100 26 2711 2863 1398 3046
7234 4 2 100 26 594 2944 2717 3252
7235 4 2 100 26 938 1760 1311 2735
7236 4 2 100 26 697 2677 854 3322
7237 4 2 100 26 1508 1311 1760 2735
7238 4 2 100 26 2498 2718 2916 3081
7239 4 2 100 26 2547 2661 2920 3130
7240 4 2 100 26 1988 2309 804 2769
7241 4 2 100 26 2515 3007 2582 3338
7242 4 2 100 26 1043 2655 2828 2904
7243 4 2 100 26 2502 2701 2862 3076
7244 4 2 100 26 2536 2916 2718 3081
7245 4 2 100 26 2751 3178 2642 3296
7246 4 2 100 26 2580 2505 2742 2955
7247 4 2 100 26 2506 2852 2690 2863
7248 4 2 100 26 2543 2702 2859 3070
7249 4 2 100 26 1371 2943 1369 3248
7250 4 2 100 26 780 1989 2131 2738
7251 4 2 100 26 780 476 1989 2738
7252 4 2 100 26 2561 2514 2730 2840
7253 4 2 100 26 2511 3035 2575 3245
7254 4 2 100 26 2499 2859 2702 3070
7255 4 2 100 26 2653 2828 2804 2904
7256 4 2 100 26 2567 2823 2385 3109
7257 4 2 100 26 610 2855 608 3041
7258 4 2 100 26 2491 3122 2640 3384
7259 4 2 100 26 2530 2854 2699 3064
7260 4 2 100 26 664 763 2696 3191
7261 4 2 100 26 2871 2986 2410 3054
7262 4 2 100 26 2245 2585 2355 3211
7263 4 2 100 26 2597 2764 3006 3361
7264 4 2 100 26 2682 3033 921 3268
7265 4 2 100 26 2159 2703 2161 2874
7266 4 2 100 26 2512 2792 2766 3294
7267 4 2 100 26 1297 1045 2581 2828
7268 4 2 100 26 939 1051 1052 2727
7269 4 2 100 26 2772 2888 553 3161
7270 4 2 100 26 2626 2784 2048 3042
7271 4 2 100 26 2512 3022 2570 3247
7272 4 2 100 26 1392 1398 2863 3046
7273 4 2 100 26 1623 2552 2912 3053
7274 4 2 100 26 2552 1118 2913 3053
7275 4 2 100 26 1890 2660 3001 3179
7276 4 2 100 26 506 2659 695 3322
7277 4 2 100 26 2488 2753 2569 2755
7278 4 2 100 26 2718 2953 2370 3278
7279 4 2 100 26 475 803 2287 2769
7280 4 2 100 26 802 1992 2766 3207
7281 4 2 100 26 1873 1869 2852 3041
7282 4 2 100 26 1515 1578 2462 3213
7283 4 2 100 26 2500 2960 2939 3022
7284 4 2 100 26 2140 2957 2708 3248
7285 4 2 100 26 564 2849 2700 3276
7286 4 2 100 26 1854 2826 1855 3038
7287 4 2 100 26 2389 2663 2823 3059
7288 4 2 100 26 1404 1407 1125 2601
7289 4 2 100 26 2571 3025 2512 3270
7290 4 2 100 26 2604 2972 1908 3170
7291 4 2 100 26 2498 2953 2598 3029
7292 4 2 100 26 1875 1630 1899 2600
7293 4 2 100 26 2598 2952 2498 3029
7294 4 2 100 26 594 596 2944 3252
7295 4 2 100 26 1164 1062 2681 2930
7296 4 2 100 26 2591 2825 1389 3078
7297 4 2 100 26 1747 1788 1509 2895
7298 4 2 100 26 2645 2501 3037 3059
7299 4 2 100 26 2494 2699 2854 3064
7300 4 2 100 26 2542 2811 2617 2910
7301 4 2 100 26 3016 3056 2657 3140
7302 4 2 100 26 2717 2948 1864 3252
7303 4 2 100 26 1724 1851 1852 2608
7304 4 2 100 26 2252 2738 2250 3212
7305 4 2 100 26 2512 2766 2791 3300
7306 4 2 100 26 1859 2946 1868 3256
7307 4 2 100 26 2527 2891 2691 3149
7308 4 2 100 26 2422 2355 2793 3049
7309 4 2 100 26 2622 2795 2450 3168
7310 4 2 100 26 1226 2958 2829 3139
7311 4 2 100 26 2976 2977 2496 3118
7312 4 2 100 26 2495 3021 2666 3124
7313 4 2 100 26 782 1968 2216 2740
7314 4 2 100 26 1364 1170 1414 2616
7315 4 2 100 26 1211 2857 2641 2991
7316 4 2 100 26 2501 2813 2594 2996
7317 4 2 100 26 1771 2720 958 3190
7318 4 2 100 26 2759 2859 1209 2991
7319 4 2 100 26 2499 3074 2631 3110
7320 4 2 100 26 2796 3003 2629 3395
7321 4 2 100 26 2603 2919 3068 3255
7322 4 2 100 26 2633 2941 2392 3280
7323 4 2 100 26 2812 3138 2774 3331
7324 4 2 100 26 2099 2098 3124 3343
7325 4 2 100 26 2220 2629 2901 3003
7326 4 2 100 26 618 3123 616 3340
7327 4 2 100 26 2074 2931 2073 3162
7328 4 2 100 26 1815 2915 2554 3058
7329 4 2 100 26 2314 2819 2674 3091
7330 4 2 100 26 667 670 831 2644
7331 4 2 100 26 1097 1096 2825 3356
7332 4 2 100 26 810 1436 3230 3292
7333 4 2 100 26 1347 1219 1217 2780
7334 4 2 100 26 2496 2815 2667 3072
7335 4 2 100 26 2667 2816 2496 3073
7336 4 2 100 26 1360 1359 2702 2859
7337 4 2 100 26 2871 2986 2523 3127
7338 4 2 100 26 707 2605 863 2925
7339 4 2 100 26 877 880 2701 2867
7340 4 2 100 26 2681 2930 1062 3034
7341 4 2 100 26 1815 2915 3058 3177
7342 4 2 100 26 2552 1625 2976 3085
7343 4 2 100 26 1120 2552 2977 3085
7344 4 2 100 26 2512 2766 2792 3297
7345 4 2 100 26 2137 2403 2815 3072
7346 4 2 100 26 904 623 2816 3073
7347 4 2 100 26 1871 2947 1870 3254
7348 4 2 100 26 1349 2630 1317 2978
7349 4 2 100 26 2512 2791 2766 3302
7350 4 2 100 26 2497 2943 2957 3025
7351 4 2 100 26 1378 1379 1083 2606
7352 4 2 100 26 923 3116 2576 3391
7353 4 2 100 26 2489 2612 3005 3176
7354 4 2 100 26 1138 2551 2942 3062
7355 4 2 100 26 2594 2588 3107 3355
7356 4 2 100 26 883 591 885 2609
7357 4 2 100 26 1908 3000 2604 3394
7358 4 2 100 26 1654 1449 828 2895
7359 4 2 100 26 2507 2860 2705 3281
7360 4 2 100 26 2621 2493 2812 3031
7361 4 2 100 26 2492 2739 2843 2999
7362 4 2 100 26 2492 3090 2672 3142
7363 4 2 100 26 810 1436 1799 3230
7364 4 2 100 26 1696 3083 2555 3163
7365 4 2 100 26 2428 2701 2412 2862
7366 4 2 100 26 1244 1456 3238 3269
7367 4 2 100 26 895 2809 2610 3404
7368 4 2 100 26 898 613 895 2610
7369 4 2 100 26 512 1966 2941 3280
7370 4 2 100 26 878 657 874 2936
7371 4 2 100 26 2569 2793 2781 3049
7372 4 2 100 26 2636 2520 2982 3123
7373 4 2 100 26 1400 1119 2913 2977
7374 4 2 100 26 1624 1879 2912 2976
7375 4 2 100 26 1012 1116 2658 3030
7376 4 2 100 26 2401 2896 2395 3063
7377 4 2 100 26 2756 3163 1354 3378
7378 4 2 100 26 2761 2816 2496 2850
7379 4 2 100 26 1571 3177 2905 3355
7380 4 2 100 26 2523 3054 2672 3142
7381 4 2 100 26 2528 3094 2739 3392
7382 4 2 100 26 2166 2960 2169 3244
7383 4 2 100 26 2500 2938 2584 3022
7384 4 2 100 26 1462 1802 1913 3304
7385 4 2 100 26 2424 3210 2838 3287
7386 4 2 100 26 2437 2920 2576 3151
7387 4 2 100 26 2646 2794 1334 3132
7388 4 2 100 26 2584 2956 2500 3022
7389 4 2 100 26 1633 1631 2684 2844
7390 4 2 100 26 2661 2784 2059 3399
7391 4 2 100 26 2486 2619 2902 2964
7392 4 2 100 26 2497 2945 2587 3025
7393 4 2 100 26 895 2610 613 3404
7394 4 2 100 26 893 607 894 2611
7395 4 2 100 26 579 876 875 2623
7396 4 2 100 26 2498 2948 2944 3029
7397 4 2 100 26 2395 2896 2715 3063
7398 4 2 100 26 2643 2942 1411 2999
7399 4 2 100 26 657 874 2936 3183
7400 4 2 100 26 2504 2745 2848 3235
7401 4 2 100 26 2505 2926 2721 3079
7402 4 2 100 26 988 2265 1281 2836
7403 4 2 100 26 1412 1406 2689 2858
7404 4 2 100 26 574 2587 572 3254
7405 4 2 100 26 568 565 2724 2956
7406 4 2 100 26 1860 1864 2948 3252
7407 4 2 100 26 568 2956 2724 3239
7408 4 2 100 26 2587 2947 2497 3025
7409 4 2 100 26 2166 2725 2960 3244
7410 4 2 100 26 642 2788 2604 3394
7411 4 2 100 26 2441 2450 2622 3253
7412 4 2 100 26 1988 804 475 2769
7413 4 2 100 26 1881 3154 1876 3340
7414 4 2 100 26 2140 2141 2957 3248
7415 4 2 100 26 2593 2946 2505 3035
7416 4 2 100 26 1966 2392 2941 3280
7417 4 2 100 26 1375 2845 2692 2865
7418 4 2 100 26 568 2724 565 3239
7419 4 2 100 26 2443 485 2682 3352
7420 4 2 100 26 2660 2488 2803 3179
7421 4 2 100 26 1867 1859 2593 3245
7422 4 2 100 26 2505 2949 2593 3035
7423 4 2 100 26 683 650 2722 3314
7424 4 2 100 26 1860 2589 1865 3252
7425 4 2 100 26 598 2589 596 3252
7426 4 2 100 26 2435 2086 2771 3309
7427 4 2 100 26 2520 3073 2667 3118
7428 4 2 100 26 2407 2799 2672 3054
7429 4 2 100 26 2703 2874 2159 3271
7430 4 2 100 26 2437 2576 2920 3134
7431 4 2 100 26 1350 1197 1351 3146
7432 4 2 100 26 1164 2681 1062 3034
7433 4 2 100 26 1559 2840 2777 2973
7434 4 2 100 26 2542 2811 2744 2847
7435 4 2 100 26 2691 2844 1635 2868
7436 4 2 100 26 2501 2646 2786 3177
7437 4 2 100 26 1128 2684 1126 2842
7438 4 2 100 26 1890 3001 2803 3179
7439 4 2 100 26 652 2963 2648 2994
7440 4 2 100 26 2650 2937 2515 3338
7441 4 2 100 26 2174 3265 1019 3282
7442 4 2 100 26 1398 2863 2711 2919
7443 4 2 100 26 2581 2741 1320 3181
7444 4 2 100 26 2501 3037 2646 3177
7445 4 2 100 26 863 707 861 2605
7446 4 2 100 26 2607 2878 3066 3249
7447 4 2 100 26 2560 2773 3315 3390
7448 4 2 100 26 881 882 2716 2870
7449 4 2 100 26 2496 2976 2685 2977
7450 4 2 100 26 1721 3141 2735 3326
7451 4 2 100 26 570 2584 568 3239
7452 4 2 100 26 2562 3038 3209 3320
7453 4 2 100 26 2829 2988 2391 3388
7454 4 2 100 26 1287 2015 2711 3046
7455 4 2 100 26 2372 2610 2810 3402
7456 4 2 100 26 1853 2786 1574 3355
7457 4 2 100 26 2501 2786 2662 3177
7458 4 2 100 26 2331 2819 2622 3028
7459 4 2 100 26 2273 494 727 2731
7460 4 2 100 26 1812 2556 2922 3113
7461 4 2 100 26 1863 1826 2695 2856
7462 4 2 100 26 2299 2000 2445 2707
7463 4 2 100 26 2273 1995 494 2731
7464 4 2 100 26 1743 1621 1457 3053
7465 4 2 100 26 1012 1116 1178 3053
7466 4 2 100 26 2339 2879 2711 3046
7467 4 2 100 26 2488 2755 2669 3106
7468 4 2 100 26 2676 3192 2485 3334
7469 4 2 100 26 1406 2842 2689 2858
7470 4 2 100 26 602 2593 600 3256
7471 4 2 100 26 1867 2593 1859 3256
7472 4 2 100 26 2519 2827 2633 3008
7473 4 2 100 26 728 2812 2731 3125
7474 4 2 100 26 2625 2127 2877 3392
7475 4 2 100 26 2523 2871 2670 3227
7476 4 2 100 26 1866 2587 1871 3254
7477 4 2 100 26 2143 2141 2324 3367
7478 4 2 100 26 2355 2793 3049 3211
7479 4 2 100 26 2521 3131 2988 3388
7480 4 2 100 26 2669 2522 3106 3391
7481 4 2 100 26 1272 3209 2754 3277
7482 4 2 100 26 2512 2570 2768 3247
7483 4 2 100 26 2554 2869 2662 3037
7484 4 2 100 26 2700 2908 2490 2928
7485 4 2 100 26 2513 2626 2784 2864
7486 4 2 100 26 2890 3101 1037 3232
7487 4 2 100 26 2372 2107 2610 3402
7488 4 2 100 26 1290 2003 3028 3328
7489 4 2 100 26 2499 2664 3074 3110
7490 4 2 100 26 1735 2882 2757 2989
7491 4 2 100 26 725 2796 720 3057
7492 4 2 100 26 2583 2939 2960 3022
7493 4 2 100 26 2512 3022 2584 3188
7494 4 2 100 26 1621 3030 2658 3154
7495 4 2 100 26 2563 2779 2621 2984
7496 4 2 100 26 851 3057 2676 3334
7497 4 2 100 26 660 3390 2979 3398
7498 4 2 100 26 1340 3209 3038 3320
7499 4 2 100 26 2678 2773 2650 3338
7500 4 2 100 26 1527 2841 2687 3108
7501 4 2 100 26 2831 3031 2621 3175
7502 4 2 100 26 613 2610 2921 3404
7503 4 2 100 26 2511 2769 2802 3324
7504 4 2 100 26 2571 2512 2768 3270
7505 4 2 100 26 1380 2712 1381 2883
7506 4 2 100 26 2514 2561 2730 3243
7507 4 2 100 26 784 2760 2457 3231
7508 4 2 100 26 728 2731 729 3125
7509 4 2 100 26 1876 2636 2912 2968
7510 4 2 100 26 2634 2913 1400 2969
7511 4 2 100 26 1879 2912 2637 2968
7512 4 2 100 26 2439 2661 2058 3133
7513 4 2 100 26 2488 2783 2754 3262
7514 4 2 100 26 776 2662 836 2905
7515 4 2 100 26 2564 2515 2937 3338
7516 4 2 100 26 2701 2862 2428 2875
7517 4 2 100 26 2026 2048 2784 3042
7518 4 2 100 26 2590 2510 2760 3253
7519 4 2 100 26 1737 2922 2631 2998
7520 4 2 100 26 1924 1805 2481 2764
7521 4 2 100 26 1621 1619 3030 3154
7522 4 2 100 26 2363 2095 2386 3091
7523 4 2 100 26 1180 2697 1453 3215
7524 4 2 100 26 964 2027 2123 2739
7525 4 2 100 26 964 2123 1277 2739
7526 4 2 100 26 1720 2656 3138 3141
7527 4 2 100 26 1267 2668 2354 3012
7528 4 2 100 26 2085 2760 2082 3257
7529 4 2 100 26 2659 3018 2524 3395
7530 4 2 100 26 1328 3237 2007 3271
7531 4 2 100 26 541 544 493 2615
7532 4 2 100 26 2489 2765 2565 3009
7533 4 2 100 26 1164 2898 2681 3040
7534 4 2 100 26 724 2629 503 3003
7535 4 2 100 26 633 2625 2891 3386
7536 4 2 100 26 687 691 2751 3178
7537 4 2 100 26 2899 3070 2602 3272
7538 4 2 100 26 1455 1780 1017 2732
7539 4 2 100 26 1017 1780 1176 2732
7540 4 2 100 26 1222 2902 2743 3318
7541 4 2 100 26 2231 2381 2356 2617
7542 4 2 100 26 2561 2514 2840 3137
7543 4 2 100 26 1578 2888 2472 3213
7544 4 2 100 26 2588 3152 2782 3251
7545 4 2 100 26 2619 2780 2558 2902
7546 4 2 100 26 485 2682 921 3268
7547 4 2 100 26 877 2867 2701 2876
7548 4 2 100 26 1384 2821 2674 3028
7549 4 2 100 26 1388 2591 1389 3078
7550 4 2 100 26 1398 2711 1396 2919
7551 4 2 100 26 1358 2556 2991 3117
7552 4 2 100 26 2538 2721 2926 3079
7553 4 2 100 26 2852 3079 2599 3264
7554 4 2 100 26 2763 3107 1576 3381
7555 4 2 100 26 2774 3141 2735 3166
7556 4 2 100 26 691 689 687 2751
7557 4 2 100 26 1656 2803 1659 3311
7558 4 2 100 26 1781 1708 1710 2630
7559 4 2 100 26 1988 475 2287 2769
7560 4 2 100 26 1913 2579 1802 3105
7561 4 2 100 26 474 797 1987 2742
7562 4 2 100 26 2367 2853 2699 2877
7563 4 2 100 26 2391 2829 2390 3059
7564 4 2 100 26 1710 2630 2835 2978
7565 4 2 100 26 2503 2688 3017 3140
7566 4 2 100 26 1591 1472 1173 2736
7567 4 2 100 26 1173 1472 1021 2736
7568 4 2 100 26 2625 2799 2398 3392
7569 4 2 100 26 2544 2814 2602 2927
7570 4 2 100 26 2570 3022 2512 3188
7571 4 2 100 26 2127 2377 2398 2625
7572 4 2 100 26 633 911 914 2625
7573 4 2 100 26 2638 2504 3126 3139
7574 4 2 100 26 1895 1832 2697 2861
7575 4 2 100 26 2586 2957 2943 3025
7576 4 2 100 26 2491 2577 2770 3201
7577 4 2 100 26 2606 2881 3076 3281
7578 4 2 100 26 1164 1165 2898 3040
7579 4 2 100 26 1420 2581 1320 3181
7580 4 2 100 26 1761 1244 1456 3238
7581 4 2 100 26 1244 1761 1015 3238
7582 4 2 100 26 1724 1851 2608 3166
7583 4 2 100 26 1681 2724 1892 2938
7584 4 2 100 26 598 3060 2589 3252
7585 4 2 100 26 512 2941 2633 3280
7586 4 2 100 26 2512 2768 2570 2818
7587 4 2 100 26 1681 2724 2938 3239
7588 4 2 100 26 2629 3027 2659 3165
7589 4 2 100 26 803 2287 2769 3217
7590 4 2 100 26 2234 3131 2236 3345
7591 4 2 100 26 1386 2598 1387 3241
7592 4 2 100 26 2523 2871 2672 3054
7593 4 2 100 26 1543 1545 1544 3315
7594 4 2 100 26 756 839 2905 3157
7595 4 2 100 26 2127 2625 2398 3392
7596 4 2 100 26 598 2790 2589 3060
7597 4 2 100 26 557 2683 917 2895
7598 4 2 100 26 2561 3159 1145 3243
7599 4 2 100 26 2490 2728 2928 3099
7600 4 2 100 26 2496 3072 2667 3118
7601 4 2 100 26 2518 2954 2525 3143
7602 4 2 100 26 927 2596 556 2992
7603 4 2 100 26 2594 2996 2813 3157
7604 4 2 100 26 2896 3099 2627 3258
7605 4 2 100 26 1500 1665 1177 2734
7606 4 2 100 26 1500 1177 1026 2734
7607 4 2 100 26 2378 2370 2953 3278
7608 4 2 100 26 909 2854 2699 3089
7609 4 2 100 26 2107 2405 2610 2933
7610 4 2 100 26 2929 3071 2614 3214
7611 4 2 100 26 2672 2798 912 3090
7612 4 2 100 26 2380 2715 2395 2927
7613 4 2 100 26 1993 2715 715 3063
7614 4 2 100 26 911 2798 2625 3386
7615 4 2 100 26 2512 2583 3022 3247
7616 4 2 100 26 2514 2733 2963 3020
7617 4 2 100 26 1570 1573 2662 2905
7618 4 2 100 26 2392 2358 2201 2633
7619 4 2 100 26 2660 2971 1056 3262
7620 4 2 100 26 2151 2147 2359 2623
7621 4 2 100 26 2493 2735 2774 3141
7622 4 2 100 26 2589 3060 1865 3252
7623 4 2 100 26 2653 2828 2904 3232
7624 4 2 100 26 2552 2658 2913 3021
7625 4 2 100 26 2516 2781 2763 3365
7626 4 2 100 26 937 1314 1342 3156
7627 4 2 100 26 2497 2945 2710 2947
7628 4 2 100 26 2591 2955 2721 2970
7629 4 2 100 26 2118 2591 2117 3078
7630 4 2 100 26 1656 1661 3092 3311
7631 4 2 100 26 911 2625 633 3386
7632 4 2 100 26 702 504 644 2967
7633 4 2 100 26 2516 2782 2588 2996
7634 4 2 100 26 797 2297 1987 2742
7635 4 2 100 26 2618 3208 2758 3358
7636 4 2 100 26 2589 2944 2948 3029
7637 4 2 100 26 1519 1518 2929 3034
7638 4 2 100 26 1742 1800 2714 2914
7639 4 2 100 26 2699 2854 908 2891
7640 4 2 100 26 1140 3062 2671 3185
7641 4 2 100 26 766 447 1796 2763
7642 4 2 100 26 1446 665 3267 3276
7643 4 2 100 26 1708 2630 1781 3146
7644 4 2 100 26 1796 447 1795 2763
7645 4 2 100 26 2585 2516 2781 2996
7646 4 2 100 26 756 2905 2813 3157
7647 4 2 100 26 2494 2691 2891 3149
7648 4 2 100 26 1892 2724 1681 3239
7649 4 2 100 26 1561 2777 1559 2840
7650 4 2 100 26 2503 3056 2688 3140
7651 4 2 100 26 988 2001 2836 3277
7652 4 2 100 26 1036 2698 2890 3155
7653 4 2 100 26 1839 2702 1838 2882
7654 4 2 100 26 2527 3069 2798 3149
7655 4 2 100 26 882 2866 2716 2870
7656 4 2 100 26 1425 2661 985 3133
7657 4 2 100 26 1264 940 1582 3251
7658 4 2 100 26 2609 2866 3081 3283
7659 4 2 100 26 1382 2821 2622 3172
7660 4 2 100 26 1519 2929 2681 3034
7661 4 2 100 26 2517 2890 2726 2906
7662 4 2 100 26 2501 2823 2663 3059
7663 4 2 100 26 1621 1457 2658 3030
7664 4 2 100 26 2598 2802 2511 3313
7665 4 2 100 26 1056 2971 2660 3186
7666 4 2 100 26 2387 2699 2853 3089
7667 4 2 100 26 1033 1325 1430 2698
7668 4 2 100 26 564 2700 666 3276
7669 4 2 100 26 2518 2780 2563 3031
7670 4 2 100 26 2570 2512 2818 3188
7671 4 2 100 26 1893 1688 2705 2860
7672 4 2 100 26 2798 3069 2625 3149
7673 4 2 100 26 2588 2786 2501 2794
7674 4 2 100 26 2603 3068 2909 3255
7675 4 2 100 26 2657 2503 2785 3140
7676 4 2 100 26 642 644 2788 3394
7677 4 2 100 26 1720 3138 1885 3141
7678 4 2 100 26 1124 2685 1122 2851
7679 4 2 100 26 1629 1627 2685 2850
7680 4 2 100 26 2684 2844 1631 3080
7681 4 2 100 26 2563 2779 2518 3031
7682 4 2 100 26 2718 2952 2498 2953
7683 4 2 100 26 1876 2636 2968 3340
7684 4 2 100 26 1400 2634 2969 3342
7685 4 2 100 26 1879 2968 2637 3341
7686 4 2 100 26 2056 2920 2547 3133
7687 4 2 100 26 1374 2692 2845 3086
7688 4 2 100 26 1582 1448 1264 3251
7689 4 2 100 26 2690 2852 2599 2863
7690 4 2 100 26 1216 2902 2619 2964
7691 4 2 100 26 2588 2501 2786 2996
7692 4 2 100 26 1351 1195 1352 2801
7693 4 2 100 26 1635 1835 2691 2868
7694 4 2 100 26 2174 1213 1019 3265
7695 4 2 100 26 1787 1647 1644 3013
7696 4 2 100 26 2510 2758 2830 3172
7697 4 2 100 26 2747 3087 2535 3404
7698 4 2 100 26 2764 3171 3006 3361
7699 4 2 100 26 2709 2899 2602 2927
7700 4 2 100 26 2419 2279 2278 3017
7701 4 2 100 26 2995 3176 2778 3317
7702 4 2 100 26 1351 1195 2801 3056
7703 4 2 100 26 2725 2939 2500 2960
7704 4 2 100 26 2513 2935 2784 3006
7705 4 2 100 26 1387 2598 1386 3278
7706 4 2 100 26 2751 3178 856 3357
7707 4 2 100 26 1109 2863 1398 2919
7708 4 2 100 26 2527 2798 2625 3149
7709 4 2 100 26 1874 2693 1873 2909
7710 4 2 100 26 2729 2984 2375 3169
7711 4 2 100 26 2497 2880 2710 3249
7712 4 2 100 26 1222 2743 2902 2964
7713 4 2 100 26 460 810 1799 3230
7714 4 2 100 26 1116 1118 3053 3160
7715 4 2 100 26 2586 2512 3025 3270
7716 4 2 100 26 2500 2938 2724 2956
7717 4 2 100 26 1901 1931 2972 3170
7718 4 2 100 26 2664 2808 2499 3074
7719 4 2 100 26 588 2694 590 2866
7720 4 2 100 26 1240 2983 1234 3169
7721 4 2 100 26 2733 2819 2590 3405
7722 4 2 100 26 1328 1413 2007 3237
7723 4 2 100 26 2558 2780 2619 2954
7724 4 2 100 26 1696 1694 3083 3163
7725 4 2 100 26 2645 2966 2241 2988
7726 4 2 100 26 2437 3116 2576 3134
7727 4 2 100 26 2324 3297 2143 3367
7728 4 2 100 26 2386 2553 3002 3174
7729 4 2 100 26 1403 2665 1143 2817
7730 4 2 100 26 1234 2983 2729 3169
7731 4 2 100 26 1834 3188 2584 3239
7732 4 2 100 26 2371 2375 2984 3169
7733 4 2 100 26 472 1986 3240 3273
7734 4 2 100 26 2497 2943 2708 2957
7735 4 2 100 26 1126 2842 2684 3080
7736 4 2 100 26 2781 3157 754 3211
7737 4 2 100 26 2754 2783 2592 3209
7738 4 2 100 26 2201 2633 2358 3008
7739 4 2 100 26 1113 2746 1397 2789
7740 4 2 100 26 1051 939 1416 2727
7741 4 2 100 26 1380 2881 2712 2883
7742 4 2 100 26 1079 2845 1375 2865
7743 4 2 100 26 2681 2908 1519 3040
7744 4 2 100 26 2405 2372 2107 2610
7745 4 2 100 26 2715 2911 705 3063
7746 4 2 100 26 2516 2562 2782 2950
7747 4 2 100 26 2706 2946 2505 2949
7748 4 2 100 26 1080 1082 2697 2865
7749 4 2 100 26 2550 2928 2728 3099
7750 4 2 100 26 2339 2364 2879 3046
7751 4 2 100 26 2561 3243 1146 3368
7752 4 2 100 26 1042 2904 2828 3232
7753 4 2 100 26 2537 2716 2887 3281
7754 4 2 100 26 1652 1464 991 2904
7755 4 2 100 26 2524 2629 2796 3050
7756 4 2 100 26 1373 1371 2708 2878
7757 4 2 100 26 983 2784 1048 3042
7758 4 2 100 26 2118 2802 2591 3078
7759 4 2 100 26 1809 2727 1909 2997
7760 4 2 100 26 1367 3244 2583 3247
7761 4 2 100 26 1862 2710 1870 2880
7762 4 2 100 26 1186 3129 3010 3373
7763 4 2 100 26 2561 1144 2817 2973
7764 4 2 100 26 2642 856 3178 3357
7765 4 2 100 26 2558 2518 2954 3047
7766 4 2 100 26 2520 2667 3072 3118
7767 4 2 100 26 2610 2107 2933 3402
7768 4 2 100 26 2722 2840 1557 2940
7769 4 2 100 26 1271 2209 2754 3229
7770 4 2 100 26 1137 1411 2942 2999
7771 4 2 100 26 1326 942 1057 2660
7772 4 2 100 26 1861 2706 1868 2885
7773 4 2 100 26 1704 1702 1705 2785
7774 4 2 100 26 2540 3093 2746 3402
7775 4 2 100 26 844 2847 2608 3125
7776 4 2 100 26 2517 2577 2707 2980
7777 4 2 100 26 2645 2869 760 2966
7778 4 2 100 26 2756 2834 2679 3263
7779 4 2 100 26 1742 2914 2714 3292
7780 4 2 100 26 2541 2710 2880 3249
7781 4 2 100 26 683 650 502 2722
7782 4 2 100 26 1003 1140 1200 3062
7783 4 2 100 26 2340 2742 2383 3217
7784 4 2 100 26 2672 2871 2523 3090
7785 4 2 100 26 2604 2788 642 3227
7786 4 2 100 26 753 2787 2585 3157
7787 4 2 100 26 2717 2944 2498 2948
7788 4 2 100 26 2642 3178 2751 3357
7789 4 2 100 26 1944 1952 1939 3337
7790 4 2 100 26 2130 2410 2986 3054
7791 4 2 100 26 2395 2715 2896 2927
7792 4 2 100 26 909 629 908 2854
7793 4 2 100 26 582 580 2695 2876
7794 4 2 100 26 1334 3088 2794 3369
7795 4 2 100 26 910 2974 2871 3090
7796 4 2 100 26 2146 2149 2692 2875
7797 4 2 100 26 2657 3015 1706 3146
7798 4 2 100 26 2428 2862 2150 2875
7799 4 2 100 26 2702 2859 1359 3195
7800 4 2 100 26 1635 1634 1835 2868
7801 4 2 100 26 1097 2825 1096 3241
7802 4 2 100 26 556 2683 557 2992
7803 4 2 100 26 2581 3181 2828 3349
7804 4 2 100 26 853 852 2566 3018
7805 4 2 100 26 2786 2662 3177 3355
7806 4 2 100 26 2536 2712 2889 3283
7807 4 2 100 26 2407 2128 2799 3054
7808 4 2 100 26 1383 2718 1385 2893
7809 4 2 100 26 2670 2788 905 3002
7810 4 2 100 26 3045 3228 2571 3270
7811 4 2 100 26 2657 3016 2630 3146
7812 4 2 100 26 701 700 2807 3178
7813 4 2 100 26 1702 1705 2785 3330
7814 4 2 100 26 796 920 451 2707
7815 4 2 100 26 2161 2703 2159 3271
7816 4 2 100 26 2748 2832 2510 3105
7817 4 2 100 26 766 2763 1796 3381
7818 4 2 100 26 1447 1730 1415 3186
7819 4 2 100 26 1203 2899 1202 3282
7820 4 2 100 26 2606 3076 2887 3281
7821 4 2 100 26 2713 2855 900 2921
7822 4 2 100 26 2510 2936 2612 3005
7823 4 2 100 26 2610 2809 2810 3068
7824 4 2 100 26 2241 2966 2645 3353
7825 4 2 100 26 1044 1043 2655 3082
7826 4 2 100 26 760 2645 2966 3353
7827 4 2 100 26 2556 1837 2989 3117
7828 4 2 100 26 1843 1883 2566 3015
7829 4 2 100 26 2508 2896 2709 2924
7830 4 2 100 26 2470 2043 2047 3042
7831 4 2 100 26 837 756 839 2905
7832 4 2 100 26 2086 2771 2559 2931
7833 4 2 100 26 544 2615 541 3187
7834 4 2 100 26 855 856 701 2642
7835 4 2 100 26 877 583 2867 2876
7836 4 2 100 26 2443 2682 2046 3352
7837 4 2 100 26 884 2963 2590 3231
7838 4 2 100 26 1863 2856 2695 3100
7839 4 2 100 26 988 2836 1259 3277
7840 4 2 100 26 1913 2940 2579 3105
7841 4 2 100 26 2373 2981 2839 3072
7842 4 2 100 26 2839 2982 901 3073
7843 4 2 100 26 503 2629 724 3395
7844 4 2 100 26 2600 2816 2761 2850
7845 4 2 100 26 2597 3361 3006 3380
7846 4 2 100 26 445 2676 2485 3334
7847 4 2 100 26 2581 2828 2800 3349
7848 4 2 100 26 2701 2867 880 3097
7849 4 2 100 26 2501 2662 3037 3177
7850 4 2 100 26 1446 665 464 3267
7851 4 2 100 26 2586 3248 1368 3270
7852 4 2 100 26 2507 2887 2716 3281
7853 4 2 100 26 2494 2689 2858 3149
7854 4 2 100 26 1846 2720 2892 2914
7855 4 2 100 26 2490 2681 2929 3214
7856 4 2 100 26 1135 1410 1411 2999
7857 4 2 100 26 1893 2860 2705 2872
7858 4 2 100 26 2660 2488 3106 3262
7859 4 2 100 26 2302 2347 2220 2629
7860 4 2 100 26 2622 2821 2819 3065
7861 4 2 100 26 2590 2514 2733 2963
7862 4 2 100 26 2553 3020 2733 3137
7863 4 2 100 26 1084 1086 2705 2881
7864 4 2 100 26 1390 2721 1391 2907
7865 4 2 100 26 1826 2695 2856 2861
7866 4 2 100 26 552 2682 2772 3033
7867 4 2 100 26 2114 2853 2367 2877
7868 4 2 100 26 1846 2720 1850 2892
7869 4 2 100 26 644 2967 2788 3394
7870 4 2 100 26 2378 2349 2598 3313
7871 4 2 100 26 2546 3017 2688 3140
7872 4 2 100 26 2581 2800 3181 3349
7873 4 2 100 26 2412 2862 2701 3097
7874 4 2 100 26 2705 2860 1688 3293
7875 4 2 100 26 1272 1427 1321 3209
7876 4 2 100 26 1367 1366 3244 3247
7877 4 2 100 26 2693 2852 1873 2909
7878 4 2 100 26 2863 2879 2506 3264
7879 4 2 100 26 2619 2779 2563 2993
7880 4 2 100 26 1341 1232 2745 2797
7881 4 2 100 26 2607 3066 2880 3249
7882 4 2 100 26 2511 2824 2593 3245
7883 4 2 100 26 1447 1731 1730 3186
7884 4 2 100 26 1349 1350 1317 2630
7885 4 2 100 26 652 653 2963 2994
7886 4 2 100 26 1340 1333 3209 3320
7887 4 2 100 26 1843 3015 2566 3119
7888 4 2 100 26 2756 1355 3129 3378
7889 4 2 100 26 1317 2630 1350 3146
7890 4 2 100 26 2387 2367 2114 2853
7891 4 2 100 26 1525 2687 1527 2841
7892 4 2 100 26 1787 1931 2972 3062
7893 4 2 100 26 464 1583 1446 3267
7894 4 2 100 26 2616 2159 2874 3271
7895 4 2 100 26 1742 2714 1800 3292
7896 4 2 100 26 2597 3006 2727 3380
7897 4 2 100 26 564 2614 2849 3276
7898 4 2 100 26 2509 2553 2846 3115
7899 4 2 100 26 1227 1226 2829 3139
7900 4 2 100 26 1991 478 3224 3275
7901 4 2 100 26 2602 2814 2759 3371
7902 4 2 100 26 1759 2704 438 3112
7903 4 2 100 26 2269 2753 2214 3136
7904 4 2 100 26 2748 3105 2648 3314
7905 4 2 100 26 2538 2907 2721 3079
7906 4 2 100 26 1029 1789 2719 3234
7907 4 2 100 26 2596 2992 927 3134
7908 4 2 100 26 2507 2889 2712 3283
7909 4 2 100 26 789 472 1986 3240
7910 4 2 100 26 2639 3020 646 3197
7911 4 2 100 26 2320 2007 1413 3237
7912 4 2 100 26 637 912 2798 3090
7913 4 2 100 26 1834 1681 3188 3239
7914 4 2 100 26 586 2613 584 3219
7915 4 2 100 26 660 2778 3183 3390
7916 4 2 100 26 837 2813 756 2905
7917 4 2 100 26 2515 3144 2582 3191
7918 4 2 100 26 2722 2963 2648 3314
7919 4 2 100 26 2720 2914 1846 3043
7920 4 2 100 26 881 2870 2716 3275
7921 4 2 100 26 2455 3176 2765 3257
7922 4 2 100 26 1646 2752 1898 2873
7923 4 2 100 26 2505 2721 2907 3079
7924 4 2 100 26 2609 3081 2889 3283
7925 4 2 100 26 2510 2795 2760 3253
7926 4 2 100 26 2535 2693 2909 3255
7927 4 2 100 26 1001 1214 2263 2743
7928 4 2 100 26 1721 1718 3141 3326
7929 4 2 100 26 2787 2823 2645 3059
7930 4 2 100 26 2504 2797 2668 3139
7931 4 2 100 26 1186 2857 2652 2961
7932 4 2 100 26 584 3219 2613 3220
7933 4 2 100 26 2378 2598 2349 3278
7934 4 2 100 26 2191 1213 2174 3265
7935 4 2 100 26 1601 2638 2915 2990
7936 4 2 100 26 1663 2678 498 2979
7937 4 2 100 26 2528 2858 2689 3149
7938 4 2 100 26 2389 2823 2242 3059
7939 4 2 100 26 2314 2674 2819 3028
7940 4 2 100 26 1384 2674 1394 3028
7941 4 2 100 26 2285 1984 2379 3327
7942 4 2 100 26 2506 2909 2693 3255
7943 4 2 100 26 1932 1581 1580 2727
7944 4 2 100 26 795 897 470 3325
7945 4 2 100 26 2774 3084 2812 3125
7946 4 2 100 26 1832 2856 2697 2861
7947 4 2 100 26 2487 3077 2756 3378
7948 4 2 100 26 2671 3062 1930 3185
7949 4 2 100 26 2317 2327 2689 2877
7950 4 2 100 26 2511 2825 2598 3241
7951 4 2 100 26 629 908 2854 2891
7952 4 2 100 26 1203 2709 2899 3282
7953 4 2 100 26 2668 3126 2504 3139
7954 4 2 100 26 2592 2569 2950 3136
7955 4 2 100 26 1132 1006 1130 2624
7956 4 2 100 26 1818 1519 2908 3040
7957 4 2 100 26 1649 1932 1580 2764
7958 4 2 100 26 720 2796 724 3003
7959 4 2 100 26 2512 2586 2792 2985
7960 4 2 100 26 1656 3092 2669 3400
7961 4 2 100 26 2725 2886 2616 2934
7962 4 2 100 26 1056 2660 1057 3186
7963 4 2 100 26 2504 2797 2745 3235
7964 4 2 100 26 1362 2899 2720 3043
7965 4 2 100 26 1425 1053 2661 2935
7966 4 2 100 26 1412 1129 1406 2858
7967 4 2 100 26 2347 2220 2629 3027
7968 4 2 100 26 1895 2861 2697 3111
7969 4 2 100 26 1259 2836 2592 3277
7970 4 2 100 26 651 653 884 2963
7971 4 2 100 26 1412 2858 2689 3094
7972 4 2 100 26 2494 2858 2684 2868
7973 4 2 100 26 2774 2608 3084 3125
7974 4 2 100 26 2982 3123 2520 3325
7975 4 2 100 26 2803 3179 2488 3400
7976 4 2 100 26 2685 2851 1124 3242
7977 4 2 100 26 1785 936 1314 2745
7978 4 2 100 26 1629 2850 2685 3242
7979 4 2 100 26 1314 1437 1785 2745
7980 4 2 100 26 827 1944 1939 3337
7981 4 2 100 26 1838 2882 2702 3195
7982 4 2 100 26 2649 2509 3026 3127
7983 4 2 100 26 1909 2997 2727 3167
7984 4 2 100 26 2674 3091 2514 3137
7985 4 2 100 26 2512 2792 2583 2985
7986 4 2 100 26 1381 2883 2712 3102
7987 4 2 100 26 2827 2959 2519 3135
7988 4 2 100 26 2698 2517 2890 3155
7989 4 2 100 26 1808 2888 1933 3161
7990 4 2 100 26 2492 2798 2672 3090
7991 4 2 100 26 2989 2991 2499 3110
7992 4 2 100 26 2650 1540 3145 3329
7993 4 2 100 26 1130 2624 1006 3236
7994 4 2 100 26 1636 1648 1638 2624
7995 4 2 100 26 1341 1229 1232 2797
7996 4 2 100 26 929 2755 925 3148
7997 4 2 100 26 2514 2819 2821 3065
7998 4 2 100 26 1227 2829 2668 3139
7999 4 2 100 26 832 705 2911 3063
8000 4 2 100 26 2242 2823 2243 3059
8001 4 2 100 26 2517 2841 2698 3101
8002 4 2 100 26 923 2992 2576 3134
8003 4 2 100 26 1613 2852 1607 3238
8004 4 2 100 26 2269 2754 2753 3136
8005 4 2 100 26 2564 3009 2776 3376
8006 4 2 100 26 2676 3057 2796 3334
8007 4 2 100 26 1256 2794 2663 3132
8008 4 2 100 26 2506 2693 2852 2855
8009 4 2 100 26 2620 3141 3031 3225
8010 4 2 100 26 611 900 2855 2921
8011 4 2 100 26 1114 1116 3030 3160
8012 4 2 100 26 1739 1737 2922 2989
8013 4 2 100 26 1186 1185 3010 3129
8014 4 2 100 26 2154 2152 2606 3204
8015 4 2 100 26 1636 1648 2624 3236
8016 4 2 100 26 2651 3032 2519 3135
8017 4 2 100 26 2529 2929 2681 3214
8018 4 2 100 26 2321 2733 461 3231
8019 4 2 100 26 701 2642 856 3178
8020 4 2 100 26 1396 2919 2711 3093
8021 4 2 100 26 2784 2864 2059 3399
8022 4 2 100 26 1944 2687 1952 3337
8023 4 2 100 26 1853 1574 3107 3355
8024 4 2 100 26 2395 2896 2178 2927
8025 4 2 100 26 1683 1827 2694 2872
8026 4 2 100 26 1369 1368 3248 3270
8027 4 2 100 26 1613 2690 2852 3238
8028 4 2 100 26 2097 2030 1293 2746
8029 4 2 100 26 969 2097 1293 2746
8030 4 2 100 26 681 1491 1776 2747
8031 4 2 100 26 514 681 1776 2747
8032 4 2 100 26 590 2866 2694 3104
8033 4 2 100 26 1685 2860 1893 2872
8034 4 2 100 26 2688 2801 1194 3056
8035 4 2 100 26 1396 2919 3093 3182
8036 4 2 100 26 2514 2579 2730 2940
8037 4 2 100 26 2362 2374 2712 2889
8038 4 2 100 26 2154 3204 2606 3223
8039 4 2 100 26 1841 1846 2914 3043
8040 4 2 100 26 1580 2597 1579 3213
8041 4 2 100 26 2232 2234 2744 2811
8042 4 2 100 26 1937 1948 1942 3180
8043 4 2 100 26 894 2855 900 3240
8044 4 2 100 26 2617 2910 2729 2918
8045 4 2 100 26 900 2921 898 3273
8046 4 2 100 26 2289 2846 2091 3127
8047 4 2 100 26 2513 2727 3006 3380
8048 4 2 100 26 2693 2909 1874 3087
8049 4 2 100 26 2051 2682 2443 3268
8050 4 2 100 26 1042 2653 991 2904
8051 4 2 100 26 2608 2848 3084 3235
8052 4 2 100 26 2654 3090 2492 3142
8053 4 2 100 26 837 2813 2905 3310
8054 4 2 100 26 2805 2806 2615 3187
8055 4 2 100 26 2531 2720 2924 3258
8056 4 2 100 26 1169 2898 2703 2930
8057 4 2 100 26 1892 2724 1857 2884
8058 4 2 100 26 2345 2365 2721 2926
8059 4 2 100 26 1365 1364 2725 2886
8060 4 2 100 26 2087 2770 2430 3162
8061 4 2 100 26 2246 2244 2385 2823
8062 4 2 100 26 2504 2811 2744 3131
8063 4 2 100 26 1298 2156 977 3204
8064 4 2 100 26 2370 2718 2368 2916
8065 4 2 100 26 1699 1782 1784 2679
8066 4 2 100 26 2642 2834 2751 3083
8067 4 2 100 26 2156 2181 977 3204
8068 4 2 100 26 1106 2863 1108 3238
8069 4 2 100 26 630 2691 632 2891
8070 4 2 100 26 1393 1396 3093 3182
8071 4 2 100 26 586 584 526 3219
8072 4 2 100 26 2146 2875 2692 3086
8073 4 2 100 26 2331 2441 2450 2622
8074 4 2 100 26 1562 3170 2671 3185
8075 4 2 100 26 2562 2488 2783 2950
8076 4 2 100 26 1697 1695 2834 3083
8077 4 2 100 26 2490 2900 2728 3099
8078 4 2 100 26 1498 1777 2767 3200
8079 4 2 100 26 1098 1018 2767 3200
8080 4 2 100 26 2558 2978 1348 3266
8081 4 2 100 26 2263 2018 1001 2743
8082 4 2 100 26 2525 2558 2954 3047
8083 4 2 100 26 1593 1495 2767 3199
8084 4 2 100 26 1020 1096 2767 3199
8085 4 2 100 26 2618 3005 2830 3208
8086 4 2 100 26 1812 3113 2922 3263
8087 4 2 100 26 1186 2961 2652 3373
8088 4 2 100 26 2506 2855 2852 3264
8089 4 2 100 26 2555 2756 3077 3378
8090 4 2 100 26 2803 3001 2660 3179
8091 4 2 100 26 2648 2963 652 3314
8092 4 2 100 26 2380 2715 2927 3098
8093 4 2 100 26 758 2787 753 3157
8094 4 2 100 26 2597 2820 2475 3361
8095 4 2 100 26 1182 3250 1829 3293
8096 4 2 100 26 2778 2995 872 3321
8097 4 2 100 26 2649 2942 1405 3011
8098 4 2 100 26 1108 2863 2690 3238
8099 4 2 100 26 584 526 3219 3220
8100 4 2 100 26 2499 2989 2702 2991
8101 4 2 100 26 1846 2892 1587 2914
8102 4 2 100 26 2830 3005 2565 3208
8103 4 2 100 26 2499 2759 2814 3205
8104 4 2 100 26 1964 2344 479 3196
8105 4 2 100 26 1260 1259 1255 3209
8106 4 2 100 26 2650 2515 3144 3338
8107 4 2 100 26 915 2728 1969 3312
8108 4 2 100 26 2302 2347 2629 3165
8109 4 2 100 26 2211 2836 2001 3277
8110 4 2 100 26 1029 2719 1789 3306
8111 4 2 100 26 851 720 2676 3057
8112 4 2 100 26 2697 2865 1082 3111
8113 4 2 100 26 2508 2911 2896 3258
8114 4 2 100 26 1646 1898 1639 2873
8115 4 2 100 26 2586 1368 3248 3367
8116 4 2 100 26 2508 2924 2720 3258
8117 4 2 100 26 1006 2624 1132 3221
8118 4 2 100 26 1831 1646 1645 3013
8119 4 2 100 26 2667 2839 2520 3072
8120 4 2 100 26 2520 2839 2667 3073
8121 4 2 100 26 1098 3200 2767 3356
8122 4 2 100 26 861 710 862 2757
8123 4 2 100 26 2661 1054 2935 2971
8124 4 2 100 26 1824 751 2724 3239
8125 4 2 100 26 2414 2716 2360 2887
8126 4 2 100 26 1263 1928 999 2758
8127 4 2 100 26 692 2827 2959 3074
8128 4 2 100 26 1593 3199 2767 3348
8129 4 2 100 26 2585 3157 2781 3211
8130 4 2 100 26 1864 2717 1872 2894
8131 4 2 100 26 2695 2876 580 3100
8132 4 2 100 26 2550 2728 2900 3099
8133 4 2 100 26 1885 3138 2774 3141
8134 4 2 100 26 2621 3031 2812 3175
8135 4 2 100 26 1374 1375 1079 2845
8136 4 2 100 26 437 836 776 3058
8137 4 2 100 26 900 2713 2921 3273
8138 4 2 100 26 1970 981 2725 3244
8139 4 2 100 26 2503 2749 2807 3322
8140 4 2 100 26 2652 2961 2202 3373
8141 4 2 100 26 2558 2833 2518 3047
8142 4 2 100 26 2563 2780 2620 3031
8143 4 2 100 26 2624 3069 2868 3149
8144 4 2 100 26 1638 2624 1648 3221
8145 4 2 100 26 646 3020 2639 3382
8146 4 2 100 26 2775 3068 2535 3261
8147 4 2 100 26 2619 2902 2558 2954
8148 4 2 100 26 1854 1577 1855 2826
8149 4 2 100 26 1426 2680 3082 3385
8150 4 2 100 26 1876 2912 2636 3154
8151 4 2 100 26 2510 3065 2795 3253
8152 4 2 100 26 2561 2777 2639 2840
8153 4 2 100 26 2349 2802 2598 3313
8154 4 2 100 26 2180 2176 2896 3265
8155 4 2 100 26 2117 3078 2591 3260
8156 4 2 100 26 2489 2773 2618 3005
8157 4 2 100 26 2721 2926 2365 3203
8158 4 2 100 26 1951 1943 1953 3377
8159 4 2 100 26 1361 2899 1362 3043
8160 4 2 100 26 1360 1208 1359 2859
8161 4 2 100 26 2538 2879 2863 3264
8162 4 2 100 26 2546 2688 3056 3140
8163 4 2 100 26 2782 3038 1340 3209
8164 4 2 100 26 1367 2583 3244 3316
8165 4 2 100 26 610 2693 612 2921
8166 4 2 100 26 2488 3106 2754 3151
8167 4 2 100 26 2495 2747 2809 3123
8168 4 2 100 26 2618 2832 2510 3005
8169 4 2 100 26 2495 2810 2746 3124
8170 4 2 100 26 1373 2878 2708 3291
8171 4 2 100 26 2660 2783 2488 3262
8172 4 2 100 26 2727 2764 1051 3006
8173 4 2 100 26 2522 2971 2673 3014
8174 4 2 100 26 877 583 880 2867
8175 4 2 100 26 2408 2672 2871 3054
8176 4 2 100 26 1449 1655 2669 2895
8177 4 2 100 26 2316 2674 2314 3028
8178 4 2 100 26 1866 3051 2587 3254
8179 4 2 100 26 2651 3055 2751 3135
8180 4 2 100 26 2704 2847 2504 2848
8181 4 2 100 26 1815 3058 1573 3177
8182 4 2 100 26 900 2855 2713 3240
8183 4 2 100 26 1904 1918 1536 2696
8184 4 2 100 26 791 2610 895 3039
8185 4 2 100 26 2339 2711 2879 2933
8186 4 2 100 26 2651 3032 2487 3263
8187 4 2 100 26 2512 2768 2985 3247
8188 4 2 100 26 2579 2514 2821 3065
8189 4 2 100 26 506 768 2348 2749
8190 4 2 100 26 2333 2564 3121 3317
8191 4 2 100 26 1189 3129 1355 3378
8192 4 2 100 26 2475 2820 2597 2888
8193 4 2 100 26 816 438 1759 3216
8194 4 2 100 26 2211 2592 2836 3277
8195 4 2 100 26 2404 2814 2664 2965
8196 4 2 100 26 1035 2726 2890 3150
8197 4 2 100 26 1653 1570 1573 3058
8198 4 2 100 26 758 2813 2787 3157
8199 4 2 100 26 948 1318 1782 2756
8200 4 2 100 26 881 587 882 2870
8201 4 2 100 26 2664 2827 713 3074
8202 4 2 100 26 2614 2849 2549 2932
8203 4 2 100 26 1116 2658 3030 3160
8204 4 2 100 26 2547 3229 3133 3262
8205 4 2 100 26 795 2666 2285 3039
8206 4 2 100 26 948 1782 1476 2756
8207 4 2 100 26 1826 2856 1672 2861
8208 4 2 100 26 886 896 649 2733
8209 4 2 100 26 1553 3105 2748 3314
8210 4 2 100 26 1964 2701 479 3097
8211 4 2 100 26 2706 2885 1861 3218
8212 4 2 100 26 807 2699 1977 3089
8213 4 2 100 26 1613 2909 2690 3269
8214 4 2 100 26 1862 2710 2880 3299
8215 4 2 100 26 1615 2909 1613 3269
8216 4 2 100 26 2487 2834 2756 3083
8217 4 2 100 26 1689 2613 1684 3219
8218 4 2 100 26 2339 2106 2711 2933
8219 4 2 100 26 2615 3004 2804 3226
8220 4 2 100 26 1759 1503 816 3216
8221 4 2 100 26 2515 2581 3082 3122
8222 4 2 100 26 2539 2848 2745 3235
8223 4 2 100 26 1360 2859 2702 2991
8224 4 2 100 26 684 1682 525 3219
8225 4 2 100 26 1566 2722 1557 2940
8226 4 2 100 26 1410 1135 1133 2843
8227 4 2 100 26 2502 2861 2695 2867
8228 4 2 100 26 1983 469 778 2962
8229 4 2 100 26 2183 469 1983 2962
8230 4 2 100 26 2648 2994 2748 3314
8231 4 2 100 26 1273 3012 2029 3305
8232 4 2 100 26 925 3092 2755 3391
8233 4 2 100 26 2661 2864 2784 3399
8234 4 2 100 26 791 895 2610 3273
8235 4 2 100 26 1726 946 1306 3146
8236 4 2 100 26 1306 1477 1726 3146
8237 4 2 100 26 2694 2860 1683 2872
8238 4 2 100 26 2506 2863 2711 2879
8239 4 2 100 26 2560 3315 2832 3344
8240 4 2 100 26 2489 2773 3005 3390
8241 4 2 100 26 1913 2579 2940 3304
8242 4 2 100 26 2295 1965 714 2965
8243 4 2 100 26 714 518 2295 2965
8244 4 2 100 26 1614 1873 2852 2909
8245 4 2 100 26 503 3165 2629 3395
8246 4 2 100 26 1601 2915 2638 3024
8247 4 2 100 26 2697 2845 1080 2865
8248 4 2 100 26 2613 3219 1689 3220
8249 4 2 100 26 2651 2487 2834 3263
8250 4 2 100 26 2589 2573 3029 3303
8251 4 2 100 26 1562 2671 1901 3185
8252 4 2 100 26 896 649 2733 3020
8253 4 2 100 26 2610 3039 791 3273
8254 4 2 100 26 2375 2729 2381 2910
8255 4 2 100 26 2684 2842 1128 2858
8256 4 2 100 26 1216 1220 2993 3401
8257 4 2 100 26 1509 1746 1747 2683
8258 4 2 100 26 2526 2642 3077 3164
8259 4 2 100 26 549 2469 2460 3352
8260 4 2 100 26 2561 2777 2840 2973
8261 4 2 100 26 2488 2562 2783 2803
8262 4 2 100 26 1853 2588 3107 3251
8263 4 2 100 26 1290 3028 2674 3328
8264 4 2 100 26 1337 1338 3152 3251
8265 4 2 100 26 2627 3099 2924 3258
8266 4 2 100 26 2651 2922 1836 3372
8267 4 2 100 26 2643 3011 2986 3333
8268 4 2 100 26 1169 1166 1167 2898
8269 4 2 100 26 1831 1646 3013 3389
8270 4 2 100 26 1169 1166 2898 2930
8271 4 2 100 26 2922 2998 1836 3372
8272 4 2 100 26 2074 2073 2071 3162
8273 4 2 100 26 2674 3028 2003 3328
8274 4 2 100 26 624 2761 626 2816
8275 4 2 100 26 2122 2111 2762 2815
8276 4 2 100 26 2712 2887 2362 2889
8277 4 2 100 26 2718 2893 1383 3285
8278 4 2 100 26 1409 2739 1410 2843
8279 4 2 100 26 1362 1329 2720 2924
8280 4 2 100 26 1924 2481 1432 2764
8281 4 2 100 26 2711 2933 2106 3093
8282 4 2 100 26 970 2711 2305 3093
8283 4 2 100 26 1851 2774 2608 3166
8284 4 2 100 26 2502 2875 2701 2876
8285 4 2 100 26 2558 2525 2835 3047
8286 4 2 100 26 2603 2909 2690 2919
8287 4 2 100 26 2504 3019 2704 3126
8288 4 2 100 26 1144 1145 1146 3243
8289 4 2 100 26 2589 2824 2511 3029
8290 4 2 100 26 2396 2728 2874 2900
8291 4 2 100 26 592 2717 594 2897
8292 4 2 100 26 1084 2881 2705 3293
8293 4 2 100 26 1738 1740 1735 2989
8294 4 2 100 26 746 2693 1511 3087
8295 4 2 100 26 2344 800 479 3196
8296 4 2 100 26 1737 2998 2631 3346
8297 4 2 100 26 2547 2971 2661 3130
8298 4 2 100 26 1094 1096 3199 3241
8299 4 2 100 26 1633 2844 2684 2868
8300 4 2 100 26 2150 2428 2412 2862
8301 4 2 100 26 2586 2578 3025 3297
8302 4 2 100 26 2683 3130 2513 3167
8303 4 2 100 26 2689 2877 2327 3094
8304 4 2 100 26 2427 2827 2664 2987
8305 4 2 100 26 652 2994 2648 3314
8306 4 2 100 26 2331 2622 2450 3168
8307 4 2 100 26 1298 2156 2692 3086
8308 4 2 100 26 2795 3065 2622 3253
8309 4 2 100 26 671 2849 2728 2928
8310 4 2 100 26 1415 1730 939 3186
8311 4 2 100 26 2495 2789 3021 3160
8312 4 2 100 26 1322 2464 2461 3171
8313 4 2 100 26 2149 2862 2692 2875
8314 4 2 100 26 1226 2829 2958 3132
8315 4 2 100 26 2651 2998 2922 3372
8316 4 2 100 26 1740 2882 1735 2989
8317 4 2 100 26 2509 2649 3026 3189
8318 4 2 100 26 2219 3202 2779 3286
8319 4 2 100 26 1839 2702 2882 2989
8320 4 2 100 26 1054 2673 1052 2935
8321 4 2 100 26 2566 3015 2524 3119
8322 4 2 100 26 2610 2810 2540 3068
8323 4 2 100 26 1986 2185 789 3240
8324 4 2 100 26 860 2959 2998 3346
8325 4 2 100 26 2639 2777 2509 2967
8326 4 2 100 26 2709 2896 2176 3265
8327 4 2 100 26 604 2706 606 2903
8328 4 2 100 26 1057 2660 1056 3262
8329 4 2 100 26 2688 3153 2801 3360
8330 4 2 100 26 729 733 3125 3158
8331 4 2 100 26 1380 1381 1087 2883
8332 4 2 100 26 2750 3008 2652 3403
8333 4 2 100 26 2360 2887 2716 2889
8334 4 2 100 26 1295 2012 3203 3260
8335 4 2 100 26 2720 2899 1362 2924
8336 4 2 100 26 2541 2917 2710 3249
8337 4 2 100 26 2492 3054 2643 3142
8338 4 2 100 26 1658 2895 3014 3179
8339 4 2 100 26 496 1918 829 2696
8340 4 2 100 26 2551 2942 2671 3026
8341 4 2 100 26 2396 2366 2728 2900
8342 4 2 100 26 2154 2011 3204 3223
8343 4 2 100 26 1459 1008 1245 3236
8344 4 2 100 26 1403 2817 1141 3189
8345 4 2 100 26 911 2625 2798 3044
8346 4 2 100 26 1982 2625 2398 3222
8347 4 2 100 26 911 2625 805 3222
8348 4 2 100 26 609 611 900 2855
8349 4 2 100 26 2573 888 2944 3212
8350 4 2 100 26 1008 1459 1640 3236
8351 4 2 100 26 2602 1202 2899 3282
8352 4 2 100 26 2574 2583 3022 3294
8353 4 2 100 26 687 512 2633 3280
8354 4 2 100 26 2501 2823 2585 2996
8355 4 2 100 26 1081 1079 1375 2865
8356 4 2 100 26 2424 2838 2749 3287
8357 4 2 100 26 1057 2660 942 3186
8358 4 2 100 26 2400 2964 2619 3202
8359 4 2 100 26 2180 2627 2328 3265
8360 4 2 100 26 2608 2774 1851 3331
8361 4 2 100 26 2515 2582 3144 3338
8362 4 2 100 26 2157 1977 807 3222
8363 4 2 100 26 2157 807 467 3222
8364 4 2 100 26 1640 1008 2684 3080
8365 4 2 100 26 1714 2833 2558 3047
8366 4 2 100 26 753 754 3157 3211
8367 4 2 100 26 808 2677 1813 3048
8368 4 2 100 26 2148 2428 2150 2875
8369 4 2 100 26 2512 2571 2818 3025
8370 4 2 100 26 2508 2715 2896 2911
8371 4 2 100 26 2329 2114 2367 2877
8372 4 2 100 26 2398 2625 2377 3222
8373 4 2 100 26 914 2625 911 3222
8374 4 2 100 26 463 801 1976 3002
8375 4 2 100 26 1976 801 2138 3002
8376 4 2 100 26 552 921 2682 3033
8377 4 2 100 26 877 581 583 2876
8378 4 2 100 26 1003 1200 1930 3062
8379 4 2 100 26 871 2578 2945 3207
8380 4 2 100 26 2610 2809 895 3039
8381 4 2 100 26 2689 2853 2317 2877
8382 4 2 100 26 2765 3121 2564 3317
8383 4 2 100 26 2633 3008 2827 3280
8384 4 2 100 26 483 2342 2737 3198
8385 4 2 100 26 1943 2837 1952 3377
8386 4 2 100 26 2220 2901 1994 3003
8387 4 2 100 26 1388 2591 3078 3260
8388 4 2 100 26 2604 2509 2788 3026
8389 4 2 100 26 2751 2834 2642 3357
8390 4 2 100 26 2512 2985 2768 3270
8391 4 2 100 26 2586 2985 1368 3367
8392 4 2 100 26 2714 2911 864 2925
8393 4 2 100 26 2530 2816 3064 3233
8394 4 2 100 26 2712 2889 2374 3102
8395 4 2 100 26 888 2573 2944 3303
8396 4 2 100 26 1368 2985 2586 3270
8397 4 2 100 26 2104 2981 2373 3072
8398 4 2 100 26 621 901 2982 3073
8399 4 2 100 26 1379 2606 1378 3223
8400 4 2 100 26 2716 2887 2414 3275
8401 4 2 100 26 2045 2726 949 3150
8402 4 2 100 26 2691 2868 1835 3103
8403 4 2 100 26 894 2611 2855 3240
8404 4 2 100 26 2537 2870 2716 3281
8405 4 2 100 26 2517 2577 2980 3004
8406 4 2 100 26 2646 2786 3177 3369
8407 4 2 100 26 2896 2911 2550 3258
8408 4 2 100 26 1211 1191 2857 2991
8409 4 2 100 26 2846 3002 2553 3197
8410 4 2 100 26 1658 2895 1788 3014
8411 4 2 100 26 1742 2605 2914 3292
8412 4 2 100 26 2606 3204 1378 3223
8413 4 2 100 26 913 2871 2672 3090
8414 4 2 100 26 544 2805 2615 3187
8415 4 2 100 26 2694 2866 588 2870
8416 4 2 100 26 976 2036 1304 3223
8417 4 2 100 26 887 2738 2897 2944
8418 4 2 100 26 2625 3069 2799 3149
8419 4 2 100 26 2513 2626 2864 3380
8420 4 2 100 26 871 2945 2578 3302
8421 4 2 100 26 2357 2879 2713 2933
8422 4 2 100 26 578 576 2710 2917
8423 4 2 100 26 2203 2987 2205 3370
8424 4 2 100 26 2617 2797 1239 3012
8425 4 2 100 26 1114 3030 2789 3160
8426 4 2 100 26 2372 3039 2610 3273
8427 4 2 100 26 2491 2805 2640 2806
8428 4 2 100 26 1991 478 806 3224
8429 4 2 100 26 2574 868 2956 3198
8430 4 2 100 26 2591 2825 2511 3035
8431 4 2 100 26 1791 1777 3200 3245
8432 4 2 100 26 1996 767 492 2744
8433 4 2 100 26 2695 2867 582 2876
8434 4 2 100 26 1127 1128 2842 2858
8435 4 2 100 26 843 2704 2847 3019
8436 4 2 100 26 2061 3061 1948 3180
8437 4 2 100 26 2627 3237 2328 3265
8438 4 2 100 26 2710 2945 2587 2947
8439 4 2 100 26 2145 2708 2140 2923
8440 4 2 100 26 1996 2296 767 2744
8441 4 2 100 26 1231 2668 1267 3012
8442 4 2 100 26 2640 2515 2696 3067
8443 4 2 100 26 2895 3014 2522 3167
8444 4 2 100 26 1103 1390 1391 2907
8445 4 2 100 26 2905 3177 2662 3355
8446 4 2 100 26 2725 2886 1364 3298
8447 4 2 100 26 1601 2638 2990 3332
8448 4 2 100 26 2154 2011 2152 3204
8449 4 2 100 26 1857 2884 2724 3289
8450 4 2 100 26 541 2615 493 3108
8451 4 2 100 26 1694 2756 1695 3083
8452 4 2 100 26 1585 2644 1584 3230
8453 4 2 100 26 2398 2799 2625 3044
8454 4 2 100 26 1411 2643 2999 3333
8455 4 2 100 26 2085 2760 790 3321
8456 4 2 100 26 1849 2848 2704 3024
8457 4 2 100 26 2514 2590 2819 3065
8458 4 2 100 26 1692 682 527 3220
8459 4 2 100 26 2672 2799 2492 3054
8460 4 2 100 26 2429 2574 2960 3198
8461 4 2 100 26 2740 2923 2402 2957
8462 4 2 100 26 1712 2558 1714 3266
8463 4 2 100 26 1367 2985 2583 3316
8464 4 2 100 26 2513 2784 2661 2864
8465 4 2 100 26 2510 2560 2936 3005
8466 4 2 100 26 2372 2810 2610 3039
8467 4 2 100 26 2270 2177 2759 2814
8468 4 2 100 26 1981 779 2672 3044
8469 4 2 100 26 2356 2811 2617 3012
8470 4 2 100 26 2653 2904 1042 3232
8471 4 2 100 26 2530 2816 2600 3064
8472 4 2 100 26 2578 2388 2957 3207
8473 4 2 100 26 1391 2907 2721 3203
8474 4 2 100 26 2368 2916 2718 3285
8475 4 2 100 26 1490 1682 684 3219
8476 4 2 100 26 1367 2583 2985 3247
8477 4 2 100 26 2650 2773 2678 3364
8478 4 2 100 26 629 631 908 2891
8479 4 2 100 26 705 2715 704 2925
8480 4 2 100 26 2339 2879 2108 2933
8481 4 2 100 26 521 2715 2182 3098
8482 4 2 100 26 965 2301 2025 3193
8483 4 2 100 26 2301 965 1305 3193
8484 4 2 100 26 2668 2829 2521 3139
8485 4 2 100 26 2694 2872 1827 3104
8486 4 2 100 26 890 2949 2580 3307
8487 4 2 100 26 2492 2672 3054 3142
8488 4 2 100 26 2168 2934 2737 2960
8489 4 2 100 26 2598 2952 2718 2953
8490 4 2 100 26 2752 3103 2527 3386
8491 4 2 100 26 1604 2786 1887 3088
8492 4 2 100 26 2350 2348 768 2749
8493 4 2 100 26 630 2854 2691 2891
8494 4 2 100 26 1982 2398 2377 3222
8495 4 2 100 26 914 911 805 3222
8496 4 2 100 26 890 2580 2949 3217
8497 4 2 100 26 862 2757 710 2808
8498 4 2 100 26 2564 2333 3007 3317
8499 4 2 100 26 2471 2481 1805 2764
8500 4 2 100 26 2536 2883 2712 3283
8501 4 2 100 26 2510 3065 2579 3172
8502 4 2 100 26 2591 2580 3035 3324
8503 4 2 100 26 868 2574 2956 3300
8504 4 2 100 26 2507 2881 2712 2887
8505 4 2 100 26 1891 1588 2929 3276
8506 4 2 100 26 2408 2871 2410 3054
8507 4 2 100 26 805 3044 1982 3222
8508 4 2 100 26 612 2921 2693 3087
8509 4 2 100 26 2398 2625 1982 3044
8510 4 2 100 26 805 2625 911 3044
8511 4 2 100 26 1109 1398 1396 2919
8512 4 2 100 26 2664 2208 2987 3205
8513 4 2 100 26 632 2891 2691 3103
8514 4 2 100 26 2429 2960 2574 3294
8515 4 2 100 26 2871 2974 910 3227
8516 4 2 100 26 2646 2521 3037 3132
8517 4 2 100 26 1530 2805 2804 3226
8518 4 2 100 26 2576 2753 2488 2755
8519 4 2 100 26 2674 3115 3091 3137
8520 4 2 100 26 2705 2881 1086 2883
8521 4 2 100 26 1648 3221 2624 3236
8522 4 2 100 26 2622 3168 1382 3172
8523 4 2 100 26 962 1164 1163 2681
8524 4 2 100 26 2624 3221 1006 3236
8525 4 2 100 26 2554 2704 3019 3126
8526 4 2 100 26 2241 2787 2243 3353
8527 4 2 100 26 704 2925 2715 3098
8528 4 2 100 26 1045 1320 1420 3082
8529 4 2 100 26 1924 1432 1649 2764
8530 4 2 100 26 758 2787 760 3353
8531 4 2 100 26 838 3058 2869 3310
8532 4 2 100 26 610 2855 2693 2921
8533 4 2 100 26 910 639 2974 3090
8534 4 2 100 26 2389 2823 2663 3109
8535 4 2 100 26 588 2866 589 2870
8536 4 2 100 26 2578 2957 2388 3297
8537 4 2 100 26 2371 2984 2563 3169
8538 4 2 100 26 2714 3230 1436 3292
8539 4 2 100 26 844 2608 845 3125
8540 4 2 100 26 651 652 653 2963
8541 4 2 100 26 2507 2866 2716 2889
8542 4 2 100 26 2700 2929 1588 3276
8543 4 2 100 26 844 2847 843 3216
8544 4 2 100 26 1872 2894 2717 3308
8545 4 2 100 26 2024 1233 2729 3169
8546 4 2 100 26 1085 1086 2881 2883
8547 4 2 100 26 2599 1607 2852 3238
8548 4 2 100 26 1592 2948 3199 3348
8549 4 2 100 26 2546 3056 3016 3140
8550 4 2 100 26 1519 2908 2681 2929
8551 4 2 100 26 2566 3018 852 3057
8552 4 2 100 26 2593 2946 2706 2949
8553 4 2 100 26 1271 2754 2209 3277
8554 4 2 100 26 2579 3065 2510 3105
8555 4 2 100 26 1632 2844 1633 2868
8556 4 2 100 26 2737 2932 867 2956
8557 4 2 100 26 2558 2835 2525 2954
8558 4 2 100 26 2726 2890 2517 3155
8559 4 2 100 26 2513 3006 2626 3380
8560 4 2 100 26 1063 2939 1066 3234
8561 4 2 100 26 1409 1410 1133 2843
8562 4 2 100 26 2535 2921 2693 3255
8563 4 2 100 26 2645 2988 2241 3059
8564 4 2 100 26 2491 2806 2770 3393
8565 4 2 100 26 2396 2874 2163 2900
8566 4 2 100 26 2469 2484 2460 3352
8567 4 2 100 26 1842 3083 2834 3357
8568 4 2 100 26 843 2847 2704 3216
8569 4 2 100 26 2681 2898 1164 2930
8570 4 2 100 26 1763 1689 3219 3220
8571 4 2 100 26 1582 1853 1448 3251
8572 4 2 100 26 2357 2933 2713 3273
8573 4 2 100 26 2203 2205 2204 3370
8574 4 2 100 26 2547 3133 2971 3262
8575 4 2 100 26 2203 3008 2987 3370
8576 4 2 100 26 702 2967 644 3394
8577 4 2 100 26 1853 1574 1575 3107
8578 4 2 100 26 1850 2892 2720 3190
8579 4 2 100 26 649 2963 2733 3020
8580 4 2 100 26 2334 2026 1324 3042
8581 4 2 100 26 879 884 653 2994
8582 4 2 100 26 905 3002 2788 3197
8583 4 2 100 26 994 1426 1327 2680
8584 4 2 100 26 2535 3068 2809 3255
8585 4 2 100 26 2572 3199 2948 3348
8586 4 2 100 26 1849 1794 2848 3024
8587 4 2 100 26 1846 1850 1587 2892
8588 4 2 100 26 3010 3129 2652 3373
8589 4 2 100 26 2799 3069 2528 3149
8590 4 2 100 26 1344 2735 2918 2983
8591 4 2 100 26 886 2733 649 2963
8592 4 2 100 26 2516 2782 2562 2826
8593 4 2 100 26 2690 2863 1108 2919
8594 4 2 100 26 1063 2719 2939 3234
8595 4 2 100 26 1584 3230 2644 3267
8596 4 2 100 26 793 869 2766 3198
8597 4 2 100 26 1182 1023 1829 3250
8598 4 2 100 26 2583 2939 2725 2960
8599 4 2 100 26 2436 3052 3257 3259
8600 4 2 100 26 700 2807 2749 3322
8601 4 2 100 26 1335 2794 1334 3088
8602 4 2 100 26 2571 3045 1673 3228
8603 4 2 100 26 2285 2379 2666 3327
8604 4 2 100 26 565 563 2724 2932
8605 4 2 100 26 795 2666 897 3325
8606 4 2 100 26 2399 2839 2667 3072
8607 4 2 100 26 2667 2839 902 3073
8608 4 2 100 26 2556 2922 2679 3032
8609 4 2 100 26 1360 1208 2859 2991
8610 4 2 100 26 728 730 2812 3125
8611 4 2 100 26 1342 1341 1232 2745
8612 4 2 100 26 2427 2664 2208 2987
8613 4 2 100 26 843 2847 734 3019
8614 4 2 100 26 2690 2919 1108 3269
8615 4 2 100 26 2840 2973 1559 3368
8616 4 2 100 26 2240 2988 2391 3059
8617 4 2 100 26 2186 2357 2879 3240
8618 4 2 100 26 2727 2764 2597 3213
8619 4 2 100 26 1797 1679 2938 3234
8620 4 2 100 26 828 2669 559 2895
8621 4 2 100 26 2494 2842 2689 2853
8622 4 2 100 26 2380 2395 2178 2927
8623 4 2 100 26 2381 2910 2729 3305
8624 4 2 100 26 1893 1685 1688 2860
8625 4 2 100 26 2669 2895 2522 3391
8626 4 2 100 26 1952 2837 2687 3377
8627 4 2 100 26 1345 2620 3095 3326
8628 4 2 100 26 2218 1994 2901 3003
8629 4 2 100 26 2416 2019 2766 3198
8630 4 2 100 26 2516 2826 2763 3107
8631 4 2 100 26 938 1760 2735 3326
8632 4 2 100 26 2703 2898 1169 3237
8633 4 2 100 26 1797 2938 2719 3234
8634 4 2 100 26 2561 3115 2674 3137
8635 4 2 100 26 706 864 2911 2925
8636 4 2 100 26 2286 3039 2372 3273
8637 4 2 100 26 2155 2887 2360 2889
8638 4 2 100 26 2724 2938 2584 2956
8639 4 2 100 26 2829 2958 2521 3139
8640 4 2 100 26 2742 2903 2611 2926
8641 4 2 100 26 1876 2912 1880 2968
8642 4 2 100 26 1399 1400 2913 2969
8643 4 2 100 26 1395 1399 2913 2969
8644 4 2 100 26 1880 2912 1879 2968
8645 4 2 100 26 2809 3068 2610 3255
8646 4 2 100 26 1304 2712 2036 3102
8647 4 2 100 26 2650 2680 2515 2937
8648 4 2 100 26 1877 1618 1881 2747
8649 4 2 100 26 1388 2970 2591 3260
8650 4 2 100 26 570 744 572 2791
8651 4 2 100 26 1005 1460 1241 3221
8652 4 2 100 26 1322 2764 2464 3171
8653 4 2 100 26 1393 1397 1113 2746
8654 4 2 100 26 2332 3231 2760 3253
8655 4 2 100 26 1106 2599 2863 3238
8656 4 2 100 26 1588 2700 2908 2929
8657 4 2 100 26 2764 3213 2465 3361
8658 4 2 100 26 2708 2943 2586 2957
8659 4 2 100 26 1642 1241 1460 3221
8660 4 2 100 26 671 2728 833 2928
8661 4 2 100 26 2488 2753 2576 3106
8662 4 2 100 26 2124 2799 2739 3392
8663 4 2 100 26 2624 2858 3069 3149
8664 4 2 100 26 498 2678 660 2979
8665 4 2 100 26 1066 3128 2570 3247
8666 4 2 100 26 2009 2688 1004 3096
8667 4 2 100 26 1127 1129 1128 2858
8668 4 2 100 26 638 2974 2654 3000
8669 4 2 100 26 1063 2719 1061 2886
8670 4 2 100 26 804 889 2769 3212
8671 4 2 100 26 1264 1337 940 3251
8672 4 2 100 26 2529 2681 2930 3214
8673 4 2 100 26 2804 3004 2653 3226
8674 4 2 100 26 1189 2822 3129 3378
8675 4 2 100 26 2584 3051 1834 3239
8676 4 2 100 26 1110 1108 2919 3269
8677 4 2 100 26 2554 3024 2704 3126
8678 4 2 100 26 2333 2564 3007 3396
8679 4 2 100 26 2630 3119 2657 3146
8680 4 2 100 26 2220 2901 2629 3027
8681 4 2 100 26 867 2737 866 2932
8682 4 2 100 26 1371 2708 2878 2943
8683 4 2 100 26 2161 2874 2703 2900
8684 4 2 100 26 2166 2725 2160 2934
8685 4 2 100 26 1839 2882 1740 2989
8686 4 2 100 26 2176 2175 2927 3282
8687 4 2 100 26 928 496 829 2696
8688 4 2 100 26 2724 2932 563 3289
8689 4 2 100 26 2571 1673 2947 3228
8690 4 2 100 26 1800 2892 2714 2914
8691 4 2 100 26 2657 3119 3015 3146
8692 4 2 100 26 2570 3128 1679 3188
8693 4 2 100 26 2504 2704 3024 3126
8694 4 2 100 26 873 2917 2740 2945
8695 4 2 100 26 2839 2981 2373 3327
8696 4 2 100 26 2646 2958 1334 3369
8697 4 2 100 26 1870 2880 2710 2947
8698 4 2 100 26 525 2694 1682 3104
8699 4 2 100 26 1679 2570 2938 3234
8700 4 2 100 26 901 2982 2839 3325
8701 4 2 100 26 2570 1066 2939 3234
8702 4 2 100 26 1414 2930 1169 3271
8703 4 2 100 26 885 887 2738 2897
8704 4 2 100 26 2518 3047 2723 3143
8705 4 2 100 26 1273 990 2029 3012
8706 4 2 100 26 1763 1689 1684 3219
8707 4 2 100 26 2720 2924 1329 3190
8708 4 2 100 26 1520 2719 1797 2884
8709 4 2 100 26 531 1493 2724 3289
8710 4 2 100 26 3006 3361 2626 3380
8711 4 2 100 26 1285 2172 2725 3298
8712 4 2 100 26 2510 2830 2622 3172
8713 4 2 100 26 1831 2654 2972 3000
8714 4 2 100 26 1360 2702 1359 3195
8715 4 2 100 26 2668 2797 1231 3139
8716 4 2 100 26 2766 3198 869 3300
8717 4 2 100 26 2669 3106 2755 3391
8718 4 2 100 26 2086 2931 2559 3162
8719 4 2 100 26 927 3033 2596 3268
8720 4 2 100 26 1632 1633 1634 2868
8721 4 2 100 26 2690 3238 1456 3269
8722 4 2 100 26 1244 3238 2690 3269
8723 4 2 100 26 1839 1838 1740 2882
8724 4 2 100 26 1687 1685 1893 2872
8725 4 2 100 26 1025 1180 1453 3215
8726 4 2 100 26 686 512 2254 2941
8727 4 2 100 26 2160 2934 2725 3298
8728 4 2 100 26 835 925 3092 3148
8729 4 2 100 26 2357 2108 2879 2933
8730 4 2 100 26 1613 2852 2690 2909
8731 4 2 100 26 2403 2815 2667 2962
8732 4 2 100 26 2667 2816 904 2962
8733 4 2 100 26 2721 2907 1390 2970
8734 4 2 100 26 810 3230 2714 3292
8735 4 2 100 26 2604 2967 2509 3170
8736 4 2 100 26 2063 2726 2065 3180
8737 4 2 100 26 1811 2922 1737 2998
8738 4 2 100 26 2642 2807 855 3048
8739 4 2 100 26 1169 2930 2703 3271
8740 4 2 100 26 1948 3061 1942 3180
8741 4 2 100 26 1265 1004 2274 3246
8742 4 2 100 26 2274 1004 2009 3246
8743 4 2 100 26 1692 2695 527 3100
8744 4 2 100 26 1271 987 2209 3229
8745 4 2 100 26 2485 2675 1845 3334
8746 4 2 100 26 2570 2939 1066 3247
8747 4 2 100 26 1234 1235 2729 2918
8748 4 2 100 26 2535 2809 2610 3255
8749 4 2 100 26 1868 2885 2706 2946
8750 4 2 100 26 1853 3107 1854 3251
8751 4 2 100 26 1893 2705 1688 3293
8752 4 2 100 26 2713 2879 2357 3240
8753 4 2 100 26 2779 3202 2557 3286
8754 4 2 100 26 1377 1382 3168 3172
8755 4 2 100 26 1946 2698 1325 3155
8756 4 2 100 26 1148 2821 2730 3243
8757 4 2 100 26 2316 2674 2003 3328
8758 4 2 100 26 1109 1108 2863 2919
8759 4 2 100 26 2038 2595 2066 3150
8760 4 2 100 26 2602 2859 2543 2899
8761 4 2 100 26 1162 1426 2680 3082
8762 4 2 100 26 864 2911 2714 3230
8763 4 2 100 26 1122 2685 1124 3242
8764 4 2 100 26 881 2716 882 3275
8765 4 2 100 26 1679 2938 2570 3188
8766 4 2 100 26 1629 2685 1627 3242
8767 4 2 100 26 2396 2163 2366 2900
8768 4 2 100 26 610 611 2855 2921
8769 4 2 100 26 2345 2721 2365 3203
8770 4 2 100 26 1405 2942 2649 3189
8771 4 2 100 26 2482 2465 3213 3361
8772 4 2 100 26 2516 2585 2781 2793
8773 4 2 100 26 2750 2941 2633 3296
8774 4 2 100 26 2589 2944 2717 2948
8775 4 2 100 26 892 2903 2742 2949
8776 4 2 100 26 2382 2941 2200 3210
8777 4 2 100 26 3031 3141 2656 3225
8778 4 2 100 26 2513 2661 2784 2935
8779 4 2 100 26 1328 2703 3237 3271
8780 4 2 100 26 2085 459 790 2760
8781 4 2 100 26 2852 2855 2534 3264
8782 4 2 100 26 2056 2920 3133 3399
8783 4 2 100 26 2673 2513 3130 3167
8784 4 2 100 26 2416 3198 2766 3294
8785 4 2 100 26 2652 2857 1186 3129
8786 4 2 100 26 2769 3212 889 3303
8787 4 2 100 26 760 2869 2645 3310
8788 4 2 100 26 2509 2777 2561 2817
8789 4 2 100 26 2488 2562 2803 2950
8790 4 2 100 26 2514 2722 2648 2940
8791 4 2 100 26 459 2457 784 2760
8792 4 2 100 26 1385 2893 2718 2952
8793 4 2 100 26 2611 2186 2879 3240
8794 4 2 100 26 1788 1821 3014 3167
8795 4 2 100 26 2734 2878 2607 2880
8796 4 2 100 26 2580 2383 2955 3217
8797 4 2 100 26 844 2608 2847 3216
8798 4 2 100 26 1955 1429 2453 2726
8799 4 2 100 26 2176 2927 2709 3282
8800 4 2 100 26 771 3116 1961 3134
8801 4 2 100 26 2357 2405 2933 3273
8802 4 2 100 26 2732 2885 2505 3079
8803 4 2 100 26 1704 2677 1883 3015
8804 4 2 100 26 606 2903 2706 3218
8805 4 2 100 26 2732 2505 2907 3079
8806 4 2 100 26 2048 2784 2626 3383
8807 4 2 100 26 2594 3107 2763 3381
8808 4 2 100 26 512 1966 2254 2941
8809 4 2 100 26 1149 2821 1382 3172
8810 4 2 100 26 2639 2509 2788 2967
8811 4 2 100 26 544 543 2806 3187
8812 4 2 100 26 697 3018 2677 3322
8813 4 2 100 26 1474 814 454 2757
8814 4 2 100 26 814 1474 1734 2757
8815 4 2 100 26 2658 3021 2789 3160
8816 4 2 100 26 1091 1383 1385 2893
8817 4 2 100 26 1839 1838 2702 3195
8818 4 2 100 26 2163 2874 2161 2900
8819 4 2 100 26 2527 2868 3069 3149
8820 4 2 100 26 2427 2404 2208 2664
8821 4 2 100 26 2547 2754 3106 3151
8822 4 2 100 26 1544 2832 1546 3358
8823 4 2 100 26 2459 1971 2770 3309
8824 4 2 100 26 2704 2848 1849 3216
8825 4 2 100 26 892 893 2742 2903
8826 4 2 100 26 864 2714 2925 3292
8827 4 2 100 26 2494 2691 2844 2854
8828 4 2 100 26 2646 3088 2786 3369
8829 4 2 100 26 1143 2817 2665 3159
8830 4 2 100 26 1085 1087 1086 2883
8831 4 2 100 26 2618 2830 2758 3208
8832 4 2 100 26 1808 534 2888 3161
8833 4 2 100 26 1831 2972 2654 3013
8834 4 2 100 26 864 2925 863 3292
8835 4 2 100 26 592 2717 2897 3308
8836 4 2 100 26 1222 2902 1215 2964
8837 4 2 100 26 875 2740 873 2917
8838 4 2 100 26 2624 2843 2528 2858
8839 4 2 100 26 711 2808 2664 3074
8840 4 2 100 26 1588 2908 2700 3267
8841 4 2 100 26 1052 2727 1051 2935
8842 4 2 100 26 1710 2630 1708 3119
8843 4 2 100 26 1109 1107 1398 2863
8844 4 2 100 26 510 1896 747 3184
8845 4 2 100 26 2497 2710 2917 3249
8846 4 2 100 26 1555 1481 1566 2722
8847 4 2 100 26 1331 1169 2898 3237
8848 4 2 100 26 1549 2655 1534 3067
8849 4 2 100 26 864 831 2911 3230
8850 4 2 100 26 1576 3107 1572 3381
8851 4 2 100 26 1256 1251 3109 3152
8852 4 2 100 26 1206 1362 2899 2924
8853 4 2 100 26 2559 2806 2640 2975
8854 4 2 100 26 2276 2277 2838 3017
8855 4 2 100 26 2540 2610 3068 3255
8856 4 2 100 26 1198 1196 1194 3153
8857 4 2 100 26 1460 2686 1005 3114
8858 4 2 100 26 1874 1877 3087 3261
8859 4 2 100 26 2491 2828 2653 3004
8860 4 2 100 26 2029 990 2425 3012
8861 4 2 100 26 2751 3055 2834 3357
8862 4 2 100 26 553 2888 534 3161
8863 4 2 100 26 2437 2920 2055 3134
8864 4 2 100 26 1376 3052 1372 3208
8865 4 2 100 26 553 2772 551 2888
8866 4 2 100 26 2534 2852 2599 2885
8867 4 2 100 26 587 588 589 2870
8868 4 2 100 26 1256 2794 1254 3152
8869 4 2 100 26 802 2766 870 3207
8870 4 2 100 26 1836 2922 2651 3263
8871 4 2 100 26 2676 2723 2525 3143
8872 4 2 100 26 1394 1290 2674 3328
8873 4 2 100 26 891 803 2769 3217
8874 4 2 100 26 1166 1164 1167 2898
8875 4 2 100 26 2719 2886 1063 2939
8876 4 2 100 26 1561 2639 1567 2967
8877 4 2 100 26 2604 2788 2509 2967
8878 4 2 100 26 1797 2884 2719 2938
8879 4 2 100 26 2145 2708 2923 3291
8880 4 2 100 26 1166 1164 2898 2930
8881 4 2 100 26 2093 3011 2649 3206
8882 4 2 100 26 1992 2413 2766 3207
8883 4 2 100 26 472 3240 2713 3273
8884 4 2 100 26 2597 2513 2727 2997
8885 4 2 100 26 1852 1849 2848 3216
8886 4 2 100 26 666 2700 2849 2928
8887 4 2 100 26 2495 2789 2658 3021
8888 4 2 100 26 2174 2709 3265 3282
8889 4 2 100 26 2086 2087 2072 3162
8890 4 2 100 26 2558 2518 2780 2954
8891 4 2 100 26 2615 2805 1531 3226
8892 4 2 100 26 2552 2977 2976 3118
8893 4 2 100 26 1373 1075 1371 2878
8894 4 2 100 26 2422 2355 2213 2793
8895 4 2 100 26 2503 2801 2688 3056
8896 4 2 100 26 1590 1517 1519 2681
8897 4 2 100 26 2759 2814 2602 3070
8898 4 2 100 26 1538 1540 2680 3145
8899 4 2 100 26 2688 3246 3153 3360
8900 4 2 100 26 1862 1870 1668 2880
8901 4 2 100 26 2528 2689 2877 3149
8902 4 2 100 26 2087 2770 3162 3309
8903 4 2 100 26 705 2911 2715 2925
8904 4 2 100 26 2180 2328 2032 3265
8905 4 2 100 26 2934 3071 2616 3214
8906 4 2 100 26 2627 2180 2896 3265
8907 4 2 100 26 738 737 2869 2966
8908 4 2 100 26 2582 3338 2778 3398
8909 4 2 100 26 2502 2862 2692 3076
8910 4 2 100 26 2047 2043 2048 3042
8911 4 2 100 26 2659 3017 2546 3140
8912 4 2 100 26 2563 2621 2779 3031
8913 4 2 100 26 1692 1513 682 3220
8914 4 2 100 26 2561 2509 2817 3115
8915 4 2 100 26 1587 2892 1800 2914
8916 4 2 100 26 1787 1901 1931 3062
8917 4 2 100 26 1864 2717 2894 2948
8918 4 2 100 26 2628 2893 2736 2894
8919 4 2 100 26 552 551 2772 2820
8920 4 2 100 26 578 2917 2710 3299
8921 4 2 100 26 2662 2869 2554 3058
8922 4 2 100 26 2619 2780 2518 2954
8923 4 2 100 26 2796 2954 2557 3359
8924 4 2 100 26 2036 976 2249 3223
8925 4 2 100 26 2709 2896 2627 2924
8926 4 2 100 26 2783 3209 1333 3320
8927 4 2 100 26 1815 1886 2915 3177
8928 4 2 100 26 2729 2918 1235 3305
8929 4 2 100 26 2631 2998 2959 3346
8930 4 2 100 26 2091 2665 2846 3366
8931 4 2 100 26 2328 3237 2032 3265
8932 4 2 100 26 2612 2489 2778 3176
8933 4 2 100 26 2716 3224 478 3275
8934 4 2 100 26 662 763 664 3191
8935 4 2 100 26 2502 2692 2865 3076
8936 4 2 100 26 2630 3301 2978 3318
8937 4 2 100 26 943 1317 1781 2978
8938 4 2 100 26 2007 3237 2703 3271
8939 4 2 100 26 2486 2629 2901 3027
8940 4 2 100 26 1781 1439 943 2978
8941 4 2 100 26 1834 3051 2584 3188
8942 4 2 100 26 2303 1991 806 3224
8943 4 2 100 26 1614 1873 1612 2852
8944 4 2 100 26 1343 1344 2735 2918
8945 4 2 100 26 554 2772 2683 3033
8946 4 2 100 26 2510 2795 2622 2830
8947 4 2 100 26 2679 2834 2487 3263
8948 4 2 100 26 1029 1249 1789 3234
8949 4 2 100 26 2161 2900 2703 3237
8950 4 2 100 26 1038 1037 1036 3101
8951 4 2 100 26 843 734 741 3019
8952 4 2 100 26 2022 2663 984 3109
8953 4 2 100 26 2580 2955 2383 3324
8954 4 2 100 26 1789 1249 1466 3234
8955 4 2 100 26 669 671 833 2928
8956 4 2 100 26 2486 2901 2743 3027
8957 4 2 100 26 1831 1647 2972 3013
8958 4 2 100 26 2531 2892 2720 3258
8959 4 2 100 26 2098 2810 2746 3402
8960 4 2 100 26 1019 3265 2709 3282
8961 4 2 100 26 2620 1345 2983 3326
8962 4 2 100 26 2309 2769 2346 3212
8963 4 2 100 26 1613 1614 2852 2909
8964 4 2 100 26 878 790 2760 3321
8965 4 2 100 26 2601 2842 2532 3064
8966 4 2 100 26 2494 2854 2844 3064
8967 4 2 100 26 2724 2884 1892 2938
8968 4 2 100 26 2759 2602 2859 3070
8969 4 2 100 26 805 2625 3044 3222
8970 4 2 100 26 1982 3044 2625 3222
8971 4 2 100 26 2752 2798 636 3386
8972 4 2 100 26 2604 2523 3026 3227
8973 4 2 100 26 1577 2826 1854 3107
8974 4 2 100 26 1320 2937 2741 3082
8975 4 2 100 26 2747 2809 616 3404
8976 4 2 100 26 2207 2641 2987 3205
8977 4 2 100 26 2161 2328 2900 3237
8978 4 2 100 26 1153 2758 1152 3172
8979 4 2 100 26 2447 487 3134 3268
8980 4 2 100 26 1704 1705 1883 2677
8981 4 2 100 26 1918 496 763 2696
8982 4 2 100 26 2359 2402 2740 2923
8983 4 2 100 26 1874 3087 2909 3261
8984 4 2 100 26 1365 2886 2725 2939
8985 4 2 100 26 2518 2620 2780 3031
8986 4 2 100 26 714 2664 711 2965
8987 4 2 100 26 2549 3071 2934 3214
8988 4 2 100 26 1544 1545 1546 2832
8989 4 2 100 26 1331 2898 2627 3237
8990 4 2 100 26 2648 2722 2514 2963
8991 4 2 100 26 1609 1861 1868 2885
8992 4 2 100 26 1836 2834 2651 3372
8993 4 2 100 26 2475 2597 2482 3213
8994 4 2 100 26 1379 1378 1283 3223
8995 4 2 100 26 2093 2986 2649 3011
8996 4 2 100 26 2658 2912 2552 3053
8997 4 2 100 26 2552 2913 2658 3053
8998 4 2 100 26 2508 2720 2899 2914
8999 4 2 100 26 1378 3204 1283 3223
9000 4 2 100 26 874 2778 872 3321
9001 4 2 100 26 694 506 2348 3165
9002 4 2 100 26 2532 2601 3064 3233
9003 4 2 100 26 2370 2718 2916 2953
9004 4 2 100 26 2651 2834 1836 3263
9005 4 2 100 26 2656 3138 847 3375
9006 4 2 100 26 2276 2278 2277 3017
9007 4 2 100 26 870 3207 2766 3302
9008 4 2 100 26 2766 3207 2413 3297
9009 4 2 100 26 2653 2804 2491 3004
9010 4 2 100 26 2168 2361 2737 2934
9011 4 2 100 26 2093 3127 2091 3206
9012 4 2 100 26 1584 2908 1588 3267
9013 4 2 100 26 1157 2776 1158 3208
9014 4 2 100 26 965 2689 2025 3094
9015 4 2 100 26 1711 2675 2835 3119
9016 4 2 100 26 2508 2914 2899 3272
9017 4 2 100 26 1888 2908 1519 2929
9018 4 2 100 26 2518 2779 2619 2954
9019 4 2 100 26 2333 3121 2765 3317
9020 4 2 100 26 503 724 726 3395
9021 4 2 100 26 898 2610 895 3273
9022 4 2 100 26 2513 2597 2727 3380
9023 4 2 100 26 753 3157 2585 3211
9024 4 2 100 26 2059 2058 2060 2661
9025 4 2 100 26 2738 2498 2916 3081
9026 4 2 100 26 2346 3313 2769 3324
9027 4 2 100 26 1153 2830 2758 3172
9028 4 2 100 26 2486 2629 3027 3050
9029 4 2 100 26 1350 3016 2630 3318
9030 4 2 100 26 899 2666 2809 3123
9031 4 2 100 26 2044 1948 1937 3180
9032 4 2 100 26 891 3217 2769 3307
9033 4 2 100 26 2673 2935 1054 2971
9034 4 2 100 26 712 862 710 2808
9035 4 2 100 26 2406 2810 2666 3124
9036 4 2 100 26 1401 1143 1403 2665
9037 4 2 100 26 1826 1672 1690 2861
9038 4 2 100 26 2770 3309 453 3393
9039 4 2 100 26 1558 2840 2730 2940
9040 4 2 100 26 2605 2544 3070 3272
9041 4 2 100 26 2273 2731 727 3319
9042 4 2 100 26 1833 1896 510 3184
9043 4 2 100 26 2495 2810 2809 3068
9044 4 2 100 26 1562 2777 3170 3185
9045 4 2 100 26 2512 2571 2768 2818
9046 4 2 100 26 2126 2128 2124 2799
9047 4 2 100 26 1446 3267 2700 3276
9048 4 2 100 26 2738 2897 2498 3081
9049 4 2 100 26 1645 2873 1643 3013
9050 4 2 100 26 2225 2621 2984 3319
9051 4 2 100 26 2176 2896 2709 2927
9052 4 2 100 26 1712 2978 2558 3266
9053 4 2 100 26 544 2806 2805 3187
9054 4 2 100 26 2656 2723 2518 3225
9055 4 2 100 26 2524 3018 2566 3057
9056 4 2 100 26 2700 3267 665 3276
9057 4 2 100 26 1182 2705 3250 3293
9058 4 2 100 26 1974 784 2457 3231
9059 4 2 100 26 839 2905 3157 3381
9060 4 2 100 26 2618 2832 2560 3315
9061 4 2 100 26 1566 1555 2722 2940
9062 4 2 100 26 1905 2979 2773 3364
9063 4 2 100 26 1496 1766 750 2761
9064 4 2 100 26 511 750 1766 2761
9065 4 2 100 26 2017 2110 1276 2762
9066 4 2 100 26 967 2017 1276 2762
9067 4 2 100 26 2685 2850 1627 2976
9068 4 2 100 26 1122 2851 2685 2977
9069 4 2 100 26 2829 2988 2521 3059
9070 4 2 100 26 1575 3107 1574 3355
9071 4 2 100 26 857 858 689 3135
9072 4 2 100 26 1103 1390 2907 2970
9073 4 2 100 26 2524 3018 2659 3140
9074 4 2 100 26 2507 2716 2870 3281
9075 4 2 100 26 2165 2934 2168 2960
9076 4 2 100 26 2534 2852 2693 2855
9077 4 2 100 26 877 2876 2701 3196
9078 4 2 100 26 2491 3004 2577 3201
9079 4 2 100 26 913 910 2871 3090
9080 4 2 100 26 2658 3053 2913 3160
9081 4 2 100 26 2522 2673 2971 3130
9082 4 2 100 26 1078 1076 2607 3290
9083 4 2 100 26 666 668 669 2928
9084 4 2 100 26 481 2740 2216 3207
9085 4 2 100 26 2339 2190 2108 2879
9086 4 2 100 26 763 662 498 2678
9087 4 2 100 26 2620 2780 2563 3401
9088 4 2 100 26 2038 2595 3150 3349
9089 4 2 100 26 2491 2800 2581 2828
9090 4 2 100 26 2612 2778 2489 3390
9091 4 2 100 26 2728 2900 2366 3312
9092 4 2 100 26 2644 2908 2700 2928
9093 4 2 100 26 1607 2599 1606 3284
9094 4 2 100 26 1104 2599 1106 3284
9095 4 2 100 26 660 3183 2979 3390
9096 4 2 100 26 2496 2762 2851 3233
9097 4 2 100 26 1334 2958 2646 3132
9098 4 2 100 26 887 2897 593 2944
9099 4 2 100 26 1711 2835 1710 3119
9100 4 2 100 26 2565 3257 3052 3259
9101 4 2 100 26 2411 2670 1976 3002
9102 4 2 100 26 2163 2162 2161 2874
9103 4 2 100 26 1904 829 1918 2696
9104 4 2 100 26 1373 2708 1371 3291
9105 4 2 100 26 2551 2671 2972 3026
9106 4 2 100 26 2570 3128 1066 3234
9107 4 2 100 26 1372 3208 3052 3259
9108 4 2 100 26 1421 1270 3229 3262
9109 4 2 100 26 1891 2929 2614 3276
9110 4 2 100 26 1679 3128 2570 3234
9111 4 2 100 26 1194 1193 2688 3056
9112 4 2 100 26 636 637 635 2798
9113 4 2 100 26 2837 3061 1959 3337
9114 4 2 100 26 2726 2517 2906 3180
9115 4 2 100 26 1823 1888 1519 2929
9116 4 2 100 26 1350 2630 1349 3318
9117 4 2 100 26 2588 2996 2594 3107
9118 4 2 100 26 2590 3065 2510 3253
9119 4 2 100 26 784 879 2760 3231
9120 4 2 100 26 2723 3143 2676 3351
9121 4 2 100 26 666 2849 668 2928
9122 4 2 100 26 846 730 845 2812
9123 4 2 100 26 847 732 846 2812
9124 4 2 100 26 2514 2940 2648 3065
9125 4 2 100 26 2713 3240 1986 3273
9126 4 2 100 26 2103 2319 2969 2981
9127 4 2 100 26 622 620 2968 2982
9128 4 2 100 26 2494 2877 2689 3149
9129 4 2 100 26 2435 794 455 2771
9130 4 2 100 26 706 2911 705 2925
9131 4 2 100 26 1154 3208 1156 3358
9132 4 2 100 26 1375 2865 2692 3204
9133 4 2 100 26 2577 2517 2906 3004
9134 4 2 100 26 844 731 2847 3125
9135 4 2 100 26 1475 443 2723 3351
9136 4 2 100 26 2562 2950 2783 3209
9137 4 2 100 26 737 760 2869 2966
9138 4 2 100 26 548 928 546 2975
9139 4 2 100 26 2276 2838 2688 3017
9140 4 2 100 26 2604 2974 642 3000
9141 4 2 100 26 1873 2693 1874 3087
9142 4 2 100 26 1385 2718 1383 3285
9143 4 2 100 26 2557 2901 2218 3202
9144 4 2 100 26 2781 3049 2793 3211
9145 4 2 100 26 1376 2830 3052 3208
9146 4 2 100 26 1407 2601 1404 3363
9147 4 2 100 26 1875 2600 1899 3362
9148 4 2 100 26 1076 2734 1074 2878
9149 4 2 100 26 1858 2972 1908 3000
9150 4 2 100 26 2373 2839 2399 3072
9151 4 2 100 26 901 902 2839 3073
9152 4 2 100 26 2510 2565 2830 3005
9153 4 2 100 26 2437 2576 3116 3151
9154 4 2 100 26 2178 2896 2176 2927
9155 4 2 100 26 1666 2734 1667 2880
9156 4 2 100 26 687 2633 688 3280
9157 4 2 100 26 1429 1955 1034 2726
9158 4 2 100 26 1337 2794 1335 3088
9159 4 2 100 26 1110 1112 2603 3182
9160 4 2 100 26 1566 1481 1921 2722
9161 4 2 100 26 1849 1603 1794 3024
9162 4 2 100 26 2556 2679 2857 3032
9163 4 2 100 26 2593 2824 2790 3060
9164 4 2 100 26 1870 2710 1862 3299
9165 4 2 100 26 905 2788 2670 3227
9166 4 2 100 26 2697 2845 2502 3066
9167 4 2 100 26 2597 2764 2727 3006
9168 4 2 100 26 1991 3224 2716 3275
9169 4 2 100 26 2381 2617 2910 3305
9170 4 2 100 26 1375 2692 1374 3086
9171 4 2 100 26 1606 1608 2732 2885
9172 4 2 100 26 991 1652 2653 3101
9173 4 2 100 26 1863 1672 1826 2856
9174 4 2 100 26 1852 2848 2608 3216
9175 4 2 100 26 1633 2684 1631 3080
9176 4 2 100 26 1235 1239 2617 3374
9177 4 2 100 26 2542 2910 2617 3084
9178 4 2 100 26 2509 3026 2671 3189
9179 4 2 100 26 2144 2402 2923 2957
9180 4 2 100 26 1128 1126 2684 3080
9181 4 2 100 26 1110 2603 1112 3323
9182 4 2 100 26 1386 2952 2598 3241
9183 4 2 100 26 2269 2431 3151 3229
9184 4 2 100 26 2085 2084 2760 3257
9185 4 2 100 26 702 1497 504 2967
9186 4 2 100 26 2678 3191 662 3398
9187 4 2 100 26 2507 2712 2883 3283
9188 4 2 100 26 831 2644 2911 3230
9189 4 2 100 26 1180 1453 2697 3111
9190 4 2 100 26 1226 1258 2829 3132
9191 4 2 100 26 2335 1940 2453 2726
9192 4 2 100 26 1107 1109 1108 2863
9193 4 2 100 26 2697 2502 2856 3066
9194 4 2 100 26 894 609 900 2855
9195 4 2 100 26 730 845 2812 3125
9196 4 2 100 26 2491 2800 2595 3201
9197 4 2 100 26 747 2691 1896 3103
9198 4 2 100 26 1330 3237 2627 3265
9199 4 2 100 26 1143 2665 1401 3159
9200 4 2 100 26 1800 2714 2892 3230
9201 4 2 100 26 1414 2616 2930 3271
9202 4 2 100 26 1941 2837 2726 3180
9203 4 2 100 26 876 2876 877 3196
9204 4 2 100 26 1859 2946 2593 3245
9205 4 2 100 26 1937 1941 1940 2726
9206 4 2 100 26 1202 2602 1207 3371
9207 4 2 100 26 854 2807 2677 3048
9208 4 2 100 26 2183 2403 2667 2962
9209 4 2 100 26 469 2667 904 2962
9210 4 2 100 26 899 2809 2666 3039
9211 4 2 100 26 2177 2602 2175 3371
9212 4 2 100 26 2827 2987 2206 3008
9213 4 2 100 26 1899 2600 2844 3184
9214 4 2 100 26 2510 2622 3065 3172
9215 4 2 100 26 1930 2671 1901 3062
9216 4 2 100 26 628 2600 626 3362
9217 4 2 100 26 2111 2601 2112 3363
9218 4 2 100 26 2666 2810 2406 3039
9219 4 2 100 26 847 732 2812 3175
9220 4 2 100 26 2404 2664 1965 2965
9221 4 2 100 26 2509 2671 2817 3189
9222 4 2 100 26 1482 1663 1804 2678
9223 4 2 100 26 1912 2653 2804 2904
9224 4 2 100 26 2550 2896 2627 2900
9225 4 2 100 26 2676 2796 2675 3334
9226 4 2 100 26 2132 2609 2133 3274
9227 4 2 100 26 2632 2822 1243 3153
9228 4 2 100 26 2620 2493 3031 3141
9229 4 2 100 26 563 2614 564 3289
9230 4 2 100 26 2316 2003 2674 3028
9231 4 2 100 26 2539 2745 2797 3235
9232 4 2 100 26 2518 2723 2831 3143
9233 4 2 100 26 1868 2706 1861 3218
9234 4 2 100 26 2123 1277 2739 3333
9235 4 2 100 26 566 867 2932 2956
9236 4 2 100 26 1135 1134 2843 2999
9237 4 2 100 26 1061 2886 2719 3306
9238 4 2 100 26 1613 1614 1612 2852
9239 4 2 100 26 2601 1407 2842 3193
9240 4 2 100 26 1425 2971 2661 3133
9241 4 2 100 26 2783 3001 1057 3262
9242 4 2 100 26 1942 1941 1937 3180
9243 4 2 100 26 1239 2797 2617 3374
9244 4 2 100 26 609 610 611 2855
9245 4 2 100 26 1800 2892 1585 3230
9246 4 2 100 26 2517 2841 2653 3004
9247 4 2 100 26 1051 2935 2727 3006
9248 4 2 100 26 1350 2630 3016 3146
9249 4 2 100 26 2719 2884 1520 3306
9250 4 2 100 26 1562 1901 2671 3170
9251 4 2 100 26 2557 2954 2831 3143
9252 4 2 100 26 2614 563 2932 3289
9253 4 2 100 26 2667 2815 2496 2816
9254 4 2 100 26 1100 2970 3200 3356
9255 4 2 100 26 2542 2847 3084 3235
9256 4 2 100 26 1035 949 2726 3150
9257 4 2 100 26 1798 3311 2826 3387
9258 4 2 100 26 2211 2592 2210 3136
9259 4 2 100 26 1556 1558 2730 2940
9260 4 2 100 26 2579 3065 2821 3172
9261 4 2 100 26 1080 2845 2697 3215
9262 4 2 100 26 2522 2895 2683 2992
9263 4 2 100 26 2716 2866 882 3224
9264 4 2 100 26 2453 1940 1955 2726
9265 4 2 100 26 476 1989 2738 3212
9266 4 2 100 26 1649 1805 1924 2764
9267 4 2 100 26 1736 2605 1742 3354
9268 4 2 100 26 1084 2705 1086 3293
9269 4 2 100 26 1203 2899 2709 2924
9270 4 2 100 26 2600 2844 2532 2850
9271 4 2 100 26 1643 2873 2686 3013
9272 4 2 100 26 883 2609 885 3274
9273 4 2 100 26 848 3175 847 3375
9274 4 2 100 26 2239 2241 2966 2988
9275 4 2 100 26 728 729 730 3125
9276 4 2 100 26 2160 2616 2934 3298
9277 4 2 100 26 1567 1561 1803 2639
9278 4 2 100 26 577 2917 873 2945
9279 4 2 100 26 2636 3154 2747 3340
9280 4 2 100 26 2922 3113 2679 3263
9281 4 2 100 26 2776 3147 1158 3208
9282 4 2 100 26 845 2608 844 3331
9283 4 2 100 26 1404 2601 2851 3363
9284 4 2 100 26 2600 1875 2850 3362
9285 4 2 100 26 2686 2843 1134 2999
9286 4 2 100 26 1961 3116 2437 3134
9287 4 2 100 26 2232 2233 2234 2811
9288 4 2 100 26 885 2897 2738 3274
9289 4 2 100 26 1337 3152 2588 3251
9290 4 2 100 26 1331 2627 1330 3237
9291 4 2 100 26 1808 1933 1451 3161
9292 4 2 100 26 1090 1092 2736 2893
9293 4 2 100 26 2488 2754 2753 3151
9294 4 2 100 26 656 3183 2936 3344
9295 4 2 100 26 2518 2831 2954 3143
9296 4 2 100 26 1134 2843 2686 3221
9297 4 2 100 26 2608 2847 2704 2848
9298 4 2 100 26 2700 2928 666 3267
9299 4 2 100 26 2622 2819 2590 3065
9300 4 2 100 26 1746 2683 441 3161
9301 4 2 100 26 2549 2849 3071 3214
9302 4 2 100 26 2569 2755 2753 3194
9303 4 2 100 26 1852 2608 1851 3331
9304 4 2 100 26 883 882 2866 3224
9305 4 2 100 26 2490 2930 2681 3214
9306 4 2 100 26 2642 2834 3083 3357
9307 4 2 100 26 2731 2984 2621 3319
9308 4 2 100 26 1671 2607 1667 3290
9309 4 2 100 26 1385 1091 2893 2952
9310 4 2 100 26 2396 2874 2728 3036
9311 4 2 100 26 2701 2875 2428 3196
9312 4 2 100 26 893 2611 894 3288
9313 4 2 100 26 2506 2693 2921 3255
9314 4 2 100 26 2514 2579 2940 3065
9315 4 2 100 26 2437 3116 2753 3151
9316 4 2 100 26 1375 1378 2865 3204
9317 4 2 100 26 2044 2061 1948 3180
9318 4 2 100 26 2509 2846 2670 3127
9319 4 2 100 26 2159 2616 2160 3298
9320 4 2 100 26 866 2932 2737 3173
9321 4 2 100 26 648 3020 646 3382
9322 4 2 100 26 1155 1154 2830 3208
9323 4 2 100 26 2688 2838 2276 3246
9324 4 2 100 26 2245 2787 2243 2823
9325 4 2 100 26 2515 2931 2771 3007
9326 4 2 100 26 1132 2624 2843 3221
9327 4 2 100 26 605 2903 892 2949
9328 4 2 100 26 1386 2598 2952 3278
9329 4 2 100 26 2370 2368 2135 2916
9330 4 2 100 26 2567 2516 2793 2996
9331 4 2 100 26 1860 2948 2589 3252
9332 4 2 100 26 875 2623 876 3279
9333 4 2 100 26 2554 2915 2662 3058
9334 4 2 100 26 2368 2718 2370 3285
9335 4 2 100 26 2075 2074 2741 2931
9336 4 2 100 26 1423 1057 1059 2783
9337 4 2 100 26 1088 2628 1090 3295
9338 4 2 100 26 2149 2692 2862 3204
9339 4 2 100 26 2099 2635 2981 3343
9340 4 2 100 26 2636 618 2982 3340
9341 4 2 100 26 1614 1874 1873 2909
9342 4 2 100 26 1239 1235 2617 3305
9343 4 2 100 26 2250 2132 2738 2916
9344 4 2 100 26 907 2871 910 3227
9345 4 2 100 26 863 2605 861 3354
9346 4 2 100 26 1549 1534 2655 3384
9347 4 2 100 26 2525 2676 3192 3351
9348 4 2 100 26 2491 2595 3004 3201
9349 4 2 100 26 1371 2878 1075 2943
9350 4 2 100 26 2695 2861 1826 3220
9351 4 2 100 26 2510 2936 2748 2994
9352 4 2 100 26 1295 3203 2721 3260
9353 4 2 100 26 724 2629 3003 3395
9354 4 2 100 26 2773 2776 2618 3147
9355 4 2 100 26 2732 2885 1608 2946
9356 4 2 100 26 1454 1829 1023 3250
9357 4 2 100 26 2689 2842 1406 3193
9358 4 2 100 26 1668 2880 1870 2947
9359 4 2 100 26 1891 2614 1857 3289
9360 4 2 100 26 2669 2755 2488 3400
9361 4 2 100 26 2640 2515 3067 3122
9362 4 2 100 26 2356 3012 2617 3305
9363 4 2 100 26 887 595 888 2944
9364 4 2 100 26 1295 972 2012 3260
9365 4 2 100 26 1116 3053 2658 3160
9366 4 2 100 26 1829 3250 2705 3293
9367 4 2 100 26 1859 2593 2946 3256
9368 4 2 100 26 860 2959 859 2998
9369 4 2 100 26 952 1360 1312 2702
9370 4 2 100 26 1339 1229 1341 3139
9371 4 2 100 26 2742 2926 2340 2955
9372 4 2 100 26 1857 2614 2884 3289
9373 4 2 100 26 992 2291 2729 3305
9374 4 2 100 26 2245 2244 2246 2823
9375 4 2 100 26 590 2694 588 3104
9376 4 2 100 26 2532 2842 2601 2851
9377 4 2 100 26 1864 1872 1728 2894
9378 4 2 100 26 1074 2878 2734 2943
9379 4 2 100 26 2616 1364 2886 3298
9380 4 2 100 26 2492 2799 2798 3069
9381 4 2 100 26 2712 2881 1380 3223
9382 4 2 100 26 626 627 625 2816
9383 4 2 100 26 2113 2111 2115 2815
9384 4 2 100 26 2510 2760 2936 2994
9385 4 2 100 26 2220 2218 1994 2901
9386 4 2 100 26 2203 2206 2987 3008
9387 4 2 100 26 2496 2815 2762 3233
9388 4 2 100 26 2688 3056 1193 3096
9389 4 2 100 26 2697 2856 1832 3215
9390 4 2 100 26 692 713 2827 3074
9391 4 2 100 26 1388 1390 2970 3260
9392 4 2 100 26 2503 3017 2659 3140
9393 4 2 100 26 2562 3038 2782 3209
9394 4 2 100 26 2648 2963 2514 3065
9395 4 2 100 26 2734 2880 1666 2947
9396 4 2 100 26 667 666 2928 3267
9397 4 2 100 26 1842 2834 3055 3357
9398 4 2 100 26 843 3019 841 3112
9399 4 2 100 26 2971 3014 2660 3186
9400 4 2 100 26 667 2644 831 3267
9401 4 2 100 26 1511 1753 1873 2693
9402 4 2 100 26 2832 3315 1550 3344
9403 4 2 100 26 1378 2606 2865 3204
9404 4 2 100 26 2209 987 2255 3229
9405 4 2 100 26 2186 2611 2187 3288
9406 4 2 100 26 2654 2974 638 3090
9407 4 2 100 26 1327 1906 2680 3385
9408 4 2 100 26 2367 2877 2699 3222
9409 4 2 100 26 638 640 2974 3000
9410 4 2 100 26 2482 2597 2475 3361
9411 4 2 100 26 883 2866 2609 3224
9412 4 2 100 26 1868 1609 2885 2946
9413 4 2 100 26 2493 2563 2983 3031
9414 4 2 100 26 1871 2587 2947 3254
9415 4 2 100 26 2563 2493 2984 3031
9416 4 2 100 26 949 2045 1323 2726
9417 4 2 100 26 2684 2858 1128 3236
9418 4 2 100 26 1812 1699 3113 3263
9419 4 2 100 26 875 2917 2623 3279
9420 4 2 100 26 1076 2734 2878 3290
9421 4 2 100 26 588 2694 2870 3219
9422 4 2 100 26 688 2633 687 3135
9423 4 2 100 26 843 2704 3019 3112
9424 4 2 100 26 1271 2754 1321 3229
9425 4 2 100 26 1667 2880 2734 3290
9426 4 2 100 26 2775 3030 1619 3154
9427 4 2 100 26 2269 2753 2754 3151
9428 4 2 100 26 1597 1598 2736 2894
9429 4 2 100 26 2523 2604 2974 3227
9430 4 2 100 26 1052 1055 939 2673
9431 4 2 100 26 2372 2610 2405 3273
9432 4 2 100 26 2244 2823 2389 3109
9433 4 2 100 26 2395 2715 2380 3098
9434 4 2 100 26 567 868 867 2956
9435 4 2 100 26 1177 2734 1665 3228
9436 4 2 100 26 2540 3093 2919 3182
9437 4 2 100 26 701 700 698 2807
9438 4 2 100 26 2538 2711 2863 2879
9439 4 2 100 26 2617 2542 3084 3235
9440 4 2 100 26 2443 2051 2046 2682
9441 4 2 100 26 1364 2616 1414 3298
9442 4 2 100 26 1872 2717 1864 3308
9443 4 2 100 26 2821 3065 2622 3172
9444 4 2 100 26 2746 2810 2098 3124
9445 4 2 100 26 1134 1132 2843 3221
9446 4 2 100 26 908 909 2699 3089
9447 4 2 100 26 2367 2699 2387 3089
9448 4 2 100 26 616 2809 2747 3123
9449 4 2 100 26 2617 1235 2918 3305
9450 4 2 100 26 2347 3027 2629 3165
9451 4 2 100 26 2211 2793 2353 2836
9452 4 2 100 26 983 1324 2026 3042
9453 4 2 100 26 877 2701 880 3097
9454 4 2 100 26 1801 1587 1800 2914
9455 4 2 100 26 2743 2902 2486 3318
9456 4 2 100 26 1606 2885 2732 3284
9457 4 2 100 26 1381 2712 1380 3102
9458 4 2 100 26 2346 2252 3212 3313
9459 4 2 100 26 885 2609 2897 3274
9460 4 2 100 26 2395 2179 2178 2896
9461 4 2 100 26 1080 1078 2845 3215
9462 4 2 100 26 2561 2973 2840 3368
9463 4 2 100 26 2838 3210 2526 3287
9464 4 2 100 26 1597 2894 2736 2948
9465 4 2 100 26 2636 2495 3021 3123
9466 4 2 100 26 2099 2981 2969 3343
9467 4 2 100 26 2968 2982 618 3340
9468 4 2 100 26 1231 1227 1267 2668
9469 4 2 100 26 2412 2701 2428 3097
9470 4 2 100 26 2729 2910 2375 2984
9471 4 2 100 26 2345 2926 2721 2955
9472 4 2 100 26 2067 2440 2299 2577
9473 4 2 100 26 2485 3192 2676 3351
9474 4 2 100 26 580 582 2695 3100
9475 4 2 100 26 582 2867 2695 3220
9476 4 2 100 26 1463 2680 1540 3329
9477 4 2 100 26 2587 574 2945 3254
9478 4 2 100 26 1584 2644 2908 3267
9479 4 2 100 26 1453 1772 1025 3215
9480 4 2 100 26 612 2693 610 3087
9481 4 2 100 26 1905 2678 1663 2979
9482 4 2 100 26 1287 970 1398 2711
9483 4 2 100 26 2742 2903 893 3288
9484 4 2 100 26 1379 1380 2881 3223
9485 4 2 100 26 1104 2732 1102 2907
9486 4 2 100 26 1725 1793 2745 2848
9487 4 2 100 26 1396 2711 1398 3093
9488 4 2 100 26 854 697 853 2677
9489 4 2 100 26 953 1292 2448 2741
9490 4 2 100 26 2849 2874 2490 3214
9491 4 2 100 26 2149 2146 2692 3086
9492 4 2 100 26 1683 2860 2694 3219
9493 4 2 100 26 1138 2942 1139 3189
9494 4 2 100 26 2556 2857 2679 3113
9495 4 2 100 26 2230 2731 2228 2910
9496 4 2 100 26 1628 1627 2850 2976
9497 4 2 100 26 1123 2851 1122 2977
9498 4 2 100 26 1041 1042 2828 3232
9499 4 2 100 26 2339 2711 2106 3093
9500 4 2 100 26 1144 2817 1143 3159
9501 4 2 100 26 2620 2983 2735 3326
9502 4 2 100 26 2611 893 2903 3288
9503 4 2 100 26 2187 2926 2742 3288
9504 4 2 100 26 1895 1690 1832 2861
9505 4 2 100 26 2228 2910 2731 2984
9506 4 2 100 26 1016 1212 2040 2759
9507 4 2 100 26 2596 2920 2053 3399
9508 4 2 100 26 1194 2688 1193 3096
9509 4 2 100 26 2550 2896 2715 2911
9510 4 2 100 26 2272 1016 2040 2759
9511 4 2 100 26 2590 2514 2963 3065
9512 4 2 100 26 2593 602 2949 3256
9513 4 2 100 26 2575 3200 2970 3356
9514 4 2 100 26 700 698 2807 3322
9515 4 2 100 26 2610 898 2921 3273
9516 4 2 100 26 2346 2120 3313 3324
9517 4 2 100 26 1552 2748 501 3314
9518 4 2 100 26 2155 2414 2360 2887
9519 4 2 100 26 2093 2330 3011 3206
9520 4 2 100 26 1222 2743 3016 3318
9521 4 2 100 26 2606 1379 2881 3223
9522 4 2 100 26 2411 2670 2846 3127
9523 4 2 100 26 1290 1394 2674 3028
9524 4 2 100 26 1712 2835 2558 2978
9525 4 2 100 26 1055 1052 1054 2673
9526 4 2 100 26 1344 2918 1236 2983
9527 4 2 100 26 875 2740 2917 3279
9528 4 2 100 26 1190 2857 1186 2961
9529 4 2 100 26 2151 2875 2623 3196
9530 4 2 100 26 1894 1834 3051 3239
9531 4 2 100 26 2562 2516 2826 2950
9532 4 2 100 26 2668 2797 2504 2811
9533 4 2 100 26 2658 3021 2912 3154
9534 4 2 100 26 2236 2647 2988 3345
9535 4 2 100 26 2599 2863 2538 2907
9536 4 2 100 26 2394 2769 2287 3217
9537 4 2 100 26 2743 2486 3016 3318
9538 4 2 100 26 1136 2686 1134 2999
9539 4 2 100 26 1942 2837 1941 3180
9540 4 2 100 26 2362 2136 2374 2889
9541 4 2 100 26 833 2928 2728 3312
9542 4 2 100 26 2528 3069 2858 3149
9543 4 2 100 26 2549 2874 2849 3214
9544 4 2 100 26 1606 2599 2885 3284
9545 4 2 100 26 1993 2395 2182 2715
9546 4 2 100 26 2660 3001 2783 3262
9547 4 2 100 26 1556 1557 1558 2940
9548 4 2 100 26 1298 1375 2692 3204
9549 4 2 100 26 2699 2891 908 3222
9550 4 2 100 26 876 2623 2876 3196
9551 4 2 100 26 729 3125 2731 3158
9552 4 2 100 26 2598 2953 2378 3313
9553 4 2 100 26 1402 2762 1404 2851
9554 4 2 100 26 1878 1875 2761 2850
9555 4 2 100 26 2752 3090 2654 3389
9556 4 2 100 26 2244 2385 2823 3109
9557 4 2 100 26 1633 2868 2684 3236
9558 4 2 100 26 2409 2874 2396 3036
9559 4 2 100 26 2486 2902 2743 2964
9560 4 2 100 26 2340 2742 2187 2926
9561 4 2 100 26 877 2701 479 3196
9562 4 2 100 26 1864 2894 1728 2948
9563 4 2 100 26 843 2704 438 3216
9564 4 2 100 26 1754 3051 1866 3254
9565 4 2 100 26 1140 2671 3062 3189
9566 4 2 100 26 2370 2916 2135 2953
9567 4 2 100 26 1231 2797 2668 3012
9568 4 2 100 26 1839 1764 1442 2702
9569 4 2 100 26 2402 2142 2388 2957
9570 4 2 100 26 2662 3058 2915 3177
9571 4 2 100 26 2225 3075 2621 3319
9572 4 2 100 26 2149 2862 2152 3204
9573 4 2 100 26 2199 2276 2838 3246
9574 4 2 100 26 1645 1639 1643 2873
9575 4 2 100 26 2622 2795 2510 3065
9576 4 2 100 26 2683 2895 2522 3167
9577 4 2 100 26 2521 2958 2829 3132
9578 4 2 100 26 816 843 438 3216
9579 4 2 100 26 2686 2873 2492 3013
9580 4 2 100 26 1057 1059 2783 3262
9581 4 2 100 26 1536 2696 1535 3067
9582 4 2 100 26 2359 2923 2740 3279
9583 4 2 100 26 1080 2697 1082 3111
9584 4 2 100 26 1856 3311 2803 3320
9585 4 2 100 26 1987 474 2742 3217
9586 4 2 100 26 1557 2840 1558 2940
9587 4 2 100 26 1064 2886 1365 2939
9588 4 2 100 26 1863 2695 1826 3100
9589 4 2 100 26 2644 3230 831 3267
9590 4 2 100 26 2649 3011 1405 3206
9591 4 2 100 26 1186 2652 3129 3373
9592 4 2 100 26 2538 2863 3079 3264
9593 4 2 100 26 2053 2920 2596 3134
9594 4 2 100 26 2755 3092 2669 3391
9595 4 2 100 26 2875 3066 2533 3249
9596 4 2 100 26 2642 3083 3077 3164
9597 4 2 100 26 2499 2808 2664 2814
9598 4 2 100 26 1408 1405 2942 3011
9599 4 2 100 26 489 1961 771 3116
9600 4 2 100 26 853 2677 697 3018
9601 4 2 100 26 939 2673 1055 3186
9602 4 2 100 26 1133 1135 1134 2843
9603 4 2 100 26 1846 1506 1771 2720
9604 4 2 100 26 2628 1598 2894 3295
9605 4 2 100 26 1522 1892 2884 2938
9606 4 2 100 26 588 2870 586 3219
9607 4 2 100 26 2550 3099 2896 3258
9608 4 2 100 26 2359 2623 2923 3279
9609 4 2 100 26 1426 1327 2680 3385
9610 4 2 100 26 888 3212 2573 3303
9611 4 2 100 26 1945 1959 3061 3337
9612 4 2 100 26 1658 1655 2895 3179
9613 4 2 100 26 2136 2155 2360 2889
9614 4 2 100 26 1671 1832 2856 3215
9615 4 2 100 26 1941 2726 1937 3180
9616 4 2 100 26 1076 2878 2607 3290
9617 4 2 100 26 2378 2953 2598 3278
9618 4 2 100 26 2588 2516 2996 3107
9619 4 2 100 26 2525 2723 3047 3143
9620 4 2 100 26 2440 2577 2067 3201
9621 4 2 100 26 1407 1406 2842 3193
9622 4 2 100 26 2895 2992 2522 3391
9623 4 2 100 26 2736 2893 1092 2952
9624 4 2 100 26 857 689 2751 3135
9625 4 2 100 26 1667 2607 2880 3290
9626 4 2 100 26 2511 2790 2593 2824
9627 4 2 100 26 2617 2918 1235 3374
9628 4 2 100 26 2486 2796 2629 3050
9629 4 2 100 26 2377 2877 2367 3222
9630 4 2 100 26 3052 3208 2565 3259
9631 4 2 100 26 2738 2916 2132 3274
9632 4 2 100 26 936 2745 1785 3332
9633 4 2 100 26 1689 1826 2861 3220
9634 4 2 100 26 2317 2689 2025 3193
9635 4 2 100 26 2737 2934 2361 3173
9636 4 2 100 26 1203 2924 2709 3265
9637 4 2 100 26 1849 3024 2704 3112
9638 4 2 100 26 1272 2754 1321 3277
9639 4 2 100 26 2226 2283 2369 2779
9640 4 2 100 26 2504 3126 2668 3131
9641 4 2 100 26 2187 2611 2926 3288
9642 4 2 100 26 849 2676 3143 3351
9643 4 2 100 26 1086 2705 2883 3250
9644 4 2 100 26 2744 2811 2234 3131
9645 4 2 100 26 873 871 575 2945
9646 4 2 100 26 2721 3203 2012 3260
9647 4 2 100 26 2604 3000 642 3394
9648 4 2 100 26 1464 1652 1912 2904
9649 4 2 100 26 671 2728 2849 3036
9650 4 2 100 26 1598 2628 1830 3295
9651 4 2 100 26 2436 2455 2434 2765
9652 4 2 100 26 2606 2865 2545 2881
9653 4 2 100 26 1615 2909 2603 3261
9654 4 2 100 26 582 584 2867 3220
9655 4 2 100 26 2236 2988 2966 3345
9656 4 2 100 26 1549 2655 3067 3385
9657 4 2 100 26 2433 953 2741 3181
9658 4 2 100 26 1601 2915 1600 2990
9659 4 2 100 26 2828 3181 1297 3349
9660 4 2 100 26 733 2744 742 2847
9661 4 2 100 26 618 2636 2982 3123
9662 4 2 100 26 2522 3130 2683 3167
9663 4 2 100 26 1529 3101 2841 3226
9664 4 2 100 26 2609 2132 2916 3274
9665 4 2 100 26 2099 2981 2635 3124
9666 4 2 100 26 1615 2603 2909 3269
9667 4 2 100 26 1243 1198 2632 3153
9668 4 2 100 26 2598 2825 2802 3078
9669 4 2 100 26 2488 2753 3106 3151
9670 4 2 100 26 517 746 610 2693
9671 4 2 100 26 2624 2868 2527 2873
9672 4 2 100 26 1600 2915 1604 2990
9673 4 2 100 26 2087 2430 2072 3162
9674 4 2 100 26 1130 1128 2858 3236
9675 4 2 100 26 2642 2807 2526 3178
9676 4 2 100 26 2508 2720 2892 3258
9677 4 2 100 26 2660 1057 3001 3262
9678 4 2 100 26 2597 2513 2997 3380
9679 4 2 100 26 1964 2701 2428 3196
9680 4 2 100 26 1057 1326 2660 3001
9681 4 2 100 26 2151 2623 2359 3279
9682 4 2 100 26 1893 2872 2705 3250
9683 4 2 100 26 2574 3198 2429 3294
9684 4 2 100 26 1684 2860 1683 3219
9685 4 2 100 26 1343 2918 2735 3156
9686 4 2 100 26 2030 1293 2746 3343
9687 4 2 100 26 1385 1278 974 2718
9688 4 2 100 26 2869 3058 2662 3310
9689 4 2 100 26 1304 2712 1380 3223
9690 4 2 100 26 1298 977 1375 3204
9691 4 2 100 26 2623 3066 2875 3249
9692 4 2 100 26 594 2897 2717 2944
9693 4 2 100 26 1271 1321 987 3229
9694 4 2 100 26 3092 3148 2755 3400
9695 4 2 100 26 2635 3124 2746 3343
9696 4 2 100 26 2250 2916 2738 2953
9697 4 2 100 26 1776 514 2747 3340
9698 4 2 100 26 892 890 603 2949
9699 4 2 100 26 2747 3123 2636 3340
9700 4 2 100 26 1090 2893 2736 3295
9701 4 2 100 26 747 2691 630 3184
9702 4 2 100 26 1720 3138 2656 3375
9703 4 2 100 26 2525 3143 2954 3359
9704 4 2 100 26 1423 1057 2783 3001
9705 4 2 100 26 2758 2832 1802 3105
9706 4 2 100 26 2604 642 2974 3227
9707 4 2 100 26 1656 1659 1661 3311
9708 4 2 100 26 1901 2671 1930 3185
9709 4 2 100 26 2356 2617 2381 3305
9710 4 2 100 26 2215 3136 2753 3194
9711 4 2 100 26 2662 2905 2813 3310
9712 4 2 100 26 1798 1576 2763 2826
9713 4 2 100 26 2619 2486 2954 3202
9714 4 2 100 26 694 2348 1967 3165
9715 4 2 100 26 2130 2408 2410 3054
9716 4 2 100 26 2367 2699 1977 3222
9717 4 2 100 26 807 2699 908 3222
9718 4 2 100 26 1895 2697 1832 3111
9719 4 2 100 26 1876 1622 2912 3154
9720 4 2 100 26 2656 2518 3031 3225
9721 4 2 100 26 2640 2696 2515 2975
9722 4 2 100 26 1846 1587 1801 2914
9723 4 2 100 26 1780 1176 2732 3200
9724 4 2 100 26 1529 2653 3101 3226
9725 4 2 100 26 1530 1532 2804 2805
9726 4 2 100 26 1215 2902 1216 2964
9727 4 2 100 26 2236 2988 2647 3131
9728 4 2 100 26 2487 2756 2679 3129
9729 4 2 100 26 1134 2686 1005 3221
9730 4 2 100 26 1391 2721 1390 3203
9731 4 2 100 26 542 2577 796 3393
9732 4 2 100 26 2069 2595 2038 3349
9733 4 2 100 26 2317 2853 2689 3193
9734 4 2 100 26 1564 1908 2972 3170
9735 4 2 100 26 2069 2066 2038 2595
9736 4 2 100 26 596 2589 2944 3252
9737 4 2 100 26 1086 2883 1088 3250
9738 4 2 100 26 1203 1206 2899 2924
9739 4 2 100 26 478 2716 882 3224
9740 4 2 100 26 1343 1236 1344 2918
9741 4 2 100 26 2523 2986 2871 3054
9742 4 2 100 26 1849 1844 3024 3112
9743 4 2 100 26 2679 3113 1699 3263
9744 4 2 100 26 1173 1591 2736 3199
9745 4 2 100 26 2774 3138 2656 3141
9746 4 2 100 26 2523 2649 3026 3127
9747 4 2 100 26 2641 3110 2857 3370
9748 4 2 100 26 2178 2179 2176 2896
9749 4 2 100 26 2301 2317 2025 3193
9750 4 2 100 26 692 690 2959 3135
9751 4 2 100 26 1194 2688 1004 3246
9752 4 2 100 26 1788 1658 1655 2895
9753 4 2 100 26 2394 2769 3217 3324
9754 4 2 100 26 1643 1460 2686 3221
9755 4 2 100 26 2197 2199 2632 3347
9756 4 2 100 26 1243 2632 1198 3347
9757 4 2 100 26 2532 3064 2850 3233
9758 4 2 100 26 2009 2688 2276 3246
9759 4 2 100 26 2455 2436 2083 3257
9760 4 2 100 26 2568 2826 2516 2950
9761 4 2 100 26 1566 1557 1555 2940
9762 4 2 100 26 844 734 843 2847
9763 4 2 100 26 1216 1219 1220 3401
9764 4 2 100 26 2602 2814 2544 3070
9765 4 2 100 26 800 877 479 3196
9766 4 2 100 26 2561 2840 2639 3137
9767 4 2 100 26 835 929 925 3148
9768 4 2 100 26 2763 2826 1576 3107
9769 4 2 100 26 2448 2433 953 2741
9770 4 2 100 26 2393 2964 2400 3202
9771 4 2 100 26 1643 2686 1644 3013
9772 4 2 100 26 2565 2795 2510 2830
9773 4 2 100 26 503 726 3165 3395
9774 4 2 100 26 1913 1554 2940 3105
9775 4 2 100 26 2736 2894 1598 3295
9776 4 2 100 26 2549 2849 2874 3036
9777 4 2 100 26 2510 2590 2994 3065
9778 4 2 100 26 2360 2716 2414 3275
9779 4 2 100 26 2377 2625 2877 3222
9780 4 2 100 26 914 908 2891 3222
9781 4 2 100 26 654 501 2748 3314
9782 4 2 100 26 868 3198 2574 3300
9783 4 2 100 26 2190 2357 2108 2879
9784 4 2 100 26 3006 3171 2626 3361
9785 4 2 100 26 921 550 552 2682
9786 4 2 100 26 2558 2780 2518 2833
9787 4 2 100 26 2141 2586 2957 3248
9788 4 2 100 26 2721 2970 1390 3260
9789 4 2 100 26 1711 1710 1709 3119
9790 4 2 100 26 2488 2576 2755 3106
9791 4 2 100 26 2519 2959 2827 3074
9792 4 2 100 26 1078 2607 2845 3215
9793 4 2 100 26 923 2576 3116 3134
9794 4 2 100 26 604 2706 2903 2949
9795 4 2 100 26 1197 3016 1224 3056
9796 4 2 100 26 1154 2758 1153 2830
9797 4 2 100 26 2942 3062 2671 3189
9798 4 2 100 26 976 1304 1380 3223
9799 4 2 100 26 1308 1362 958 2720
9800 4 2 100 26 1706 1726 1477 3146
9801 4 2 100 26 2926 3079 2611 3264
9802 4 2 100 26 2644 1585 2892 3230
9803 4 2 100 26 2384 2814 2404 2965
9804 4 2 100 26 1136 1134 2686 3114
9805 4 2 100 26 2647 3131 2744 3345
9806 4 2 100 26 2140 2708 2145 3291
9807 4 2 100 26 1918 763 1482 2696
9808 4 2 100 26 2594 2996 2516 3107
9809 4 2 100 26 706 864 708 2911
9810 4 2 100 26 1323 2453 1429 2726
9811 4 2 100 26 2197 2632 2199 3210
9812 4 2 100 26 2116 2012 972 3260
9813 4 2 100 26 2583 2169 2960 3244
9814 4 2 100 26 712 2808 711 3074
9815 4 2 100 26 1505 3230 1584 3267
9816 4 2 100 26 2908 3099 2644 3258
9817 4 2 100 26 2557 2901 2796 3003
9818 4 2 100 26 478 882 806 3224
9819 4 2 100 26 2151 2428 2875 3196
9820 4 2 100 26 2578 3207 871 3302
9821 4 2 100 26 2728 2874 2849 3036
9822 4 2 100 26 453 2770 1971 3309
9823 4 2 100 26 2404 2384 2271 2814
9824 4 2 100 26 1136 2686 2999 3114
9825 4 2 100 26 1063 2886 1064 2939
9826 4 2 100 26 1644 2686 1643 3114
9827 4 2 100 26 930 2975 2771 3191
9828 4 2 100 26 1207 2602 2859 3371
9829 4 2 100 26 2691 2854 630 3184
9830 4 2 100 26 2514 2963 2722 3020
9831 4 2 100 26 1162 2680 2937 3082
9832 4 2 100 26 606 2706 604 3218
9833 4 2 100 26 1328 1169 2703 3271
9834 4 2 100 26 576 578 2710 3299
9835 4 2 100 26 965 2689 1406 3193
9836 4 2 100 26 2732 2907 1104 3284
9837 4 2 100 26 2662 1573 3058 3177
9838 4 2 100 26 2358 2633 2392 3280
9839 4 2 100 26 828 444 1654 2895
9840 4 2 100 26 2276 2688 2258 3017
9841 4 2 100 26 2645 2501 2813 3037
9842 4 2 100 26 2703 2898 2627 3099
9843 4 2 100 26 1347 3095 2780 3266
9844 4 2 100 26 568 2584 2956 3239
9845 4 2 100 26 2140 2923 2708 2957
9846 4 2 100 26 1684 2613 2860 3219
9847 4 2 100 26 1273 1239 990 3012
9848 4 2 100 26 1635 2691 1896 3184
9849 4 2 100 26 546 495 545 2805
9850 4 2 100 26 2710 2917 576 2945
9851 4 2 100 26 1265 1194 1004 3246
9852 4 2 100 26 2531 3099 2908 3258
9853 4 2 100 26 2263 2743 1214 2964
9854 4 2 100 26 2354 2668 2238 3012
9855 4 2 100 26 2606 2152 2862 3204
9856 4 2 100 26 2440 2770 2577 3201
9857 4 2 100 26 2495 2636 3021 3154
9858 4 2 100 26 1671 2856 2607 3215
9859 4 2 100 26 1522 2884 1797 2938
9860 4 2 100 26 2560 2510 2832 3005
9861 4 2 100 26 2538 3079 2926 3264
9862 4 2 100 26 2487 2822 2756 3129
9863 4 2 100 26 1040 1424 1294 3349
9864 4 2 100 26 1636 2868 1633 3236
9865 4 2 100 26 1494 1868 1778 2706
9866 4 2 100 26 2274 2009 2276 3246
9867 4 2 100 26 2605 1736 2882 3354
9868 4 2 100 26 2656 2812 2493 3031
9869 4 2 100 26 2230 2731 2910 3158
9870 4 2 100 26 1857 2724 1892 3289
9871 4 2 100 26 1365 2725 1364 3298
9872 4 2 100 26 658 2979 3183 3344
9873 4 2 100 26 1971 2770 453 3393
9874 4 2 100 26 1803 1561 1559 2840
9875 4 2 100 26 2515 2680 2650 3145
9876 4 2 100 26 594 2717 592 3308
9877 4 2 100 26 2511 2802 2598 2825
9878 4 2 100 26 1241 1134 1005 3221
9879 4 2 100 26 1204 1206 1362 2899
9880 4 2 100 26 2600 628 2854 3184
9881 4 2 100 26 2625 914 2891 3222
9882 4 2 100 26 2679 2487 3032 3263
9883 4 2 100 26 1607 3238 2599 3284
9884 4 2 100 26 2599 3238 1106 3284
9885 4 2 100 26 890 2580 3217 3307
9886 4 2 100 26 1349 2630 2978 3318
9887 4 2 100 26 2672 2799 2407 3044
9888 4 2 100 26 2612 2489 3005 3390
9889 4 2 100 26 2497 2571 2943 3025
9890 4 2 100 26 923 3116 771 3134
9891 4 2 100 26 2537 2862 2606 2887
9892 4 2 100 26 2205 2203 2206 2987
9893 4 2 100 26 2621 2812 2731 3175
9894 4 2 100 26 2500 2574 2960 3022
9895 4 2 100 26 1068 3128 1066 3247
9896 4 2 100 26 867 866 566 2932
9897 4 2 100 26 2899 2914 2543 3272
9898 4 2 100 26 1836 3055 2834 3372
9899 4 2 100 26 2573 2498 2944 3029
9900 4 2 100 26 2005 2370 2300 2718
9901 4 2 100 26 2703 2627 2900 3099
9902 4 2 100 26 2614 3276 564 3289
9903 4 2 100 26 2613 2860 2545 2861
9904 4 2 100 26 1921 2722 502 3382
9905 4 2 100 26 1707 1708 1706 3015
9906 4 2 100 26 1280 1371 979 2708
9907 4 2 100 26 700 2749 696 3322
9908 4 2 100 26 2750 3210 2941 3296
9909 4 2 100 26 2177 2271 2298 2814
9910 4 2 100 26 2112 2601 2853 3193
9911 4 2 100 26 1525 2687 2841 3377
9912 4 2 100 26 1805 2764 1649 3213
9913 4 2 100 26 671 2849 916 3036
9914 4 2 100 26 1362 1206 1329 2924
9915 4 2 100 26 2117 2591 2955 3260
9916 4 2 100 26 2491 2770 2800 3201
9917 4 2 100 26 1643 2686 2873 3221
9918 4 2 100 26 2755 3106 2576 3391
9919 4 2 100 26 2388 3207 2578 3297
9920 4 2 100 26 458 872 2995 3321
9921 4 2 100 26 2570 2500 2939 3022
9922 4 2 100 26 1107 1392 1398 2863
9923 4 2 100 26 624 626 625 2816
9924 4 2 100 26 2122 2115 2111 2815
9925 4 2 100 26 1505 1585 1584 3230
9926 4 2 100 26 1231 1227 2668 3139
9927 4 2 100 26 1692 2695 1826 3220
9928 4 2 100 26 1643 1642 1460 3221
9929 4 2 100 26 2126 2799 2124 3392
9930 4 2 100 26 2029 3012 2356 3305
9931 4 2 100 26 1078 2607 3215 3290
9932 4 2 100 26 2487 2751 2651 2834
9933 4 2 100 26 1468 1870 1765 2710
9934 4 2 100 26 1699 2679 1784 3113
9935 4 2 100 26 2574 2500 2956 3022
9936 4 2 100 26 1449 1654 1655 2895
9937 4 2 100 26 2666 2809 2495 2810
9938 4 2 100 26 2571 2497 2947 3025
9939 4 2 100 26 2498 2572 2948 3029
9940 4 2 100 26 2688 2838 2503 3017
9941 4 2 100 26 2812 3031 2656 3175
9942 4 2 100 26 2533 3066 2878 3249
9943 4 2 100 26 2613 1689 2861 3220
9944 4 2 100 26 1138 1139 1140 3189
9945 4 2 100 26 2269 2458 2753 3151
9946 4 2 100 26 2475 2888 2597 3213
9947 4 2 100 26 2501 2567 2823 2996
9948 4 2 100 26 2276 2258 2688 3096
9949 4 2 100 26 2554 2647 2869 3126
9950 4 2 100 26 1032 1649 1432 2764
9951 4 2 100 26 1635 2844 2691 3184
9952 4 2 100 26 2594 3157 2905 3381
9953 4 2 100 26 656 658 3183 3344
9954 4 2 100 26 2168 2165 2361 2934
9955 4 2 100 26 2317 2689 2327 3094
9956 4 2 100 26 635 636 2798 3386
9957 4 2 100 26 510 747 630 3184
9958 4 2 100 26 2015 2339 2305 2711
9959 4 2 100 26 2500 2570 2938 3022
9960 4 2 100 26 2684 2858 2624 2868
9961 4 2 100 26 2669 3106 2522 3179
9962 4 2 100 26 1612 1873 1869 2852
9963 4 2 100 26 2541 2856 2607 2880
9964 4 2 100 26 3107 3355 1572 3381
9965 4 2 100 26 501 1552 765 2748
9966 4 2 100 26 1432 2464 1322 2764
9967 4 2 100 26 2518 2780 2620 2833
9968 4 2 100 26 2159 3271 2616 3298
9969 4 2 100 26 2544 2927 3070 3272
9970 4 2 100 26 2623 2875 2533 3249
9971 4 2 100 26 1544 3147 2618 3358
9972 4 2 100 26 1344 1238 1345 2983
9973 4 2 100 26 2484 2820 2460 3352
9974 4 2 100 26 2534 3079 2852 3264
9975 4 2 100 26 1037 3101 1038 3232
9976 4 2 100 26 2671 2942 2551 3062
9977 4 2 100 26 2514 2821 2674 3243
9978 4 2 100 26 2529 3071 2929 3214
9979 4 2 100 26 1330 2924 1203 3265
9980 4 2 100 26 2556 2991 2989 3110
9981 4 2 100 26 2655 1534 3067 3384
9982 4 2 100 26 2154 2606 2887 3223
9983 4 2 100 26 2607 2845 2533 2878
9984 4 2 100 26 2789 3030 2658 3160
9985 4 2 100 26 2376 2221 2222 3027
9986 4 2 100 26 2655 2904 1043 3385
9987 4 2 100 26 1033 2698 1806 3101
9988 4 2 100 26 2209 2255 2754 3229
9989 4 2 100 26 1912 2804 2653 3226
9990 4 2 100 26 2543 3070 2899 3272
9991 4 2 100 26 2493 2918 2735 2983
9992 4 2 100 26 1893 1830 2872 3250
9993 4 2 100 26 2666 2520 3325 3327
9994 4 2 100 26 1432 2481 2464 2764
9995 4 2 100 26 2578 2497 2957 3025
9996 4 2 100 26 2485 2676 445 3351
9997 4 2 100 26 849 3143 2723 3351
9998 4 2 100 26 2689 2842 2601 2853
9999 4 2 100 26 896 3020 2733 3174
10000 4 2 100 26 2613 586 2870 3219
10001 4 2 100 26 2572 2498 2952 3029
10002 4 2 100 26 2137 2115 2122 2815
10003 4 2 100 26 624 625 623 2816
10004 4 2 100 26 2760 2084 3253 3257
10005 4 2 100 26 2501 2786 2646 2794
10006 4 2 100 26 2605 863 2925 3292
10007 4 2 100 26 630 632 2691 3103
10008 4 2 100 26 2258 3017 2688 3096
10009 4 2 100 26 2755 3116 2753 3194
10010 4 2 100 26 2498 2573 2953 3029
10011 4 2 100 26 2133 2609 2889 3224
10012 4 2 100 26 1843 2566 2675 3119
10013 4 2 100 26 1090 2628 2893 3295
10014 4 2 100 26 584 2613 2867 3220
10015 4 2 100 26 2493 2731 2910 2984
10016 4 2 100 26 988 1281 1259 2836
10017 4 2 100 26 563 565 2724 3289
10018 4 2 100 26 1644 3013 2686 3114
10019 4 2 100 26 2695 2861 2613 2867
10020 4 2 100 26 704 2715 705 3098
10021 4 2 100 26 2629 2796 2486 2901
10022 4 2 100 26 2603 3269 1615 3323
10023 4 2 100 26 1110 3269 2603 3323
10024 4 2 100 26 2396 2162 2163 2874
10025 4 2 100 26 2603 2919 1110 3182
10026 4 2 100 26 2362 2887 2712 3223
10027 4 2 100 26 1195 1194 2801 3056
10028 4 2 100 26 2722 2963 650 3020
10029 4 2 100 26 1321 2754 2783 3262
10030 4 2 100 26 2628 3081 2894 3283
10031 4 2 100 26 2531 2898 2627 2924
10032 4 2 100 26 2353 2211 2213 2793
10033 4 2 100 26 2668 2521 3126 3139
10034 4 2 100 26 2928 3099 2550 3258
10035 4 2 100 26 2487 2822 3077 3378
10036 4 2 100 26 2600 2844 2691 2854
10037 4 2 100 26 2430 2800 2770 3201
10038 4 2 100 26 2117 2034 3078 3260
10039 4 2 100 26 2724 2884 2500 3071
10040 4 2 100 26 1677 1679 3128 3188
10041 4 2 100 26 2632 2838 2199 3210
10042 4 2 100 26 2497 2578 2945 3025
10043 4 2 100 26 1694 1695 1697 3083
10044 4 2 100 26 2112 2853 2317 3193
10045 4 2 100 26 2169 3244 2583 3316
10046 4 2 100 26 2803 2950 2562 3311
10047 4 2 100 26 2189 2340 2926 2955
10048 4 2 100 26 774 2755 3148 3194
10049 4 2 100 26 2521 2646 2958 3132
10050 4 2 100 26 2524 3050 2796 3301
10051 4 2 100 26 2596 2513 2864 3033
10052 4 2 100 26 2238 3012 2668 3131
10053 4 2 100 26 1412 2689 1406 3094
10054 4 2 100 26 2575 2505 2946 3035
10055 4 2 100 26 2058 2661 2059 3399
10056 4 2 100 26 2894 3081 2548 3283
10057 4 2 100 26 2549 2849 2614 3071
10058 4 2 100 26 2442 2045 949 3150
10059 4 2 100 26 706 708 705 2911
10060 4 2 100 26 856 2642 855 3357
10061 4 2 100 26 2748 2936 654 2994
10062 4 2 100 26 2102 2810 2098 3402
10063 4 2 100 26 2551 2972 2671 3062
10064 4 2 100 26 2585 2793 2516 2996
10065 4 2 100 26 506 694 695 3165
10066 4 2 100 26 2556 2857 2641 3110
10067 4 2 100 26 1557 2722 1566 2840
10068 4 2 100 26 1353 2801 3153 3163
10069 4 2 100 26 1850 2720 1846 3190
10070 4 2 100 26 2587 2578 2945 3302
10071 4 2 100 26 2160 2725 2166 3298
10072 4 2 100 26 837 776 836 2905
10073 4 2 100 26 1893 2705 1829 3250
10074 4 2 100 26 2540 3068 2919 3255
10075 4 2 100 26 1692 1826 1513 3220
10076 4 2 100 26 1329 1362 2720 3190
10077 4 2 100 26 1462 1928 1802 2758
10078 4 2 100 26 660 2979 2678 3398
10079 4 2 100 26 1365 1064 1364 2886
10080 4 2 100 26 2515 2931 2581 3122
10081 4 2 100 26 2841 3108 1528 3226
10082 4 2 100 26 2492 3013 2654 3142
10083 4 2 100 26 2436 2765 2434 3259
10084 4 2 100 26 628 630 2854 3184
10085 4 2 100 26 2589 2790 2511 2824
10086 4 2 100 26 1892 1857 1522 2884
10087 4 2 100 26 615 616 2809 3404
10088 4 2 100 26 1811 1836 2922 2998
10089 4 2 100 26 2915 3037 2662 3177
10090 4 2 100 26 2724 2500 2932 3071
10091 4 2 100 26 3020 3174 896 3197
10092 4 2 100 26 2543 2899 2720 2914
10093 4 2 100 26 2515 2559 2931 3122
10094 4 2 100 26 2655 3067 2680 3082
10095 4 2 100 26 2360 2889 2716 3224
10096 4 2 100 26 2576 3106 2753 3151
10097 4 2 100 26 678 519 604 2706
10098 4 2 100 26 2599 1104 2907 3284
10099 4 2 100 26 660 498 662 2678
10100 4 2 100 26 2362 2712 2036 3223
10101 4 2 100 26 912 2798 2672 3044
10102 4 2 100 26 2490 2898 2703 3099
10103 4 2 100 26 2644 3099 2928 3258
10104 4 2 100 26 2089 2795 2450 3253
10105 4 2 100 26 1815 1573 1886 3177
10106 4 2 100 26 656 654 2748 2936
10107 4 2 100 26 1905 1804 1663 2678
10108 4 2 100 26 2505 2575 2970 3035
10109 4 2 100 26 2632 2199 2838 3246
10110 4 2 100 26 2950 3311 2803 3400
10111 4 2 100 26 2861 3076 2545 3281
10112 4 2 100 26 700 696 698 3322
10113 4 2 100 26 2524 2677 3018 3140
10114 4 2 100 26 2167 2165 2168 2960
10115 4 2 100 26 1137 1411 1408 2942
10116 4 2 100 26 1604 1887 2786 3177
10117 4 2 100 26 1774 1864 1501 2717
10118 4 2 100 26 1830 2628 2872 3250
10119 4 2 100 26 2580 2505 2955 3035
10120 4 2 100 26 2637 3073 2520 3118
10121 4 2 100 26 2441 2331 2417 2819
10122 4 2 100 26 1714 2558 2833 3266
10123 4 2 100 26 2429 2167 2168 2960
10124 4 2 100 26 2443 2046 485 3352
10125 4 2 100 26 463 2670 905 3002
10126 4 2 100 26 1112 3182 2789 3323
10127 4 2 100 26 875 873 577 2917
10128 4 2 100 26 1449 828 2669 3092
10129 4 2 100 26 2624 1130 2858 3236
10130 4 2 100 26 1842 2834 1840 3055
10131 4 2 100 26 2613 3076 2861 3281
10132 4 2 100 26 2269 3151 2754 3229
10133 4 2 100 26 2552 2637 2912 3118
10134 4 2 100 26 1295 2721 1390 3260
10135 4 2 100 26 2665 2817 2509 3115
10136 4 2 100 26 2546 3016 3050 3140
10137 4 2 100 26 900 611 898 2921
10138 4 2 100 26 926 542 796 3393
10139 4 2 100 26 528 576 679 2710
10140 4 2 100 26 2505 2580 2949 3035
10141 4 2 100 26 2244 2389 2385 3109
10142 4 2 100 26 632 2891 3103 3386
10143 4 2 100 26 2375 2381 2229 2910
10144 4 2 100 26 2573 2589 2944 3303
10145 4 2 100 26 1524 1525 1526 2841
10146 4 2 100 26 2436 3052 2088 3257
10147 4 2 100 26 2614 2884 2529 2929
10148 4 2 100 26 2157 2367 1977 3222
10149 4 2 100 26 807 908 467 3222
10150 4 2 100 26 594 523 675 2717
10151 4 2 100 26 2493 2983 2620 3031
10152 4 2 100 26 2012 2345 2721 3260
10153 4 2 100 26 2154 2887 2362 3223
10154 4 2 100 26 2497 2734 2878 2943
10155 4 2 100 26 2583 2574 2960 3294
10156 4 2 100 26 2186 3240 2611 3288
10157 4 2 100 26 2139 2016 2140 2708
10158 4 2 100 26 1609 1608 2885 2946
10159 4 2 100 26 2504 3024 2638 3126
10160 4 2 100 26 2533 2875 2623 2923
10161 4 2 100 26 2794 3088 2646 3369
10162 4 2 100 26 2578 2586 2957 3297
10163 4 2 100 26 1162 1046 1426 3082
10164 4 2 100 26 1075 2878 1074 2943
10165 4 2 100 26 1831 2972 1858 3000
10166 4 2 100 26 2701 2875 2623 2876
10167 4 2 100 26 2497 2880 2734 2947
10168 4 2 100 26 2548 2866 2609 2897
10169 4 2 100 26 566 567 867 2956
10170 4 2 100 26 2509 3026 2604 3170
10171 4 2 100 26 2647 3019 2504 3126
10172 4 2 100 26 1668 1666 2880 2947
10173 4 2 100 26 2091 2846 2094 3366
10174 4 2 100 26 1404 2851 2762 3363
10175 4 2 100 26 2761 2850 1875 3362
10176 4 2 100 26 2574 2584 2956 3300
10177 4 2 100 26 2545 3076 2881 3281
10178 4 2 100 26 2238 2811 3012 3131
10179 4 2 100 26 649 650 2963 3020
10180 4 2 100 26 3133 3229 1270 3262
10181 4 2 100 26 2219 2779 3075 3286
10182 4 2 100 26 1891 3276 2614 3289
10183 4 2 100 26 2271 2384 2298 2814
10184 4 2 100 26 2609 2889 2536 2916
10185 4 2 100 26 2504 2647 3126 3131
10186 4 2 100 26 2039 2665 1299 3206
10187 4 2 100 26 1991 2360 2716 3224
10188 4 2 100 26 2770 2800 2430 3162
10189 4 2 100 26 1102 2907 2732 2970
10190 4 2 100 26 2560 3183 2979 3344
10191 4 2 100 26 1529 1912 1652 2653
10192 4 2 100 26 2609 3224 2133 3274
10193 4 2 100 26 2327 3094 2877 3392
10194 4 2 100 26 2210 2592 2211 3277
10195 4 2 100 26 2871 2974 2523 3090
10196 4 2 100 26 1331 1169 1167 2898
10197 4 2 100 26 2401 2179 2395 2896
10198 4 2 100 26 2540 2810 2610 3402
10199 4 2 100 26 2637 2976 2496 3118
10200 4 2 100 26 2523 2974 2871 3227
10201 4 2 100 26 2626 3171 2483 3361
10202 4 2 100 26 1597 1728 2894 2948
10203 4 2 100 26 892 605 893 2903
10204 4 2 100 26 2673 3014 1731 3167
10205 4 2 100 26 1259 1272 2592 3209
10206 4 2 100 26 671 830 915 2728
10207 4 2 100 26 2296 767 2744 3345
10208 4 2 100 26 2593 2580 2949 3307
10209 4 2 100 26 2716 2866 2609 2889
10210 4 2 100 26 1671 3215 2607 3290
10211 4 2 100 26 2289 2094 2091 2846
10212 4 2 100 26 2495 2775 2658 2789
10213 4 2 100 26 2493 2774 2656 3141
10214 4 2 100 26 1203 1206 1204 2899
10215 4 2 100 26 991 2653 1039 3101
10216 4 2 100 26 2514 2819 2733 3091
10217 4 2 100 26 2486 2558 2902 2954
10218 4 2 100 26 2397 2815 2403 2962
10219 4 2 100 26 906 904 2816 2962
10220 4 2 100 26 2360 2133 2889 3224
10221 4 2 100 26 2760 3253 2795 3257
10222 4 2 100 26 2616 3271 1414 3298
10223 4 2 100 26 1088 3250 2628 3295
10224 4 2 100 26 2621 2984 2493 3031
10225 4 2 100 26 2405 2610 2933 3273
10226 4 2 100 26 1636 2624 2868 3236
10227 4 2 100 26 2610 2809 2535 3404
10228 4 2 100 26 459 878 790 2760
10229 4 2 100 26 2599 2885 2732 3079
10230 4 2 100 26 2575 2946 2732 3200
10231 4 2 100 26 2679 2922 2556 3113
10232 4 2 100 26 2074 2433 2741 3181
10233 4 2 100 26 1618 1620 1881 3154
10234 4 2 100 26 2596 2513 3033 3130
10235 4 2 100 26 1524 2841 2698 3377
10236 4 2 100 26 2624 1638 2873 3221
10237 4 2 100 26 2591 2802 2511 2825
10238 4 2 100 26 1635 1899 2844 3184
10239 4 2 100 26 797 2297 2742 3288
10240 4 2 100 26 1656 1657 2803 3179
10241 4 2 100 26 1294 1040 2595 3150
10242 4 2 100 26 2628 1088 2883 3250
10243 4 2 100 26 2712 2881 2606 2887
10244 4 2 100 26 1453 2697 1832 3215
10245 4 2 100 26 2075 2931 2741 3007
10246 4 2 100 26 1643 2873 1638 3221
10247 4 2 100 26 2328 2627 2900 3237
10248 4 2 100 26 2505 2885 2732 2946
10249 4 2 100 26 1552 501 1903 3314
10250 4 2 100 26 2548 3081 2866 3283
10251 4 2 100 26 709 710 707 2808
10252 4 2 100 26 2578 2957 2740 3207
10253 4 2 100 26 1319 3011 2330 3206
10254 4 2 100 26 2424 2382 3210 3287
10255 4 2 100 26 2656 2774 2493 2812
10256 4 2 100 26 638 3000 2654 3389
10257 4 2 100 26 2397 2113 2115 2815
10258 4 2 100 26 625 627 906 2816
10259 4 2 100 26 2736 2948 2572 3199
10260 4 2 100 26 782 1968 2740 3279
10261 4 2 100 26 1042 1039 991 2653
10262 4 2 100 26 2599 2732 2907 3079
10263 4 2 100 26 2603 1110 2919 3269
10264 4 2 100 26 2498 2736 2894 2948
10265 4 2 100 26 2527 2868 2624 3069
10266 4 2 100 26 1228 2958 1226 3139
10267 4 2 100 26 1343 2918 3156 3374
10268 4 2 100 26 1731 3014 2673 3186
10269 4 2 100 26 2658 2775 2495 3154
10270 4 2 100 26 2765 3121 2434 3259
10271 4 2 100 26 440 847 3138 3375
10272 4 2 100 26 839 755 840 3157
10273 4 2 100 26 2958 2990 2638 3332
10274 4 2 100 26 1330 2627 2924 3265
10275 4 2 100 26 2616 3071 2886 3214
10276 4 2 100 26 2574 2956 2737 3198
10277 4 2 100 26 1346 2780 1347 3095
10278 4 2 100 26 1353 3023 2801 3163
10279 4 2 100 26 1115 1113 1397 2789
10280 4 2 100 26 2625 2798 2527 3386
10281 4 2 100 26 2498 2897 2738 2944
10282 4 2 100 26 506 696 2749 3322
10283 4 2 100 26 2093 2649 2986 3127
10284 4 2 100 26 2344 1964 2428 3196
10285 4 2 100 26 2656 3031 2493 3141
10286 4 2 100 26 885 593 887 2897
10287 4 2 100 26 1377 3168 2830 3172
10288 4 2 100 26 2485 3334 1845 3335
10289 4 2 100 26 2597 2888 1579 3213
10290 4 2 100 26 1847 3047 2835 3192
10291 4 2 100 26 2646 2990 2958 3369
10292 4 2 100 26 565 2932 2724 2956
10293 4 2 100 26 2853 3064 2601 3233
10294 4 2 100 26 2175 2602 2927 3282
10295 4 2 100 26 2567 2793 2585 2996
10296 4 2 100 26 1735 1736 2757 2882
10297 4 2 100 26 2065 2726 2045 3150
10298 4 2 100 26 1955 1947 1034 2726
10299 4 2 100 26 2249 2362 2036 3223
10300 4 2 100 26 2490 2703 2900 3099
10301 4 2 100 26 1798 2826 2763 3387
10302 4 2 100 26 2726 2837 2517 3180
10303 4 2 100 26 2229 2375 2910 2984
10304 4 2 100 26 2233 2232 2231 2811
10305 4 2 100 26 2773 2979 1905 3315
10306 4 2 100 26 2270 2814 2759 3205
10307 4 2 100 26 2869 2966 2645 2988
10308 4 2 100 26 1601 1602 2915 3024
10309 4 2 100 26 711 2664 2808 2965
10310 4 2 100 26 2669 3092 2755 3400
10311 4 2 100 26 2197 2750 3010 3347
10312 4 2 100 26 2383 3217 2580 3324
10313 4 2 100 26 2151 3196 2623 3279
10314 4 2 100 26 2488 2783 2660 2803
10315 4 2 100 26 2605 3292 1742 3354
10316 4 2 100 26 2498 2893 2736 2952
10317 4 2 100 26 2381 2729 2375 3305
10318 4 2 100 26 2166 2725 2934 2960
10319 4 2 100 26 2403 2397 2115 2815
10320 4 2 100 26 904 625 906 2816
10321 4 2 100 26 1809 1731 1909 3167
10322 4 2 100 26 2482 3213 2597 3361
10323 4 2 100 26 2737 2960 2574 3198
10324 4 2 100 26 2422 2212 2215 3136
10325 4 2 100 26 884 886 651 2963
10326 4 2 100 26 1852 1849 1794 2848
10327 4 2 100 26 2270 2271 2177 2814
10328 4 2 100 26 2056 3133 2058 3399
10329 4 2 100 26 630 2691 747 3103
10330 4 2 100 26 593 2897 594 2944
10331 4 2 100 26 2687 2841 2517 2980
10332 4 2 100 26 738 2869 739 3019
10333 4 2 100 26 1156 1157 1158 3208
10334 4 2 100 26 1092 2893 1091 2952
10335 4 2 100 26 718 3286 2831 3359
10336 4 2 100 26 2778 3176 2995 3321
10337 4 2 100 26 1683 2694 1827 3104
10338 4 2 100 26 2435 1972 794 2771
10339 4 2 100 26 2643 2999 2492 3142
10340 4 2 100 26 2526 2807 2642 3164
10341 4 2 100 26 1546 2832 2758 3358
10342 4 2 100 26 1920 673 504 3382
10343 4 2 100 26 1708 3015 1707 3119
10344 4 2 100 26 2801 3056 2503 3140
10345 4 2 100 26 1516 2687 535 3108
10346 4 2 100 26 2722 2514 3020 3137
10347 4 2 100 26 2496 2977 2634 3118
10348 4 2 100 26 835 3092 2568 3148
10349 4 2 100 26 2125 2124 2739 3392
10350 4 2 100 26 962 1164 2681 3040
10351 4 2 100 26 1991 2303 2360 3224
10352 4 2 100 26 2250 2135 2916 2953
10353 4 2 100 26 887 593 595 2944
10354 4 2 100 26 2241 2242 2243 3059
10355 4 2 100 26 2564 2650 2937 3376
10356 4 2 100 26 1257 1334 2794 3132
10357 4 2 100 26 2611 3240 894 3288
10358 4 2 100 26 1117 2913 1118 3160
10359 4 2 100 26 2841 3101 2653 3226
10360 4 2 100 26 1652 1529 2653 3101
10361 4 2 100 26 1529 1912 2653 3226
10362 4 2 100 26 2488 2950 2803 3400
10363 4 2 100 26 2105 2098 2746 3402
10364 4 2 100 26 715 521 705 2715
10365 4 2 100 26 1905 2678 2979 3364
10366 4 2 100 26 755 754 2781 3157
10367 4 2 100 26 471 795 2285 3039
10368 4 2 100 26 2602 2899 2543 3070
10369 4 2 100 26 1234 2918 2729 2983
10370 4 2 100 26 2839 2981 2520 3072
10371 4 2 100 26 2520 2982 2839 3073
10372 4 2 100 26 883 3224 2609 3274
10373 4 2 100 26 2827 3008 2206 3280
10374 4 2 100 26 2286 791 3039 3273
10375 4 2 100 26 1207 1209 2759 2859
10376 4 2 100 26 1123 1402 1404 2851
10377 4 2 100 26 1878 1628 1875 2850
10378 4 2 100 26 2285 1985 471 3039
10379 4 2 100 26 2580 2591 2955 3324
10380 4 2 100 26 1202 3282 2602 3371
10381 4 2 100 26 2602 3282 2175 3371
10382 4 2 100 26 2581 2800 2491 3122
10383 4 2 100 26 731 733 2847 3125
10384 4 2 100 26 1234 2729 1235 3305
10385 4 2 100 26 2781 2793 2585 3211
10386 4 2 100 26 2867 3076 2613 3281
10387 4 2 100 26 1319 1405 3011 3206
10388 4 2 100 26 2144 2142 2402 2957
10389 4 2 100 26 1000 2730 1568 3368
10390 4 2 100 26 2104 2373 2399 3072
10391 4 2 100 26 901 621 902 3073
10392 4 2 100 26 620 618 2968 2982
10393 4 2 100 26 2103 2969 2099 2981
10394 4 2 100 26 2595 2906 2066 3150
10395 4 2 100 26 614 2747 616 3404
10396 4 2 100 26 1306 946 1351 3146
10397 4 2 100 26 1152 1153 1154 2758
10398 4 2 100 26 2362 2712 2374 3102
10399 4 2 100 26 2211 2265 2001 2836
10400 4 2 100 26 2569 3148 2755 3194
10401 4 2 100 26 1405 1403 3189 3206
10402 4 2 100 26 2513 2596 2864 3130
10403 4 2 100 26 2653 3004 2828 3232
10404 4 2 100 26 2215 2753 2343 3194
10405 4 2 100 26 2483 3171 2466 3361
10406 4 2 100 26 1649 2764 1580 3213
10407 4 2 100 26 772 927 2992 3134
10408 4 2 100 26 2390 2663 2389 3059
10409 4 2 100 26 2687 2837 1952 3337
10410 4 2 100 26 1321 3229 2754 3262
10411 4 2 100 26 2399 2667 2403 3072
10412 4 2 100 26 902 904 2667 3073
10413 4 2 100 26 2490 2849 2728 2874
10414 4 2 100 26 1524 1525 2841 3377
10415 4 2 100 26 787 2737 2418 3173
10416 4 2 100 26 1824 1493 1892 2724
10417 4 2 100 26 2447 3134 2053 3268
10418 4 2 100 26 2407 2672 2408 3054
10419 4 2 100 26 1044 2655 1043 3385
10420 4 2 100 26 855 2807 854 3048
10421 4 2 100 26 1839 1740 1738 2989
10422 4 2 100 26 2609 2738 2916 3081
10423 4 2 100 26 2495 2635 3021 3124
10424 4 2 100 26 1054 1055 2673 2971
10425 4 2 100 26 2513 2727 2935 3006
10426 4 2 100 26 2535 2909 3068 3255
10427 4 2 100 26 1540 1539 2650 3145
10428 4 2 100 26 899 897 2666 3123
10429 4 2 100 26 2131 780 2738 3274
10430 4 2 100 26 1952 2837 1959 3337
10431 4 2 100 26 2573 2944 2738 3212
10432 4 2 100 26 1722 1721 1719 3141
10433 4 2 100 26 1360 1210 1208 2991
10434 4 2 100 26 1305 965 1406 3193
10435 4 2 100 26 2513 2997 2683 3167
10436 4 2 100 26 2686 2492 2873 3069
10437 4 2 100 26 2075 2073 2074 2931
10438 4 2 100 26 2757 2882 1736 3354
10439 4 2 100 26 2876 3066 2623 3249
10440 4 2 100 26 1570 1571 1573 2905
10441 4 2 100 26 2524 2675 2566 3119
10442 4 2 100 26 1251 1252 986 3397
10443 4 2 100 26 646 504 673 3382
10444 4 2 100 26 2580 2955 2742 3217
10445 4 2 100 26 2609 2897 2738 3081
10446 4 2 100 26 769 485 921 3268
10447 4 2 100 26 1627 2685 2976 3085
10448 4 2 100 26 1122 2977 2685 3085
10449 4 2 100 26 2189 2926 2345 2955
10450 4 2 100 26 2599 2852 2534 3079
10451 4 2 100 26 2661 2971 2935 3130
10452 4 2 100 26 2465 3171 2764 3361
10453 4 2 100 26 655 654 2936 2994
10454 4 2 100 26 1562 1901 1565 3185
10455 4 2 100 26 2210 3136 2592 3277
10456 4 2 100 26 2586 3297 2792 3367
10457 4 2 100 26 923 823 3116 3391
10458 4 2 100 26 2487 2756 2822 3378
10459 4 2 100 26 2740 2945 2578 3207
10460 4 2 100 26 2505 2732 2907 2970
10461 4 2 100 26 466 1981 2284 3044
10462 4 2 100 26 1981 466 779 3044
10463 4 2 100 26 1156 1158 3147 3208
10464 4 2 100 26 1805 2471 2764 3213
10465 4 2 100 26 517 2693 610 3041
10466 4 2 100 26 2541 2880 3066 3249
10467 4 2 100 26 2683 2772 2513 3033
10468 4 2 100 26 1050 2935 1051 3006
10469 4 2 100 26 1164 1163 2681 3034
10470 4 2 100 26 2631 2989 2499 3110
10471 4 2 100 26 1299 2665 2039 3328
10472 4 2 100 26 2617 2811 2542 3235
10473 4 2 100 26 2803 3311 2562 3320
10474 4 2 100 26 2411 2846 2289 3127
10475 4 2 100 26 2523 3090 2654 3142
10476 4 2 100 26 2789 3030 1112 3323
10477 4 2 100 26 2066 2595 2069 3201
10478 4 2 100 26 2499 2991 2641 3110
10479 4 2 100 26 2197 3210 2750 3347
10480 4 2 100 26 2623 3196 876 3279
10481 4 2 100 26 2803 3001 1856 3320
10482 4 2 100 26 1453 1832 1772 3215
10483 4 2 100 26 2537 3076 2867 3281
10484 4 2 100 26 2236 2239 2966 2988
10485 4 2 100 26 1497 1920 504 2967
10486 4 2 100 26 2497 2923 2740 2957
10487 4 2 100 26 604 2903 605 2949
10488 4 2 100 26 1568 2730 1000 3304
10489 4 2 100 26 2613 2861 2545 3281
10490 4 2 100 26 2537 2887 3076 3281
10491 4 2 100 26 2901 2954 2486 3202
10492 4 2 100 26 2345 2189 2365 2926
10493 4 2 100 26 1207 2859 2759 3371
10494 4 2 100 26 2514 2840 2722 2940
10495 4 2 100 26 2756 3129 2822 3378
10496 4 2 100 26 917 557 441 2683
10497 4 2 100 26 552 550 551 2820
10498 4 2 100 26 903 896 3174 3197
10499 4 2 100 26 2644 667 2928 3267
10500 4 2 100 26 2601 3193 2112 3363
10501 4 2 100 26 2526 3077 2838 3360
10502 4 2 100 26 2498 2738 2916 2953
10503 4 2 100 26 1566 2840 2722 3382
10504 4 2 100 26 2509 2967 2777 3170
10505 4 2 100 26 1253 1337 1338 3152
10506 4 2 100 26 854 2807 698 3322
10507 4 2 100 26 728 2812 732 3175
10508 4 2 100 26 2617 3084 2918 3235
10509 4 2 100 26 2572 2952 2736 3199
10510 4 2 100 26 1449 2669 1656 3092
10511 4 2 100 26 2085 2082 2084 3257
10512 4 2 100 26 628 3184 2600 3362
10513 4 2 100 26 2686 2843 2492 3069
10514 4 2 100 26 2595 2800 2491 2828
10515 4 2 100 26 2503 2657 2785 2801
10516 4 2 100 26 913 2672 912 3090
10517 4 2 100 26 743 2752 1828 3389
10518 4 2 100 26 848 723 847 3175
10519 4 2 100 26 930 822 2771 2975
10520 4 2 100 26 2536 2889 3081 3283
10521 4 2 100 26 2531 2924 3099 3258
10522 4 2 100 26 2008 986 1281 2836
10523 4 2 100 26 2641 2857 2556 2991
10524 4 2 100 26 1536 1535 2696 3145
10525 4 2 100 26 1530 1531 2805 3226
10526 4 2 100 26 2195 2396 1969 2728
10527 4 2 100 26 577 576 2917 2945
10528 4 2 100 26 2347 2222 2220 3027
10529 4 2 100 26 2562 3209 2783 3320
10530 4 2 100 26 2491 2806 2640 3122
10531 4 2 100 26 835 3148 2568 3387
10532 4 2 100 26 2554 2869 2647 3019
10533 4 2 100 26 678 2706 604 3256
10534 4 2 100 26 2624 2858 2528 3069
10535 4 2 100 26 913 639 910 3090
10536 4 2 100 26 2530 3064 2853 3233
10537 4 2 100 26 2197 2750 2198 3010
10538 4 2 100 26 1540 3120 2650 3364
10539 4 2 100 26 2822 3010 1185 3129
10540 4 2 100 26 2826 3311 2568 3387
10541 4 2 100 26 679 2710 576 3254
10542 4 2 100 26 1747 1810 2683 3161
10543 4 2 100 26 692 2959 693 3074
10544 4 2 100 26 2493 2812 2774 3084
10545 4 2 100 26 1633 1632 1631 2844
10546 4 2 100 26 2652 2822 2750 3403
10547 4 2 100 26 883 882 589 2866
10548 4 2 100 26 2016 2140 2708 3248
10549 4 2 100 26 2199 3246 2632 3347
10550 4 2 100 26 2632 3246 1198 3347
10551 4 2 100 26 551 2772 2820 2888
10552 4 2 100 26 2647 2966 2869 2988
10553 4 2 100 26 2513 2727 2673 2935
10554 4 2 100 26 2025 2689 2317 3094
10555 4 2 100 26 2541 3066 2876 3249
10556 4 2 100 26 637 636 638 3090
10557 4 2 100 26 1096 1098 2767 3356
10558 4 2 100 26 675 594 2717 3252
10559 4 2 100 26 2499 2808 2814 3070
10560 4 2 100 26 2382 2941 3210 3287
10561 4 2 100 26 2460 533 549 3352
10562 4 2 100 26 2912 3021 2636 3154
10563 4 2 100 26 2121 2383 2340 2955
10564 4 2 100 26 863 3292 2605 3354
10565 4 2 100 26 2785 2801 2555 3164
10566 4 2 100 26 1263 999 1152 2758
10567 4 2 100 26 1840 2834 1836 3055
10568 4 2 100 26 2642 3048 855 3357
10569 4 2 100 26 1397 1395 1115 3160
10570 4 2 100 26 2538 2863 2599 3079
10571 4 2 100 26 2577 2906 2067 3201
10572 4 2 100 26 2765 3009 2564 3121
10573 4 2 100 26 2458 2214 2269 2753
10574 4 2 100 26 2490 2898 2681 2930
10575 4 2 100 26 1360 2991 2702 3117
10576 4 2 100 26 2519 2959 3074 3110
10577 4 2 100 26 2611 3079 2903 3264
10578 4 2 100 26 1525 1527 1526 2841
10579 4 2 100 26 1661 3092 2568 3387
10580 4 2 100 26 1661 2568 3092 3311
10581 4 2 100 26 2608 3216 844 3331
10582 4 2 100 26 1243 2822 2632 3347
10583 4 2 100 26 1852 3216 2608 3331
10584 4 2 100 26 2704 2848 2504 3024
10585 4 2 100 26 2775 2789 2603 3323
10586 4 2 100 26 1352 2801 1353 3023
10587 4 2 100 26 815 831 3230 3267
10588 4 2 100 26 2497 2740 2917 2945
10589 4 2 100 26 2893 3081 2628 3283
10590 4 2 100 26 2559 2515 2975 3122
10591 4 2 100 26 2509 2777 2671 3170
10592 4 2 100 26 2359 2144 2402 2923
10593 4 2 100 26 2913 2969 2634 2981
10594 4 2 100 26 2637 2968 2912 2982
10595 4 2 100 26 2544 2814 2808 3070
10596 4 2 100 26 2815 2816 2667 2962
10597 4 2 100 26 1519 1590 2681 3040
10598 4 2 100 26 1783 1498 1777 2767
10599 4 2 100 26 1098 1018 1262 2767
10600 4 2 100 26 2382 2392 2200 2941
10601 4 2 100 26 2285 2666 2406 3039
10602 4 2 100 26 899 2666 795 3039
10603 4 2 100 26 856 3055 2751 3357
10604 4 2 100 26 1783 1593 1495 2767
10605 4 2 100 26 1262 1020 1096 2767
10606 4 2 100 26 2519 2959 2651 3135
10607 4 2 100 26 2597 3213 2764 3361
10608 4 2 100 26 2140 2144 2923 2957
10609 4 2 100 26 564 668 666 2849
10610 4 2 100 26 1661 2568 3311 3387
10611 4 2 100 26 2500 2737 2934 2960
10612 4 2 100 26 2841 2980 2687 3108
10613 4 2 100 26 656 655 654 2936
10614 4 2 100 26 1209 1210 1211 2991
10615 4 2 100 26 1777 1593 2767 3348
10616 4 2 100 26 2495 3021 2658 3154
10617 4 2 100 26 2500 2932 2737 2956
10618 4 2 100 26 2652 3129 2822 3403
10619 4 2 100 26 1044 1045 1043 3082
10620 4 2 100 26 1011 3053 1118 3085
10621 4 2 100 26 1473 1623 3053 3085
10622 4 2 100 26 2969 2981 2635 3343
10623 4 2 100 26 2636 2982 2968 3340
10624 4 2 100 26 2505 2742 2903 2949
10625 4 2 100 26 624 623 622 3073
10626 4 2 100 26 2319 2137 2122 3072
10627 4 2 100 26 2505 2926 2742 2955
10628 4 2 100 26 2240 2391 2390 3059
10629 4 2 100 26 2773 2979 2678 3364
10630 4 2 100 26 630 747 632 3103
10631 4 2 100 26 2702 2989 1839 3117
10632 4 2 100 26 2041 3121 956 3259
10633 4 2 100 26 2590 2622 3065 3253
10634 4 2 100 26 2229 2910 2228 2984
10635 4 2 100 26 2189 2121 2340 2955
10636 4 2 100 26 2615 2517 2841 2980
10637 4 2 100 26 2509 2671 2777 2817
10638 4 2 100 26 2444 2784 2048 3383
10639 4 2 100 26 2560 2832 2618 3005
10640 4 2 100 26 981 1365 1285 2725
10641 4 2 100 26 2614 2932 2549 3071
10642 4 2 100 26 2547 2920 2661 3133
10643 4 2 100 26 2632 3077 2838 3210
10644 4 2 100 26 697 854 698 3322
10645 4 2 100 26 2838 3077 2526 3210
10646 4 2 100 26 2641 2991 2556 3110
10647 4 2 100 26 2672 2798 2492 2799
10648 4 2 100 26 2605 3070 2882 3272
10649 4 2 100 26 1375 1378 1081 2865
10650 4 2 100 26 2630 1708 3119 3146
10651 4 2 100 26 2492 2843 2686 2999
10652 4 2 100 26 876 581 877 2876
10653 4 2 100 26 1628 1626 1627 2976
10654 4 2 100 26 1121 1123 1122 2977
10655 4 2 100 26 825 2337 2707 3061
10656 4 2 100 26 2554 3019 2647 3126
10657 4 2 100 26 2557 2954 2901 3202
10658 4 2 100 26 2627 2896 2550 3099
10659 4 2 100 26 895 2809 899 3039
10660 4 2 100 26 2358 2206 3008 3280
10661 4 2 100 26 871 573 2945 3302
10662 4 2 100 26 1388 1390 1101 2970
10663 4 2 100 26 2118 2117 2034 3078
10664 4 2 100 26 2490 2681 2908 2929
10665 4 2 100 26 928 548 2696 2975
10666 4 2 100 26 2668 2811 2504 3131
10667 4 2 100 26 1945 1939 1959 3337
10668 4 2 100 26 2008 1281 2265 2836
10669 4 2 100 26 2831 3286 2557 3359
10670 4 2 100 26 1711 2835 2675 3192
10671 4 2 100 26 2738 2953 2573 3212
10672 4 2 100 26 1049 1051 2764 3006
10673 4 2 100 26 2979 3390 2678 3398
10674 4 2 100 26 1377 3052 2830 3168
10675 4 2 100 26 1683 1687 1827 2872
10676 4 2 100 26 1388 3078 1301 3260
10677 4 2 100 26 2742 2949 2580 3217
10678 4 2 100 26 1942 3061 2837 3180
10679 4 2 100 26 2585 2823 2567 2996
10680 4 2 100 26 566 2932 565 2956
10681 4 2 100 26 1506 2720 1846 3043
10682 4 2 100 26 2345 2955 2721 3260
10683 4 2 100 26 855 698 854 2807
10684 4 2 100 26 2640 2806 2559 3122
10685 4 2 100 26 2568 3092 835 3387
10686 4 2 100 26 838 836 3058 3310
10687 4 2 100 26 2210 2754 2269 3136
10688 4 2 100 26 2448 2074 2433 2741
10689 4 2 100 26 1705 1813 2677 3048
10690 4 2 100 26 1403 1143 1141 2817
10691 4 2 100 26 1040 1294 2595 3349
10692 4 2 100 26 2661 3133 2920 3399
10693 4 2 100 26 482 793 869 2766
10694 4 2 100 26 2281 2416 2019 2766
10695 4 2 100 26 1655 1656 1449 2669
10696 4 2 100 26 1635 2691 1835 3103
10697 4 2 100 26 2515 2931 2559 2975
10698 4 2 100 26 1589 2979 674 3344
10699 4 2 100 26 2093 2649 3127 3206
10700 4 2 100 26 857 2751 856 3055
10701 4 2 100 26 1085 1379 1380 2881
10702 4 2 100 26 923 489 771 3116
10703 4 2 100 26 2524 3015 2677 3140
10704 4 2 100 26 2460 2820 533 3352
10705 4 2 100 26 824 2820 2468 2888
10706 4 2 100 26 1127 1128 1126 2842
10707 4 2 100 26 1676 2818 1675 3051
10708 4 2 100 26 890 601 2949 3307
10709 4 2 100 26 1322 2461 1031 3171
10710 4 2 100 26 2631 3074 2959 3110
10711 4 2 100 26 2415 2670 2411 3127
10712 4 2 100 26 1737 1738 1735 2989
10713 4 2 100 26 1472 1021 2736 3295
10714 4 2 100 26 2662 3037 2869 3310
10715 4 2 100 26 2102 2098 2810 3124
10716 4 2 100 26 2518 2833 2723 3047
10717 4 2 100 26 2536 3081 2893 3283
10718 4 2 100 26 615 2809 616 3123
10719 4 2 100 26 2552 2912 2637 2976
10720 4 2 100 26 2430 2068 2800 3201
10721 4 2 100 26 1576 1796 2763 3381
10722 4 2 100 26 1454 1893 1829 3250
10723 4 2 100 26 1188 1186 2857 3129
10724 4 2 100 26 815 667 831 3267
10725 4 2 100 26 2406 2810 2372 3039
10726 4 2 100 26 1843 2675 1845 3119
10727 4 2 100 26 1270 2971 3133 3262
10728 4 2 100 26 1819 3177 1571 3355
10729 4 2 100 26 1127 1407 1406 2842
10730 4 2 100 26 986 1252 2836 3397
10731 4 2 100 26 2634 2520 2981 3072
10732 4 2 100 26 2520 2637 2982 3073
10733 4 2 100 26 603 605 892 2949
10734 4 2 100 26 2504 2847 2704 3019
10735 4 2 100 26 864 706 863 2925
10736 4 2 100 26 2535 2909 3087 3261
10737 4 2 100 26 2115 2137 2403 2815
10738 4 2 100 26 904 623 625 2816
10739 4 2 100 26 695 3018 2659 3395
10740 4 2 100 26 1229 1231 2797 3139
10741 4 2 100 26 1017 1455 2732 3284
10742 4 2 100 26 1414 1166 1169 2930
10743 4 2 100 26 984 2663 1256 3109
10744 4 2 100 26 2117 2955 2345 3260
10745 4 2 100 26 577 873 575 2945
10746 4 2 100 26 2838 3077 2632 3360
10747 4 2 100 26 2635 2969 2913 2981
10748 4 2 100 26 2912 2968 2636 2982
10749 4 2 100 26 2411 2846 2670 3002
10750 4 2 100 26 1407 3193 2601 3363
10751 4 2 100 26 2935 2971 2673 3130
10752 4 2 100 26 2521 2645 3037 3059
10753 4 2 100 26 2657 2801 2503 3140
10754 4 2 100 26 634 2752 636 3386
10755 4 2 100 26 2520 3072 2634 3118
10756 4 2 100 26 2600 3184 1899 3362
10757 4 2 100 26 1422 1042 991 2904
10758 4 2 100 26 2337 451 825 2707
10759 4 2 100 26 1497 2967 702 3394
10760 4 2 100 26 2363 2733 2338 3091
10761 4 2 100 26 2552 2976 2637 3118
10762 4 2 100 26 2620 2563 2983 3401
10763 4 2 100 26 1873 2693 1753 3041
10764 4 2 100 26 2532 2844 2600 3064
10765 4 2 100 26 1425 1054 1053 2935
10766 4 2 100 26 2491 2595 2828 3004
10767 4 2 100 26 2490 2703 2898 2930
10768 4 2 100 26 2222 2901 2220 3027
10769 4 2 100 26 2221 2901 2222 3027
10770 4 2 100 26 2528 2843 2624 3069
10771 4 2 100 26 1040 2595 3150 3232
10772 4 2 100 26 804 889 475 2769
10773 4 2 100 26 1529 1916 2841 3101
10774 4 2 100 26 2500 2719 2884 2938
10775 4 2 100 26 2477 2475 2820 3361
10776 4 2 100 26 2500 2886 2719 2939
10777 4 2 100 26 1061 2719 1063 3306
10778 4 2 100 26 698 855 701 2807
10779 4 2 100 26 864 831 708 2911
10780 4 2 100 26 2522 2673 3130 3167
10781 4 2 100 26 559 2895 2669 3391
10782 4 2 100 26 2514 2730 2840 2940
10783 4 2 100 26 459 784 879 2760
10784 4 2 100 26 854 2677 808 3048
10785 4 2 100 26 1855 1662 1856 3311
10786 4 2 100 26 475 891 803 2769
10787 4 2 100 26 2958 3126 2521 3139
10788 4 2 100 26 888 2944 597 3303
10789 4 2 100 26 2539 2797 2745 3374
10790 4 2 100 26 2657 3056 2801 3140
10791 4 2 100 26 2046 2682 2049 3352
10792 4 2 100 26 2749 2838 2526 3287
10793 4 2 100 26 1882 808 1813 3048
10794 4 2 100 26 2750 2822 2652 3010
10795 4 2 100 26 2619 2954 2779 3202
10796 4 2 100 26 1026 1500 2734 3290
10797 4 2 100 26 2950 3148 2568 3400
10798 4 2 100 26 2441 2819 2417 3405
10799 4 2 100 26 1193 1197 1224 3056
10800 4 2 100 26 1470 1894 1834 3051
10801 4 2 100 26 1428 2741 1320 2937
10802 4 2 100 26 751 565 531 2724
10803 4 2 100 26 1519 2681 1517 3034
10804 4 2 100 26 1103 2907 1102 2970
10805 4 2 100 26 1223 3016 1350 3318
10806 4 2 100 26 2342 2168 2418 2737
10807 4 2 100 26 2166 2934 2165 2960
10808 4 2 100 26 540 2687 2980 3108
10809 4 2 100 26 2753 3116 2576 3151
10810 4 2 100 26 454 1474 2757 3346
10811 4 2 100 26 2590 2963 2733 3231
10812 4 2 100 26 922 2806 799 3309
10813 4 2 100 26 1243 3153 2822 3378
10814 4 2 100 26 2628 3250 1830 3295
10815 4 2 100 26 2141 2586 3248 3367
10816 4 2 100 26 2649 2523 2986 3127
10817 4 2 100 26 2614 2724 2932 3071
10818 4 2 100 26 802 482 870 2766
10819 4 2 100 26 1635 1896 2691 3103
10820 4 2 100 26 2696 3067 2515 3145
10821 4 2 100 26 2496 2850 2685 2976
10822 4 2 100 26 2496 2685 2851 2977
10823 4 2 100 26 960 2315 1290 3328
10824 4 2 100 26 2526 2838 3164 3360
10825 4 2 100 26 2407 1981 2672 3044
10826 4 2 100 26 912 2672 779 3044
10827 4 2 100 26 1797 2719 1520 3306
10828 4 2 100 26 2003 1290 2315 3328
10829 4 2 100 26 1257 1334 1335 2794
10830 4 2 100 26 952 1360 2702 3117
10831 4 2 100 26 2600 2854 2530 3064
10832 4 2 100 26 2539 2848 2608 3166
10833 4 2 100 26 1992 2413 2281 2766
10834 4 2 100 26 742 2744 767 3345
10835 4 2 100 26 838 2869 740 3310
10836 4 2 100 26 695 2659 3165 3395
10837 4 2 100 26 1376 1155 2830 3208
10838 4 2 100 26 2614 2884 2724 3071
10839 4 2 100 26 1272 1259 2592 3277
10840 4 2 100 26 1970 2172 2166 2725
10841 4 2 100 26 2486 2902 2619 2954
10842 4 2 100 26 2886 3071 2529 3214
10843 4 2 100 26 1949 1946 1951 2698
10844 4 2 100 26 2238 2233 2811 3131
10845 4 2 100 26 927 555 556 3033
10846 4 2 100 26 2124 2128 2129 3054
10847 4 2 100 26 1068 2768 1070 3128
10848 4 2 100 26 1887 2786 1853 3088
10849 4 2 100 26 2445 2064 2906 3180
10850 4 2 100 26 485 769 2443 3268
10851 4 2 100 26 2490 2908 2700 2929
10852 4 2 100 26 2595 2890 2517 2906
10853 4 2 100 26 1068 1070 1242 3128
10854 4 2 100 26 2503 2801 2785 3164
10855 4 2 100 26 1627 1775 2685 3085
10856 4 2 100 26 1248 1122 2685 3085
10857 4 2 100 26 630 632 631 2891
10858 4 2 100 26 1362 2720 1308 3043
10859 4 2 100 26 553 551 534 2888
10860 4 2 100 26 2807 3048 2642 3164
10861 4 2 100 26 2324 2792 3297 3367
10862 4 2 100 26 2552 2685 2976 2977
10863 4 2 100 26 2595 3004 2890 3232
10864 4 2 100 26 2698 2841 1524 3101
10865 4 2 100 26 2276 2688 2009 3096
10866 4 2 100 26 1890 1657 1660 3179
10867 4 2 100 26 1344 1236 1238 2983
10868 4 2 100 26 1764 2702 1839 3117
10869 4 2 100 26 874 659 2778 3183
10870 4 2 100 26 542 3187 2577 3393
10871 4 2 100 26 2903 3079 2534 3264
10872 4 2 100 26 2317 2329 2327 2877
10873 4 2 100 26 561 925 2755 3391
10874 4 2 100 26 557 556 554 2683
10875 4 2 100 26 2753 3116 2343 3194
10876 4 2 100 26 1287 2711 1398 3046
10877 4 2 100 26 1236 2918 1234 2983
10878 4 2 100 26 1643 2686 1460 3114
10879 4 2 100 26 2308 2838 2424 3210
10880 4 2 100 26 2542 2847 2608 3084
10881 4 2 100 26 1295 1390 972 3260
10882 4 2 100 26 895 615 899 2809
10883 4 2 100 26 2041 1286 956 3121
10884 4 2 100 26 2503 3164 2838 3360
10885 4 2 100 26 2143 2388 2957 3297
10886 4 2 100 26 2162 2159 2161 2874
10887 4 2 100 26 711 2664 713 3074
10888 4 2 100 26 2966 2988 2647 3345
10889 4 2 100 26 2587 2945 2578 3025
10890 4 2 100 26 2788 2967 2604 3394
10891 4 2 100 26 2594 3355 3107 3381
10892 4 2 100 26 835 3365 3148 3387
10893 4 2 100 26 2642 3164 3048 3330
10894 4 2 100 26 1005 2686 1134 3114
10895 4 2 100 26 2234 2296 2744 3345
10896 4 2 100 26 2645 2521 2988 3059
10897 4 2 100 26 2674 2819 2514 3091
10898 4 2 100 26 1426 3082 1044 3385
10899 4 2 100 26 2407 2799 2398 3044
10900 4 2 100 26 2590 2963 2648 3065
10901 4 2 100 26 1011 1118 1120 3085
10902 4 2 100 26 1473 1625 1623 3085
10903 4 2 100 26 720 2796 3003 3359
10904 4 2 100 26 2425 1267 2354 3012
10905 4 2 100 26 791 898 895 3273
10906 4 2 100 26 979 2708 1371 3248
10907 4 2 100 26 1696 2785 3023 3163
10908 4 2 100 26 1747 2683 1746 3161
10909 4 2 100 26 1868 2706 1494 3256
10910 4 2 100 26 2333 3007 2075 3396
10911 4 2 100 26 1609 1610 1608 2946
10912 4 2 100 26 1882 449 808 3048
10913 4 2 100 26 2146 2148 2149 2875
10914 4 2 100 26 2395 2715 1993 3063
10915 4 2 100 26 1818 1519 1888 2908
10916 4 2 100 26 2608 2847 2542 3125
10917 4 2 100 26 2539 3084 2848 3235
10918 4 2 100 26 911 2798 912 3044
10919 4 2 100 26 557 2895 558 2992
10920 4 2 100 26 2638 3126 2958 3139
10921 4 2 100 26 2571 2947 2587 3025
10922 4 2 100 26 1589 674 1486 3344
10923 4 2 100 26 2377 2329 2367 2877
10924 4 2 100 26 2499 2882 2702 2989
10925 4 2 100 26 1845 2675 2485 3192
10926 4 2 100 26 2486 3050 3016 3318
10927 4 2 100 26 2026 2334 2048 3042
10928 4 2 100 26 1075 1074 1073 2943
10929 4 2 100 26 1468 1870 2710 3254
10930 4 2 100 26 2574 2956 2584 3022
10931 4 2 100 26 660 2778 659 3183
10932 4 2 100 26 844 845 731 3125
10933 4 2 100 26 2625 2527 2891 3386
10934 4 2 100 26 1332 2741 1428 2937
10935 4 2 100 26 1048 3042 3006 3171
10936 4 2 100 26 929 561 925 2755
10937 4 2 100 26 2015 2339 2711 3046
10938 4 2 100 26 1806 2698 1524 3101
10939 4 2 100 26 2075 3007 2741 3396
10940 4 2 100 26 1668 1670 1666 2947
10941 4 2 100 26 2682 2951 2049 3352
10942 4 2 100 26 1004 2688 1194 3096
10943 4 2 100 26 2339 2364 2190 2879
10944 4 2 100 26 2936 3183 2560 3344
10945 4 2 100 26 1597 1596 1728 2948
10946 4 2 100 26 2411 1976 2138 3002
10947 4 2 100 26 1656 1657 1659 2803
10948 4 2 100 26 1361 1204 1362 2899
10949 4 2 100 26 2551 2972 2654 3142
10950 4 2 100 26 1939 1952 1959 3337
10951 4 2 100 26 1463 994 2680 3329
10952 4 2 100 26 1070 3045 2768 3270
10953 4 2 100 26 2437 2753 2458 3151
10954 4 2 100 26 1155 1154 1153 2830
10955 4 2 100 26 865 2995 2778 3398
10956 4 2 100 26 1330 1022 3237 3265
10957 4 2 100 26 1635 1896 1833 3184
10958 4 2 100 26 2775 3030 2789 3323
10959 4 2 100 26 1546 1802 2758 2832
10960 4 2 100 26 983 1048 1324 3042
10961 4 2 100 26 2124 2123 2739 3333
10962 4 2 100 26 2913 3021 2658 3160
10963 4 2 100 26 756 2813 758 3157
10964 4 2 100 26 2614 2929 2529 3071
10965 4 2 100 26 1725 1724 2848 3166
10966 4 2 100 26 1889 1660 1822 3186
10967 4 2 100 26 1385 2718 974 3278
10968 4 2 100 26 2372 2406 2102 2810
10969 4 2 100 26 1908 2604 3170 3394
10970 4 2 100 26 1680 1522 1797 2938
10971 4 2 100 26 2316 2326 2314 3091
10972 4 2 100 26 2494 2891 2699 3149
10973 4 2 100 26 1975 801 462 3002
10974 4 2 100 26 2138 801 1975 3002
10975 4 2 100 26 1080 1081 1082 2865
10976 4 2 100 26 2942 2986 2643 3011
10977 4 2 100 26 2980 3004 2577 3187
10978 4 2 100 26 2543 2859 2602 3070
10979 4 2 100 26 1074 2734 1076 3290
10980 4 2 100 26 1667 2734 1666 3290
10981 4 2 100 26 2828 3004 2595 3232
10982 4 2 100 26 618 2636 3123 3340
10983 4 2 100 26 2099 3124 2635 3343
10984 4 2 100 26 2030 2746 2098 3343
10985 4 2 100 26 2595 2517 2890 3004
10986 4 2 100 26 1843 2566 1845 2675
10987 4 2 100 26 1559 2777 1560 2973
10988 4 2 100 26 1527 2687 1516 3108
10989 4 2 100 26 540 535 2687 3108
10990 4 2 100 26 616 2747 514 3340
10991 4 2 100 26 1256 1257 2794 3132
10992 4 2 100 26 868 2956 569 3300
10993 4 2 100 26 2343 2753 2437 3116
10994 4 2 100 26 834 930 2771 3191
10995 4 2 100 26 1240 2983 3169 3401
10996 4 2 100 26 1801 1841 1846 2914
10997 4 2 100 26 2545 2865 2606 3076
10998 4 2 100 26 1727 1316 943 2978
10999 4 2 100 26 1540 2650 3120 3329
11000 4 2 100 26 1606 2732 1608 3284
11001 4 2 100 26 1102 2732 1104 3284
11002 4 2 100 26 943 1439 1727 2978
11003 4 2 100 26 2333 3121 2564 3396
11004 4 2 100 26 2844 2854 2600 3064
11005 4 2 100 26 1128 2684 1008 3080
11006 4 2 100 26 2608 2542 3084 3125
11007 4 2 100 26 2723 3047 2833 3225
11008 4 2 100 26 2024 2291 2375 2729
11009 4 2 100 26 2649 2986 2942 3011
11010 4 2 100 26 1939 532 827 3337
11011 4 2 100 26 2615 2980 2841 3108
11012 4 2 100 26 990 1267 2425 3012
11013 4 2 100 26 1523 2698 1949 3377
11014 4 2 100 26 1214 2743 1222 2964
11015 4 2 100 26 2526 3164 3077 3360
11016 4 2 100 26 2654 3013 2752 3389
11017 4 2 100 26 2307 2986 2093 3011
11018 4 2 100 26 1627 2976 1625 3085
11019 4 2 100 26 1120 2977 1122 3085
11020 4 2 100 26 1720 1816 3138 3375
11021 4 2 100 26 758 2813 759 3310
11022 4 2 100 26 664 928 548 2696
11023 4 2 100 26 905 2788 645 3197
11024 4 2 100 26 2720 2899 2543 3043
11025 4 2 100 26 1376 2830 1377 3052
11026 4 2 100 26 2593 2949 2580 3035
11027 4 2 100 26 1793 1785 2745 3332
11028 4 2 100 26 2600 2850 2532 3064
11029 4 2 100 26 1890 1856 2803 3001
11030 4 2 100 26 2486 2743 3016 3050
11031 4 2 100 26 1640 2684 1633 3080
11032 4 2 100 26 1394 3159 2674 3243
11033 4 2 100 26 461 792 886 2733
11034 4 2 100 26 2642 3330 3048 3357
11035 4 2 100 26 1360 1358 2991 3117
11036 4 2 100 26 655 2760 879 2994
11037 4 2 100 26 2170 2960 2429 3294
11038 4 2 100 26 1065 1063 1064 2939
11039 4 2 100 26 588 590 589 2866
11040 4 2 100 26 2233 2234 2811 3131
11041 4 2 100 26 2564 2937 2650 3338
11042 4 2 100 26 1660 3014 1822 3186
11043 4 2 100 26 1084 1085 1086 2881
11044 4 2 100 26 2358 3008 2633 3280
11045 4 2 100 26 2771 3007 2076 3379
11046 4 2 100 26 3048 3330 1814 3357
11047 4 2 100 26 1258 1256 984 2663
11048 4 2 100 26 2543 2914 2720 3043
11049 4 2 100 26 1039 2653 1042 3232
11050 4 2 100 26 1162 2937 1046 3082
11051 4 2 100 26 715 2715 705 3063
11052 4 2 100 26 1035 1036 2890 3155
11053 4 2 100 26 2640 3067 1533 3384
11054 4 2 100 26 1864 1501 2717 3252
11055 4 2 100 26 2267 771 1961 3134
11056 4 2 100 26 885 2738 887 3274
11057 4 2 100 26 2702 2859 2499 2991
11058 4 2 100 26 1538 1540 1463 2680
11059 4 2 100 26 2338 2109 2321 2733
11060 4 2 100 26 1039 1037 1038 3232
11061 4 2 100 26 1683 1682 2694 3104
11062 4 2 100 26 2583 2960 2574 3022
11063 4 2 100 26 1946 1951 2698 3155
11064 4 2 100 26 1853 1575 1854 3107
11065 4 2 100 26 2662 2813 2501 3037
11066 4 2 100 26 2309 1988 2346 2769
11067 4 2 100 26 648 2722 650 3020
11068 4 2 100 26 536 1945 3061 3337
11069 4 2 100 26 2671 3170 2777 3185
11070 4 2 100 26 2918 3084 2539 3235
11071 4 2 100 26 2533 2845 2607 3066
11072 4 2 100 26 1331 1330 1022 3237
11073 4 2 100 26 2534 2885 2599 3079
11074 4 2 100 26 509 686 2254 3287
11075 4 2 100 26 1112 2789 1114 3030
11076 4 2 100 26 711 714 713 2664
11077 4 2 100 26 2607 2856 2541 3066
11078 4 2 100 26 1793 1603 1601 3024
11079 4 2 100 26 1233 1234 992 2729
11080 4 2 100 26 2606 2881 2545 3076
11081 4 2 100 26 1588 1446 2700 3276
11082 4 2 100 26 610 2693 746 3087
11083 4 2 100 26 2532 2851 2601 3233
11084 4 2 100 26 1123 1124 1122 2851
11085 4 2 100 26 2608 2848 2539 3084
11086 4 2 100 26 2407 2128 2126 2799
11087 4 2 100 26 1090 2736 1092 3295
11088 4 2 100 26 2660 2522 3106 3179
11089 4 2 100 26 1629 1628 1627 2850
11090 4 2 100 26 899 2809 615 3123
11091 4 2 100 26 2595 2069 3201 3349
11092 4 2 100 26 2734 2943 2571 3228
11093 4 2 100 26 2606 2862 2537 3076
11094 4 2 100 26 2102 2810 2406 3124
11095 4 2 100 26 692 688 690 3135
11096 4 2 100 26 2882 3070 2543 3272
11097 4 2 100 26 2228 2731 2273 3319
11098 4 2 100 26 728 727 2731 3319
11099 4 2 100 26 2149 2692 2156 3086
11100 4 2 100 26 2250 2738 2132 3274
11101 4 2 100 26 2691 2844 2600 3184
11102 4 2 100 26 1419 1048 2784 3006
11103 4 2 100 26 2571 2947 2734 3228
11104 4 2 100 26 518 714 711 2965
11105 4 2 100 26 2091 2092 2665 3366
11106 4 2 100 26 1395 2913 1117 3160
11107 4 2 100 26 2540 2610 2933 3402
11108 4 2 100 26 2835 2978 2630 3301
11109 4 2 100 26 2647 2236 3131 3345
11110 4 2 100 26 2300 2718 2370 3278
11111 4 2 100 26 2936 3005 2560 3183
11112 4 2 100 26 2565 3052 2830 3208
11113 4 2 100 26 2607 2878 2533 3066
11114 4 2 100 26 2494 2699 2877 3149
11115 4 2 100 26 2711 2863 2506 2919
11116 4 2 100 26 750 1496 2761 3341
11117 4 2 100 26 967 2017 2762 3342
11118 4 2 100 26 631 914 908 2891
11119 4 2 100 26 1754 1470 1866 3051
11120 4 2 100 26 2654 2523 2974 3090
11121 4 2 100 26 2233 2231 2356 2811
11122 4 2 100 26 1294 3150 2595 3349
11123 4 2 100 26 2091 2092 2039 2665
11124 4 2 100 26 2600 2854 2691 3184
11125 4 2 100 26 2625 2891 2527 3149
11126 4 2 100 26 2541 2880 2607 3066
11127 4 2 100 26 582 581 580 2876
11128 4 2 100 26 686 2941 2254 3287
11129 4 2 100 26 828 559 444 2895
11130 4 2 100 26 554 2683 2772 3161
11131 4 2 100 26 1180 2697 1080 3111
11132 4 2 100 26 2573 2944 2589 3029
11133 4 2 100 26 1662 1855 2826 3311
11134 4 2 100 26 2487 2822 3129 3403
11135 4 2 100 26 525 588 2694 3104
11136 4 2 100 26 1527 1528 2841 3108
11137 4 2 100 26 1189 1187 1355 3129
11138 4 2 100 26 2671 3026 2942 3189
11139 4 2 100 26 3003 3286 717 3359
11140 4 2 100 26 2610 2535 3255 3404
11141 4 2 100 26 1915 1516 919 3108
11142 4 2 100 26 2664 2814 2808 2965
11143 4 2 100 26 1676 1675 1866 3051
11144 4 2 100 26 527 2695 582 3100
11145 4 2 100 26 769 921 3033 3268
11146 4 2 100 26 2578 2957 2586 3025
11147 4 2 100 26 509 2254 1999 3287
11148 4 2 100 26 1156 3208 2618 3358
11149 4 2 100 26 2654 3000 1831 3389
11150 4 2 100 26 2609 2866 2548 3081
11151 4 2 100 26 1319 2330 2090 3206
11152 4 2 100 26 1319 2090 961 3206
11153 4 2 100 26 565 2724 751 3239
11154 4 2 100 26 905 643 2788 3227
11155 4 2 100 26 1406 2689 965 3094
11156 4 2 100 26 2779 2954 2557 3202
11157 4 2 100 26 2537 2887 2606 3076
11158 4 2 100 26 483 787 867 2737
11159 4 2 100 26 752 486 2259 2787
11160 4 2 100 26 2259 1980 752 2787
11161 4 2 100 26 2119 2383 2955 3324
11162 4 2 100 26 2025 2317 2327 3094
11163 4 2 100 26 1231 1239 2797 3012
11164 4 2 100 26 2696 2975 548 3191
11165 4 2 100 26 830 2728 671 3036
11166 4 2 100 26 645 2788 646 3197
11167 4 2 100 26 2536 2889 2609 3081
11168 4 2 100 26 2608 845 3125 3331
11169 4 2 100 26 2545 2860 2613 3281
11170 4 2 100 26 2219 2779 2224 3075
11171 4 2 100 26 540 2687 538 2980
11172 4 2 100 26 2775 3261 1617 3323
11173 4 2 100 26 2389 2663 2022 3109
11174 4 2 100 26 1970 2725 2166 3244
11175 4 2 100 26 2151 2428 2148 2875
11176 4 2 100 26 2033 3181 2800 3349
11177 4 2 100 26 2570 2818 2768 3128
11178 4 2 100 26 2835 3047 2525 3192
11179 4 2 100 26 2306 778 468 2962
11180 4 2 100 26 778 2306 1983 2962
11181 4 2 100 26 1581 2727 1809 2997
11182 4 2 100 26 2690 2506 2863 2919
11183 4 2 100 26 660 2678 662 3398
11184 4 2 100 26 1803 2840 1566 3382
11185 4 2 100 26 1905 1804 2678 3364
11186 4 2 100 26 2787 2813 2585 3157
11187 4 2 100 26 742 738 741 3019
11188 4 2 100 26 1897 507 743 3389
11189 4 2 100 26 1399 1400 1119 2913
11190 4 2 100 26 1395 1399 1117 2913
11191 4 2 100 26 1876 1622 1880 2912
11192 4 2 100 26 1880 1624 1879 2912
11193 4 2 100 26 1548 3067 2680 3385
11194 4 2 100 26 1961 2437 2267 3134
11195 4 2 100 26 2529 2884 2614 3071
11196 4 2 100 26 1696 2785 1703 3023
11197 4 2 100 26 1541 2773 1543 3147
11198 4 2 100 26 860 693 2959 3074
11199 4 2 100 26 2972 2974 2604 3000
11200 4 2 100 26 2513 2864 2661 3130
11201 4 2 100 26 893 892 2742 3288
11202 4 2 100 26 2187 2742 2340 3288
11203 4 2 100 26 1725 1794 1793 2848
11204 4 2 100 26 1382 2821 1384 3028
11205 4 2 100 26 2599 2907 2538 3079
11206 4 2 100 26 2506 2879 2711 2933
11207 4 2 100 26 1897 743 1828 3389
11208 4 2 100 26 2042 518 703 2965
11209 4 2 100 26 518 2042 2295 2965
11210 4 2 100 26 1366 1065 1365 2939
11211 4 2 100 26 687 688 512 3280
11212 4 2 100 26 2396 2728 2366 3312
11213 4 2 100 26 866 2737 867 3173
11214 4 2 100 26 2437 2055 2920 3151
11215 4 2 100 26 2609 2916 2536 3081
11216 4 2 100 26 1798 1577 1576 2826
11217 4 2 100 26 1926 2773 1905 3315
11218 4 2 100 26 760 758 759 3310
11219 4 2 100 26 2648 2940 2579 3065
11220 4 2 100 26 2680 3067 2655 3385
11221 4 2 100 26 1541 3120 2773 3147
11222 4 2 100 26 1371 1075 1073 2943
11223 4 2 100 26 1388 1389 1301 3078
11224 4 2 100 26 2555 2801 2785 3163
11225 4 2 100 26 1891 1588 1823 2929
11226 4 2 100 26 1670 1668 1870 2947
11227 4 2 100 26 674 2979 658 3344
11228 4 2 100 26 1563 2777 1561 2967
11229 4 2 100 26 1677 3128 2818 3188
11230 4 2 100 26 1958 1943 1951 3155
11231 4 2 100 26 1868 1610 1609 2946
11232 4 2 100 26 1847 1713 2835 3047
11233 4 2 100 26 472 2713 900 3273
11234 4 2 100 26 2070 3162 2800 3181
11235 4 2 100 26 1093 1385 1386 2952
11236 4 2 100 26 2564 3121 3009 3376
11237 4 2 100 26 2409 2162 2396 2874
11238 4 2 100 26 1116 1117 1118 3160
11239 4 2 100 26 645 644 646 2788
11240 4 2 100 26 1323 2045 2453 2726
11241 4 2 100 26 1065 1064 1365 2939
11242 4 2 100 26 1553 2748 1552 3314
11243 4 2 100 26 2126 2398 2407 2799
11244 4 2 100 26 1535 3067 2696 3145
11245 4 2 100 26 655 2936 2760 2994
11246 4 2 100 26 2650 2776 2773 3120
11247 4 2 100 26 635 912 911 2798
11248 4 2 100 26 1112 2603 3182 3323
11249 4 2 100 26 2502 2692 2862 2875
11250 4 2 100 26 2494 2842 2684 2858
11251 4 2 100 26 865 872 2778 2995
11252 4 2 100 26 1721 2735 1760 3326
11253 4 2 100 26 674 499 1486 3344
11254 4 2 100 26 637 912 635 2798
11255 4 2 100 26 641 910 2974 3227
11256 4 2 100 26 2580 2955 2591 3035
11257 4 2 100 26 2548 2897 2609 3081
11258 4 2 100 26 2723 2833 2518 3225
11259 4 2 100 26 2483 2951 2626 3361
11260 4 2 100 26 2066 2906 2595 3201
11261 4 2 100 26 2689 2494 2853 2877
11262 4 2 100 26 2502 2692 2845 2865
11263 4 2 100 26 2735 3141 2620 3326
11264 4 2 100 26 1000 2730 1148 3304
11265 4 2 100 26 1093 1092 1091 2952
11266 4 2 100 26 2343 2458 2437 2753
11267 4 2 100 26 2495 2809 2666 3123
11268 4 2 100 26 2509 2671 3026 3170
11269 4 2 100 26 2666 2810 2495 3124
11270 4 2 100 26 2627 2898 2531 3099
11271 4 2 100 26 2494 2684 2844 2868
11272 4 2 100 26 925 2669 828 3092
11273 4 2 100 26 2555 3164 2801 3360
11274 4 2 100 26 1234 2729 1233 3169
11275 4 2 100 26 1222 1218 2902 3318
11276 4 2 100 26 1845 1711 2675 3192
11277 4 2 100 26 2494 2689 2842 2858
11278 4 2 100 26 2539 2608 3084 3166
11279 4 2 100 26 2012 2116 2345 3260
11280 4 2 100 26 766 840 2763 3381
11281 4 2 100 26 874 659 872 2778
11282 4 2 100 26 2732 2970 2575 3200
11283 4 2 100 26 2502 2862 2701 2875
11284 4 2 100 26 2502 2845 2697 2865
11285 4 2 100 26 1096 1097 1098 3356
11286 4 2 100 26 2085 790 2438 3321
11287 4 2 100 26 2695 2502 2867 2876
11288 4 2 100 26 1632 1635 1899 2844
11289 4 2 100 26 2678 2773 2489 3390
11290 4 2 100 26 2534 2855 2693 3041
11291 4 2 100 26 1141 1405 1403 3189
11292 4 2 100 26 1677 3045 2818 3128
11293 4 2 100 26 1522 1680 1892 2938
11294 4 2 100 26 2693 2852 2534 3041
11295 4 2 100 26 2519 3008 2633 3403
11296 4 2 100 26 2500 2884 2724 2938
11297 4 2 100 26 2530 2815 2816 3233
11298 4 2 100 26 1655 1656 2669 3179
11299 4 2 100 26 1111 2919 1396 3182
11300 4 2 100 26 2533 2923 2623 3249
11301 4 2 100 26 2701 2867 2502 2876
11302 4 2 100 26 2494 2691 2854 2891
11303 4 2 100 26 949 1323 1035 2726
11304 4 2 100 26 2786 2794 2588 3088
11305 4 2 100 26 2603 2789 2775 3068
11306 4 2 100 26 2699 2853 2494 2877
11307 4 2 100 26 2494 2844 2691 2868
11308 4 2 100 26 1526 1527 1528 2841
11309 4 2 100 26 1196 1195 1194 2801
11310 4 2 100 26 1598 1597 2736 3295
11311 4 2 100 26 2527 2624 2873 3069
11312 4 2 100 26 2725 2886 2500 2939
11313 4 2 100 26 1985 791 471 3039
11314 4 2 100 26 849 848 2723 3143
11315 4 2 100 26 1742 1801 1800 2914
11316 4 2 100 26 1864 1728 1596 2948
11317 4 2 100 26 872 661 865 2778
11318 4 2 100 26 2493 2729 2918 2983
11319 4 2 100 26 2445 2906 2707 3180
11320 4 2 100 26 2605 2925 2544 3272
11321 4 2 100 26 873 2740 875 3279
11322 4 2 100 26 1286 2041 2193 3121
11323 4 2 100 26 661 865 2778 3398
11324 4 2 100 26 2959 2998 2651 3372
11325 4 2 100 26 2724 2932 2500 2956
11326 4 2 100 26 2250 2251 2135 2953
11327 4 2 100 26 1837 1839 2989 3117
11328 4 2 100 26 2494 2854 2699 2891
11329 4 2 100 26 2007 2703 2161 3271
11330 4 2 100 26 1803 2639 2840 3382
11331 4 2 100 26 2506 2713 2879 2933
11332 4 2 100 26 2502 2856 2695 2861
11333 4 2 100 26 1906 1548 2680 3385
11334 4 2 100 26 1883 1705 1813 2677
11335 4 2 100 26 2833 3095 1716 3266
11336 4 2 100 26 2500 2934 2725 2960
11337 4 2 100 26 1714 2833 1716 3266
11338 4 2 100 26 1039 3101 2653 3232
11339 4 2 100 26 2502 2697 2856 2861
11340 4 2 100 26 2540 2933 2610 3255
11341 4 2 100 26 1576 2826 1577 3107
11342 4 2 100 26 2506 2693 2855 2921
11343 4 2 100 26 1842 3083 2642 3330
11344 4 2 100 26 2337 2000 451 2707
11345 4 2 100 26 2493 2910 2729 2984
11346 4 2 100 26 2376 2352 2743 3027
11347 4 2 100 26 1914 1000 1568 3368
11348 4 2 100 26 1613 2690 1456 3269
11349 4 2 100 26 1244 2690 1108 3269
11350 4 2 100 26 2248 2022 984 3109
11351 4 2 100 26 805 466 1982 3044
11352 4 2 100 26 1982 466 2284 3044
11353 4 2 100 26 1385 1093 1091 2952
11354 4 2 100 26 2394 1988 2287 2769
11355 4 2 100 26 1539 1540 2650 3364
11356 4 2 100 26 1892 1824 2724 3239
11357 4 2 100 26 2638 2958 2915 2990
11358 4 2 100 26 612 2921 3087 3404
11359 4 2 100 26 2514 2730 2821 3243
11360 4 2 100 26 984 1250 2248 3109
11361 4 2 100 26 1965 2404 2427 2664
11362 4 2 100 26 865 3379 2995 3398
11363 4 2 100 26 666 2700 665 3276
11364 4 2 100 26 2544 2927 2602 3070
11365 4 2 100 26 2348 2419 1967 3165
11366 4 2 100 26 1777 1595 1593 3348
11367 4 2 100 26 2877 3149 2625 3392
11368 4 2 100 26 2497 2740 2923 3249
11369 4 2 100 26 1371 1073 1369 2943
11370 4 2 100 26 2407 2408 2128 3054
11371 4 2 100 26 671 668 916 2849
11372 4 2 100 26 756 758 753 3157
11373 4 2 100 26 2106 3093 2933 3402
11374 4 2 100 26 1151 1149 1382 3172
11375 4 2 100 26 2645 3037 2813 3310
11376 4 2 100 26 1810 2997 2683 3161
11377 4 2 100 26 2508 2896 2715 2927
11378 4 2 100 26 849 2723 443 3351
11379 4 2 100 26 1343 3156 1342 3374
11380 4 2 100 26 2915 2958 2646 2990
11381 4 2 100 26 1256 1254 1251 3152
11382 4 2 100 26 2441 2089 2450 3253
11383 4 2 100 26 2777 2967 1563 3170
11384 4 2 100 26 925 2669 3092 3391
11385 4 2 100 26 2562 2826 2782 3038
11386 4 2 100 26 2679 3032 2922 3263
11387 4 2 100 26 2662 3058 836 3310
11388 4 2 100 26 1805 1649 1580 3213
11389 4 2 100 26 2613 2860 2694 3281
11390 4 2 100 26 2359 2740 2402 3279
11391 4 2 100 26 729 728 494 2731
11392 4 2 100 26 2517 2615 2841 3004
11393 4 2 100 26 2486 3027 2743 3050
11394 4 2 100 26 2531 2924 2627 3099
11395 4 2 100 26 2610 3255 2921 3404
11396 4 2 100 26 2557 2831 2779 3075
11397 4 2 100 26 2694 2507 2860 2872
11398 4 2 100 26 2550 2900 2627 3099
11399 4 2 100 26 3148 3365 2568 3387
11400 4 2 100 26 1968 2402 2216 2740
11401 4 2 100 26 1859 1610 1868 2946
11402 4 2 100 26 2595 2906 2517 3004
11403 4 2 100 26 2357 2405 2108 2933
11404 4 2 100 26 1822 3014 1731 3186
11405 4 2 100 26 1046 2937 1320 3082
11406 4 2 100 26 1299 1401 1403 2665
11407 4 2 100 26 2507 2866 2694 2870
11408 4 2 100 26 2339 2108 2106 2933
11409 4 2 100 26 2389 2390 2022 2663
11410 4 2 100 26 1376 1372 1155 3208
11411 4 2 100 26 2496 2816 2815 3233
11412 4 2 100 26 2576 3116 2755 3391
11413 4 2 100 26 1780 2732 1608 3200
11414 4 2 100 26 1102 2732 1176 3200
11415 4 2 100 26 2444 2864 2784 3383
11416 4 2 100 26 1803 1567 2639 3382
11417 4 2 100 26 953 1320 2741 3181
11418 4 2 100 26 1661 3311 1798 3387
11419 4 2 100 26 2228 2230 1995 2731
11420 4 2 100 26 2802 3313 2120 3324
11421 4 2 100 26 1530 1531 1532 2805
11422 4 2 100 26 1396 1393 1111 3182
11423 4 2 100 26 2210 2754 3136 3277
11424 4 2 100 26 910 907 821 2871
11425 4 2 100 26 2415 2410 2323 2871
11426 4 2 100 26 1419 1048 983 2784
11427 4 2 100 26 2789 3182 2603 3323
11428 4 2 100 26 761 3148 762 3365
11429 4 2 100 26 2285 2379 2406 2666
11430 4 2 100 26 899 897 795 2666
11431 4 2 100 26 2403 2399 2183 2667
11432 4 2 100 26 904 469 902 2667
11433 4 2 100 26 2497 2917 2740 3249
11434 4 2 100 26 1173 2736 1092 3199
11435 4 2 100 26 1597 2736 1591 3199
11436 4 2 100 26 2613 2694 2870 3281
11437 4 2 100 26 1842 3330 2642 3357
11438 4 2 100 26 1723 2735 1721 3166
11439 4 2 100 26 2557 3075 2779 3286
11440 4 2 100 26 1871 1670 1870 2947
11441 4 2 100 26 2678 3144 2696 3191
11442 4 2 100 26 1337 1254 2794 3152
11443 4 2 100 26 2506 2855 2713 2921
11444 4 2 100 26 461 2733 886 3231
11445 4 2 100 26 2326 2819 2314 3091
11446 4 2 100 26 1581 1809 1909 2997
11447 4 2 100 26 1721 1723 1508 2735
11448 4 2 100 26 2538 2863 2711 3046
11449 4 2 100 26 810 2714 864 3292
11450 4 2 100 26 2601 2842 2689 3193
11451 4 2 100 26 1258 1256 2663 3132
11452 4 2 100 26 2612 3005 2936 3183
11453 4 2 100 26 2646 3037 2915 3177
11454 4 2 100 26 1890 2803 1657 3179
11455 4 2 100 26 886 792 896 2733
11456 4 2 100 26 722 3075 2831 3286
11457 4 2 100 26 637 913 912 3090
11458 4 2 100 26 768 506 696 2749
11459 4 2 100 26 2507 2881 2705 2883
11460 4 2 100 26 1747 1746 1810 3161
11461 4 2 100 26 2048 2444 2026 2784
11462 4 2 100 26 2286 791 1985 3039
11463 4 2 100 26 512 686 687 2941
11464 4 2 100 26 1718 2620 3141 3326
11465 4 2 100 26 1576 1796 1795 2763
11466 4 2 100 26 2741 3007 2564 3396
11467 4 2 100 26 923 560 823 3391
11468 4 2 100 26 2831 3075 2557 3286
11469 4 2 100 26 2370 2135 2251 2953
11470 4 2 100 26 2712 2507 2887 2889
11471 4 2 100 26 2922 2989 2631 3110
11472 4 2 100 26 865 663 3379 3398
11473 4 2 100 26 2507 2712 2881 2883
11474 4 2 100 26 782 481 873 2740
11475 4 2 100 26 2653 3004 2841 3226
11476 4 2 100 26 2689 2853 2601 3193
11477 4 2 100 26 1860 1864 1596 2948
11478 4 2 100 26 2195 2396 2728 3036
11479 4 2 100 26 2378 2370 2251 2953
11480 4 2 100 26 566 565 567 2956
11481 4 2 100 26 722 2831 718 3286
11482 4 2 100 26 2525 2675 2796 3301
11483 4 2 100 26 1816 440 3138 3375
11484 4 2 100 26 2176 2709 2174 3282
11485 4 2 100 26 2295 2404 1965 2965
11486 4 2 100 26 2183 1983 2403 2962
11487 4 2 100 26 469 904 778 2962
11488 4 2 100 26 2705 2860 2507 2872
11489 4 2 100 26 1525 1516 1527 2687
11490 4 2 100 26 540 535 538 2687
11491 4 2 100 26 2237 2988 2236 3131
11492 4 2 100 26 2506 2690 2852 2909
11493 4 2 100 26 2716 2887 2507 2889
11494 4 2 100 26 2715 2911 2508 2925
11495 4 2 100 26 2831 3143 718 3359
11496 4 2 100 26 2615 3108 2841 3226
11497 4 2 100 26 2556 2702 2989 2991
11498 4 2 100 26 2100 2102 2406 3124
11499 4 2 100 26 1989 2250 2738 3212
11500 4 2 100 26 2060 1266 2026 2784
11501 4 2 100 26 899 615 617 3123
11502 4 2 100 26 1323 1429 1034 2726
11503 4 2 100 26 729 2731 494 3158
11504 4 2 100 26 1712 1727 2978 3266
11505 4 2 100 26 2506 2852 2693 2909
11506 4 2 100 26 1545 1550 2832 3315
11507 4 2 100 26 2477 2820 2475 2888
11508 4 2 100 26 2620 2983 2563 3031
11509 4 2 100 26 2082 3176 2612 3321
11510 4 2 100 26 2105 2102 2098 3402
11511 4 2 100 26 2711 2879 2538 3046
11512 4 2 100 26 817 855 3048 3357
11513 4 2 100 26 2659 3018 695 3322
11514 4 2 100 26 1337 1254 1335 2794
11515 4 2 100 26 1212 2759 1209 3339
11516 4 2 100 26 1995 2731 2230 3158
11517 4 2 100 26 592 594 593 2897
11518 4 2 100 26 2503 2801 3164 3360
11519 4 2 100 26 2636 1876 3154 3340
11520 4 2 100 26 2411 2415 1976 2670
11521 4 2 100 26 907 905 463 2670
11522 4 2 100 26 2507 2716 2866 2870
11523 4 2 100 26 618 2982 619 3123
11524 4 2 100 26 640 642 2974 3000
11525 4 2 100 26 2101 2981 2099 3124
11526 4 2 100 26 2556 2989 2922 3110
11527 4 2 100 26 2628 2872 2705 3283
11528 4 2 100 26 2658 3030 2775 3154
11529 4 2 100 26 956 3121 3009 3259
11530 4 2 100 26 1508 2735 1723 3156
11531 4 2 100 26 1405 3189 2649 3206
11532 4 2 100 26 1800 2714 1436 3292
11533 4 2 100 26 2841 3004 2615 3226
11534 4 2 100 26 1212 2040 2759 3339
11535 4 2 100 26 2508 2892 2720 2914
11536 4 2 100 26 2708 2923 2497 2957
11537 4 2 100 26 938 1311 1344 2735
11538 4 2 100 26 1959 2837 1942 3061
11539 4 2 100 26 2719 2886 2529 3306
11540 4 2 100 26 897 2666 3123 3325
11541 4 2 100 26 2530 2816 2815 2962
11542 4 2 100 26 2331 2314 2819 3028
11543 4 2 100 26 2796 3057 2675 3334
11544 4 2 100 26 2012 2721 2345 3203
11545 4 2 100 26 927 487 769 3268
11546 4 2 100 26 2508 2714 2892 2914
11547 4 2 100 26 2784 2935 1419 3006
11548 4 2 100 26 2137 2399 2403 3072
11549 4 2 100 26 902 623 904 3073
11550 4 2 100 26 2508 2709 2896 2927
11551 4 2 100 26 2687 2517 2837 2980
11552 4 2 100 26 500 717 3003 3286
11553 4 2 100 26 2248 1250 986 3109
11554 4 2 100 26 2783 2803 2562 3001
11555 4 2 100 26 2529 2884 2719 3306
11556 4 2 100 26 2640 2975 2515 3122
11557 4 2 100 26 2497 2878 2708 2943
11558 4 2 100 26 547 548 546 2975
11559 4 2 100 26 1227 1228 1226 3139
11560 4 2 100 26 575 871 573 2945
11561 4 2 100 26 1410 2739 1277 3333
11562 4 2 100 26 2455 2083 3176 3257
11563 4 2 100 26 2125 2124 2027 2739
11564 4 2 100 26 1692 1826 2695 3100
11565 4 2 100 26 734 733 742 2847
11566 4 2 100 26 1298 2692 1375 3086
11567 4 2 100 26 2710 2880 2497 2947
11568 4 2 100 26 2497 2917 2710 2945
11569 4 2 100 26 2688 2801 2503 3360
11570 4 2 100 26 1103 1101 1390 2970
11571 4 2 100 26 833 2728 671 3312
11572 4 2 100 26 615 614 616 3404
11573 4 2 100 26 1873 1511 2693 3087
11574 4 2 100 26 936 1341 2745 3332
11575 4 2 100 26 2515 2937 2680 3082
11576 4 2 100 26 853 808 854 2677
11577 4 2 100 26 1745 446 3092 3387
11578 4 2 100 26 2686 2843 2624 3221
11579 4 2 100 26 1745 1450 446 3387
11580 4 2 100 26 1397 2746 1293 3343
11581 4 2 100 26 1893 1830 1687 2872
11582 4 2 100 26 2717 2897 2498 2944
11583 4 2 100 26 2371 2375 2227 2984
11584 4 2 100 26 896 2733 792 3174
11585 4 2 100 26 1881 1776 2747 3340
11586 4 2 100 26 3006 3042 2626 3171
11587 4 2 100 26 2628 2705 2883 3283
11588 4 2 100 26 735 728 732 3175
11589 4 2 100 26 2424 2382 2308 3210
11590 4 2 100 26 2769 3313 2802 3324
11591 4 2 100 26 1064 1063 1061 2886
11592 4 2 100 26 1224 1222 2743 3016
11593 4 2 100 26 2797 2811 2668 3012
11594 4 2 100 26 2728 2928 2550 3312
11595 4 2 100 26 2091 2665 2039 3206
11596 4 2 100 26 474 892 797 2742
11597 4 2 100 26 2338 2363 2109 2733
11598 4 2 100 26 2550 2900 2728 3312
11599 4 2 100 26 2389 2244 2242 2823
11600 4 2 100 26 981 1365 2725 3244
11601 4 2 100 26 638 2654 3090 3389
11602 4 2 100 26 688 2633 3135 3280
11603 4 2 100 26 2190 2186 2357 2879
11604 4 2 100 26 2714 2508 2911 2925
11605 4 2 100 26 1000 1148 1181 3304
11606 4 2 100 26 2367 1977 2699 3089
11607 4 2 100 26 908 2699 807 3089
11608 4 2 100 26 2316 2314 2003 3028
11609 4 2 100 26 927 769 3033 3268
11610 4 2 100 26 1552 2748 1553 3105
11611 4 2 100 26 1986 2357 2713 3273
11612 4 2 100 26 2675 2676 2525 2796
11613 4 2 100 26 2921 3255 2535 3404
11614 4 2 100 26 1549 3067 1548 3385
11615 4 2 100 26 1842 1814 3330 3357
11616 4 2 100 26 3191 3379 663 3398
11617 4 2 100 26 1831 3013 2654 3389
11618 4 2 100 26 2214 2753 2215 3136
11619 4 2 100 26 1522 1520 1797 2884
11620 4 2 100 26 1039 1038 3101 3232
11621 4 2 100 26 2813 2905 2594 3157
11622 4 2 100 26 890 601 603 2949
11623 4 2 100 26 501 765 654 2748
11624 4 2 100 26 780 887 476 2738
11625 4 2 100 26 1613 1612 1607 2852
11626 4 2 100 26 595 593 594 2944
11627 4 2 100 26 711 2808 709 2965
11628 4 2 100 26 2515 2771 2931 2975
11629 4 2 100 26 705 2715 521 3098
11630 4 2 100 26 2332 2760 2084 3253
11631 4 2 100 26 1563 1562 1561 2777
11632 4 2 100 26 2036 2712 2362 3102
11633 4 2 100 26 877 479 2701 3097
11634 4 2 100 26 1584 1888 1588 2908
11635 4 2 100 26 2484 2951 2820 3352
11636 4 2 100 26 2654 3013 2551 3142
11637 4 2 100 26 1681 1892 1680 2938
11638 4 2 100 26 2753 3136 2569 3194
11639 4 2 100 26 2338 3091 2733 3405
11640 4 2 100 26 2864 3130 2596 3399
11641 4 2 100 26 2618 3147 1156 3358
11642 4 2 100 26 2248 986 2008 3109
11643 4 2 100 26 2706 2885 2505 2946
11644 4 2 100 26 2561 2840 2730 3368
11645 4 2 100 26 2166 2165 2167 2960
11646 4 2 100 26 2041 2434 3121 3259
11647 4 2 100 26 1946 1325 1938 3155
11648 4 2 100 26 2809 2810 2666 3039
11649 4 2 100 26 483 2737 867 3198
11650 4 2 100 26 750 2761 624 3341
11651 4 2 100 26 2017 2122 2762 3342
11652 4 2 100 26 2648 2963 2590 2994
11653 4 2 100 26 2661 2058 3133 3399
11654 4 2 100 26 2498 2894 2717 2948
11655 4 2 100 26 2386 2846 2411 3002
11656 4 2 100 26 2505 2903 2706 2949
11657 4 2 100 26 1046 1428 1320 2937
11658 4 2 100 26 2229 2228 2227 2984
11659 4 2 100 26 1219 1347 1346 2780
11660 4 2 100 26 2909 3068 2603 3261
11661 4 2 100 26 2995 3379 2582 3398
11662 4 2 100 26 792 2733 2109 3174
11663 4 2 100 26 604 606 605 2903
11664 4 2 100 26 2748 2832 1550 3344
11665 4 2 100 26 1760 1721 1508 2735
11666 4 2 100 26 2428 2701 1964 3097
11667 4 2 100 26 2263 2376 2743 2964
11668 4 2 100 26 766 840 447 2763
11669 4 2 100 26 970 1398 2711 3093
11670 4 2 100 26 2563 2984 2621 3031
11671 4 2 100 26 2634 2977 2913 3118
11672 4 2 100 26 2913 2977 2552 3118
11673 4 2 100 26 1334 1230 2958 3132
11674 4 2 100 26 2503 2838 2688 3360
11675 4 2 100 26 1106 1107 1108 2863
11676 4 2 100 26 1660 3014 2660 3179
11677 4 2 100 26 1266 983 2026 2784
11678 4 2 100 26 1311 1343 1344 2735
11679 4 2 100 26 1997 2443 769 3268
11680 4 2 100 26 1819 2786 1887 3177
11681 4 2 100 26 2109 2733 2363 3174
11682 4 2 100 26 1243 3010 2822 3347
11683 4 2 100 26 1698 2834 1695 3263
11684 4 2 100 26 2053 3134 2596 3268
11685 4 2 100 26 2408 2407 1981 2672
11686 4 2 100 26 912 913 779 2672
11687 4 2 100 26 1536 1535 1533 3067
11688 4 2 100 26 1562 2777 1563 3170
11689 4 2 100 26 2051 2049 2046 2682
11690 4 2 100 26 1321 2754 1271 3277
11691 4 2 100 26 2053 3268 2596 3399
11692 4 2 100 26 2168 2737 2361 3173
11693 4 2 100 26 1550 2748 1551 2832
11694 4 2 100 26 1140 1142 3185 3189
11695 4 2 100 26 446 1450 781 3387
11696 4 2 100 26 903 3174 3002 3197
11697 4 2 100 26 938 2735 1344 3326
11698 4 2 100 26 899 617 897 3123
11699 4 2 100 26 1829 2705 1893 3293
11700 4 2 100 26 2796 3057 2524 3301
11701 4 2 100 26 2559 2975 2640 3122
11702 4 2 100 26 1819 2786 3177 3355
11703 4 2 100 26 2523 2986 3054 3142
11704 4 2 100 26 2182 2715 2395 3098
11705 4 2 100 26 2082 2612 3176 3257
11706 4 2 100 26 1551 2832 2748 3105
11707 4 2 100 26 2535 3068 2909 3261
11708 4 2 100 26 1380 2712 1304 3102
11709 4 2 100 26 2587 2945 2710 3254
11710 4 2 100 26 2342 2168 2737 3198
11711 4 2 100 26 1040 3150 2890 3232
11712 4 2 100 26 2363 2733 3091 3174
11713 4 2 100 26 2801 3023 2785 3163
11714 4 2 100 26 2390 2389 2242 3059
11715 4 2 100 26 2654 2974 2972 3000
11716 4 2 100 26 2206 2827 2427 2987
11717 4 2 100 26 1332 1320 1428 2741
11718 4 2 100 26 2517 2980 2615 3004
11719 4 2 100 26 1635 1835 1896 3103
11720 4 2 100 26 759 2813 837 3310
11721 4 2 100 26 541 2615 3108 3187
11722 4 2 100 26 1019 2709 1203 3282
11723 4 2 100 26 2049 2951 2682 3383
11724 4 2 100 26 2078 2076 3007 3379
11725 4 2 100 26 2730 2840 1558 3368
11726 4 2 100 26 709 703 2965 3098
11727 4 2 100 26 2754 3209 2592 3277
11728 4 2 100 26 888 595 597 2944
11729 4 2 100 26 2250 2131 1989 2738
11730 4 2 100 26 1842 2642 3083 3357
11731 4 2 100 26 1185 2822 1243 3010
11732 4 2 100 26 532 1939 1945 3337
11733 4 2 100 26 728 727 494 2731
11734 4 2 100 26 2508 2709 2899 2924
11735 4 2 100 26 2593 2949 2706 3256
11736 4 2 100 26 2273 2228 1995 2731
11737 4 2 100 26 1604 1819 1887 3177
11738 4 2 100 26 1719 1720 1885 3141
11739 4 2 100 26 2937 3376 1332 3396
11740 4 2 100 26 2498 2916 2718 2953
11741 4 2 100 26 648 502 650 2722
11742 4 2 100 26 1146 3243 1148 3368
11743 4 2 100 26 446 1449 1745 3092
11744 4 2 100 26 1311 1343 2735 3156
11745 4 2 100 26 541 3108 2980 3187
11746 4 2 100 26 1149 2821 1148 3243
11747 4 2 100 26 2528 3149 2877 3392
11748 4 2 100 26 2522 2895 2669 3179
11749 4 2 100 26 1644 1643 1460 3114
11750 4 2 100 26 2718 2893 2498 2952
11751 4 2 100 26 964 1410 1409 2739
11752 4 2 100 26 2508 2899 2720 2924
11753 4 2 100 26 1971 2440 2459 2770
11754 4 2 100 26 2780 2833 2558 3266
11755 4 2 100 26 2615 3004 2980 3187
11756 4 2 100 26 647 646 3020 3197
11757 4 2 100 26 1408 1405 1139 2942
11758 4 2 100 26 2286 2372 2405 3273
11759 4 2 100 26 1405 1139 2942 3189
11760 4 2 100 26 2305 2711 2339 3093
11761 4 2 100 26 2321 2338 2733 3405
11762 4 2 100 26 2817 2973 1144 3185
11763 4 2 100 26 2229 2227 2375 2984
11764 4 2 100 26 2804 2805 2615 3226
11765 4 2 100 26 2522 3014 2895 3179
11766 4 2 100 26 1388 1101 1099 2970
11767 4 2 100 26 578 577 576 2917
11768 4 2 100 26 720 2676 2796 3359
11769 4 2 100 26 1136 1005 1134 3114
11770 4 2 100 26 2145 2140 2144 2923
11771 4 2 100 26 1927 1463 1540 3329
11772 4 2 100 26 1050 1052 1051 2935
11773 4 2 100 26 2675 3057 2796 3301
11774 4 2 100 26 2834 3055 2651 3372
11775 4 2 100 26 1950 1952 1944 2687
11776 4 2 100 26 1678 1681 2938 3188
11777 4 2 100 26 1070 1027 3045 3228
11778 4 2 100 26 1203 1204 1202 2899
11779 4 2 100 26 2566 2675 2524 3057
11780 4 2 100 26 2375 2024 2729 3169
11781 4 2 100 26 2624 2873 2686 3221
11782 4 2 100 26 604 605 603 2949
11783 4 2 100 26 2641 3205 2207 3339
11784 4 2 100 26 1966 2392 2254 2941
11785 4 2 100 26 664 2696 548 3191
11786 4 2 100 26 1558 2840 1559 3368
11787 4 2 100 26 2238 2235 2233 3131
11788 4 2 100 26 2179 2180 2176 2896
11789 4 2 100 26 610 612 611 2921
11790 4 2 100 26 2654 2972 2551 3013
11791 4 2 100 26 724 503 716 3003
11792 4 2 100 26 531 2724 565 3289
11793 4 2 100 26 1831 1647 1858 2972
11794 4 2 100 26 1523 1524 1806 2698
11795 4 2 100 26 544 543 545 2806
11796 4 2 100 26 1916 1524 2841 3101
11797 4 2 100 26 536 532 1945 3337
11798 4 2 100 26 964 1277 1410 2739
11799 4 2 100 26 2622 2830 2795 3168
11800 4 2 100 26 1817 3047 2723 3225
11801 4 2 100 26 2040 3205 2759 3339
11802 4 2 100 26 847 3175 2656 3375
11803 4 2 100 26 2562 2950 2826 3311
11804 4 2 100 26 2857 3032 2679 3129
11805 4 2 100 26 1811 1739 1737 2922
11806 4 2 100 26 577 575 576 2945
11807 4 2 100 26 1434 817 449 3048
11808 4 2 100 26 2039 2665 2092 3328
11809 4 2 100 26 2245 2243 2244 2823
11810 4 2 100 26 2715 2896 2550 3063
11811 4 2 100 26 2514 2819 2674 2821
11812 4 2 100 26 674 658 499 3344
11813 4 2 100 26 834 930 822 2771
11814 4 2 100 26 2652 3010 2822 3129
11815 4 2 100 26 1549 1534 1548 3067
11816 4 2 100 26 2166 2725 2172 3298
11817 4 2 100 26 1199 3153 1243 3378
11818 4 2 100 26 2532 2851 2685 3242
11819 4 2 100 26 2685 2850 2532 3242
11820 4 2 100 26 1167 1164 1165 2898
11821 4 2 100 26 905 2670 907 3227
11822 4 2 100 26 2616 2874 2703 3271
11823 4 2 100 26 2800 3201 2069 3349
11824 4 2 100 26 2767 3199 2572 3348
11825 4 2 100 26 1722 1719 2774 3141
11826 4 2 100 26 1409 1133 1131 2843
11827 4 2 100 26 1453 1832 2697 3111
11828 4 2 100 26 1821 1731 3014 3167
11829 4 2 100 26 2755 3116 823 3391
11830 4 2 100 26 1542 1905 1926 2773
11831 4 2 100 26 873 2740 481 3207
11832 4 2 100 26 2550 2911 2715 3063
11833 4 2 100 26 2808 2814 2544 2965
11834 4 2 100 26 2705 2881 2545 3293
11835 4 2 100 26 1680 1797 1679 2938
11836 4 2 100 26 2714 2644 2911 3258
11837 4 2 100 26 2596 2920 2576 3134
11838 4 2 100 26 1697 2834 1842 3083
11839 4 2 100 26 2648 2994 2590 3065
11840 4 2 100 26 705 704 706 2925
11841 4 2 100 26 2586 2943 2708 3248
11842 4 2 100 26 1781 1710 1439 2978
11843 4 2 100 26 1353 3163 3153 3378
11844 4 2 100 26 1696 3083 1701 3330
11845 4 2 100 26 2040 2270 2759 3205
11846 4 2 100 26 1455 1608 1780 2732
11847 4 2 100 26 1102 1017 1176 2732
11848 4 2 100 26 1858 1564 1908 2972
11849 4 2 100 26 2321 2733 3231 3405
11850 4 2 100 26 2767 3200 2575 3356
11851 4 2 100 26 2710 2947 2587 3254
11852 4 2 100 26 2725 2934 2616 3298
11853 4 2 100 26 1898 1637 1639 2873
11854 4 2 100 26 1434 449 1882 3048
11855 4 2 100 26 1710 2835 1712 2978
11856 4 2 100 26 672 668 564 2849
11857 4 2 100 26 843 438 2704 3112
11858 4 2 100 26 1145 1144 1143 3159
11859 4 2 100 26 2513 2935 2673 3130
11860 4 2 100 26 2340 1987 2297 2742
11861 4 2 100 26 1591 1597 1472 2736
11862 4 2 100 26 1092 1173 1021 2736
11863 4 2 100 26 478 882 2716 3275
11864 4 2 100 26 1823 1519 1518 2929
11865 4 2 100 26 638 685 3000 3389
11866 4 2 100 26 1226 2958 1230 3132
11867 4 2 100 26 2276 2009 2258 3096
11868 4 2 100 26 2700 2849 2614 3276
11869 4 2 100 26 2922 3032 2651 3263
11870 4 2 100 26 2532 2844 2684 3080
11871 4 2 100 26 1403 1299 2665 3206
11872 4 2 100 26 546 545 547 2806
11873 4 2 100 26 2826 2950 2568 3311
11874 4 2 100 26 1463 1906 1548 2680
11875 4 2 100 26 1156 3147 2618 3208
11876 4 2 100 26 1370 3009 956 3121
11877 4 2 100 26 2643 3054 2986 3142
11878 4 2 100 26 1198 2632 3153 3246
11879 4 2 100 26 550 2820 2682 3352
11880 4 2 100 26 1525 1807 1516 2687
11881 4 2 100 26 538 535 827 2687
11882 4 2 100 26 1725 3156 1723 3166
11883 4 2 100 26 1147 1149 1148 3243
11884 4 2 100 26 664 763 496 2696
11885 4 2 100 26 994 1162 1426 2680
11886 4 2 100 26 1360 1312 2702 3195
11887 4 2 100 26 1727 1316 2978 3266
11888 4 2 100 26 712 710 711 2808
11889 4 2 100 26 2716 2870 2537 3275
11890 4 2 100 26 1987 2742 2340 3217
11891 4 2 100 26 2614 2932 2724 3289
11892 4 2 100 26 2264 2390 2391 2829
11893 4 2 100 26 1658 1788 1821 3014
11894 4 2 100 26 2598 2953 2718 3278
11895 4 2 100 26 1086 2705 1182 3293
11896 4 2 100 26 1164 1166 1062 2930
11897 4 2 100 26 656 2936 2748 3344
11898 4 2 100 26 2632 2822 2750 3347
11899 4 2 100 26 1311 2735 1508 3156
11900 4 2 100 26 2197 2632 3210 3347
11901 4 2 100 26 2505 2907 2721 2970
11902 4 2 100 26 1848 2723 1817 3047
11903 4 2 100 26 1973 458 2995 3321
11904 4 2 100 26 2611 2713 2879 3264
11905 4 2 100 26 643 642 2788 3227
11906 4 2 100 26 2027 2124 2123 2739
11907 4 2 100 26 1226 1258 1225 2829
11908 4 2 100 26 1272 2592 3209 3277
11909 4 2 100 26 1063 1065 1066 2939
11910 4 2 100 26 1665 1500 1666 2734
11911 4 2 100 26 1177 1074 1026 2734
11912 4 2 100 26 3009 3121 2765 3259
11913 4 2 100 26 2216 2740 2402 3207
11914 4 2 100 26 2780 3095 2833 3266
11915 4 2 100 26 2555 3163 2756 3378
11916 4 2 100 26 2800 3122 2581 3162
11917 4 2 100 26 1720 2656 3141 3225
11918 4 2 100 26 2589 2948 2717 3252
11919 4 2 100 26 2818 3128 2570 3188
11920 4 2 100 26 2706 2946 2593 3256
11921 4 2 100 26 1812 2922 1700 3263
11922 4 2 100 26 2718 2952 2598 3278
11923 4 2 100 26 1716 3095 1779 3266
11924 4 2 100 26 2142 2143 2388 2957
11925 4 2 100 26 909 627 629 2854
11926 4 2 100 26 1474 1735 2757 3346
11927 4 2 100 26 2682 2864 2513 3033
11928 4 2 100 26 2557 2954 3143 3359
11929 4 2 100 26 2655 2640 3122 3384
11930 4 2 100 26 1532 2805 1492 3384
11931 4 2 100 26 2238 2426 2235 3131
11932 4 2 100 26 2338 2326 3091 3405
11933 4 2 100 26 2750 3210 2632 3347
11934 4 2 100 26 2559 2931 2771 2975
11935 4 2 100 26 2582 2678 3338 3398
11936 4 2 100 26 1140 3185 2671 3189
11937 4 2 100 26 2673 3014 2971 3186
11938 4 2 100 26 757 755 754 2781
11939 4 2 100 26 2215 2214 2343 2753
11940 4 2 100 26 923 772 2992 3134
11941 4 2 100 26 552 2772 554 3033
11942 4 2 100 26 660 661 2778 3398
11943 4 2 100 26 1700 2922 1836 3263
11944 4 2 100 26 1556 2940 2730 3304
11945 4 2 100 26 849 721 848 3143
11946 4 2 100 26 1608 1610 1791 2946
11947 4 2 100 26 1849 2704 1759 3112
11948 4 2 100 26 1412 1406 965 3094
11949 4 2 100 26 1036 2698 1033 3101
11950 4 2 100 26 2669 2895 1655 3179
11951 4 2 100 26 1839 2702 1442 3195
11952 4 2 100 26 2140 2142 2144 2957
11953 4 2 100 26 2922 2959 2631 2998
11954 4 2 100 26 470 786 1984 2839
11955 4 2 100 26 786 2184 1984 2839
11956 4 2 100 26 2210 2269 2214 3136
11957 4 2 100 26 2717 2944 2589 3252
11958 4 2 100 26 2699 2854 2530 3089
11959 4 2 100 26 1070 1072 1027 3228
11960 4 2 100 26 2051 2864 2682 3268
11961 4 2 100 26 1592 1596 1597 2948
11962 4 2 100 26 2774 3138 1851 3331
11963 4 2 100 26 1142 2817 1144 3185
11964 4 2 100 26 1928 2758 1263 3358
11965 4 2 100 26 1148 3243 2730 3368
11966 4 2 100 26 1345 1238 1221 2983
11967 4 2 100 26 892 2742 474 3217
11968 4 2 100 26 2708 2957 2586 3248
11969 4 2 100 26 2655 3082 2581 3122
11970 4 2 100 26 2553 3174 3020 3197
11971 4 2 100 26 2684 2842 2532 3080
11972 4 2 100 26 2447 769 487 3268
11973 4 2 100 26 2559 3162 2770 3309
11974 4 2 100 26 2683 2513 2772 2997
11975 4 2 100 26 1566 2722 1921 3382
11976 4 2 100 26 1714 1716 1779 3266
11977 4 2 100 26 2864 3380 2626 3383
11978 4 2 100 26 2918 3235 2539 3374
11979 4 2 100 26 1001 1224 1222 2743
11980 4 2 100 26 1238 1236 1234 2983
11981 4 2 100 26 2622 2830 3168 3172
11982 4 2 100 26 2170 2167 2429 2960
11983 4 2 100 26 722 777 3075 3286
11984 4 2 100 26 887 476 2738 3212
11985 4 2 100 26 1690 1689 1826 2861
11986 4 2 100 26 1072 1073 1074 2943
11987 4 2 100 26 2075 2073 2931 3007
11988 4 2 100 26 1101 1103 1102 2970
11989 4 2 100 26 2430 2087 2459 2770
11990 4 2 100 26 868 567 569 2956
11991 4 2 100 26 554 556 555 3033
11992 4 2 100 26 895 615 2809 3404
11993 4 2 100 26 2283 2779 2219 3202
11994 4 2 100 26 1670 1673 1666 2947
11995 4 2 100 26 2725 2939 2583 3244
11996 4 2 100 26 2543 2859 2702 3195
11997 4 2 100 26 1004 1194 1193 3096
11998 4 2 100 26 2721 2926 2505 2955
11999 4 2 100 26 1913 2940 1556 3304
12000 4 2 100 26 1674 2818 1677 3045
12001 4 2 100 26 2537 2887 2716 3275
12002 4 2 100 26 634 743 636 2752
12003 4 2 100 26 2651 2959 2922 2998
12004 4 2 100 26 1309 1357 1358 3113
12005 4 2 100 26 2350 2279 2348 2749
12006 4 2 100 26 860 693 859 2959
12007 4 2 100 26 2783 3001 2562 3320
12008 4 2 100 26 2611 2855 2713 3264
12009 4 2 100 26 1886 1604 2915 3177
12010 4 2 100 26 610 609 608 2855
12011 4 2 100 26 2617 3235 2918 3374
12012 4 2 100 26 1898 1646 1828 2752
12013 4 2 100 26 1309 3113 1358 3117
12014 4 2 100 26 2555 3153 2801 3163
12015 4 2 100 26 1234 992 2729 3305
12016 4 2 100 26 647 3020 896 3197
12017 4 2 100 26 1851 2774 1885 3138
12018 4 2 100 26 2531 2924 2720 3190
12019 4 2 100 26 721 718 2831 3143
12020 4 2 100 26 1665 2734 1666 3228
12021 4 2 100 26 1074 2734 1177 3228
12022 4 2 100 26 2447 1997 769 3268
12023 4 2 100 26 1621 1619 1457 3030
12024 4 2 100 26 1036 1037 1035 2890
12025 4 2 100 26 1295 1390 2721 3203
12026 4 2 100 26 1955 1940 1947 2726
12027 4 2 100 26 2714 2892 2644 3258
12028 4 2 100 26 2817 3115 2665 3159
12029 4 2 100 26 2372 2810 2102 3402
12030 4 2 100 26 635 2798 911 3386
12031 4 2 100 26 2521 2829 2668 3388
12032 4 2 100 26 2655 3082 2680 3385
12033 4 2 100 26 2230 2228 2229 2910
12034 4 2 100 26 2442 2065 2045 3150
12035 4 2 100 26 2530 2853 2699 3089
12036 4 2 100 26 2527 3103 2891 3386
12037 4 2 100 26 1950 2687 1807 3377
12038 4 2 100 26 1975 3002 462 3174
12039 4 2 100 26 856 2751 691 3178
12040 4 2 100 26 537 2707 920 2980
12041 4 2 100 26 1465 1806 1524 3101
12042 4 2 100 26 2051 2682 2864 3383
12043 4 2 100 26 2708 2878 2533 3291
12044 4 2 100 26 1678 1680 1679 2938
12045 4 2 100 26 2126 2398 2799 3392
12046 4 2 100 26 776 442 1570 2905
12047 4 2 100 26 2694 2860 2507 3281
12048 4 2 100 26 2114 2113 2387 2853
12049 4 2 100 26 1478 1570 442 2905
12050 4 2 100 26 2722 2840 2514 3137
12051 4 2 100 26 2444 2059 2784 2864
12052 4 2 100 26 2603 3068 2919 3182
12053 4 2 100 26 2545 2860 2705 3293
12054 4 2 100 26 544 545 2805 2806
12055 4 2 100 26 3016 3050 2630 3318
12056 4 2 100 26 1036 1325 2698 3155
12057 4 2 100 26 1180 1080 1082 3111
12058 4 2 100 26 2919 3068 2540 3182
12059 4 2 100 26 537 920 539 2980
12060 4 2 100 26 2813 3037 2662 3310
12061 4 2 100 26 1551 2748 1552 3105
12062 4 2 100 26 708 832 705 2911
12063 4 2 100 26 2021 989 2264 2829
12064 4 2 100 26 989 1225 2264 2829
12065 4 2 100 26 2673 2522 3014 3167
12066 4 2 100 26 2661 3130 2864 3399
12067 4 2 100 26 2306 2962 468 3089
12068 4 2 100 26 2584 2938 2724 3239
12069 4 2 100 26 1382 1377 1151 3172
12070 4 2 100 26 2541 2880 2710 3299
12071 4 2 100 26 2691 2891 2527 3103
12072 4 2 100 26 1278 2718 1385 3285
12073 4 2 100 26 2070 2800 2033 3181
12074 4 2 100 26 1671 1832 1672 2856
12075 4 2 100 26 1723 3156 2735 3166
12076 4 2 100 26 1299 1401 2665 3328
12077 4 2 100 26 828 925 559 2669
12078 4 2 100 26 1001 1222 1214 2743
12079 4 2 100 26 494 2731 1995 3158
12080 4 2 100 26 2528 2877 2689 3094
12081 4 2 100 26 2972 3026 2671 3170
12082 4 2 100 26 2018 2376 2352 2743
12083 4 2 100 26 2579 2648 3065 3105
12084 4 2 100 26 2415 2411 2289 3127
12085 4 2 100 26 2509 2846 2665 3115
12086 4 2 100 26 1678 2938 1679 3188
12087 4 2 100 26 2528 2877 3094 3392
12088 4 2 100 26 2617 2918 2729 3305
12089 4 2 100 26 1049 1051 1032 2764
12090 4 2 100 26 2121 2119 2383 2955
12091 4 2 100 26 2720 2892 2531 3190
12092 4 2 100 26 2563 3169 2983 3401
12093 4 2 100 26 648 650 649 3020
12094 4 2 100 26 648 647 646 3020
12095 4 2 100 26 1991 2716 2360 3275
12096 4 2 100 26 2766 3198 2574 3294
12097 4 2 100 26 1680 1678 1681 2938
12098 4 2 100 26 1234 1236 1235 2918
12099 4 2 100 26 2526 3210 2941 3287
12100 4 2 100 26 2574 3198 2766 3300
12101 4 2 100 26 498 674 1589 2979
12102 4 2 100 26 2125 2126 2124 3392
12103 4 2 100 26 2490 2703 2874 2900
12104 4 2 100 26 604 2706 519 3218
12105 4 2 100 26 2521 2988 2829 3388
12106 4 2 100 26 1147 2821 1149 3243
12107 4 2 100 26 1568 1000 1181 3304
12108 4 2 100 26 2189 2345 2121 2955
12109 4 2 100 26 2490 2703 2930 3214
12110 4 2 100 26 1959 1942 1945 3061
12111 4 2 100 26 660 661 659 2778
12112 4 2 100 26 1465 1033 1806 3101
12113 4 2 100 26 2263 2376 2018 2743
12114 4 2 100 26 1339 2958 1228 3139
12115 4 2 100 26 2159 2162 2164 2874
12116 4 2 100 26 2603 3261 2775 3323
12117 4 2 100 26 2775 2789 2495 3068
12118 4 2 100 26 2694 2507 2870 3281
12119 4 2 100 26 1845 2675 2566 3335
12120 4 2 100 26 2763 2826 2568 3387
12121 4 2 100 26 2351 2420 515 2827
12122 4 2 100 26 2584 3022 2938 3188
12123 4 2 100 26 2817 3185 1142 3189
12124 4 2 100 26 1907 2979 1589 3344
12125 4 2 100 26 1093 1094 1092 2952
12126 4 2 100 26 497 722 3075 3319
12127 4 2 100 26 718 717 3286 3359
12128 4 2 100 26 2042 2965 703 3098
12129 4 2 100 26 2552 2976 2685 3085
12130 4 2 100 26 2685 2977 2552 3085
12131 4 2 100 26 878 2760 655 2936
12132 4 2 100 26 2005 2370 2718 3285
12133 4 2 100 26 2093 2289 2091 3127
12134 4 2 100 26 1044 3082 2655 3385
12135 4 2 100 26 1547 1546 2758 3358
12136 4 2 100 26 1616 1874 2909 3261
12137 4 2 100 26 1596 2948 1592 3348
12138 4 2 100 26 1594 1596 1592 3348
12139 4 2 100 26 642 644 643 2788
12140 4 2 100 26 612 610 746 3087
12141 4 2 100 26 1128 1008 1126 3080
12142 4 2 100 26 1631 1632 1630 2844
12143 4 2 100 26 770 515 2420 2827
12144 4 2 100 26 538 2687 827 3337
12145 4 2 100 26 824 551 2820 2888
12146 4 2 100 26 1600 1886 1604 2915
12147 4 2 100 26 1594 2948 1596 3348
12148 4 2 100 26 607 609 894 2855
12149 4 2 100 26 2548 2897 2717 3308
12150 4 2 100 26 2705 2872 2507 3283
12151 4 2 100 26 1867 1792 1859 3245
12152 4 2 100 26 1782 1695 1476 2756
12153 4 2 100 26 2149 2156 2146 3086
12154 4 2 100 26 390 2009 2274 1004
12155 4 2 100 26 1265 390 2274 1004
12156 4 2 100 26 199 752 486 2259
12157 4 2 100 26 2016 2139 369 1280
12158 4 2 100 26 369 2016 1280 979
12159 4 2 100 26 964 1303 340 2312
12160 4 2 100 26 814 42 1474 454
12161 4 2 100 26 752 199 1980 2259
12162 4 2 100 26 1474 1734 42 814
12163 4 2 100 26 2261 132 465 779
12164 4 2 100 26 2285 470 142 1984
12165 4 2 100 26 948 1476 243 1315
12166 4 2 100 26 2110 2017 1276 345
12167 4 2 100 26 1275 998 2294 395
12168 4 2 100 26 802 2281 165 482
12169 4 2 100 26 2281 166 793 2019
12170 4 2 100 26 2027 964 340 2312
12171 4 2 100 26 132 2261 1981 779
12172 4 2 100 26 166 793 482 2281
12173 4 2 100 26 967 1276 2017 345
12174 4 2 100 26 1989 2131 154 780
12175 4 2 100 26 476 1989 154 780
12176 4 2 100 26 1981 2284 133 466
12177 4 2 100 26 466 133 1981 779
12178 4 2 100 26 2097 2028 1289 350
12179 4 2 100 26 500 716 188 2217
12180 4 2 100 26 466 1982 134 805
12181 4 2 100 26 470 2285 142 795
12182 4 2 100 26 1177 1500 262 1665
12183 4 2 100 26 469 139 1983 778
12184 4 2 100 26 2123 964 339 2027
12185 4 2 100 26 339 1277 964 2123
12186 4 2 100 26 965 2301 342 2025
12187 4 2 100 26 2217 716 188 1994
12188 4 2 100 26 1289 969 2097 350
12189 4 2 100 26 139 1983 2183 469
12190 4 2 100 26 2284 1982 134 466
12191 4 2 100 26 2306 1983 138 778
12192 4 2 100 26 778 138 2306 468
12193 4 2 100 26 2030 2097 1293 349
12194 4 2 100 26 1977 136 2157 807
12195 4 2 100 26 821 130 2323 463
12196 4 2 100 26 471 143 2285 795
12197 4 2 100 26 2301 965 342 1305
12198 4 2 100 26 969 1293 2097 349
12199 4 2 100 26 786 140 2184 469
12200 4 2 100 26 801 1976 129 463
12201 4 2 100 26 140 2183 2184 469
12202 4 2 100 26 518 703 176 2042
12203 4 2 100 26 130 1976 2323 463
12204 4 2 100 26 494 727 192 2273
12205 4 2 100 26 2021 2264 989 403
12206 4 2 100 26 467 2157 136 807
12207 4 2 100 26 1290 960 333 2315
12208 4 2 100 26 2042 176 518 2295
12209 4 2 100 26 141 1984 470 786
12210 4 2 100 26 1225 989 2264 403
12211 4 2 100 26 1984 141 2184 786
12212 4 2 100 26 1976 801 129 2138
12213 4 2 100 26 1319 2090 336 961
12214 4 2 100 26 2090 1319 336 2330
12215 4 2 100 26 177 714 2295 1965
12216 4 2 100 26 177 714 518 2295
12217 4 2 100 26 1766 750 80 1496
12218 4 2 100 26 1500 1177 262 1026
12219 4 2 100 26 1491 76 681 1776
12220 4 2 100 26 1783 273 1020 1495
12221 4 2 100 26 1511 517 73 1753
12222 4 2 100 26 1472 1173 271 1591
12223 4 2 100 26 75 516 1664 1491
12224 4 2 100 26 1457 1012 283 1743
12225 4 2 100 26 1761 1244 279 1456
12226 4 2 100 26 273 1020 1262 1783
12227 4 2 100 26 1021 1173 271 1472
12228 4 2 100 26 517 73 746 1511
12229 4 2 100 26 1650 520 68 1469
12230 4 2 100 26 1498 274 1018 1783
12231 4 2 100 26 516 75 681 1491
12232 4 2 100 26 1455 276 1017 1780
12233 4 2 100 26 1494 70 519 1778
12234 4 2 100 26 1012 1178 283 1743
12235 4 2 100 26 76 514 681 1776
12236 4 2 100 26 80 511 750 1766
12237 4 2 100 26 764 68 520 1469
12238 4 2 100 26 1262 1018 274 1783
12239 4 2 100 26 1005 1460 292 1241
12240 4 2 100 26 1244 1761 279 1015
12241 4 2 100 26 1176 1017 276 1780
12242 4 2 100 26 70 519 678 1494
12243 4 2 100 26 1248 1009 286 1775
12244 4 2 100 26 1775 1009 286 1458
12245 4 2 100 26 1459 1008 289 1245
12246 4 2 100 26 937 1437 231 1314
12247 4 2 100 26 1437 937 231 1758
12248 4 2 100 26 2040 1016 383 1212
12249 4 2 100 26 20 776 442 1570
12250 4 2 100 26 1223 1350 1349 3318
12251 4 2 100 26 2003 1290 333 2315
12252 4 2 100 26 559 2669 925 3391
12253 4 2 100 26 1016 2040 383 2272
12254 4 2 100 26 1460 1642 292 1241
12255 4 2 100 26 1995 494 192 2273
12256 4 2 100 26 1008 1459 289 1640
12257 4 2 100 26 722 718 777 3286
12258 4 2 100 26 1476 1693 243 1315
12259 4 2 100 26 1316 943 237 1727
12260 4 2 100 26 1727 943 237 1439
12261 4 2 100 26 1814 1434 3048 3357
12262 4 2 100 26 2534 2885 2706 3218
12263 4 2 100 26 943 1317 238 1781
12264 4 2 100 26 1781 238 943 1439
12265 4 2 100 26 1785 1314 230 1437
12266 4 2 100 26 936 1314 230 1785
12267 4 2 100 26 1570 442 20 1478
12268 4 2 100 26 2553 3091 3115 3137
12269 4 2 100 26 775 1996 194 492
12270 4 2 100 26 195 767 492 1996
12271 4 2 100 26 1848 3047 1847 3192
12272 4 2 100 26 1306 1726 240 946
12273 4 2 100 26 2020 2294 998 395
12274 4 2 100 26 1442 952 248 1312
12275 4 2 100 26 2005 974 360 1278
12276 4 2 100 26 1985 791 144 471
12277 4 2 100 26 2285 1985 143 471
12278 4 2 100 26 984 1225 2022 404
12279 4 2 100 26 2264 2022 1225 404
12280 4 2 100 26 1338 2782 1255 3397
12281 4 2 100 26 2281 802 165 1992
12282 4 2 100 26 56 1468 1765 528
12283 4 2 100 26 528 56 1468 679
12284 4 2 100 26 1477 1726 240 1306
12285 4 2 100 26 2156 366 977 2181
12286 4 2 100 26 2790 3303 2769 3307
12287 4 2 100 26 977 1298 366 2156
12288 4 2 100 26 1029 257 1789 1249
12289 4 2 100 26 257 1466 1789 1249
12290 4 2 100 26 767 195 2296 1996
12291 4 2 100 26 1996 775 194 2288
12292 4 2 100 26 1157 3009 2776 3208
12293 4 2 100 26 2583 2960 2725 3244
12294 4 2 100 26 1619 1768 3030 3323
12295 4 2 100 26 1285 2172 374 981
12296 4 2 100 26 2308 2277 2424 2838
12297 4 2 100 26 2172 1970 374 981
12298 4 2 100 26 2140 2139 2708 3291
12299 4 2 100 26 766 447 18 1796
12300 4 2 100 26 1795 18 447 1796
12301 4 2 100 26 1640 1633 1631 3080
12302 4 2 100 26 2555 3077 3083 3164
12303 4 2 100 26 1619 1617 1768 3323
12304 4 2 100 26 1683 1827 1682 3104
12305 4 2 100 26 1050 1419 2935 3006
12306 4 2 100 26 576 2710 528 3299
12307 4 2 100 26 1035 2890 2726 3155
12308 4 2 100 26 2773 3120 2776 3147
12309 4 2 100 26 233 1311 938 1760
12310 4 2 100 26 1311 233 1508 1760
12311 4 2 100 26 1932 1510 1809 2727
12312 4 2 100 26 1056 1057 942 3186
12313 4 2 100 26 2573 3212 2769 3303
12314 4 2 100 26 943 1349 1317 2978
12315 4 2 100 26 2094 2846 2386 3366
12316 4 2 100 26 1542 1905 2773 3364
12317 4 2 100 26 525 590 588 3104
12318 4 2 100 26 2689 2858 2528 3094
12319 4 2 100 26 2650 2776 3329 3376
12320 4 2 100 26 1247 3250 1088 3295
12321 4 2 100 26 580 527 582 3100
12322 4 2 100 26 1434 817 3048 3357
12323 4 2 100 26 723 2831 722 3175
12324 4 2 100 26 1314 936 1341 2745
12325 4 2 100 26 2638 3024 2915 3126
12326 4 2 100 26 2533 2923 2708 3291
12327 4 2 100 26 2189 2340 2187 2926
12328 4 2 100 26 2070 2430 2800 3162
12329 4 2 100 26 2242 2244 2243 2823
12330 4 2 100 26 2700 2490 2849 2928
12331 4 2 100 26 1822 1821 1731 3014
12332 4 2 100 26 2705 2507 2883 3283
12333 4 2 100 26 2053 2055 2920 3134
12334 4 2 100 26 1318 1782 244 948
12335 4 2 100 26 2323 131 821 2871
12336 4 2 100 26 1782 1476 244 948
12337 4 2 100 26 1371 2708 1280 3291
12338 4 2 100 26 2822 3010 2750 3347
12339 4 2 100 26 594 523 2717 3308
12340 4 2 100 26 2675 2524 3057 3301
12341 4 2 100 26 465 821 131 2871
12342 4 2 100 26 2323 2261 131 2871
12343 4 2 100 26 2527 2868 2691 3103
12344 4 2 100 26 2915 3024 2554 3126
12345 4 2 100 26 1211 1191 1190 2857
12346 4 2 100 26 1496 1878 2761 3341
12347 4 2 100 26 1402 967 2762 3342
12348 4 2 100 26 2942 2999 2643 3142
12349 4 2 100 26 2724 2956 2584 3239
12350 4 2 100 26 465 131 2261 2871
12351 4 2 100 26 2706 2903 2534 3218
12352 4 2 100 26 1290 1384 1394 3028
12353 4 2 100 26 1389 2825 1387 3078
12354 4 2 100 26 2729 2910 2617 3305
12355 4 2 100 26 1615 1614 1613 2909
12356 4 2 100 26 1612 1869 1611 2852
12357 4 2 100 26 1332 2741 2937 3396
12358 4 2 100 26 856 857 691 2751
12359 4 2 100 26 858 2959 690 3135
12360 4 2 100 26 2551 2999 2942 3142
12361 4 2 100 26 2033 2800 2069 3349
12362 4 2 100 26 1150 1149 1151 3172
12363 4 2 100 26 660 658 2979 3183
12364 4 2 100 26 1716 1438 3095 3326
12365 4 2 100 26 1078 3215 1246 3290
12366 4 2 100 26 2710 2917 2541 3299
12367 4 2 100 26 1101 2970 1100 3356
12368 4 2 100 26 2717 2894 2548 3308
12369 4 2 100 26 1316 1348 2978 3266
12370 4 2 100 26 2060 2444 2059 2784
12371 4 2 100 26 2513 2661 2935 3130
12372 4 2 100 26 2597 2820 2772 2888
12373 4 2 100 26 2692 2875 2533 3086
12374 4 2 100 26 2536 2893 2718 3285
12375 4 2 100 26 2401 2325 2179 2896
12376 4 2 100 26 1663 498 1589 2979
12377 4 2 100 26 1686 1688 1685 2860
12378 4 2 100 26 2564 2765 3317 3338
12379 4 2 100 26 3050 3119 2630 3301
12380 4 2 100 26 2545 2865 2697 3111
12381 4 2 100 26 2251 2250 2252 2953
12382 4 2 100 26 2697 2845 2607 3215
12383 4 2 100 26 2539 3156 2918 3374
12384 4 2 100 26 1870 1765 2710 3299
12385 4 2 100 26 565 566 563 2932
12386 4 2 100 26 2946 3035 2593 3245
12387 4 2 100 26 1606 1609 1608 2885
12388 4 2 100 26 2579 2940 2648 3105
12389 4 2 100 26 2506 2713 2933 3255
12390 4 2 100 26 225 1264 1582 1448
12391 4 2 100 26 1700 1811 1836 2922
12392 4 2 100 26 225 1264 940 1582
12393 4 2 100 26 2582 3379 3191 3398
12394 4 2 100 26 1949 2698 1951 3377
12395 4 2 100 26 1076 1074 1075 2878
12396 4 2 100 26 1017 2732 1102 3284
12397 4 2 100 26 1455 1608 2732 3284
12398 4 2 100 26 1666 1667 1668 2880
12399 4 2 100 26 2938 3022 2570 3188
12400 4 2 100 26 2721 2907 2538 3203
12401 4 2 100 26 2942 3026 2649 3189
12402 4 2 100 26 1865 2824 1867 3060
12403 4 2 100 26 1134 1132 1133 2843
12404 4 2 100 26 2076 2931 2073 3007
12405 4 2 100 26 2607 2856 2697 3215
12406 4 2 100 26 969 1293 1397 2746
12407 4 2 100 26 2131 2738 2250 3274
12408 4 2 100 26 1675 1673 1670 2947
12409 4 2 100 26 692 693 713 3074
12410 4 2 100 26 1716 1718 1438 3326
12411 4 2 100 26 2336 2474 2452 3352
12412 4 2 100 26 1127 1126 1125 2842
12413 4 2 100 26 1491 1881 1776 2747
12414 4 2 100 26 1101 1100 1099 3356
12415 4 2 100 26 2102 2100 2098 3124
12416 4 2 100 26 1026 2734 1074 3290
12417 4 2 100 26 1666 2734 1500 3290
12418 4 2 100 26 617 615 616 3123
12419 4 2 100 26 952 1442 248 1764
12420 4 2 100 26 974 2005 360 2300
12421 4 2 100 26 791 1985 144 2286
12422 4 2 100 26 1392 1107 1105 2863
12423 4 2 100 26 801 128 1975 462
12424 4 2 100 26 1975 2138 128 801
12425 4 2 100 26 2702 2882 2543 3195
12426 4 2 100 26 1868 1778 2706 3218
12427 4 2 100 26 1834 1681 1678 3188
12428 4 2 100 26 2481 2471 2464 2764
12429 4 2 100 26 2616 2886 2725 3298
12430 4 2 100 26 2250 2135 2132 2916
12431 4 2 100 26 1437 1793 1785 2745
12432 4 2 100 26 1864 2717 1774 3308
12433 4 2 100 26 2490 2874 2728 2900
12434 4 2 100 26 2166 2160 2165 2934
12435 4 2 100 26 2561 3115 2817 3159
12436 4 2 100 26 1160 3329 2776 3376
12437 4 2 100 26 958 2720 1362 3190
12438 4 2 100 26 639 638 2974 3090
12439 4 2 100 26 2508 2892 2714 3258
12440 4 2 100 26 1846 2720 1771 3190
12441 4 2 100 26 1101 1099 2970 3356
12442 4 2 100 26 2713 2506 2879 3264
12443 4 2 100 26 788 1973 458 2995
12444 4 2 100 26 1386 1387 1095 3241
12445 4 2 100 26 2707 2837 2517 2980
12446 4 2 100 26 1386 1093 2952 3241
12447 4 2 100 26 1270 2971 1425 3133
12448 4 2 100 26 1365 1285 2725 3298
12449 4 2 100 26 2196 3246 2199 3347
12450 4 2 100 26 1007 1198 3246 3347
12451 4 2 100 26 2941 3210 2526 3296
12452 4 2 100 26 2952 3029 2598 3241
12453 4 2 100 26 1892 2724 1493 3289
12454 4 2 100 26 2724 2884 2614 3289
12455 4 2 100 26 2238 2811 2233 3012
12456 4 2 100 26 2610 2810 2809 3039
12457 4 2 100 26 650 652 651 2963
12458 4 2 100 26 2356 2233 2811 3012
12459 4 2 100 26 455 794 822 2771
12460 4 2 100 26 2071 3162 2070 3181
12461 4 2 100 26 1611 1607 1612 2852
12462 4 2 100 26 758 486 2787 3353
12463 4 2 100 26 2704 2847 2608 3216
12464 4 2 100 26 2699 2877 2625 3222
12465 4 2 100 26 2598 3029 2953 3313
12466 4 2 100 26 2277 2199 2276 2838
12467 4 2 100 26 1707 3015 1843 3119
12468 4 2 100 26 2240 2241 2988 3059
12469 4 2 100 26 1202 1204 1205 2899
12470 4 2 100 26 48 1583 1446 464
12471 4 2 100 26 464 1446 48 665
12472 4 2 100 26 2650 3329 2937 3376
12473 4 2 100 26 2762 2815 2601 3233
12474 4 2 100 26 1090 1091 1092 2893
12475 4 2 100 26 1741 1801 1742 2914
12476 4 2 100 26 2618 3147 2776 3208
12477 4 2 100 26 2578 3207 2766 3297
12478 4 2 100 26 497 735 722 3319
12479 4 2 100 26 2179 2325 2180 2896
12480 4 2 100 26 2766 3207 2578 3302
12481 4 2 100 26 2606 2862 2692 3204
12482 4 2 100 26 1607 1605 3238 3284
12483 4 2 100 26 1175 1106 3238 3284
12484 4 2 100 26 881 585 587 2870
12485 4 2 100 26 2091 2094 2092 3366
12486 4 2 100 26 922 547 799 2806
12487 4 2 100 26 1920 1512 673 3382
12488 4 2 100 26 1597 1728 1598 2894
12489 4 2 100 26 2692 2865 2606 3204
12490 4 2 100 26 2537 2867 2701 3097
12491 4 2 100 26 2576 2992 2596 3134
12492 4 2 100 26 621 2982 622 3073
12493 4 2 100 26 2319 2981 2104 3072
12494 4 2 100 26 2271 2814 2270 3205
12495 4 2 100 26 2541 2876 2695 3100
12496 4 2 100 26 2819 3091 2326 3405
12497 4 2 100 26 1162 2937 2680 3329
12498 4 2 100 26 2760 3231 2590 3253
12499 4 2 100 26 1353 2801 1196 3153
12500 4 2 100 26 1735 1740 1736 2882
12501 4 2 100 26 2243 2787 2259 3353
12502 4 2 100 26 2714 2508 2925 3272
12503 4 2 100 26 948 1355 1318 2756
12504 4 2 100 26 2097 2098 2030 2746
12505 4 2 100 26 2766 3294 2792 3297
12506 4 2 100 26 1079 1080 1078 2845
12507 4 2 100 26 681 514 616 2747
12508 4 2 100 26 1907 3315 2979 3344
12509 4 2 100 26 2625 2891 2699 3222
12510 4 2 100 26 635 634 636 3386
12511 4 2 100 26 2791 3300 2766 3302
12512 4 2 100 26 1321 2783 1059 3262
12513 4 2 100 26 2525 2835 2675 3301
12514 4 2 100 26 2784 2864 2626 3383
12515 4 2 100 26 1652 1916 1529 3101
12516 4 2 100 26 2599 2852 2690 3238
12517 4 2 100 26 1340 2782 1338 3038
12518 4 2 100 26 2522 2660 3014 3179
12519 4 2 100 26 834 3191 2771 3379
12520 4 2 100 26 2568 3311 2950 3400
12521 4 2 100 26 1895 1686 1690 2861
12522 4 2 100 26 1386 1095 1093 3241
12523 4 2 100 26 1549 1900 1534 3384
12524 4 2 100 26 2701 2862 2537 3097
12525 4 2 100 26 2533 2845 2692 3086
12526 4 2 100 26 1412 1131 1129 2858
12527 4 2 100 26 2890 2906 2595 3150
12528 4 2 100 26 2703 2874 2616 3214
12529 4 2 100 26 1374 1079 1077 2845
12530 4 2 100 26 2612 3176 2778 3321
12531 4 2 100 26 2556 2989 2702 3117
12532 4 2 100 26 1043 2828 1042 2904
12533 4 2 100 26 2397 2962 2306 3089
12534 4 2 100 26 906 468 2962 3089
12535 4 2 100 26 2702 2991 2556 3117
12536 4 2 100 26 1697 1840 1842 2834
12537 4 2 100 26 2695 2856 2541 3100
12538 4 2 100 26 2718 2916 2536 3285
12539 4 2 100 26 1735 1736 1734 2757
12540 4 2 100 26 2731 3125 2542 3158
12541 4 2 100 26 2673 2971 1055 3186
12542 4 2 100 26 1725 1793 1437 2745
12543 4 2 100 26 2515 2650 3144 3145
12544 4 2 100 26 555 927 769 3033
12545 4 2 100 26 1669 1672 1863 2856
12546 4 2 100 26 816 438 24 1759
12547 4 2 100 26 1250 984 2248 405
12548 4 2 100 26 675 523 65 1774
12549 4 2 100 26 2769 3217 2580 3307
12550 4 2 100 26 2563 2984 2729 3169
12551 4 2 100 26 1817 1715 3047 3225
12552 4 2 100 26 1835 1634 1637 2868
12553 4 2 100 26 1427 1333 2783 3209
12554 4 2 100 26 463 905 801 3002
12555 4 2 100 26 1759 24 816 1503
12556 4 2 100 26 2022 2248 984 405
12557 4 2 100 26 65 675 1774 1501
12558 4 2 100 26 1107 1106 1105 2863
12559 4 2 100 26 1254 1256 1257 2794
12560 4 2 100 26 880 583 585 2867
12561 4 2 100 26 1860 1596 1594 2948
12562 4 2 100 26 2694 2866 2548 3104
12563 4 2 100 26 2714 2914 2605 3292
12564 4 2 100 26 2713 2855 2506 3264
12565 4 2 100 26 916 668 672 2849
12566 4 2 100 26 1932 1809 1581 2727
12567 4 2 100 26 2159 2158 3271 3298
12568 4 2 100 26 2150 2412 2153 2862
12569 4 2 100 26 570 568 530 3239
12570 4 2 100 26 2624 2858 2684 3236
12571 4 2 100 26 2568 3148 3092 3400
12572 4 2 100 26 1400 1121 1119 2977
12573 4 2 100 26 1626 1879 1624 2976
12574 4 2 100 26 2452 2474 2480 3352
12575 4 2 100 26 1415 939 1055 3186
12576 4 2 100 26 502 2722 648 3382
12577 4 2 100 26 2690 2863 2599 3238
12578 4 2 100 26 2980 3108 2615 3187
12579 4 2 100 26 1355 1187 1356 3129
12580 4 2 100 26 986 1250 2248 406
12581 4 2 100 26 1214 1001 2263 393
12582 4 2 100 26 2225 2226 2227 2984
12583 4 2 100 26 1972 2435 2086 2771
12584 4 2 100 26 562 564 3276 3289
12585 4 2 100 26 2728 2849 2490 2928
12586 4 2 100 26 1536 2696 1537 3145
12587 4 2 100 26 2225 2227 2228 2984
12588 4 2 100 26 1698 1836 2834 3263
12589 4 2 100 26 1436 1799 45 810
12590 4 2 100 26 1816 1884 440 3375
12591 4 2 100 26 2524 3119 3050 3301
12592 4 2 100 26 686 182 509 2254
12593 4 2 100 26 1233 2291 992 398
12594 4 2 100 26 2190 2188 2186 2879
12595 4 2 100 26 2602 2899 2709 3282
12596 4 2 100 26 1366 1065 2939 3247
12597 4 2 100 26 719 718 3143 3359
12598 4 2 100 26 2609 2866 2716 3224
12599 4 2 100 26 2694 2860 2613 3219
12600 4 2 100 26 2613 2861 2695 3220
12601 4 2 100 26 2254 182 509 1999
12602 4 2 100 26 1233 2024 2291 398
12603 4 2 100 26 2548 2872 2694 3104
12604 4 2 100 26 1800 1587 1585 2892
12605 4 2 100 26 1205 1359 1208 2859
12606 4 2 100 26 1232 1229 1231 2797
12607 4 2 100 26 1338 1255 1253 3397
12608 4 2 100 26 2076 2771 2086 2931
12609 4 2 100 26 2732 2885 2599 3284
12610 4 2 100 26 2804 2805 1532 3384
12611 4 2 100 26 1807 2687 1525 3377
12612 4 2 100 26 3007 3317 2078 3379
12613 4 2 100 26 2506 2921 2713 3255
12614 4 2 100 26 2129 2130 2986 3054
12615 4 2 100 26 2042 2384 2965 3098
12616 4 2 100 26 1472 2736 1597 3295
12617 4 2 100 26 1092 2736 1021 3295
12618 4 2 100 26 574 575 573 2945
12619 4 2 100 26 2163 2161 2328 2900
12620 4 2 100 26 2684 2868 2624 3236
12621 4 2 100 26 2038 3150 1294 3349
12622 4 2 100 26 2572 3029 2952 3241
12623 4 2 100 26 2772 2997 2513 3380
12624 4 2 100 26 2575 3035 2946 3245
12625 4 2 100 26 2640 3067 2655 3122
12626 4 2 100 26 1565 2777 1562 3185
12627 4 2 100 26 2695 2867 2613 3220
12628 4 2 100 26 1029 1063 2719 3306
12629 4 2 100 26 879 655 878 2760
12630 4 2 100 26 2508 2714 2911 3258
12631 4 2 100 26 2613 2870 2694 3219
12632 4 2 100 26 2608 2848 2704 3216
12633 4 2 100 26 2065 2066 2906 3150
12634 4 2 100 26 2149 2150 2152 2862
12635 4 2 100 26 1381 1089 1087 2883
12636 4 2 100 26 1734 2757 1736 3354
12637 4 2 100 26 1646 1828 2752 3389
12638 4 2 100 26 862 454 2757 3346
12639 4 2 100 26 844 731 734 2847
12640 4 2 100 26 836 759 837 3310
12641 4 2 100 26 2222 2221 2220 2901
12642 4 2 100 26 2607 2878 2734 3290
12643 4 2 100 26 2049 2682 2051 3383
12644 4 2 100 26 1470 54 744 529
12645 4 2 100 26 2734 2880 2607 3290
12646 4 2 100 26 603 601 602 2949
12647 4 2 100 26 2536 2889 2712 3102
12648 4 2 100 26 2697 2861 2545 3111
12649 4 2 100 26 1159 2776 1157 3009
12650 4 2 100 26 1990 2133 3224 3274
12651 4 2 100 26 2097 2105 2098 2746
12652 4 2 100 26 2269 2754 2210 3277
12653 4 2 100 26 681 616 614 2747
12654 4 2 100 26 1034 2726 1947 3155
12655 4 2 100 26 2606 2881 2712 3223
12656 4 2 100 26 1539 2650 3145 3364
12657 4 2 100 26 1207 1208 1209 2859
12658 4 2 100 26 1671 1749 3215 3290
12659 4 2 100 26 738 742 767 3345
12660 4 2 100 26 1684 1685 1683 2860
12661 4 2 100 26 2729 2983 2563 3169
12662 4 2 100 26 1260 1340 1333 3209
12663 4 2 100 26 1877 1874 1616 3261
12664 4 2 100 26 1516 535 919 3108
12665 4 2 100 26 2716 2889 2609 3224
12666 4 2 100 26 1321 1421 3229 3262
12667 4 2 100 26 1524 2698 1523 3377
12668 4 2 100 26 1190 1013 1211 3339
12669 4 2 100 26 2712 2887 2606 3223
12670 4 2 100 26 2307 3011 2031 3333
12671 4 2 100 26 1190 2961 1013 3339
12672 4 2 100 26 1541 3120 1540 3364
12673 4 2 100 26 2953 3029 2573 3313
12674 4 2 100 26 2714 2911 2644 3230
12675 4 2 100 26 1222 1218 1215 2902
12676 4 2 100 26 2124 2129 2123 3333
12677 4 2 100 26 2129 2307 2031 3333
12678 4 2 100 26 1212 1209 1211 3339
12679 4 2 100 26 2445 2062 2064 3180
12680 4 2 100 26 2774 2812 2656 3138
12681 4 2 100 26 1789 2719 1797 3306
12682 4 2 100 26 903 647 896 3197
12683 4 2 100 26 2164 2162 2409 2874
12684 4 2 100 26 598 522 3060 3252
12685 4 2 100 26 2623 2875 2701 3196
12686 4 2 100 26 2701 2876 2623 3196
12687 4 2 100 26 1086 1087 1088 2883
12688 4 2 100 26 2796 3050 2486 3301
12689 4 2 100 26 2154 2155 2362 2887
12690 4 2 100 26 1247 1088 1090 3295
12691 4 2 100 26 1884 812 440 3375
12692 4 2 100 26 588 587 586 2870
12693 4 2 100 26 2580 3217 2769 3324
12694 4 2 100 26 1620 1876 1881 3154
12695 4 2 100 26 986 2248 2008 406
12696 4 2 100 26 1001 2018 2263 393
12697 4 2 100 26 2227 2226 2371 2984
12698 4 2 100 26 1907 1589 1486 3344
12699 4 2 100 26 2742 2926 2611 3288
12700 4 2 100 26 742 492 767 2744
12701 4 2 100 26 2315 2316 2003 3328
12702 4 2 100 26 810 1799 45 460
12703 4 2 100 26 2609 2916 2738 3274
12704 4 2 100 26 1377 2830 1153 3172
12705 4 2 100 26 1338 3038 2782 3251
12706 4 2 100 26 2712 2883 2536 3102
12707 4 2 100 26 2316 2674 3328 3366
12708 4 2 100 26 2070 2430 2068 2800
12709 4 2 100 26 582 584 583 2867
12710 4 2 100 26 1996 2234 2296 2744
12711 4 2 100 26 737 738 491 2966
12712 4 2 100 26 2470 2466 2483 3042
12713 4 2 100 26 54 1470 1754 529
12714 4 2 100 26 2136 2360 2133 2889
12715 4 2 100 26 2269 2754 2255 3229
12716 4 2 100 26 2611 2879 2713 3240
12717 4 2 100 26 708 831 670 2911
12718 4 2 100 26 738 491 2966 3345
12719 4 2 100 26 1593 1592 3199 3348
12720 4 2 100 26 2176 2175 2178 2927
12721 4 2 100 26 2073 2931 2086 3162
12722 4 2 100 26 2682 2951 2820 3380
12723 4 2 100 26 2316 3091 2674 3366
12724 4 2 100 26 1369 2943 1073 3270
12725 4 2 100 26 2713 2855 2611 3240
12726 4 2 100 26 151 2287 475 803
12727 4 2 100 26 1066 2939 1065 3247
12728 4 2 100 26 1330 1206 1203 2924
12729 4 2 100 26 1109 1110 1108 2919
12730 4 2 100 26 525 684 62 1682
12731 4 2 100 26 2768 3128 1068 3247
12732 4 2 100 26 1682 684 62 1490
12733 4 2 100 26 734 731 733 2847
12734 4 2 100 26 2681 2898 2531 3040
12735 4 2 100 26 2490 2874 2703 3214
12736 4 2 100 26 492 742 733 2744
12737 4 2 100 26 1341 1342 1314 2745
12738 4 2 100 26 2186 1963 3240 3288
12739 4 2 100 26 861 2757 862 3354
12740 4 2 100 26 1871 1675 1670 2947
12741 4 2 100 26 490 761 3049 3194
12742 4 2 100 26 2236 2239 2247 2966
12743 4 2 100 26 1129 1130 1128 2858
12744 4 2 100 26 1073 2943 1072 3270
12745 4 2 100 26 1103 1104 1102 2907
12746 4 2 100 26 2234 2236 2296 3345
12747 4 2 100 26 1843 1845 1709 3119
12748 4 2 100 26 721 719 718 3143
12749 4 2 100 26 2204 2207 2262 3339
12750 4 2 100 26 1532 1492 1533 3384
12751 4 2 100 26 2236 2966 2247 3345
12752 4 2 100 26 1215 1214 1222 2964
12753 4 2 100 26 1215 1216 998 2964
12754 4 2 100 26 699 852 3018 3057
12755 4 2 100 26 562 563 564 3289
12756 4 2 100 26 563 531 565 3289
12757 4 2 100 26 687 2941 745 3178
12758 4 2 100 26 1098 1100 3200 3356
12759 4 2 100 26 1078 1246 1076 3290
12760 4 2 100 26 2581 3122 2931 3162
12761 4 2 100 26 2204 2262 2961 3339
12762 4 2 100 26 2705 2872 2628 3250
12763 4 2 100 26 2080 2333 2765 3317
12764 4 2 100 26 2375 2729 2291 3305
12765 4 2 100 26 2520 2981 2839 3327
12766 4 2 100 26 2839 2982 2520 3325
12767 4 2 100 26 990 1231 1267 3012
12768 4 2 100 26 2627 2896 2709 3265
12769 4 2 100 26 1131 1133 1132 2843
12770 4 2 100 26 2680 2515 3067 3145
12771 4 2 100 26 2519 2987 2827 3008
12772 4 2 100 26 1017 1102 1104 3284
12773 4 2 100 26 1455 1606 1608 3284
12774 4 2 100 26 1607 1606 1605 3284
12775 4 2 100 26 1175 1104 1106 3284
12776 4 2 100 26 814 861 862 3354
12777 4 2 100 26 1149 1384 1382 2821
12778 4 2 100 26 1033 1036 1325 2698
12779 4 2 100 26 608 609 607 2855
12780 4 2 100 26 2121 2117 2119 2955
12781 4 2 100 26 814 862 2757 3354
12782 4 2 100 26 2159 2160 2158 3298
12783 4 2 100 26 2160 2166 2172 3298
12784 4 2 100 26 2418 2737 2168 3173
12785 4 2 100 26 867 2737 787 3173
12786 4 2 100 26 2131 2250 2132 3274
12787 4 2 100 26 568 565 751 3239
12788 4 2 100 26 754 3049 2781 3211
12789 4 2 100 26 1026 1074 1076 3290
12790 4 2 100 26 1667 1666 1500 3290
12791 4 2 100 26 1361 1205 1204 2899
12792 4 2 100 26 823 773 3116 3194
12793 4 2 100 26 2557 3003 2796 3359
12794 4 2 100 26 550 921 485 2682
12795 4 2 100 26 1418 2890 1040 3150
12796 4 2 100 26 1286 956 327 2041
12797 4 2 100 26 620 618 680 2968
12798 4 2 100 26 2103 2319 2292 2969
12799 4 2 100 26 2103 2310 2099 2969
12800 4 2 100 26 513 622 620 2968
12801 4 2 100 26 1421 1058 1270 3262
12802 4 2 100 26 1082 1081 1083 2865
12803 4 2 100 26 618 680 2968 3340
12804 4 2 100 26 2319 2292 2969 3342
12805 4 2 100 26 2310 2099 2969 3343
12806 4 2 100 26 513 622 2968 3341
12807 4 2 100 26 559 558 2895 3391
12808 4 2 100 26 758 760 486 3353
12809 4 2 100 26 2232 2234 1996 2744
12810 4 2 100 26 988 1281 2265 408
12811 4 2 100 26 1234 1235 992 3305
12812 4 2 100 26 1239 1273 1235 3305
12813 4 2 100 26 675 596 594 3252
12814 4 2 100 26 598 596 522 3252
12815 4 2 100 26 2265 2001 988 408
12816 4 2 100 26 574 572 529 3254
12817 4 2 100 26 574 679 576 3254
12818 4 2 100 26 2459 2449 1971 3309
12819 4 2 100 26 1336 1334 1230 2958
12820 4 2 100 26 1339 1336 1228 2958
12821 4 2 100 26 520 602 600 3256
12822 4 2 100 26 678 604 602 3256
12823 4 2 100 26 2628 2883 2705 3250
12824 4 2 100 26 2711 2919 2540 3093
12825 4 2 100 26 2538 2926 2721 3203
12826 4 2 100 26 2531 2908 2681 3040
12827 4 2 100 26 626 624 511 2761
12828 4 2 100 26 2111 2110 2122 2762
12829 4 2 100 26 950 1784 245 1318
12830 4 2 100 26 1848 1817 1715 3047
12831 4 2 100 26 2054 2053 2920 3399
12832 4 2 100 26 1300 3248 1368 3367
12833 4 2 100 26 1784 1782 245 1318
12834 4 2 100 26 618 616 514 3340
12835 4 2 100 26 2017 2319 2122 3342
12836 4 2 100 26 2099 2030 2098 3343
12837 4 2 100 26 622 750 624 3341
12838 4 2 100 26 1771 1506 251 1308
12839 4 2 100 26 2016 2141 2140 3248
12840 4 2 100 26 1467 1003 1930 3062
12841 4 2 100 26 761 2781 754 3049
12842 4 2 100 26 2487 2750 2822 3403
12843 4 2 100 26 3005 3183 2612 3390
12844 4 2 100 26 2272 2270 2177 2759
12845 4 2 100 26 951 2446 2038 3349
12846 4 2 100 26 591 589 590 2866
12847 4 2 100 26 2762 2851 2601 3363
12848 4 2 100 26 2600 2850 2761 3362
12849 4 2 100 26 1837 3113 1433 3117
12850 4 2 100 26 1397 1393 969 2746
12851 4 2 100 26 1877 1881 1491 2747
12852 4 2 100 26 704 705 521 3098
12853 4 2 100 26 2112 2114 2317 2853
12854 4 2 100 26 1207 1209 1016 2759
12855 4 2 100 26 2951 3361 2820 3380
12856 4 2 100 26 2737 2932 2549 3173
12857 4 2 100 26 200 488 752 2256
12858 4 2 100 26 2241 2243 2259 3353
12859 4 2 100 26 716 503 187 2302
12860 4 2 100 26 1803 1557 1566 2840
12861 4 2 100 26 2529 2930 2681 3034
12862 4 2 100 26 2256 752 200 1980
12863 4 2 100 26 2287 1988 151 475
12864 4 2 100 26 1994 716 187 2302
12865 4 2 100 26 331 1282 959 2096
12866 4 2 100 26 1841 1801 1741 2914
12867 4 2 100 26 2661 2971 2547 3133
12868 4 2 100 26 1636 1634 1633 2868
12869 4 2 100 26 558 2992 2895 3391
12870 4 2 100 26 2269 2209 2255 2754
12871 4 2 100 26 2096 959 331 2313
12872 4 2 100 26 2681 2929 2529 3034
12873 4 2 100 26 1546 1802 2832 3105
12874 4 2 100 26 2738 2897 2609 3274
12875 4 2 100 26 2605 2882 2757 3354
12876 4 2 100 26 1793 1601 1785 3332
12877 4 2 100 26 2549 2934 2737 3173
12878 4 2 100 26 2623 2917 2740 3279
12879 4 2 100 26 633 2891 632 3386
12880 4 2 100 26 1173 1092 1094 3199
12881 4 2 100 26 1495 1593 1592 3199
12882 4 2 100 26 1597 1591 1592 3199
12883 4 2 100 26 1094 1096 1020 3199
12884 4 2 100 26 760 737 736 2966
12885 4 2 100 26 2628 2894 2736 3295
12886 4 2 100 26 1098 1100 1018 3200
12887 4 2 100 26 1791 1777 1498 3200
12888 4 2 100 26 1791 1780 1608 3200
12889 4 2 100 26 1100 1102 1176 3200
12890 4 2 100 26 2327 2877 2127 3392
12891 4 2 100 26 1559 1561 1560 2777
12892 4 2 100 26 1601 1602 1600 2915
12893 4 2 100 26 760 2966 736 3353
12894 4 2 100 26 669 667 666 2928
12895 4 2 100 26 772 927 556 2992
12896 4 2 100 26 2740 2923 2623 3279
12897 4 2 100 26 1114 2789 1115 3160
12898 4 2 100 26 2239 2241 1979 2966
12899 4 2 100 26 2762 2601 2851 3233
12900 4 2 100 26 1369 1073 1071 3270
12901 4 2 100 26 2321 2109 126 461
12902 4 2 100 26 2251 2378 2953 3313
12903 4 2 100 26 1352 1196 1353 2801
12904 4 2 100 26 2656 3225 1720 3375
12905 4 2 100 26 2241 1979 2966 3353
12906 4 2 100 26 2774 3084 2608 3166
12907 4 2 100 26 1299 335 2039 3206
12908 4 2 100 26 1970 2166 2169 3244
12909 4 2 100 26 1536 1537 1535 3145
12910 4 2 100 26 629 628 630 2854
12911 4 2 100 26 1083 1085 1084 2881
12912 4 2 100 26 745 700 3178 3287
12913 4 2 100 26 2431 2056 2057 3151
12914 4 2 100 26 597 595 596 2944
12915 4 2 100 26 2687 538 2980 3337
12916 4 2 100 26 645 905 643 2788
12917 4 2 100 26 989 2354 2021 402
12918 4 2 100 26 1965 178 714 2351
12919 4 2 100 26 1441 1813 34 448
12920 4 2 100 26 1824 51 1493 531
12921 4 2 100 26 1901 1930 1565 3185
12922 4 2 100 26 1794 1725 1724 2848
12923 4 2 100 26 1366 1067 1065 3247
12924 4 2 100 26 98 1589 498 674
12925 4 2 100 26 2155 2153 2414 2887
12926 4 2 100 26 580 581 579 2876
12927 4 2 100 26 1480 1520 3034 3306
12928 4 2 100 26 160 1964 2344 479
12929 4 2 100 26 1696 3023 1744 3163
12930 4 2 100 26 1698 1836 1840 2834
12931 4 2 100 26 642 702 644 3394
12932 4 2 100 26 838 740 836 3310
12933 4 2 100 26 1696 1694 1701 3083
12934 4 2 100 26 1346 1221 1219 2780
12935 4 2 100 26 1520 1518 1480 3034
12936 4 2 100 26 1185 1243 1184 3010
12937 4 2 100 26 1186 1185 1010 3010
12938 4 2 100 26 174 715 1993 2182
12939 4 2 100 26 380 2174 2191 1213
12940 4 2 100 26 2190 2364 2188 2879
12941 4 2 100 26 2759 2859 2602 3371
12942 4 2 100 26 1646 1897 1828 3389
12943 4 2 100 26 479 2344 160 800
12944 4 2 100 26 989 1267 2354 402
12945 4 2 100 26 178 515 714 2351
12946 4 2 100 26 51 1824 751 531
12947 4 2 100 26 808 34 1813 448
12948 4 2 100 26 1304 976 363 2036
12949 4 2 100 26 973 1302 358 2035
12950 4 2 100 26 478 157 1991 806
12951 4 2 100 26 1281 986 2008 407
12952 4 2 100 26 1986 146 472 789
12953 4 2 100 26 392 1001 2018 1192
12954 4 2 100 26 380 2174 1213 1019
12955 4 2 100 26 715 174 521 2182
12956 4 2 100 26 1053 1419 2784 2935
12957 4 2 100 26 1163 1590 254 962
12958 4 2 100 26 21 437 776 1653
12959 4 2 100 26 1240 1234 1233 3169
12960 4 2 100 26 2544 2927 2715 3098
12961 4 2 100 26 1060 3034 1061 3306
12962 4 2 100 26 1286 2193 954 3121
12963 4 2 100 26 1243 1184 3010 3347
12964 4 2 100 26 1287 970 2015 352
12965 4 2 100 26 152 1988 804 475
12966 4 2 100 26 797 1987 149 474
12967 4 2 100 26 355 1295 972 2012
12968 4 2 100 26 2045 2335 2453 2726
12969 4 2 100 26 1160 3120 2776 3329
12970 4 2 100 26 1653 776 21 1570
12971 4 2 100 26 1590 254 1517 1163
12972 4 2 100 26 1186 3010 1010 3373
12973 4 2 100 26 918 553 534 3161
12974 4 2 100 26 2197 3010 2006 3347
12975 4 2 100 26 792 126 2109 461
12976 4 2 100 26 606 677 3041 3218
12977 4 2 100 26 453 926 796 3393
12978 4 2 100 26 251 1771 1308 958
12979 4 2 100 26 2798 2799 2672 3044
12980 4 2 100 26 1062 1061 1060 3034
12981 4 2 100 26 1164 1062 1163 3034
12982 4 2 100 26 146 1986 2185 789
12983 4 2 100 26 2257 392 2018 1192
12984 4 2 100 26 1791 2946 1610 3245
12985 4 2 100 26 853 699 852 3018
12986 4 2 100 26 2327 2329 2127 2877
12987 4 2 100 26 2411 2094 2289 2846
12988 4 2 100 26 2134 2374 2136 2889
12989 4 2 100 26 729 733 731 3125
12990 4 2 100 26 2308 2199 2838 3210
12991 4 2 100 26 185 694 506 2348
12992 4 2 100 26 2116 355 972 2012
12993 4 2 100 26 2197 2198 2006 3010
12994 4 2 100 26 511 626 2761 3362
12995 4 2 100 26 2110 2762 2111 3363
12996 4 2 100 26 1102 1100 1101 2970
12997 4 2 100 26 2219 2283 2224 2779
12998 4 2 100 26 639 638 640 2974
12999 4 2 100 26 1632 1899 1630 2844
13000 4 2 100 26 2035 358 973 2304
13001 4 2 100 26 1333 1423 1427 2783
13002 4 2 100 26 608 606 677 3041
13003 4 2 100 26 517 610 608 3041
13004 4 2 100 26 1847 2835 1711 3192
13005 4 2 100 26 157 2303 1991 806
13006 4 2 100 26 2008 2265 1281 407
13007 4 2 100 26 2036 976 363 2249
13008 4 2 100 26 738 737 739 2869
13009 4 2 100 26 2796 2901 2629 3003
13010 4 2 100 26 2297 1987 149 797
13011 4 2 100 26 1148 2730 1000 3368
13012 4 2 100 26 638 685 640 3000
13013 4 2 100 26 2202 2268 3010 3373
13014 4 2 100 26 970 2305 2015 352
13015 4 2 100 26 152 1988 2309 804
13016 4 2 100 26 1153 1377 1376 2830
13017 4 2 100 26 2084 2332 2085 2760
13018 4 2 100 26 2611 2903 2742 3288
13019 4 2 100 26 868 869 3198 3300
13020 4 2 100 26 2197 2196 2199 3347
13021 4 2 100 26 1007 1243 1198 3347
13022 4 2 100 26 2564 3376 2937 3396
13023 4 2 100 26 1123 1125 1124 2851
13024 4 2 100 26 1703 1706 1477 3023
13025 4 2 100 26 2198 2202 2268 3010
13026 4 2 100 26 1628 1629 1630 2850
13027 4 2 100 26 1917 924 1492 2805
13028 4 2 100 26 633 631 632 2891
13029 4 2 100 26 2540 2933 2711 3093
13030 4 2 100 26 2773 3120 1541 3364
13031 4 2 100 26 1373 1077 1075 2878
13032 4 2 100 26 16 446 1745 1450
13033 4 2 100 26 1094 2952 1093 3241
13034 4 2 100 26 446 16 781 1450
13035 4 2 100 26 2272 2759 2177 3371
13036 4 2 100 26 1719 1885 2774 3141
13037 4 2 100 26 1668 1669 1862 2880
13038 4 2 100 26 2036 2362 2374 3102
13039 4 2 100 26 1696 1703 1744 3023
13040 4 2 100 26 828 1449 446 3092
13041 4 2 100 26 2714 2914 2508 3272
13042 4 2 100 26 1883 1843 1707 3015
13043 4 2 100 26 1090 1092 1021 3295
13044 4 2 100 26 2715 2925 2544 3098
13045 4 2 100 26 1878 1875 1766 2761
13046 4 2 100 26 1276 1404 1402 2762
13047 4 2 100 26 1207 2759 1016 3371
13048 4 2 100 26 1882 1434 36 449
13049 4 2 100 26 2029 2425 990 400
13050 4 2 100 26 53 1894 1470 530
13051 4 2 100 26 817 36 1434 449
13052 4 2 100 26 990 1273 2029 400
13053 4 2 100 26 744 53 1470 530
13054 4 2 100 26 997 1172 1910 3358
13055 4 2 100 26 2707 2906 2517 3180
13056 4 2 100 26 600 2790 598 3060
13057 4 2 100 26 1513 682 59 1692
13058 4 2 100 26 1407 1127 1125 2842
13059 4 2 100 26 1292 953 1320 2741
13060 4 2 100 26 682 527 59 1692
13061 4 2 100 26 888 889 3212 3303
13062 4 2 100 26 1660 1820 1890 3001
13063 4 2 100 26 1598 1472 1597 3295
13064 4 2 100 26 2795 3253 2084 3257
13065 4 2 100 26 752 753 758 2787
13066 4 2 100 26 2565 3009 2765 3259
13067 4 2 100 26 996 3120 1902 3147
13068 4 2 100 26 1852 1794 1724 2848
13069 4 2 100 26 788 458 872 2995
13070 4 2 100 26 889 891 2769 3307
13071 4 2 100 26 2411 2386 2094 2846
13072 4 2 100 26 1465 1417 1033 3101
13073 4 2 100 26 1745 446 15 1449
13074 4 2 100 26 2445 2707 2062 3180
13075 4 2 100 26 441 2683 554 3161
13076 4 2 100 26 2413 2416 2766 3294
13077 4 2 100 26 2459 2770 2087 3309
13078 4 2 100 26 2416 2429 3198 3294
13079 4 2 100 26 889 2769 3303 3307
13080 4 2 100 26 1813 1882 35 808
13081 4 2 100 26 2418 483 168 2342
13082 4 2 100 26 1884 440 28 1816
13083 4 2 100 26 1267 2425 2354 401
13084 4 2 100 26 2420 515 179 2351
13085 4 2 100 26 2225 2228 2273 3319
13086 4 2 100 26 728 735 727 3319
13087 4 2 100 26 327 1286 2041 2193
13088 4 2 100 26 2596 3033 2864 3268
13089 4 2 100 26 2413 3294 2766 3297
13090 4 2 100 26 1611 1861 1609 2885
13091 4 2 100 26 2444 2050 2864 3383
13092 4 2 100 26 2535 2909 2693 3087
13093 4 2 100 26 1038 1036 1033 3101
13094 4 2 100 26 980 371 1300 3367
13095 4 2 100 26 1989 2252 2250 3212
13096 4 2 100 26 2597 2997 2772 3380
13097 4 2 100 26 2421 2343 3116 3194
13098 4 2 100 26 740 2869 760 3310
13099 4 2 100 26 1838 1741 1740 2882
13100 4 2 100 26 2693 2921 2535 3087
13101 4 2 100 26 709 711 710 2808
13102 4 2 100 26 1014 3269 1110 3323
13103 4 2 100 26 1615 3269 1641 3323
13104 4 2 100 26 2707 2517 2837 3180
13105 4 2 100 26 2789 3068 2603 3182
13106 4 2 100 26 1441 1843 1883 2566
13107 4 2 100 26 853 852 448 2566
13108 4 2 100 26 2464 2465 2461 3171
13109 4 2 100 26 2736 2893 2628 3295
13110 4 2 100 26 2627 2898 2703 3237
13111 4 2 100 26 1190 1186 1268 2961
13112 4 2 100 26 2077 3007 2333 3317
13113 4 2 100 26 1856 1659 1890 2803
13114 4 2 100 26 1766 2761 1875 3362
13115 4 2 100 26 1276 1404 2762 3363
13116 4 2 100 26 1172 997 1156 3358
13117 4 2 100 26 449 35 1882 808
13118 4 2 100 26 168 787 483 2418
13119 4 2 100 26 812 440 28 1884
13120 4 2 100 26 2659 2629 3165 3395
13121 4 2 100 26 1267 990 2425 401
13122 4 2 100 26 179 770 515 2420
13123 4 2 100 26 708 670 832 2911
13124 4 2 100 26 870 2766 869 3300
13125 4 2 100 26 1887 1574 1853 2786
13126 4 2 100 26 2625 2799 2798 3044
13127 4 2 100 26 1833 83 510 1896
13128 4 2 100 26 2146 2147 2148 2875
13129 4 2 100 26 2605 2914 2714 3272
13130 4 2 100 26 485 550 2682 3352
13131 4 2 100 26 1413 2007 377 1328
13132 4 2 100 26 870 2766 3300 3302
13133 4 2 100 26 2632 3077 2822 3153
13134 4 2 100 26 1186 1268 2961 3373
13135 4 2 100 26 2141 2143 2142 2957
13136 4 2 100 26 1231 990 1239 3012
13137 4 2 100 26 2322 3231 2332 3253
13138 4 2 100 26 780 887 2738 3274
13139 4 2 100 26 2065 2063 2045 2726
13140 4 2 100 26 2668 3012 2811 3131
13141 4 2 100 26 2931 3122 2559 3162
13142 4 2 100 26 1331 1167 1168 2898
13143 4 2 100 26 2367 2387 1977 3089
13144 4 2 100 26 908 807 909 3089
13145 4 2 100 26 1475 2723 443 3375
13146 4 2 100 26 1299 961 335 3206
13147 4 2 100 26 2039 335 2090 3206
13148 4 2 100 26 2163 2325 2366 2900
13149 4 2 100 26 1298 1375 1374 3086
13150 4 2 100 26 2795 3052 2450 3168
13151 4 2 100 26 1162 2680 994 3329
13152 4 2 100 26 2570 2939 2719 3234
13153 4 2 100 26 1659 2803 1856 3311
13154 4 2 100 26 268 1182 1023 1829
13155 4 2 100 26 1579 1581 1933 2997
13156 4 2 100 26 2464 2764 2465 3171
13157 4 2 100 26 621 620 622 2982
13158 4 2 100 26 2319 2103 2104 2981
13159 4 2 100 26 2778 2612 3183 3390
13160 4 2 100 26 2557 3286 3003 3359
13161 4 2 100 26 2560 2832 2748 3344
13162 4 2 100 26 2562 3001 2803 3320
13163 4 2 100 26 2320 2007 377 1413
13164 4 2 100 26 970 1396 1398 3093
13165 4 2 100 26 915 671 2728 3312
13166 4 2 100 26 737 760 740 2869
13167 4 2 100 26 2650 3144 2678 3338
13168 4 2 100 26 1873 1874 1511 3087
13169 4 2 100 26 2076 2771 2931 3007
13170 4 2 100 26 2719 2938 2570 3234
13171 4 2 100 26 1896 83 510 747
13172 4 2 100 26 1643 1639 1638 2873
13173 4 2 100 26 870 871 3207 3302
13174 4 2 100 26 2088 3052 2795 3257
13175 4 2 100 26 2703 2616 2930 3214
13176 4 2 100 26 2477 2468 2820 2888
13177 4 2 100 26 2200 2201 2198 2750
13178 4 2 100 26 1343 1237 2918 3374
13179 4 2 100 26 2186 2187 1963 3288
13180 4 2 100 26 1827 1687 1729 2872
13181 4 2 100 26 2822 3153 3077 3378
13182 4 2 100 26 1589 1663 98 498
13183 4 2 100 26 1071 1073 1072 3270
13184 4 2 100 26 1571 1819 1573 3177
13185 4 2 100 26 2890 3150 2595 3232
13186 4 2 100 26 890 3217 891 3307
13187 4 2 100 26 833 670 669 2928
13188 4 2 100 26 2182 2395 2380 3098
13189 4 2 100 26 2758 2832 2618 3358
13190 4 2 100 26 1692 1863 1826 3100
13191 4 2 100 26 1671 1667 1749 3290
13192 4 2 100 26 858 859 690 2959
13193 4 2 100 26 2675 3334 2566 3335
13194 4 2 100 26 2630 3119 2835 3301
13195 4 2 100 26 877 880 479 3097
13196 4 2 100 26 1990 2132 2133 3274
13197 4 2 100 26 371 980 2023 3367
13198 4 2 100 26 1227 1226 989 2829
13199 4 2 100 26 2198 2197 2200 2750
13200 4 2 100 26 1367 3244 1291 3316
13201 4 2 100 26 2733 3020 2553 3174
13202 4 2 100 26 743 1897 86 507
13203 4 2 100 26 2542 2910 2731 3158
13204 4 2 100 26 1540 3120 1927 3329
13205 4 2 100 26 2386 3002 1975 3174
13206 4 2 100 26 2599 2907 2732 3284
13207 4 2 100 26 2239 2240 2241 2988
13208 4 2 100 26 1383 1091 1089 2893
13209 4 2 100 26 1837 1812 1433 3113
13210 4 2 100 26 2282 2221 2393 3202
13211 4 2 100 26 2595 3201 2800 3349
13212 4 2 100 26 2224 2283 2226 2779
13213 4 2 100 26 2169 2167 2170 2960
13214 4 2 100 26 2413 3207 2388 3297
13215 4 2 100 26 2233 2235 2234 3131
13216 4 2 100 26 2204 2014 2202 2961
13217 4 2 100 26 1381 1380 1304 3102
13218 4 2 100 26 1219 2780 1221 3401
13219 4 2 100 26 2650 3120 2773 3364
13220 4 2 100 26 569 567 568 2956
13221 4 2 100 26 873 782 2740 3279
13222 4 2 100 26 1190 1188 1186 2857
13223 4 2 100 26 2200 2750 2197 3210
13224 4 2 100 26 2014 2202 2961 3373
13225 4 2 100 26 1918 1482 1537 2696
13226 4 2 100 26 2920 3106 2576 3151
13227 4 2 100 26 1568 1556 2730 3304
13228 4 2 100 26 1818 1888 1586 2908
13229 4 2 100 26 1547 1546 1802 2758
13230 4 2 100 26 1322 1032 1432 2764
13231 4 2 100 26 2644 2892 2714 3230
13232 4 2 100 26 2318 1300 371 3367
13233 4 2 100 26 2072 2073 2086 3162
13234 4 2 100 26 2617 2811 2797 3012
13235 4 2 100 26 1546 2832 1551 3105
13236 4 2 100 26 1901 1564 1931 3170
13237 4 2 100 26 1467 1930 1901 3062
13238 4 2 100 26 2739 2799 2528 3392
13239 4 2 100 26 657 2936 656 3183
13240 4 2 100 26 2069 2033 2070 2800
13241 4 2 100 26 1329 1165 1313 3040
13242 4 2 100 26 843 741 841 3019
13243 4 2 100 26 2646 2794 2786 3088
13244 4 2 100 26 1222 3016 1223 3318
13245 4 2 100 26 1014 1110 1112 3323
13246 4 2 100 26 1617 1615 1641 3323
13247 4 2 100 26 1034 1035 2726 3155
13248 4 2 100 26 814 862 454 2757
13249 4 2 100 26 797 2742 892 3288
13250 4 2 100 26 1360 1358 1210 2991
13251 4 2 100 26 1210 1191 1211 2991
13252 4 2 100 26 866 672 566 2932
13253 4 2 100 26 1394 2674 3159 3328
13254 4 2 100 26 1565 1560 2777 3185
13255 4 2 100 26 883 589 591 2866
13256 4 2 100 26 2252 2251 2953 3313
13257 4 2 100 26 1424 3232 2828 3349
13258 4 2 100 26 2547 3106 2920 3151
13259 4 2 100 26 1189 1243 2822 3378
13260 4 2 100 26 1389 1097 2825 3356
13261 4 2 100 26 1474 1737 1735 3346
13262 4 2 100 26 1266 2060 2026 414
13263 4 2 100 26 2363 2338 2326 3091
13264 4 2 100 26 1367 1067 1366 3247
13265 4 2 100 26 1172 1156 3147 3358
13266 4 2 100 26 1943 1952 1953 3377
13267 4 2 100 26 185 694 2348 1967
13268 4 2 100 26 2434 2765 2333 3121
13269 4 2 100 26 1329 3040 1313 3190
13270 4 2 100 26 2297 2340 2742 3288
13271 4 2 100 26 2412 2428 1964 3097
13272 4 2 100 26 2054 2053 2055 2920
13273 4 2 100 26 2243 2245 1980 2787
13274 4 2 100 26 676 3184 628 3362
13275 4 2 100 26 1343 1237 1236 2918
13276 4 2 100 26 1043 1041 1042 2828
13277 4 2 100 26 1735 1734 1474 2757
13278 4 2 100 26 1378 1083 1081 2865
13279 4 2 100 26 2381 2231 2229 2910
13280 4 2 100 26 1526 1916 1524 2841
13281 4 2 100 26 1829 1023 268 1454
13282 4 2 100 26 1296 3181 2033 3349
13283 4 2 100 26 1843 1845 2566 3335
13284 4 2 100 26 2129 2130 2307 2986
13285 4 2 100 26 1648 1006 3221 3236
13286 4 2 100 26 1424 1041 2828 3232
13287 4 2 100 26 537 2707 2980 3337
13288 4 2 100 26 2477 2475 2468 2888
13289 4 2 100 26 2735 2918 2539 3156
13290 4 2 100 26 1968 2402 2740 3279
13291 4 2 100 26 1729 1728 1872 2894
13292 4 2 100 26 650 683 652 3314
13293 4 2 100 26 652 501 654 3314
13294 4 2 100 26 1125 1123 1404 2851
13295 4 2 100 26 2987 3110 2641 3370
13296 4 2 100 26 995 3169 2993 3401
13297 4 2 100 26 1630 1875 1628 2850
13298 4 2 100 26 691 857 689 2751
13299 4 2 100 26 1391 1105 1103 2907
13300 4 2 100 26 2535 3087 2921 3404
13301 4 2 100 26 603 602 604 2949
13302 4 2 100 26 1828 1897 86 743
13303 4 2 100 26 184 506 768 2348
13304 4 2 100 26 1616 1874 1614 2909
13305 4 2 100 26 1718 1721 1760 3326
13306 4 2 100 26 1865 1595 2824 3348
13307 4 2 100 26 1394 960 1290 3328
13308 4 2 100 26 1969 2728 2396 3312
13309 4 2 100 26 1586 1587 1850 2892
13310 4 2 100 26 576 575 574 2945
13311 4 2 100 26 2605 2714 2925 3272
13312 4 2 100 26 1067 1066 1065 3247
13313 4 2 100 26 508 1828 85 743
13314 4 2 100 26 1616 2909 1615 3261
13315 4 2 100 26 1891 1823 1521 2929
13316 4 2 100 26 696 700 768 2749
13317 4 2 100 26 1734 814 2757 3354
13318 4 2 100 26 557 554 441 2683
13319 4 2 100 26 2713 2610 2933 3255
13320 4 2 100 26 2768 3045 2571 3270
13321 4 2 100 26 876 579 581 2876
13322 4 2 100 26 2151 2148 2147 2875
13323 4 2 100 26 371 2023 2318 3367
13324 4 2 100 26 2540 2933 3093 3402
13325 4 2 100 26 774 2755 929 3148
13326 4 2 100 26 2869 3037 2645 3310
13327 4 2 100 26 1845 3334 2675 3335
13328 4 2 100 26 2582 2678 3144 3338
13329 4 2 100 26 2355 2246 2213 2793
13330 4 2 100 26 453 2449 798 3309
13331 4 2 100 26 1162 1428 1046 2937
13332 4 2 100 26 2046 2049 2951 3352
13333 4 2 100 26 2819 2821 2622 3028
13334 4 2 100 26 2713 2921 2610 3255
13335 4 2 100 26 652 654 653 2994
13336 4 2 100 26 1966 2358 2392 3280
13337 4 2 100 26 2037 2112 3193 3363
13338 4 2 100 26 2029 2425 2356 3012
13339 4 2 100 26 627 628 629 2854
13340 4 2 100 26 2754 3151 2547 3229
13341 4 2 100 26 456 2456 2432 3379
13342 4 2 100 26 860 859 811 2998
13343 4 2 100 26 1379 1085 1083 2881
13344 4 2 100 26 2350 2749 768 3287
13345 4 2 100 26 2988 3131 2237 3388
13346 4 2 100 26 2217 2218 2219 3286
13347 4 2 100 26 500 718 717 3286
13348 4 2 100 26 2165 2164 2361 2934
13349 4 2 100 26 876 3196 480 3279
13350 4 2 100 26 915 830 171 2195
13351 4 2 100 26 2604 3026 2972 3170
13352 4 2 100 26 995 2260 396 2993
13353 4 2 100 26 2547 2754 3229 3262
13354 4 2 100 26 1722 2774 1851 3166
13355 4 2 100 26 1560 2973 2777 3185
13356 4 2 100 26 477 3224 883 3274
13357 4 2 100 26 1565 1560 1562 2777
13358 4 2 100 26 2251 2253 2378 3313
13359 4 2 100 26 1048 1047 3042 3171
13360 4 2 100 26 2513 2864 2682 3380
13361 4 2 100 26 860 2998 811 3346
13362 4 2 100 26 765 2748 1929 3344
13363 4 2 100 26 1738 1837 1839 2989
13364 4 2 100 26 1931 1647 1787 2972
13365 4 2 100 26 1111 1110 2919 3182
13366 4 2 100 26 2700 2908 2644 3267
13367 4 2 100 26 2378 2253 2349 3313
13368 4 2 100 26 2269 2209 2754 3277
13369 4 2 100 26 2117 2121 2345 2955
13370 4 2 100 26 2564 3317 3007 3338
13371 4 2 100 26 2513 2682 3033 3380
13372 4 2 100 26 2527 2798 2752 3386
13373 4 2 100 26 983 1266 2026 414
13374 4 2 100 26 1969 915 171 2195
13375 4 2 100 26 866 867 787 3173
13376 4 2 100 26 1518 1521 1823 2929
13377 4 2 100 26 3009 3121 1370 3376
13378 4 2 100 26 2504 2811 2797 3235
13379 4 2 100 26 1671 1672 1669 2856
13380 4 2 100 26 2806 3309 2770 3393
13381 4 2 100 26 1237 1235 2918 3374
13382 4 2 100 26 799 3309 2806 3393
13383 4 2 100 26 443 1475 30 3351
13384 4 2 100 26 2617 2797 2811 3235
13385 4 2 100 26 2112 2113 2114 2853
13386 4 2 100 26 2348 768 184 2350
13387 4 2 100 26 1387 2825 1097 3241
13388 4 2 100 26 2134 2135 2368 2916
13389 4 2 100 26 2314 2417 2331 2819
13390 4 2 100 26 1738 1737 1739 2989
13391 4 2 100 26 1913 1554 1556 2940
13392 4 2 100 26 485 2046 826 3352
13393 4 2 100 26 2703 2900 2627 3237
13394 4 2 100 26 595 594 596 2944
13395 4 2 100 26 1687 1830 1729 2872
13396 4 2 100 26 2277 2308 2199 2838
13397 4 2 100 26 1496 1878 1766 2761
13398 4 2 100 26 967 1276 1402 2762
13399 4 2 100 26 2166 2167 2169 2960
13400 4 2 100 26 1540 1538 1539 3145
13401 4 2 100 26 445 3334 2485 3336
13402 4 2 100 26 768 2749 700 3287
13403 4 2 100 26 1484 1828 85 508
13404 4 2 100 26 1414 1170 1166 2930
13405 4 2 100 26 2740 2623 2923 3249
13406 4 2 100 26 1698 1697 1695 2834
13407 4 2 100 26 1440 3040 1850 3190
13408 4 2 100 26 2063 2335 2726 3180
13409 4 2 100 26 2678 2979 2773 3390
13410 4 2 100 26 1792 1791 1610 3245
13411 4 2 100 26 1024 1082 1084 3111
13412 4 2 100 26 1141 2817 1142 3189
13413 4 2 100 26 1180 265 1025 1453
13414 4 2 100 26 1512 1920 1567 3382
13415 4 2 100 26 614 612 3087 3404
13416 4 2 100 26 961 2090 335 3206
13417 4 2 100 26 1584 1586 1888 2908
13418 4 2 100 26 723 722 735 3175
13419 4 2 100 26 1715 2833 1714 3047
13420 4 2 100 26 2920 3130 2661 3399
13421 4 2 100 26 2614 2929 2700 3276
13422 4 2 100 26 1686 1689 1690 2861
13423 4 2 100 26 2690 2909 2603 3269
13424 4 2 100 26 1772 1025 265 1453
13425 4 2 100 26 2040 2207 3205 3339
13426 4 2 100 26 2561 2817 2777 2973
13427 4 2 100 26 750 511 624 2761
13428 4 2 100 26 2017 2122 2110 2762
13429 4 2 100 26 1389 1099 1097 3356
13430 4 2 100 26 2750 2822 2632 3077
13431 4 2 100 26 2462 2472 1578 422
13432 4 2 100 26 2746 2810 2540 3402
13433 4 2 100 26 3153 3163 2555 3378
13434 4 2 100 26 2487 2822 2750 3077
13435 4 2 100 26 1867 2824 1595 3245
13436 4 2 100 26 794 2456 456 3379
13437 4 2 100 26 1369 1071 1368 3270
13438 4 2 100 26 809 838 3058 3112
13439 4 2 100 26 1695 1694 1476 2756
13440 4 2 100 26 3002 3174 2553 3197
13441 4 2 100 26 2487 2679 3032 3129
13442 4 2 100 26 1114 1115 1116 3160
13443 4 2 100 26 1372 3009 3208 3259
13444 4 2 100 26 995 2993 1220 3401
13445 4 2 100 26 2770 2806 2559 3309
13446 4 2 100 26 2095 2094 2386 3366
13447 4 2 100 26 2535 2809 2747 3404
13448 4 2 100 26 2294 396 2260 2993
13449 4 2 100 26 995 396 1275 2993
13450 4 2 100 26 1353 1354 3163 3378
13451 4 2 100 26 1551 1552 1553 3105
13452 4 2 100 26 1174 1124 3080 3242
13453 4 2 100 26 2349 2802 2118 3078
13454 4 2 100 26 1786 3080 1629 3242
13455 4 2 100 26 568 567 565 2956
13456 4 2 100 26 453 1971 2449 3309
13457 4 2 100 26 1079 1078 1077 2845
13458 4 2 100 26 1024 3111 1084 3293
13459 4 2 100 26 593 591 592 2897
13460 4 2 100 26 1047 2473 3042 3171
13461 4 2 100 26 648 2722 3020 3382
13462 4 2 100 26 3334 3335 2485 3336
13463 4 2 100 26 2330 2093 2090 3206
13464 4 2 100 26 1440 1818 1850 3040
13465 4 2 100 26 1973 2995 3176 3321
13466 4 2 100 26 1336 1339 1307 3332
13467 4 2 100 26 1773 1830 3250 3295
13468 4 2 100 26 1111 1109 1396 2919
13469 4 2 100 26 1336 1307 2990 3332
13470 4 2 100 26 2703 2930 2616 3271
13471 4 2 100 26 1453 1895 1832 3111
13472 4 2 100 26 1810 1909 1747 3167
13473 4 2 100 26 2457 459 2085 2760
13474 4 2 100 26 2336 2951 2474 3352
13475 4 2 100 26 1526 2841 1528 3226
13476 4 2 100 26 585 586 587 2870
13477 4 2 100 26 1849 1844 1603 3024
13478 4 2 100 26 1685 1684 1686 2860
13479 4 2 100 26 2105 3093 2106 3402
13480 4 2 100 26 1742 3292 1769 3354
13481 4 2 100 26 1029 1061 1063 3306
13482 4 2 100 26 551 533 824 2820
13483 4 2 100 26 1174 1124 1126 3080
13484 4 2 100 26 2639 3137 3020 3197
13485 4 2 100 26 1094 1093 1095 3241
13486 4 2 100 26 2305 2339 2106 3093
13487 4 2 100 26 2377 2127 2329 2877
13488 4 2 100 26 2298 2380 2178 2927
13489 4 2 100 26 1631 1629 1786 3080
13490 4 2 100 26 2213 2246 2353 2793
13491 4 2 100 26 1329 1206 1168 2924
13492 4 2 100 26 1737 1767 2998 3346
13493 4 2 100 26 1865 1594 1595 3348
13494 4 2 100 26 2346 2769 2394 3324
13495 4 2 100 26 2485 3192 2675 3334
13496 4 2 100 26 2393 2400 2282 3202
13497 4 2 100 26 614 612 516 3087
13498 4 2 100 26 2351 2427 2206 2827
13499 4 2 100 26 1112 1113 2789 3182
13500 4 2 100 26 2134 2136 2133 2889
13501 4 2 100 26 1539 1541 1540 3364
13502 4 2 100 26 2474 2484 2469 3352
13503 4 2 100 26 1414 3271 982 3298
13504 4 2 100 26 2740 2917 2623 3249
13505 4 2 100 26 962 1165 1164 3040
13506 4 2 100 26 1179 1112 3030 3323
13507 4 2 100 26 748 3100 578 3299
13508 4 2 100 26 2080 2765 2455 3176
13509 4 2 100 26 1601 2990 1507 3332
13510 4 2 100 26 1348 2902 1218 3318
13511 4 2 100 26 1543 1544 1452 3147
13512 4 2 100 26 1138 3062 1183 3114
13513 4 2 100 26 1236 1237 1235 2918
13514 4 2 100 26 2260 2369 2993 3169
13515 4 2 100 26 748 580 578 3100
13516 4 2 100 26 515 692 713 2827
13517 4 2 100 26 2359 2147 2144 2923
13518 4 2 100 26 2513 3033 2772 3380
13519 4 2 100 26 2709 2924 2627 3265
13520 4 2 100 26 1364 1064 1170 2886
13521 4 2 100 26 2155 2154 2153 2887
13522 4 2 100 26 1927 3120 1261 3329
13523 4 2 100 26 1088 1087 1089 2883
13524 4 2 100 26 1170 1062 1166 2930
13525 4 2 100 26 1880 1879 1691 2968
13526 4 2 100 26 1876 1880 1488 2968
13527 4 2 100 26 1400 1399 1284 2969
13528 4 2 100 26 1399 1395 968 2969
13529 4 2 100 26 583 584 585 2867
13530 4 2 100 26 2152 2150 2153 2862
13531 4 2 100 26 1879 1691 2968 3341
13532 4 2 100 26 1876 2968 1488 3340
13533 4 2 100 26 1400 2969 1284 3342
13534 4 2 100 26 1395 968 2969 3343
13535 4 2 100 26 1736 1742 1769 3354
13536 4 2 100 26 709 704 703 3098
13537 4 2 100 26 2675 3192 2676 3334
13538 4 2 100 26 1411 1410 1277 3333
13539 4 2 100 26 1408 1411 963 3333
13540 4 2 100 26 2680 2937 2650 3329
13541 4 2 100 26 879 784 884 3231
13542 4 2 100 26 1815 1443 3058 3112
13543 4 2 100 26 2035 2378 2349 3278
13544 4 2 100 26 1207 1205 1208 2859
13545 4 2 100 26 894 3240 473 3288
13546 4 2 100 26 2335 1940 1937 431
13547 4 2 100 26 2464 2461 419 1322
13548 4 2 100 26 1857 1521 1522 2884
13549 4 2 100 26 825 2707 537 3061
13550 4 2 100 26 2434 2080 2333 2765
13551 4 2 100 26 1179 1112 1114 3030
13552 4 2 100 26 1012 1114 1116 3030
13553 4 2 100 26 2093 2330 2307 3011
13554 4 2 100 26 1408 963 3011 3333
13555 4 2 100 26 1240 1238 1234 2983
13556 4 2 100 26 885 591 593 2897
13557 4 2 100 26 2004 2145 3086 3291
13558 4 2 100 26 2294 1275 396 2993
13559 4 2 100 26 1865 3060 1752 3252
13560 4 2 100 26 1167 1165 1168 2898
13561 4 2 100 26 1789 1797 1520 3306
13562 4 2 100 26 541 540 2980 3108
13563 4 2 100 26 2560 3183 3005 3390
13564 4 2 100 26 1696 1702 2785 3330
13565 4 2 100 26 2105 2028 2106 3093
13566 4 2 100 26 1159 1158 1157 2776
13567 4 2 100 26 2519 3110 2987 3370
13568 4 2 100 26 2142 2140 2141 2957
13569 4 2 100 26 1064 1061 1170 2886
13570 4 2 100 26 923 772 560 2992
13571 4 2 100 26 606 607 605 2903
13572 4 2 100 26 2358 2206 2203 3008
13573 4 2 100 26 783 3049 754 3211
13574 4 2 100 26 1077 1076 1075 2878
13575 4 2 100 26 2040 2207 2270 3205
13576 4 2 100 26 1891 1569 3276 3289
13577 4 2 100 26 592 590 749 3104
13578 4 2 100 26 114 2000 796 451
13579 4 2 100 26 566 672 563 2932
13580 4 2 100 26 2093 2986 2290 3127
13581 4 2 100 26 1668 1667 1669 2880
13582 4 2 100 26 631 633 914 2891
13583 4 2 100 26 986 1252 1281 2836
13584 4 2 100 26 793 868 869 3198
13585 4 2 100 26 1212 1016 1209 2759
13586 4 2 100 26 2400 2393 2020 2964
13587 4 2 100 26 592 3104 749 3308
13588 4 2 100 26 2272 2040 2270 2759
13589 4 2 100 26 2145 2146 2004 3086
13590 4 2 100 26 2075 2076 2073 3007
13591 4 2 100 26 804 888 889 3212
13592 4 2 100 26 97 1486 674 499
13593 4 2 100 26 2062 2707 2337 3061
13594 4 2 100 26 1129 1131 1130 2858
13595 4 2 100 26 1520 1522 1521 2884
13596 4 2 100 26 1665 1666 1673 3228
13597 4 2 100 26 1072 1074 1177 3228
13598 4 2 100 26 813 846 845 3138
13599 4 2 100 26 2013 954 2193 3121
13600 4 2 100 26 1238 2983 1240 3401
13601 4 2 100 26 1609 1606 1611 2885
13602 4 2 100 26 605 607 893 2903
13603 4 2 100 26 1987 2340 2383 3217
13604 4 2 100 26 1171 1144 1146 3368
13605 4 2 100 26 1148 1000 1146 3368
13606 4 2 100 26 2383 2394 3217 3324
13607 4 2 100 26 2582 3007 3317 3338
13608 4 2 100 26 1554 1913 1802 3105
13609 4 2 100 26 2365 2189 2188 2926
13610 4 2 100 26 813 3138 845 3331
13611 4 2 100 26 2539 3235 2797 3374
13612 4 2 100 26 2011 1283 3204 3223
13613 4 2 100 26 2229 2231 2230 2910
13614 4 2 100 26 2038 1294 951 3349
13615 4 2 100 26 2082 3176 2083 3257
13616 4 2 100 26 1364 1414 982 3298
13617 4 2 100 26 1365 1364 1285 3298
13618 4 2 100 26 326 954 1286 2193
13619 4 2 100 26 2640 2655 3067 3384
13620 4 2 100 26 1857 1892 1493 3289
13621 4 2 100 26 875 577 579 2917
13622 4 2 100 26 114 2000 2299 796
13623 4 2 100 26 471 899 795 3039
13624 4 2 100 26 2610 2921 2713 3273
13625 4 2 100 26 1370 956 1286 3121
13626 4 2 100 26 2423 3196 2151 3279
13627 4 2 100 26 715 705 832 3063
13628 4 2 100 26 1712 1714 1727 3266
13629 4 2 100 26 783 761 754 3049
13630 4 2 100 26 477 883 885 3274
13631 4 2 100 26 780 885 887 3274
13632 4 2 100 26 2285 2406 1985 3039
13633 4 2 100 26 1300 1369 1368 3248
13634 4 2 100 26 979 1371 1369 3248
13635 4 2 100 26 859 858 452 3372
13636 4 2 100 26 2015 2364 2339 3046
13637 4 2 100 26 1601 1600 1507 2990
13638 4 2 100 26 981 1366 1365 3244
13639 4 2 100 26 1291 1367 1366 3244
13640 4 2 100 26 1860 1865 1752 3252
13641 4 2 100 26 2675 2835 2525 3192
13642 4 2 100 26 611 613 898 2921
13643 4 2 100 26 1650 1867 1859 3256
13644 4 2 100 26 1859 1868 1494 3256
13645 4 2 100 26 843 841 438 3112
13646 4 2 100 26 753 754 755 3157
13647 4 2 100 26 2525 2676 2675 3192
13648 4 2 100 26 511 2761 1766 3362
13649 4 2 100 26 2395 1993 2401 3063
13650 4 2 100 26 2401 2293 2366 3063
13651 4 2 100 26 2110 1276 2762 3363
13652 4 2 100 26 2144 2147 2145 2923
13653 4 2 100 26 947 3023 1353 3163
13654 4 2 100 26 579 577 578 2917
13655 4 2 100 26 1515 2462 1578 422
13656 4 2 100 26 1231 1229 1227 3139
13657 4 2 100 26 936 1339 1341 3332
13658 4 2 100 26 1938 1325 1030 3155
13659 4 2 100 26 2322 3231 3253 3405
13660 4 2 100 26 1973 788 2432 2995
13661 4 2 100 26 2356 2238 2233 3012
13662 4 2 100 26 612 613 2921 3404
13663 4 2 100 26 1334 1336 935 3369
13664 4 2 100 26 657 656 658 3183
13665 4 2 100 26 663 3191 834 3379
13666 4 2 100 26 526 1763 3219 3220
13667 4 2 100 26 1215 1217 1216 2902
13668 4 2 100 26 2019 2416 2429 3198
13669 4 2 100 26 1031 2461 2473 3171
13670 4 2 100 26 947 1352 1353 3023
13671 4 2 100 26 1351 1352 1306 3023
13672 4 2 100 26 1496 1879 1878 3341
13673 4 2 100 26 1881 1876 1776 3340
13674 4 2 100 26 1402 1400 967 3342
13675 4 2 100 26 1395 1397 1293 3343
13676 4 2 100 26 483 867 868 3198
13677 4 2 100 26 1677 2818 1676 3188
13678 4 2 100 26 1392 1391 971 3046
13679 4 2 100 26 1287 1398 1392 3046
13680 4 2 100 26 2525 2796 2676 3359
13681 4 2 100 26 1142 1143 1144 2817
13682 4 2 100 26 995 1240 3169 3401
13683 4 2 100 26 2417 2819 2326 3405
13684 4 2 100 26 1710 1708 1709 3119
13685 4 2 100 26 1427 1059 1321 2783
13686 4 2 100 26 443 29 1475 3375
13687 4 2 100 26 2635 3021 2913 3160
13688 4 2 100 26 1336 2990 935 3369
13689 4 2 100 26 823 774 773 3194
13690 4 2 100 26 612 613 611 2921
13691 4 2 100 26 2418 2168 2361 3173
13692 4 2 100 26 558 556 557 2992
13693 4 2 100 26 895 613 615 3404
13694 4 2 100 26 802 870 871 3207
13695 4 2 100 26 871 873 481 3207
13696 4 2 100 26 890 892 474 3217
13697 4 2 100 26 890 803 891 3217
13698 4 2 100 26 1891 1857 1569 3289
13699 4 2 100 26 2748 2936 2560 3344
13700 4 2 100 26 1616 1614 1615 2909
13701 4 2 100 26 850 2676 445 3334
13702 4 2 100 26 490 774 761 3194
13703 4 2 100 26 1386 1385 974 3278
13704 4 2 100 26 1387 1386 1302 3278
13705 4 2 100 26 1929 765 1552 2748
13706 4 2 100 26 873 875 782 3279
13707 4 2 100 26 875 876 480 3279
13708 4 2 100 26 1047 1031 2473 3171
13709 4 2 100 26 1861 1869 1483 3041
13710 4 2 100 26 1869 1873 1753 3041
13711 4 2 100 26 1861 3041 1483 3218
13712 4 2 100 26 1468 1871 1870 3254
13713 4 2 100 26 1810 2997 1909 3167
13714 4 2 100 26 2474 2951 2484 3352
13715 4 2 100 26 1811 1737 1767 2998
13716 4 2 100 26 2372 2102 2107 3402
13717 4 2 100 26 1568 1556 1558 2730
13718 4 2 100 26 1274 1335 1334 3088
13719 4 2 100 26 940 1337 1335 3088
13720 4 2 100 26 2687 2980 2837 3337
13721 4 2 100 26 1864 1860 1501 3252
13722 4 2 100 26 2188 2189 2187 2926
13723 4 2 100 26 1952 2687 1950 3377
13724 4 2 100 26 2366 3063 2293 3312
13725 4 2 100 26 1740 1741 1736 2882
13726 4 2 100 26 903 3002 905 3197
13727 4 2 100 26 1266 1053 1419 2784
13728 4 2 100 26 2407 2284 1981 3044
13729 4 2 100 26 466 912 779 3044
13730 4 2 100 26 2311 3052 2436 3259
13731 4 2 100 26 971 3046 1391 3203
13732 4 2 100 26 1274 3088 1334 3369
13733 4 2 100 26 2084 2795 2089 3253
13734 4 2 100 26 1711 1847 1713 2835
13735 4 2 100 26 2034 1301 3078 3260
13736 4 2 100 26 1639 1637 1638 2873
13737 4 2 100 26 859 452 2998 3372
13738 4 2 100 26 1112 1113 1114 2789
13739 4 2 100 26 924 495 1492 2805
13740 4 2 100 26 2260 2371 2369 3169
13741 4 2 100 26 2660 2803 2783 3001
13742 4 2 100 26 2771 3191 2582 3379
13743 4 2 100 26 2111 2112 2037 3363
13744 4 2 100 26 1171 2973 1144 3368
13745 4 2 100 26 676 628 626 3362
13746 4 2 100 26 2658 2789 2775 3030
13747 4 2 100 26 1798 1576 1795 2763
13748 4 2 100 26 2652 3032 2857 3129
13749 4 2 100 26 1518 1519 1517 3034
13750 4 2 100 26 2995 2078 3317 3379
13751 4 2 100 26 1193 1224 1192 3096
13752 4 2 100 26 2002 2056 2431 3133
13753 4 2 100 26 1699 1812 1700 3263
13754 4 2 100 26 1444 1851 1885 3138
13755 4 2 100 26 2650 3145 2680 3329
13756 4 2 100 26 1323 1034 1035 2726
13757 4 2 100 26 846 440 847 3138
13758 4 2 100 26 809 841 838 3112
13759 4 2 100 26 991 1417 1652 3101
13760 4 2 100 26 1841 1838 1750 3043
13761 4 2 100 26 2413 1992 2388 3207
13762 4 2 100 26 2644 2928 2700 3267
13763 4 2 100 26 1359 3043 955 3195
13764 4 2 100 26 1838 1750 3043 3195
13765 4 2 100 26 3020 3137 2553 3197
13766 4 2 100 26 1928 1547 2758 3358
13767 4 2 100 26 1090 1089 1091 2893
13768 4 2 100 26 1662 2826 1798 3311
13769 4 2 100 26 1444 1851 3138 3331
13770 4 2 100 26 2092 3328 2665 3366
13771 4 2 100 26 449 854 808 3048
13772 4 2 100 26 1461 1559 2973 3368
13773 4 2 100 26 2651 2834 2751 3055
13774 4 2 100 26 1189 1199 1243 3378
13775 4 2 100 26 858 857 820 3055
13776 4 2 100 26 857 856 450 3055
13777 4 2 100 26 1239 1232 1231 2797
13778 4 2 100 26 1506 1846 1841 3043
13779 4 2 100 26 2263 2393 2376 2964
13780 4 2 100 26 486 2259 2787 3353
13781 4 2 100 26 1172 996 1452 3147
13782 4 2 100 26 712 711 713 3074
13783 4 2 100 26 2324 2792 2173 3297
13784 4 2 100 26 893 894 473 3288
13785 4 2 100 26 893 797 892 3288
13786 4 2 100 26 2795 3052 2565 3257
13787 4 2 100 26 1770 30 1475 3351
13788 4 2 100 26 2375 2371 2024 3169
13789 4 2 100 26 1593 1783 1777 2767
13790 4 2 100 26 1096 1098 1262 2767
13791 4 2 100 26 2327 2125 3094 3392
13792 4 2 100 26 1579 1933 1808 2888
13793 4 2 100 26 571 2791 572 3302
13794 4 2 100 26 696 506 695 3322
13795 4 2 100 26 1582 1887 1853 3088
13796 4 2 100 26 1221 2983 1238 3401
13797 4 2 100 26 688 692 770 3280
13798 4 2 100 26 599 598 2790 3303
13799 4 2 100 26 2591 2970 2721 3260
13800 4 2 100 26 2830 3052 2795 3168
13801 4 2 100 26 2328 2325 2163 2900
13802 4 2 100 26 2175 3282 1998 3371
13803 4 2 100 26 1202 1201 3282 3371
13804 4 2 100 26 2603 2919 2690 3269
13805 4 2 100 26 641 2974 642 3227
13806 4 2 100 26 707 706 704 2925
13807 4 2 100 26 2171 2173 2792 3294
13808 4 2 100 26 2468 2460 2477 2820
13809 4 2 100 26 1452 996 1902 3147
13810 4 2 100 26 1159 2776 3009 3376
13811 4 2 100 26 1028 1066 3128 3234
13812 4 2 100 26 2252 2253 2251 3313
13813 4 2 100 26 955 1359 1361 3043
13814 4 2 100 26 1154 1155 1156 3208
13815 4 2 100 26 1097 1387 1389 2825
13816 4 2 100 26 822 548 547 2975
13817 4 2 100 26 599 2790 600 3307
13818 4 2 100 26 571 570 2791 3300
13819 4 2 100 26 1486 1589 97 674
13820 4 2 100 26 651 886 649 2963
13821 4 2 100 26 447 1795 2763 3387
13822 4 2 100 26 2450 2795 2088 3052
13823 4 2 100 26 1140 1141 1142 3189
13824 4 2 100 26 692 2827 770 3280
13825 4 2 100 26 1747 1821 1788 3167
13826 4 2 100 26 887 888 476 3212
13827 4 2 100 26 856 450 3055 3357
13828 4 2 100 26 2207 2987 2205 3205
13829 4 2 100 26 2132 2135 2134 2916
13830 4 2 100 26 1161 1332 2937 3376
13831 4 2 100 26 849 848 443 2723
13832 4 2 100 26 1790 3128 1679 3234
13833 4 2 100 26 1138 1183 1136 3114
13834 4 2 100 26 1255 1338 1340 2782
13835 4 2 100 26 619 3123 2982 3325
13836 4 2 100 26 606 604 519 3218
13837 4 2 100 26 1186 1187 1185 3129
13838 4 2 100 26 2981 3124 2101 3327
13839 4 2 100 26 858 3055 820 3372
13840 4 2 100 26 2652 3032 3008 3370
13841 4 2 100 26 2322 1974 2332 3231
13842 4 2 100 26 2107 2106 2933 3402
13843 4 2 100 26 1153 1376 1155 2830
13844 4 2 100 26 2376 2222 2352 3027
13845 4 2 100 26 1011 1473 284 3053
13846 4 2 100 26 2546 3056 2688 3096
13847 4 2 100 26 1202 1207 1201 3371
13848 4 2 100 26 2118 2802 2120 3324
13849 4 2 100 26 3077 3210 2750 3296
13850 4 2 100 26 2177 2175 1998 3371
13851 4 2 100 26 2519 3008 3032 3370
13852 4 2 100 26 1852 1757 3216 3331
13853 4 2 100 26 640 505 642 3000
13854 4 2 100 26 2057 2920 2055 3151
13855 4 2 100 26 1729 1598 1728 2894
13856 4 2 100 26 443 812 29 3375
13857 4 2 100 26 2082 2081 2083 3176
13858 4 2 100 26 1394 1145 3159 3243
13859 4 2 100 26 439 844 3216 3331
13860 4 2 100 26 2785 2801 2657 3023
13861 4 2 100 26 2160 2164 2165 2934
13862 4 2 100 26 1719 1885 1722 2774
13863 4 2 100 26 1574 2786 1819 3355
13864 4 2 100 26 1546 1551 1802 3105
13865 4 2 100 26 537 2980 539 3337
13866 4 2 100 26 1604 3088 1445 3369
13867 4 2 100 26 1604 1887 1445 3088
13868 4 2 100 26 773 2421 489 3116
13869 4 2 100 26 2282 2218 2901 3202
13870 4 2 100 26 856 855 817 3357
13871 4 2 100 26 1003 294 1183 3062
13872 4 2 100 26 799 453 3309 3393
13873 4 2 100 26 2437 2057 2055 3151
13874 4 2 100 26 1911 2973 1560 3185
13875 4 2 100 26 2282 2218 2221 2901
13876 4 2 100 26 1232 2797 1239 3374
13877 4 2 100 26 1815 1844 1443 3112
13878 4 2 100 26 2108 2107 2106 2933
13879 4 2 100 26 1003 1467 294 3062
13880 4 2 100 26 632 3103 634 3386
13881 4 2 100 26 2297 2187 2340 3288
13882 4 2 100 26 1705 1882 1813 3048
13883 4 2 100 26 1711 1712 1710 2835
13884 4 2 100 26 2487 3129 3032 3403
13885 4 2 100 26 1069 2768 1068 3247
13886 4 2 100 26 2639 2722 3020 3137
13887 4 2 100 26 2709 2927 2602 3282
13888 4 2 100 26 2967 3170 2604 3394
13889 4 2 100 26 1845 1847 1711 3192
13890 4 2 100 26 1676 1674 1675 2818
13891 4 2 100 26 1773 1598 1830 3295
13892 4 2 100 26 2639 2840 2722 3137
13893 4 2 100 26 763 99 1663 498
13894 4 2 100 26 1401 3159 2665 3328
13895 4 2 100 26 2713 2933 2610 3273
13896 4 2 100 26 1604 1599 2990 3369
13897 4 2 100 26 212 549 2469 2460
13898 4 2 100 26 1370 3121 1363 3376
13899 4 2 100 26 2561 2674 3159 3243
13900 4 2 100 26 1866 1871 1754 3254
13901 4 2 100 26 1865 1595 1867 2824
13902 4 2 100 26 3008 3032 2652 3403
13903 4 2 100 26 903 462 3002 3174
13904 4 2 100 26 2605 2925 2714 3292
13905 4 2 100 26 2413 2173 3294 3297
13906 4 2 100 26 2413 2173 2416 3294
13907 4 2 100 26 889 599 891 3307
13908 4 2 100 26 451 537 825 2707
13909 4 2 100 26 1361 1362 1308 3043
13910 4 2 100 26 889 3303 599 3307
13911 4 2 100 26 2546 2743 3027 3050
13912 4 2 100 26 654 765 656 2748
13913 4 2 100 26 1070 2768 1069 3270
13914 4 2 100 26 2120 2802 2349 3313
13915 4 2 100 26 2216 2402 2388 3207
13916 4 2 100 26 870 3300 571 3302
13917 4 2 100 26 1252 1259 2836 3397
13918 4 2 100 26 1770 1848 1847 3192
13919 4 2 100 26 1618 1617 2775 3261
13920 4 2 100 26 1048 3006 1049 3171
13921 4 2 100 26 870 869 571 3300
13922 4 2 100 26 2467 2482 2475 3361
13923 4 2 100 26 851 2676 850 3334
13924 4 2 100 26 995 1220 1240 3401
13925 4 2 100 26 1221 1238 1240 3401
13926 4 2 100 26 183 2350 768 3287
13927 4 2 100 26 2431 2002 3133 3229
13928 4 2 100 26 1842 1840 1756 3055
13929 4 2 100 26 2381 2375 2291 3305
13930 4 2 100 26 2592 3136 2754 3277
13931 4 2 100 26 1226 1230 1258 3132
13932 4 2 100 26 2555 2785 3164 3330
13933 4 2 100 26 1049 3006 2764 3171
13934 4 2 100 26 1637 1634 1636 2868
13935 4 2 100 26 2309 2346 2252 3212
13936 4 2 100 26 2800 3162 2581 3181
13937 4 2 100 26 651 649 650 2963
13938 4 2 100 26 1550 1552 1551 2748
13939 4 2 100 26 1842 3055 1756 3357
13940 4 2 100 26 2000 2337 2062 2707
13941 4 2 100 26 2013 954 3121 3396
13942 4 2 100 26 2722 2840 2639 3382
13943 4 2 100 26 505 642 3000 3394
13944 4 2 100 26 745 3178 2941 3287
13945 4 2 100 26 641 907 910 3227
13946 4 2 100 26 1564 2972 1931 3170
13947 4 2 100 26 1319 961 1405 3206
13948 4 2 100 26 446 828 15 1449
13949 4 2 100 26 1489 1831 3000 3389
13950 4 2 100 26 984 1256 1250 3109
13951 4 2 100 26 862 860 454 3346
13952 4 2 100 26 1849 1759 1844 3112
13953 4 2 100 26 444 557 917 2895
13954 4 2 100 26 656 2748 765 3344
13955 4 2 100 26 1452 3147 1544 3358
13956 4 2 100 26 2753 2755 2576 3116
13957 4 2 100 26 1354 1355 948 2756
13958 4 2 100 26 1600 1604 1599 2990
13959 4 2 100 26 2564 2937 2741 3396
13960 4 2 100 26 1475 29 1884 3375
13961 4 2 100 26 1548 1538 2680 3067
13962 4 2 100 26 1781 1317 239 3146
13963 4 2 100 26 2484 2477 2820 3361
13964 4 2 100 26 2682 2951 3380 3383
13965 4 2 100 26 22 1443 809 3058
13966 4 2 100 26 2546 3016 2743 3050
13967 4 2 100 26 938 1344 1345 3326
13968 4 2 100 26 884 461 886 3231
13969 4 2 100 26 1297 1043 1045 2828
13970 4 2 100 26 2269 2210 2209 3277
13971 4 2 100 26 183 768 509 3287
13972 4 2 100 26 1299 2039 334 3328
13973 4 2 100 26 2350 2424 2279 2749
13974 4 2 100 26 1795 1798 2763 3387
13975 4 2 100 26 707 863 706 2925
13976 4 2 100 26 2282 2901 2221 3202
13977 4 2 100 26 2943 3025 2571 3270
13978 4 2 100 26 2423 2151 2359 3279
13979 4 2 100 26 1159 3009 1370 3376
13980 4 2 100 26 503 186 2302 3165
13981 4 2 100 26 1545 1550 1546 2832
13982 4 2 100 26 688 687 689 3135
13983 4 2 100 26 2650 2776 3120 3329
13984 4 2 100 26 664 548 930 3191
13985 4 2 100 26 2327 2125 2312 3094
13986 4 2 100 26 1016 2759 2272 3371
13987 4 2 100 26 1942 1943 1941 2837
13988 4 2 100 26 1473 1743 284 3053
13989 4 2 100 26 1178 1011 284 3053
13990 4 2 100 26 1103 1105 1104 2907
13991 4 2 100 26 2424 2749 2350 3287
13992 4 2 100 26 1885 1851 1722 2774
13993 4 2 100 26 2652 2857 3032 3370
13994 4 2 100 26 2386 2138 1975 3002
13995 4 2 100 26 1538 2680 3067 3145
13996 4 2 100 26 2290 2130 2410 2986
13997 4 2 100 26 3092 3311 2568 3400
13998 4 2 100 26 726 695 3165 3395
13999 4 2 100 26 2778 2995 2582 3398
14000 4 2 100 26 1519 1818 1590 3040
14001 4 2 100 26 1188 1191 1357 2857
14002 4 2 100 26 22 809 437 3058
14003 4 2 100 26 2582 3317 3007 3379
14004 4 2 100 26 2570 3022 2939 3247
14005 4 2 100 26 2555 3153 3077 3360
14006 4 2 100 26 721 722 723 2831
14007 4 2 100 26 2455 2083 2081 3176
14008 4 2 100 26 1621 1620 1619 3154
14009 4 2 100 26 2365 3046 2192 3203
14010 4 2 100 26 2466 3171 2465 3361
14011 4 2 100 26 1936 1523 1949 3377
14012 4 2 100 26 1694 1696 1693 3163
14013 4 2 100 26 2068 2069 2800 3201
14014 4 2 100 26 774 823 929 2755
14015 4 2 100 26 500 717 716 3003
14016 4 2 100 26 1677 1674 1676 2818
14017 4 2 100 26 916 484 3036 3173
14018 4 2 100 26 576 528 578 3299
14019 4 2 100 26 2300 2370 2378 3278
14020 4 2 100 26 1348 1217 1218 2902
14021 4 2 100 26 2280 2419 2278 3017
14022 4 2 100 26 2939 3022 2583 3247
14023 4 2 100 26 1852 1851 1757 3331
14024 4 2 100 26 794 2771 1972 3379
14025 4 2 100 26 2586 3025 2943 3270
14026 4 2 100 26 916 866 484 3173
14027 4 2 100 26 1662 1855 1577 2826
14028 4 2 100 26 439 845 844 3331
14029 4 2 100 26 443 2723 848 3375
14030 4 2 100 26 2777 2817 2671 3185
14031 4 2 100 26 1840 1836 1435 3055
14032 4 2 100 26 594 592 523 3308
14033 4 2 100 26 2140 2145 2139 3291
14034 4 2 100 26 1627 1625 1775 3085
14035 4 2 100 26 1248 1120 1122 3085
14036 4 2 100 26 324 953 1292 2448
14037 4 2 100 26 2126 2127 2398 3392
14038 4 2 100 26 1350 1223 1197 3016
14039 4 2 100 26 1158 2776 1160 3120
14040 4 2 100 26 1703 1702 1704 2785
14041 4 2 100 26 1959 1952 1943 2837
14042 4 2 100 26 1836 1435 3055 3372
14043 4 2 100 26 1751 3045 1677 3128
14044 4 2 100 26 2450 3052 2010 3168
14045 4 2 100 26 913 910 465 2871
14046 4 2 100 26 2261 2410 2408 2871
14047 4 2 100 26 1354 1355 2756 3378
14048 4 2 100 26 2620 2833 2780 3095
14049 4 2 100 26 1703 1696 1702 2785
14050 4 2 100 26 1297 3181 1296 3349
14051 4 2 100 26 1368 2985 980 3367
14052 4 2 100 26 2626 3380 2951 3383
14053 4 2 100 26 2818 3045 2768 3128
14054 4 2 100 26 1011 1473 3053 3085
14055 4 2 100 26 1899 3184 1485 3362
14056 4 2 100 26 2779 2831 2621 3075
14057 4 2 100 26 761 757 2781 3365
14058 4 2 100 26 2065 2066 2064 2906
14059 4 2 100 26 2551 2999 2686 3114
14060 4 2 100 26 2262 1013 385 2961
14061 4 2 100 26 1084 1086 1182 3293
14062 4 2 100 26 2526 3210 3077 3296
14063 4 2 100 26 1168 1206 1330 2924
14064 4 2 100 26 2561 2730 3243 3368
14065 4 2 100 26 1407 966 3193 3363
14066 4 2 100 26 1890 1479 1856 3001
14067 4 2 100 26 1194 1195 1193 3056
14068 4 2 100 26 1526 1529 1916 2841
14069 4 2 100 26 2029 2356 2381 3305
14070 4 2 100 26 1009 1122 1124 3242
14071 4 2 100 26 1629 1627 1458 3242
14072 4 2 100 26 773 204 489 2421
14073 4 2 100 26 555 552 554 3033
14074 4 2 100 26 1068 1028 1066 3128
14075 4 2 100 26 1745 1449 1656 3092
14076 4 2 100 26 880 881 785 3097
14077 4 2 100 26 539 541 540 2980
14078 4 2 100 26 2582 3144 2678 3398
14079 4 2 100 26 2674 3115 2561 3159
14080 4 2 100 26 1136 1134 1135 2999
14081 4 2 100 26 730 732 728 2812
14082 4 2 100 26 1586 1585 1587 2892
14083 4 2 100 26 1550 3315 1907 3344
14084 4 2 100 26 1856 3001 1479 3320
14085 4 2 100 26 1109 1111 1110 2919
14086 4 2 100 26 1250 1251 986 3109
14087 4 2 100 26 2192 2365 2364 3046
14088 4 2 100 26 1268 385 1013 2961
14089 4 2 100 26 835 842 3365 3387
14090 4 2 100 26 2063 2044 2335 3180
14091 4 2 100 26 1268 2014 385 2961
14092 4 2 100 26 725 720 851 3057
14093 4 2 100 26 1275 1216 1220 2993
14094 4 2 100 26 632 508 634 3103
14095 4 2 100 26 2014 2262 385 2961
14096 4 2 100 26 1664 1874 1877 3087
14097 4 2 100 26 548 2975 930 3191
14098 4 2 100 26 444 559 558 2895
14099 4 2 100 26 2184 2399 2373 2839
14100 4 2 100 26 901 902 786 2839
14101 4 2 100 26 975 1383 1381 3102
14102 4 2 100 26 2387 2397 2306 3089
14103 4 2 100 26 906 909 468 3089
14104 4 2 100 26 824 213 2468 2460
14105 4 2 100 26 1677 1679 1790 3128
14106 4 2 100 26 978 1374 1373 3086
14107 4 2 100 26 1972 2456 794 3379
14108 4 2 100 26 881 785 3097 3275
14109 4 2 100 26 1411 1137 1135 2999
14110 4 2 100 26 667 669 670 2928
14111 4 2 100 26 2347 2280 2222 3027
14112 4 2 100 26 833 524 3063 3312
14113 4 2 100 26 840 842 2763 3365
14114 4 2 100 26 978 3086 1373 3291
14115 4 2 100 26 228 935 1307 2990
14116 4 2 100 26 2206 2427 2205 2987
14117 4 2 100 26 1272 988 1259 3277
14118 4 2 100 26 1319 1405 1408 3011
14119 4 2 100 26 1393 1396 1289 3093
14120 4 2 100 26 2175 2298 2178 2927
14121 4 2 100 26 1961 489 2421 3116
14122 4 2 100 26 2682 3380 2864 3383
14123 4 2 100 26 2937 3329 1161 3376
14124 4 2 100 26 2437 2055 2267 3134
14125 4 2 100 26 2042 2380 2384 3098
14126 4 2 100 26 1307 1507 228 2990
14127 4 2 100 26 975 1383 3102 3285
14128 4 2 100 26 2352 2258 2257 3096
14129 4 2 100 26 600 598 764 3060
14130 4 2 100 26 228 1599 935 2990
14131 4 2 100 26 1263 2758 1154 3358
14132 4 2 100 26 699 3057 3018 3395
14133 4 2 100 26 1417 1465 1652 3101
14134 4 2 100 26 554 2772 553 3161
14135 4 2 100 26 2696 2515 3144 3145
14136 4 2 100 26 2776 3120 1158 3147
14137 4 2 100 26 2519 3032 3008 3403
14138 4 2 100 26 1892 1681 1824 3239
14139 4 2 100 26 1619 1618 1617 2775
14140 4 2 100 26 1027 260 1242 3045
14141 4 2 100 26 2721 2955 2591 3260
14142 4 2 100 26 2333 2077 2075 3007
14143 4 2 100 26 2353 2008 2265 2836
14144 4 2 100 26 284 1743 1178 3053
14145 4 2 100 26 1969 2396 2366 3312
14146 4 2 100 26 2837 2980 2707 3337
14147 4 2 100 26 1144 2973 1002 3185
14148 4 2 100 26 2768 2818 2571 3045
14149 4 2 100 26 1836 2998 1755 3372
14150 4 2 100 26 2772 3033 2682 3380
14151 4 2 100 26 840 842 447 2763
14152 4 2 100 26 903 905 645 3197
14153 4 2 100 26 2686 3013 2551 3114
14154 4 2 100 26 1717 1716 1715 2833
14155 4 2 100 26 541 2980 539 3187
14156 4 2 100 26 1576 1575 1572 3107
14157 4 2 100 26 2452 2480 933 3352
14158 4 2 100 26 475 889 891 2769
14159 4 2 100 26 2436 2311 2088 3052
14160 4 2 100 26 1058 2971 1270 3262
14161 4 2 100 26 537 3061 2707 3337
14162 4 2 100 26 953 324 2433 2448
14163 4 2 100 26 2555 3164 3083 3330
14164 4 2 100 26 739 740 838 2869
14165 4 2 100 26 2577 3004 2906 3201
14166 4 2 100 26 2041 2434 2193 3121
14167 4 2 100 26 1423 1333 944 3320
14168 4 2 100 26 664 496 928 2696
14169 4 2 100 26 1443 22 1653 3058
14170 4 2 100 26 1968 2359 2402 3279
14171 4 2 100 26 2336 2046 2951 3352
14172 4 2 100 26 2688 3017 2546 3096
14173 4 2 100 26 1834 1676 3051 3188
14174 4 2 100 26 1439 1712 1727 2978
14175 4 2 100 26 2422 2215 2341 3194
14176 4 2 100 26 635 911 633 3386
14177 4 2 100 26 2171 2792 2324 3367
14178 4 2 100 26 2210 2211 2001 3277
14179 4 2 100 26 2426 2235 3131 3388
14180 4 2 100 26 2107 2108 2405 2933
14181 4 2 100 26 865 663 834 3379
14182 4 2 100 26 1259 1281 1252 2836
14183 4 2 100 26 1317 946 239 3146
14184 4 2 100 26 2203 2202 2201 3008
14185 4 2 100 26 1781 239 1726 3146
14186 4 2 100 26 1499 1673 3045 3228
14187 4 2 100 26 1599 228 1507 2990
14188 4 2 100 26 1377 957 3052 3168
14189 4 2 100 26 3153 3246 2632 3360
14190 4 2 100 26 1509 13 917 1654
14191 4 2 100 26 2555 2801 3153 3360
14192 4 2 100 26 1069 2985 2768 3247
14193 4 2 100 26 223 1733 1279 3038
14194 4 2 100 26 869 870 482 2766
14195 4 2 100 26 2416 2281 2413 2766
14196 4 2 100 26 2218 2282 2219 3202
14197 4 2 100 26 2639 3020 2722 3382
14198 4 2 100 26 2446 2069 2038 3349
14199 4 2 100 26 2555 3077 3164 3360
14200 4 2 100 26 954 326 2013 2193
14201 4 2 100 26 1890 1659 1657 2803
14202 4 2 100 26 1475 1817 1848 2723
14203 4 2 100 26 1347 1348 1316 3266
14204 4 2 100 26 1530 2804 1912 3226
14205 4 2 100 26 1394 1147 1145 3243
14206 4 2 100 26 2557 3143 2831 3359
14207 4 2 100 26 2171 3316 2792 3367
14208 4 2 100 26 832 833 524 3063
14209 4 2 100 26 1717 2833 1715 3225
14210 4 2 100 26 1343 1342 1237 3374
14211 4 2 100 26 619 2982 901 3325
14212 4 2 100 26 2101 2373 2981 3327
14213 4 2 100 26 2104 2101 2373 2981
14214 4 2 100 26 619 621 901 2982
14215 4 2 100 26 1812 1699 1784 3113
14216 4 2 100 26 2674 2821 2819 3028
14217 4 2 100 26 1053 1050 1419 2935
14218 4 2 100 26 2554 3019 2704 3112
14219 4 2 100 26 1751 1242 260 3045
14220 4 2 100 26 260 1027 1499 3045
14221 4 2 100 26 491 2247 197 2966
14222 4 2 100 26 2098 2100 2099 3124
14223 4 2 100 26 616 618 617 3123
14224 4 2 100 26 2056 2920 2057 3151
14225 4 2 100 26 186 503 694 3165
14226 4 2 100 26 437 1653 22 3058
14227 4 2 100 26 1660 1658 3014 3179
14228 4 2 100 26 1999 2350 183 3287
14229 4 2 100 26 1862 3100 1471 3299
14230 4 2 100 26 1701 3083 1842 3330
14231 4 2 100 26 641 910 639 2974
14232 4 2 100 26 1142 1144 1002 3185
14233 4 2 100 26 457 863 861 3354
14234 4 2 100 26 1423 944 3001 3320
14235 4 2 100 26 1979 736 197 2966
14236 4 2 100 26 457 3292 863 3354
14237 4 2 100 26 190 497 777 3075
14238 4 2 100 26 998 2020 394 2964
14239 4 2 100 26 790 878 874 3321
14240 4 2 100 26 2287 2383 2394 3217
14241 4 2 100 26 2750 3077 2632 3210
14242 4 2 100 26 2565 3208 3009 3259
14243 4 2 100 26 2704 3024 2554 3112
14244 4 2 100 26 762 761 774 3148
14245 4 2 100 26 738 739 741 3019
14246 4 2 100 26 1452 1541 1543 3147
14247 4 2 100 26 458 874 872 3321
14248 4 2 100 26 1796 1576 1572 3381
14249 4 2 100 26 2906 3004 2595 3201
14250 4 2 100 26 1836 1811 1755 2998
14251 4 2 100 26 2081 3176 2082 3321
14252 4 2 100 26 2723 3225 2656 3375
14253 4 2 100 26 1862 1863 1471 3100
14254 4 2 100 26 676 1485 82 3184
14255 4 2 100 26 1243 1199 1198 3153
14256 4 2 100 26 1662 1577 1798 2826
14257 4 2 100 26 1979 197 2247 2966
14258 4 2 100 26 491 197 736 2966
14259 4 2 100 26 998 394 1214 2964
14260 4 2 100 26 2034 1301 357 3078
14261 4 2 100 26 699 3018 695 3395
14262 4 2 100 26 2596 3130 2920 3399
14263 4 2 100 26 213 824 533 2460
14264 4 2 100 26 1655 1657 1656 3179
14265 4 2 100 26 812 1884 29 3375
14266 4 2 100 26 1510 216 1416 1649
14267 4 2 100 26 2818 3051 1676 3188
14268 4 2 100 26 1643 1644 1645 3013
14269 4 2 100 26 1272 1321 1271 3277
14270 4 2 100 26 2307 2290 2093 2986
14271 4 2 100 26 2205 2987 2208 3205
14272 4 2 100 26 3032 3129 2652 3403
14273 4 2 100 26 2768 2985 1069 3270
14274 4 2 100 26 1034 1947 1030 3155
14275 4 2 100 26 2482 2467 2465 3361
14276 4 2 100 26 1940 1941 1947 2726
14277 4 2 100 26 2235 2237 2236 3131
14278 4 2 100 26 2120 2346 2394 3324
14279 4 2 100 26 1962 2409 3036 3173
14280 4 2 100 26 1719 1721 1718 3141
14281 4 2 100 26 2240 2237 2391 2988
14282 4 2 100 26 554 552 553 2772
14283 4 2 100 26 296 1002 1911 3185
14284 4 2 100 26 109 827 1944 1939
14285 4 2 100 26 3077 3153 2555 3378
14286 4 2 100 26 2355 3049 1960 3211
14287 4 2 100 26 1720 3141 1717 3225
14288 4 2 100 26 2422 2341 3049 3194
14289 4 2 100 26 1300 1368 980 3367
14290 4 2 100 26 1376 1377 957 3052
14291 4 2 100 26 1850 1846 1771 3190
14292 4 2 100 26 2266 3102 2368 3285
14293 4 2 100 26 334 960 1299 3328
14294 4 2 100 26 2315 334 2039 3328
14295 4 2 100 26 1290 2003 332 3028
14296 4 2 100 26 2237 2391 2988 3388
14297 4 2 100 26 1938 1030 1947 3155
14298 4 2 100 26 769 921 555 3033
14299 4 2 100 26 754 753 488 3211
14300 4 2 100 26 2570 3128 2768 3247
14301 4 2 100 26 1382 1384 959 3028
14302 4 2 100 26 2223 2219 3075 3286
14303 4 2 100 26 1367 2985 1069 3247
14304 4 2 100 26 1967 2302 186 3165
14305 4 2 100 26 2263 1214 394 2964
14306 4 2 100 26 1353 3153 1199 3378
14307 4 2 100 26 1752 67 522 3060
14308 4 2 100 26 2099 2101 2103 2981
14309 4 2 100 26 618 620 619 2982
14310 4 2 100 26 2476 2951 2483 3361
14311 4 2 100 26 78 680 1488 2968
14312 4 2 100 26 78 1691 513 2968
14313 4 2 100 26 2292 1284 347 2969
14314 4 2 100 26 2310 347 968 2969
14315 4 2 100 26 1817 2723 1475 3375
14316 4 2 100 26 2626 3361 2951 3380
14317 4 2 100 26 2067 2906 2066 3201
14318 4 2 100 26 190 777 2223 3075
14319 4 2 100 26 190 1978 497 3075
14320 4 2 100 26 1875 1899 1485 3362
14321 4 2 100 26 1627 1626 1625 2976
14322 4 2 100 26 1120 1121 1122 2977
14323 4 2 100 26 1407 1404 966 3363
14324 4 2 100 26 2412 2194 2414 3097
14325 4 2 100 26 1449 828 14 1654
14326 4 2 100 26 2448 2075 2074 2741
14327 4 2 100 26 484 1962 170 3036
14328 4 2 100 26 223 1732 1733 3038
14329 4 2 100 26 818 443 30 3351
14330 4 2 100 26 720 3003 717 3359
14331 4 2 100 26 2225 1978 3075 3319
14332 4 2 100 26 2733 3091 2819 3405
14333 4 2 100 26 2037 343 966 3193
14334 4 2 100 26 1000 299 1568 1181
14335 4 2 100 26 1526 1529 2841 3226
14336 4 2 100 26 2194 2414 3097 3275
14337 4 2 100 26 1787 1748 3062 3114
14338 4 2 100 26 2263 394 2020 2964
14339 4 2 100 26 2207 2205 2208 3205
14340 4 2 100 26 2007 2161 2159 3271
14341 4 2 100 26 1488 1691 78 2968
14342 4 2 100 26 78 513 680 2968
14343 4 2 100 26 968 347 1284 2969
14344 4 2 100 26 2292 347 2310 2969
14345 4 2 100 26 2820 2951 2682 3352
14346 4 2 100 26 933 2480 2469 3352
14347 4 2 100 26 1961 489 204 2421
14348 4 2 100 26 692 690 693 2959
14349 4 2 100 26 2051 2864 2050 3383
14350 4 2 100 26 1270 1054 1425 2971
14351 4 2 100 26 1224 1223 1222 3016
14352 4 2 100 26 2431 2269 2255 3229
14353 4 2 100 26 1325 1946 1938 315
14354 4 2 100 26 980 2985 3316 3367
14355 4 2 100 26 996 1452 304 1172
14356 4 2 100 26 1039 1042 1041 3232
14357 4 2 100 26 2730 2940 2579 3304
14358 4 2 100 26 1358 1191 1210 2991
14359 4 2 100 26 1663 1482 99 763
14360 4 2 100 26 223 1279 945 3038
14361 4 2 100 26 1288 1372 3052 3259
14362 4 2 100 26 1478 3355 2905 3381
14363 4 2 100 26 1372 956 1370 3009
14364 4 2 100 26 17 1795 447 3387
14365 4 2 100 26 1681 1834 1894 3239
14366 4 2 100 26 2234 2235 2236 3131
14367 4 2 100 26 260 1499 1751 3045
14368 4 2 100 26 2979 3315 2773 3390
14369 4 2 100 26 337 963 2031 3011
14370 4 2 100 26 709 703 518 2965
14371 4 2 100 26 1110 1111 1112 3182
14372 4 2 100 26 2386 2411 2138 3002
14373 4 2 100 26 484 170 830 3036
14374 4 2 100 26 1918 101 496 829
14375 4 2 100 26 1235 1237 1239 3374
14376 4 2 100 26 1868 1861 1778 3218
14377 4 2 100 26 564 666 665 3276
14378 4 2 100 26 1263 1152 1154 2758
14379 4 2 100 26 1802 1928 1547 2758
14380 4 2 100 26 1113 1115 1114 2789
14381 4 2 100 26 1903 1552 95 501
14382 4 2 100 26 2175 2176 2174 3282
14383 4 2 100 26 1814 1842 1434 3357
14384 4 2 100 26 1244 1108 1110 3269
14385 4 2 100 26 1615 1613 1456 3269
14386 4 2 100 26 2266 2374 2368 3102
14387 4 2 100 26 2484 2476 2477 3361
14388 4 2 100 26 458 121 1973 788
14389 4 2 100 26 1674 1677 1751 3045
14390 4 2 100 26 1552 95 501 765
14391 4 2 100 26 1142 1141 1143 2817
14392 4 2 100 26 1558 1568 2730 3368
14393 4 2 100 26 815 3230 1505 3267
14394 4 2 100 26 1742 1800 1436 3292
14395 4 2 100 26 2795 2830 2565 3052
14396 4 2 100 26 1499 1673 1674 3045
14397 4 2 100 26 933 2469 549 3352
14398 4 2 100 26 1502 3104 1872 3308
14399 4 2 100 26 1372 1376 1288 3052
14400 4 2 100 26 2044 430 1937 1948
14401 4 2 100 26 1946 1938 1951 3155
14402 4 2 100 26 1031 418 2473 2461
14403 4 2 100 26 837 839 442 2905
14404 4 2 100 26 1602 1601 1603 3024
14405 4 2 100 26 447 2763 842 3387
14406 4 2 100 26 987 1271 2209 410
14407 4 2 100 26 1372 956 3009 3259
14408 4 2 100 26 798 799 453 3309
14409 4 2 100 26 618 619 617 3123
14410 4 2 100 26 1347 941 3095 3266
14411 4 2 100 26 1295 1391 1390 3203
14412 4 2 100 26 2100 2101 2099 3124
14413 4 2 100 26 459 123 2085 790
14414 4 2 100 26 1357 950 1356 3113
14415 4 2 100 26 2682 2820 2772 3380
14416 4 2 100 26 258 1028 1790 3234
14417 4 2 100 26 1626 1624 1625 2976
14418 4 2 100 26 1120 1119 1121 2977
14419 4 2 100 26 1999 183 509 3287
14420 4 2 100 26 332 959 1290 3028
14421 4 2 100 26 1738 1739 1837 2989
14422 4 2 100 26 1478 1572 3355 3381
14423 4 2 100 26 1329 958 1362 3190
14424 4 2 100 26 2603 3068 2775 3261
14425 4 2 100 26 1936 1514 1523 3377
14426 4 2 100 26 543 2806 3187 3393
14427 4 2 100 26 2236 2237 2239 2988
14428 4 2 100 26 720 724 717 3003
14429 4 2 100 26 1345 3095 1310 3326
14430 4 2 100 26 1621 1743 1623 3053
14431 4 2 100 26 1178 1116 1118 3053
14432 4 2 100 26 1648 1006 291 3221
14433 4 2 100 26 1988 2394 2346 2769
14434 4 2 100 26 2248 2389 2022 3109
14435 4 2 100 26 2313 332 2003 3028
14436 4 2 100 26 1725 1758 1723 3156
14437 4 2 100 26 1502 1827 1872 3104
14438 4 2 100 26 2034 356 1301 3260
14439 4 2 100 26 1368 1069 2985 3270
14440 4 2 100 26 573 571 572 3302
14441 4 2 100 26 452 40 811 2998
14442 4 2 100 26 2043 435 2463 2470
14443 4 2 100 26 1565 1911 1560 3185
14444 4 2 100 26 1301 973 357 3078
14445 4 2 100 26 1387 1097 1095 3241
14446 4 2 100 26 1479 1820 221 3001
14447 4 2 100 26 2487 3077 2750 3296
14448 4 2 100 26 1048 1049 1031 3171
14449 4 2 100 26 2324 2173 2143 3297
14450 4 2 100 26 2632 3246 2838 3360
14451 4 2 100 26 2089 2084 2088 2795
14452 4 2 100 26 733 729 775 3158
14453 4 2 100 26 2034 357 2304 3078
14454 4 2 100 26 1332 3376 1363 3396
14455 4 2 100 26 2838 3246 2688 3360
14456 4 2 100 26 1282 1377 1382 3168
14457 4 2 100 26 1532 1900 1530 2804
14458 4 2 100 26 533 2820 550 3352
14459 4 2 100 26 1962 2361 2409 3173
14460 4 2 100 26 2081 2080 2455 3176
14461 4 2 100 26 2073 2076 2086 2931
14462 4 2 100 26 641 640 642 2974
14463 4 2 100 26 1360 1359 1312 3195
14464 4 2 100 26 223 945 1732 3038
14465 4 2 100 26 1463 1548 1538 2680
14466 4 2 100 26 930 548 822 2975
14467 4 2 100 26 2864 3033 2682 3268
14468 4 2 100 26 2211 2210 2212 3136
14469 4 2 100 26 599 597 598 3303
14470 4 2 100 26 1543 2773 1926 3315
14471 4 2 100 26 2032 3237 1022 3265
14472 4 2 100 26 762 3148 835 3365
14473 4 2 100 26 1767 811 40 2998
14474 4 2 100 26 337 1319 963 3011
14475 4 2 100 26 337 2031 2330 3011
14476 4 2 100 26 643 905 907 3227
14477 4 2 100 26 2450 2088 2010 3052
14478 4 2 100 26 2282 2283 2219 3202
14479 4 2 100 26 941 1346 1347 3095
14480 4 2 100 26 1345 1346 1310 3095
14481 4 2 100 26 1552 2748 1550 3344
14482 4 2 100 26 2461 1031 419 1322
14483 4 2 100 26 1937 2335 431 2044
14484 4 2 100 26 2466 2465 2467 3361
14485 4 2 100 26 532 110 1945 1939
14486 4 2 100 26 1149 1147 1384 2821
14487 4 2 100 26 601 599 600 3307
14488 4 2 100 26 2230 2232 2288 3158
14489 4 2 100 26 943 1316 1348 2978
14490 4 2 100 26 537 536 3061 3337
14491 4 2 100 26 2833 3047 1715 3225
14492 4 2 100 26 2012 2345 2365 3203
14493 4 2 100 26 2835 3119 2675 3301
14494 4 2 100 26 1070 1071 1072 3270
14495 4 2 100 26 1679 1677 1678 3188
14496 4 2 100 26 2772 2820 2597 3380
14497 4 2 100 26 190 2223 1978 3075
14498 4 2 100 26 2219 2224 2223 3075
14499 4 2 100 26 2224 2225 1978 3075
14500 4 2 100 26 2080 2765 3176 3317
14501 4 2 100 26 2448 2741 1292 3396
14502 4 2 100 26 2355 2422 1960 3049
14503 4 2 100 26 2790 2824 2589 3060
14504 4 2 100 26 1867 1595 1792 3245
14505 4 2 100 26 1726 239 946 3146
14506 4 2 100 26 2253 2120 2349 3313
14507 4 2 100 26 1839 1442 1838 3195
14508 4 2 100 26 1752 1469 67 3060
14509 4 2 100 26 67 764 522 3060
14510 4 2 100 26 2979 3315 2560 3344
14511 4 2 100 26 332 2313 959 3028
14512 4 2 100 26 1150 1151 1152 3172
14513 4 2 100 26 571 569 570 3300
14514 4 2 100 26 1536 1918 1537 2696
14515 4 2 100 26 2171 2170 2173 3294
14516 4 2 100 26 2326 2417 2314 2819
14517 4 2 100 26 794 118 2435 455
14518 4 2 100 26 1140 1003 1138 3062
14519 4 2 100 26 1812 1739 1700 2922
14520 4 2 100 26 1258 1257 1256 3132
14521 4 2 100 26 770 2827 2420 3280
14522 4 2 100 26 2671 3185 2817 3189
14523 4 2 100 26 1319 337 2330 3011
14524 4 2 100 26 1962 2195 170 3036
14525 4 2 100 26 2420 2827 2206 3280
14526 4 2 100 26 2071 2070 2033 3181
14527 4 2 100 26 1409 1412 1303 3094
14528 4 2 100 26 442 2905 839 3381
14529 4 2 100 26 1479 221 944 3001
14530 4 2 100 26 1911 1002 1171 2973
14531 4 2 100 26 2320 2328 2161 3237
14532 4 2 100 26 1833 82 1485 3184
14533 4 2 100 26 2062 3061 2061 3180
14534 4 2 100 26 991 1039 1038 3101
14535 4 2 100 26 2553 3091 2733 3174
14536 4 2 100 26 452 1755 40 2998
14537 4 2 100 26 685 88 505 3000
14538 4 2 100 26 2062 2707 3061 3180
14539 4 2 100 26 1487 924 104 1917
14540 4 2 100 26 2342 2429 2168 3198
14541 4 2 100 26 1617 1616 1615 3261
14542 4 2 100 26 2385 2248 2008 3109
14543 4 2 100 26 2278 2276 2258 3017
14544 4 2 100 26 2118 2120 2119 3324
14545 4 2 100 26 1896 84 747 3103
14546 4 2 100 26 1575 1572 3107 3355
14547 4 2 100 26 2331 2313 2314 3028
14548 4 2 100 26 1733 3038 1855 3320
14549 4 2 100 26 2060 2026 2444 2784
14550 4 2 100 26 1720 1816 1885 3138
14551 4 2 100 26 170 2195 830 3036
14552 4 2 100 26 135 805 1982 3222
14553 4 2 100 26 2332 2457 2085 2760
14554 4 2 100 26 389 2196 1007 3246
14555 4 2 100 26 1353 1354 1315 3163
14556 4 2 100 26 2191 2176 2180 3265
14557 4 2 100 26 1011 285 1473 3085
14558 4 2 100 26 2075 2741 2448 3396
14559 4 2 100 26 2343 2214 2458 2753
14560 4 2 100 26 2432 2456 2078 3379
14561 4 2 100 26 1733 1855 1856 3320
14562 4 2 100 26 953 1420 1320 3181
14563 4 2 100 26 919 105 1915 493
14564 4 2 100 26 2735 3156 2539 3166
14565 4 2 100 26 2802 2825 2591 3078
14566 4 2 100 26 1948 2044 430 2061
14567 4 2 100 26 2473 1047 418 1031
14568 4 2 100 26 1067 1068 1066 3247
14569 4 2 100 26 449 817 855 3048
14570 4 2 100 26 1188 1187 1186 3129
14571 4 2 100 26 2400 2283 2282 3202
14572 4 2 100 26 676 82 510 3184
14573 4 2 100 26 2480 2474 2469 3352
14574 4 2 100 26 1377 1153 1151 3172
14575 4 2 100 26 456 794 119 2456
14576 4 2 100 26 598 600 599 2790
14577 4 2 100 26 2421 3116 773 3194
14578 4 2 100 26 791 895 471 3039
14579 4 2 100 26 2471 2465 2764 3213
14580 4 2 100 26 2269 2431 2057 3151
14581 4 2 100 26 2052 3268 2053 3399
14582 4 2 100 26 761 762 757 3365
14583 4 2 100 26 2582 2995 3317 3379
14584 4 2 100 26 1854 3038 1732 3251
14585 4 2 100 26 2470 2043 435 2047
14586 4 2 100 26 2011 364 1283 3223
14587 4 2 100 26 1338 945 3038 3251
14588 4 2 100 26 156 477 1990 3224
14589 4 2 100 26 1925 534 934 2888
14590 4 2 100 26 572 571 570 2791
14591 4 2 100 26 658 674 660 2979
14592 4 2 100 26 1228 1230 1226 2958
14593 4 2 100 26 2590 3253 3231 3405
14594 4 2 100 26 1886 1602 1815 2915
14595 4 2 100 26 1373 1371 1280 3291
14596 4 2 100 26 1800 1585 1799 3230
14597 4 2 100 26 2338 2417 2326 3405
14598 4 2 100 26 1870 1862 1765 3299
14599 4 2 100 26 1563 1497 1908 3394
14600 4 2 100 26 2324 2171 2173 2792
14601 4 2 100 26 536 110 1945 532
14602 4 2 100 26 1160 1158 1159 2776
14603 4 2 100 26 365 2011 1283 3204
14604 4 2 100 26 1356 1187 1188 3129
14605 4 2 100 26 2088 2795 2084 3257
14606 4 2 100 26 2445 2064 2067 2906
14607 4 2 100 26 1613 1607 1761 3238
14608 4 2 100 26 1106 1108 1015 3238
14609 4 2 100 26 1222 1223 1218 3318
14610 4 2 100 26 2052 2864 2051 3268
14611 4 2 100 26 2707 3061 2837 3337
14612 4 2 100 26 445 818 31 3350
14613 4 2 100 26 915 833 671 3312
14614 4 2 100 26 60 1763 526 3220
14615 4 2 100 26 478 881 882 3275
14616 4 2 100 26 1246 264 1749 3215
14617 4 2 100 26 1048 1031 1047 3171
14618 4 2 100 26 1767 40 1755 2998
14619 4 2 100 26 2398 1982 2284 3044
14620 4 2 100 26 805 911 466 3044
14621 4 2 100 26 934 824 2479 2888
14622 4 2 100 26 973 2304 357 3078
14623 4 2 100 26 1043 2904 993 3385
14624 4 2 100 26 2369 2400 2294 2993
14625 4 2 100 26 2678 3144 2650 3364
14626 4 2 100 26 1912 1530 1900 2804
14627 4 2 100 26 819 445 32 3336
14628 4 2 100 26 1732 1854 1855 3038
14629 4 2 100 26 1698 1695 1699 3263
14630 4 2 100 26 307 1906 1463 994
14631 4 2 100 26 1451 918 10 1808
14632 4 2 100 26 2195 2409 2396 3036
14633 4 2 100 26 945 1340 1338 3038
14634 4 2 100 26 459 879 878 2760
14635 4 2 100 26 745 687 686 2941
14636 4 2 100 26 1160 2776 1159 3376
14637 4 2 100 26 1068 1069 1070 2768
14638 4 2 100 26 655 879 653 2994
14639 4 2 100 26 1279 1340 3038 3320
14640 4 2 100 26 540 919 535 3108
14641 4 2 100 26 1915 1527 1516 3108
14642 4 2 100 26 1773 269 1247 3250
14643 4 2 100 26 1433 1309 247 3117
14644 4 2 100 26 2286 1985 2372 3039
14645 4 2 100 26 290 1006 1648 3236
14646 4 2 100 26 67 1469 764 3060
14647 4 2 100 26 1478 1571 2905 3355
14648 4 2 100 26 1278 1385 1383 3285
14649 4 2 100 26 2750 3296 2633 3403
14650 4 2 100 26 1489 1831 1858 3000
14651 4 2 100 26 2777 2973 2817 3185
14652 4 2 100 26 61 526 1763 3219
14653 4 2 100 26 1159 1157 1370 3009
14654 4 2 100 26 439 25 1757 3216
14655 4 2 100 26 2839 3325 2520 3327
14656 4 2 100 26 1967 186 694 3165
14657 4 2 100 26 987 2209 2255 410
14658 4 2 100 26 1509 917 12 1746
14659 4 2 100 26 1055 2971 1056 3186
14660 4 2 100 26 1936 1807 1514 3377
14661 4 2 100 26 1367 1069 1067 3247
14662 4 2 100 26 1906 307 1327 994
14663 4 2 100 26 2301 343 2037 3193
14664 4 2 100 26 966 343 1305 3193
14665 4 2 100 26 218 1415 1447 1730
14666 4 2 100 26 557 444 558 2895
14667 4 2 100 26 1624 1622 1623 2912
14668 4 2 100 26 1118 1117 1119 2913
14669 4 2 100 26 3077 3153 2632 3360
14670 4 2 100 26 1539 3145 1537 3364
14671 4 2 100 26 486 752 758 2787
14672 4 2 100 26 965 2025 341 3094
14673 4 2 100 26 1422 1464 1919 2904
14674 4 2 100 26 2197 2199 2308 3210
14675 4 2 100 26 1865 1867 1469 3060
14676 4 2 100 26 711 709 518 2965
14677 4 2 100 26 2397 1983 2306 2962
14678 4 2 100 26 778 906 468 2962
14679 4 2 100 26 2259 2243 1980 2787
14680 4 2 100 26 91 1920 673 504
14681 4 2 100 26 1320 1332 1292 2741
14682 4 2 100 26 823 561 2755 3391
14683 4 2 100 26 1814 3048 1705 3330
14684 4 2 100 26 1019 1203 1202 3282
14685 4 2 100 26 2582 3007 2771 3379
14686 4 2 100 26 2051 2052 2050 2864
14687 4 2 100 26 837 759 756 2813
14688 4 2 100 26 834 822 794 2771
14689 4 2 100 26 2042 2384 2295 2965
14690 4 2 100 26 2432 2078 2995 3379
14691 4 2 100 26 758 756 759 2813
14692 4 2 100 26 282 1768 1179 3030
14693 4 2 100 26 1012 1457 282 3030
14694 4 2 100 26 1991 2360 2414 3275
14695 4 2 100 26 1688 3111 1825 3293
14696 4 2 100 26 1768 282 1457 3030
14697 4 2 100 26 1279 1333 1340 3320
14698 4 2 100 26 952 1358 1360 3117
14699 4 2 100 26 1160 1161 3329 3376
14700 4 2 100 26 2349 2120 2118 2802
14701 4 2 100 26 1722 1723 1721 3166
14702 4 2 100 26 812 847 440 3375
14703 4 2 100 26 1929 2748 1552 3344
14704 4 2 100 26 1558 1914 1568 3368
14705 4 2 100 26 2026 1324 415 2334
14706 4 2 100 26 2005 2368 2370 3285
14707 4 2 100 26 2068 2069 2070 2800
14708 4 2 100 26 697 695 3018 3322
14709 4 2 100 26 980 1291 372 3316
14710 4 2 100 26 1363 3376 3121 3396
14711 4 2 100 26 747 84 508 3103
14712 4 2 100 26 2256 2245 2355 3211
14713 4 2 100 26 1426 1044 1327 3385
14714 4 2 100 26 494 1995 193 3158
14715 4 2 100 26 2444 2050 2059 2864
14716 4 2 100 26 666 667 464 3267
14717 4 2 100 26 1645 1647 1831 3013
14718 4 2 100 26 2423 480 161 3196
14719 4 2 100 26 2087 2086 2435 3309
14720 4 2 100 26 920 537 451 2707
14721 4 2 100 26 1574 1819 1571 3355
14722 4 2 100 26 2463 2474 2336 2951
14723 4 2 100 26 1887 1819 1574 2786
14724 4 2 100 26 1349 2978 1348 3318
14725 4 2 100 26 1688 1895 1825 3111
14726 4 2 100 26 1938 1030 316 1947
14727 4 2 100 26 2211 2353 2265 2836
14728 4 2 100 26 1311 1508 232 3156
14729 4 2 100 26 2438 2085 123 790
14730 4 2 100 26 2062 2445 2000 2707
14731 4 2 100 26 1352 1195 1196 2801
14732 4 2 100 26 2054 2920 2056 3399
14733 4 2 100 26 1473 285 1775 3085
14734 4 2 100 26 1011 1248 285 3085
14735 4 2 100 26 2335 2045 2063 2726
14736 4 2 100 26 588 586 684 3219
14737 4 2 100 26 1185 1189 1243 2822
14738 4 2 100 26 2077 2078 3007 3317
14739 4 2 100 26 106 1915 1516 919
14740 4 2 100 26 2033 2069 2446 3349
14741 4 2 100 26 1137 1139 1138 2942
14742 4 2 100 26 1504 31 1770 3350
14743 4 2 100 26 1902 1452 304 996
14744 4 2 100 26 247 1309 952 3117
14745 4 2 100 26 2070 2072 2430 3162
14746 4 2 100 26 973 1389 1387 3078
14747 4 2 100 26 660 659 658 3183
14748 4 2 100 26 258 1249 1028 3234
14749 4 2 100 26 2464 2471 2465 2764
14750 4 2 100 26 101 1918 1904 829
14751 4 2 100 26 2336 2452 2046 3352
14752 4 2 100 26 2181 2149 2152 3204
14753 4 2 100 26 1078 1080 1025 3215
14754 4 2 100 26 258 1790 1466 3234
14755 4 2 100 26 687 745 691 3178
14756 4 2 100 26 682 584 582 3220
14757 4 2 100 26 1710 1712 1439 2978
14758 4 2 100 26 1919 2904 1934 3385
14759 4 2 100 26 1908 1651 3000 3394
14760 4 2 100 26 1713 1712 1711 2835
14761 4 2 100 26 1241 291 1006 3221
14762 4 2 100 26 2304 2349 2118 3078
14763 4 2 100 26 980 2985 1367 3316
14764 4 2 100 26 1953 1949 1951 3377
14765 4 2 100 26 1575 1577 1854 3107
14766 4 2 100 26 1642 1648 291 3221
14767 4 2 100 26 510 630 628 3184
14768 4 2 100 26 2034 2116 356 3260
14769 4 2 100 26 1245 1128 1130 3236
14770 4 2 100 26 1896 1484 84 3103
14771 4 2 100 26 259 1242 1751 3128
14772 4 2 100 26 540 538 539 2980
14773 4 2 100 26 1900 2804 1532 3384
14774 4 2 100 26 2046 2049 2336 2951
14775 4 2 100 26 2432 1973 121 788
14776 4 2 100 26 282 1179 1012 3030
14777 4 2 100 26 2590 3231 2733 3405
14778 4 2 100 26 2519 2987 3008 3370
14779 4 2 100 26 2484 2474 2476 2951
14780 4 2 100 26 1748 1183 3062 3114
14781 4 2 100 26 1069 1068 1067 3247
14782 4 2 100 26 718 722 721 2831
14783 4 2 100 26 2092 2316 3328 3366
14784 4 2 100 26 1489 3000 685 3389
14785 4 2 100 26 1787 1644 1748 3114
14786 4 2 100 26 851 850 445 3334
14787 4 2 100 26 2215 2343 2421 3194
14788 4 2 100 26 1972 2086 2076 2771
14789 4 2 100 26 207 769 2447 1997
14790 4 2 100 26 828 444 14 1654
14791 4 2 100 26 972 1301 356 3260
14792 4 2 100 26 1816 1720 1884 3375
14793 4 2 100 26 1086 1088 1023 3250
14794 4 2 100 26 2006 387 1184 3010
14795 4 2 100 26 1010 387 2268 3010
14796 4 2 100 26 1820 220 1326 1889
14797 4 2 100 26 1002 2973 1911 3185
14798 4 2 100 26 334 2315 960 3328
14799 4 2 100 26 1321 1058 1421 3262
14800 4 2 100 26 498 660 674 2979
14801 4 2 100 26 2054 2056 2058 3399
14802 4 2 100 26 1368 1071 1069 3270
14803 4 2 100 26 1997 2051 2443 3268
14804 4 2 100 26 1704 1707 1706 3015
14805 4 2 100 26 1459 1636 1633 3236
14806 4 2 100 26 2420 2206 2358 3280
14807 4 2 100 26 2066 2067 2064 2906
14808 4 2 100 26 1541 1542 2773 3364
14809 4 2 100 26 757 754 761 2781
14810 4 2 100 26 995 2260 2993 3169
14811 4 2 100 26 1720 1719 1717 3141
14812 4 2 100 26 699 697 695 3018
14813 4 2 100 26 1568 1914 299 1000
14814 4 2 100 26 839 840 766 3381
14815 4 2 100 26 1726 1706 1708 3146
14816 4 2 100 26 2473 2466 3042 3171
14817 4 2 100 26 2317 2301 2112 3193
14818 4 2 100 26 1715 1714 1713 3047
14819 4 2 100 26 2430 2459 2440 2770
14820 4 2 100 26 118 2435 1972 794
14821 4 2 100 26 1910 1452 1544 3358
14822 4 2 100 26 1487 924 493 104
14823 4 2 100 26 1417 1038 1033 3101
14824 4 2 100 26 216 1032 1416 1649
14825 4 2 100 26 1428 1161 1332 2937
14826 4 2 100 26 17 447 781 3387
14827 4 2 100 26 1248 1775 285 3085
14828 4 2 100 26 1332 1292 2741 3396
14829 4 2 100 26 1653 1573 1815 3058
14830 4 2 100 26 1158 3120 996 3147
14831 4 2 100 26 1071 1070 1069 3270
14832 4 2 100 26 2312 341 2025 3094
14833 4 2 100 26 1303 965 341 3094
14834 4 2 100 26 1034 316 1030 1947
14835 4 2 100 26 1478 1572 1571 3355
14836 4 2 100 26 1795 17 1450 3387
14837 4 2 100 26 329 1288 957 3052
14838 4 2 100 26 1134 1241 1132 3221
14839 4 2 100 26 2759 3205 2641 3339
14840 4 2 100 26 1779 1438 235 3095
14841 4 2 100 26 13 444 917 1654
14842 4 2 100 26 1265 1198 1194 3246
14843 4 2 100 26 1834 1678 1676 3188
14844 4 2 100 26 898 472 900 3273
14845 4 2 100 26 1904 1492 102 495
14846 4 2 100 26 829 1904 102 495
14847 4 2 100 26 1963 473 147 3240
14848 4 2 100 26 1010 1184 387 3010
14849 4 2 100 26 1259 1260 1272 3209
14850 4 2 100 26 2477 2467 2475 3361
14851 4 2 100 26 1872 1864 1774 3308
14852 4 2 100 26 1154 1156 997 3358
14853 4 2 100 26 2006 2268 387 3010
14854 4 2 100 26 788 2995 865 3379
14855 4 2 100 26 372 1291 2275 3316
14856 4 2 100 26 809 3058 1443 3112
14857 4 2 100 26 694 726 695 3165
14858 4 2 100 26 1415 218 939 1730
14859 4 2 100 26 917 441 12 1746
14860 4 2 100 26 788 865 456 3379
14861 4 2 100 26 82 1833 510 3184
14862 4 2 100 26 1814 1434 1882 3048
14863 4 2 100 26 1779 235 941 3095
14864 4 2 100 26 1509 1788 1654 2895
14865 4 2 100 26 801 903 462 3002
14866 4 2 100 26 617 897 3123 3325
14867 4 2 100 26 1310 235 1438 3095
14868 4 2 100 26 2274 2276 2199 3246
14869 4 2 100 26 1764 1433 247 3117
14870 4 2 100 26 1313 962 253 3040
14871 4 2 100 26 1002 296 1200 3185
14872 4 2 100 26 1643 1638 1642 3221
14873 4 2 100 26 1313 253 1440 3040
14874 4 2 100 26 202 490 783 3049
14875 4 2 100 26 1422 1919 993 2904
14876 4 2 100 26 135 1982 2157 3222
14877 4 2 100 26 467 805 135 3222
14878 4 2 100 26 901 2839 470 3325
14879 4 2 100 26 1984 2839 2373 3327
14880 4 2 100 26 1094 1095 1096 3241
14881 4 2 100 26 1036 1030 1325 3155
14882 4 2 100 26 253 962 1590 3040
14883 4 2 100 26 1845 2485 1504 3192
14884 4 2 100 26 2524 2675 3119 3301
14885 4 2 100 26 1063 1066 1249 3234
14886 4 2 100 26 1902 1261 1927 3120
14887 4 2 100 26 1148 1150 1181 3304
14888 4 2 100 26 1040 2890 1037 3232
14889 4 2 100 26 2081 1973 3176 3321
14890 4 2 100 26 1986 2405 2357 3273
14891 4 2 100 26 1684 1683 1490 3219
14892 4 2 100 26 849 2676 719 3143
14893 4 2 100 26 1925 1808 534 2888
14894 4 2 100 26 202 2341 490 3049
14895 4 2 100 26 2837 3061 2707 3180
14896 4 2 100 26 389 2274 2196 3246
14897 4 2 100 26 389 1007 1265 3246
14898 4 2 100 26 2011 2249 364 3223
14899 4 2 100 26 2169 2275 3244 3316
14900 4 2 100 26 156 1990 2303 3224
14901 4 2 100 26 1565 296 1911 3185
14902 4 2 100 26 1465 1524 1916 3101
14903 4 2 100 26 976 1283 364 3223
14904 4 2 100 26 2023 980 372 3316
14905 4 2 100 26 903 896 462 3174
14906 4 2 100 26 806 477 156 3224
14907 4 2 100 26 1292 954 325 3396
14908 4 2 100 26 1034 1030 1035 3155
14909 4 2 100 26 1534 1533 3067 3384
14910 4 2 100 26 264 1772 1749 3215
14911 4 2 100 26 437 838 836 3058
14912 4 2 100 26 60 1513 1763 3220
14913 4 2 100 26 2181 2011 365 3204
14914 4 2 100 26 1283 977 365 3204
14915 4 2 100 26 1151 1153 1152 3172
14916 4 2 100 26 2337 451 113 825
14917 4 2 100 26 1175 278 1605 3238
14918 4 2 100 26 329 957 2010 3052
14919 4 2 100 26 480 800 161 3196
14920 4 2 100 26 1505 815 46 3230
14921 4 2 100 26 1095 1097 1096 3241
14922 4 2 100 26 127 792 2109 3174
14923 4 2 100 26 2205 2427 2208 2987
14924 4 2 100 26 1484 508 84 3103
14925 4 2 100 26 980 3316 2023 3367
14926 4 2 100 26 391 2009 1004 3096
14927 4 2 100 26 1466 1679 1797 3234
14928 4 2 100 26 2583 2985 2792 3316
14929 4 2 100 26 2312 1303 341 3094
14930 4 2 100 26 264 1246 1025 3215
14931 4 2 100 26 60 526 682 3220
14932 4 2 100 26 1764 1839 1837 3117
14933 4 2 100 26 1652 311 1417 991
14934 4 2 100 26 1560 1561 1562 2777
14935 4 2 100 26 2452 933 826 3352
14936 4 2 100 26 842 2763 3365 3387
14937 4 2 100 26 1791 1792 1777 3245
14938 4 2 100 26 247 952 1764 3117
14939 4 2 100 26 685 1489 88 3000
14940 4 2 100 26 1714 1715 1716 2833
14941 4 2 100 26 549 212 533 2460
14942 4 2 100 26 1161 2937 1162 3329
14943 4 2 100 26 2074 2071 2433 3181
14944 4 2 100 26 241 1477 1306 3023
14945 4 2 100 26 1447 1822 1731 3186
14946 4 2 100 26 241 947 1744 3023
14947 4 2 100 26 3083 3164 2642 3330
14948 4 2 100 26 1433 3113 1309 3117
14949 4 2 100 26 1342 1343 937 3156
14950 4 2 100 26 1460 1005 293 3114
14951 4 2 100 26 2425 2354 2238 3012
14952 4 2 100 26 1745 1656 1661 3092
14953 4 2 100 26 1309 1433 246 3113
14954 4 2 100 26 2468 2479 824 2888
14955 4 2 100 26 253 1590 1440 3040
14956 4 2 100 26 61 684 526 3219
14957 4 2 100 26 269 1023 1247 3250
14958 4 2 100 26 3115 3328 2674 3366
14959 4 2 100 26 1763 1490 61 3219
14960 4 2 100 26 25 439 816 3216
14961 4 2 100 26 290 1245 1006 3236
14962 4 2 100 26 1732 945 224 3251
14963 4 2 100 26 25 1503 1757 3216
14964 4 2 100 26 1648 1459 290 3236
14965 4 2 100 26 2054 2052 2053 3399
14966 4 2 100 26 1288 329 2311 3052
14967 4 2 100 26 533 551 550 2820
14968 4 2 100 26 259 1028 1242 3128
14969 4 2 100 26 1324 2026 415 983
14970 4 2 100 26 775 494 193 3158
14971 4 2 100 26 1975 2363 2386 3174
14972 4 2 100 26 1584 1588 1583 3267
14973 4 2 100 26 769 487 207 2447
14974 4 2 100 26 2288 193 1995 3158
14975 4 2 100 26 1933 2997 1810 3161
14976 4 2 100 26 1372 3009 1157 3208
14977 4 2 100 26 1902 996 1261 3120
14978 4 2 100 26 1305 343 2301 3193
14979 4 2 100 26 259 1751 1790 3128
14980 4 2 100 26 1934 1919 1464 2904
14981 4 2 100 26 656 499 658 3344
14982 4 2 100 26 1514 1936 426 1807
14983 4 2 100 26 47 815 1505 3267
14984 4 2 100 26 1773 1454 269 3250
14985 4 2 100 26 937 1311 232 3156
14986 4 2 100 26 1758 232 1508 3156
14987 4 2 100 26 1002 297 1911 1171
14988 4 2 100 26 834 2771 794 3379
14989 4 2 100 26 1915 919 493 3108
14990 4 2 100 26 496 100 1918 763
14991 4 2 100 26 2443 769 208 1997
14992 4 2 100 26 2041 2436 2434 3259
14993 4 2 100 26 794 1972 119 2456
14994 4 2 100 26 91 1920 1512 673
14995 4 2 100 26 1523 427 1936 1949
14996 4 2 100 26 3115 3159 2674 3328
14997 4 2 100 26 1163 255 1517 3034
14998 4 2 100 26 1306 947 241 3023
14999 4 2 100 26 255 1060 1480 3034
15000 4 2 100 26 2344 2423 161 3196
15001 4 2 100 26 1310 941 235 3095
15002 4 2 100 26 241 1744 1477 3023
15003 4 2 100 26 1563 2967 1497 3394
15004 4 2 100 26 1661 1662 1798 3311
15005 4 2 100 26 2792 2985 2586 3367
15006 4 2 100 26 1847 1848 1713 3047
15007 4 2 100 26 1309 246 950 3113
15008 4 2 100 26 1777 1792 1595 3245
15009 4 2 100 26 502 673 92 3382
15010 4 2 100 26 2665 3159 3115 3328
15011 4 2 100 26 1028 3128 1790 3234
15012 4 2 100 26 1008 1640 288 3080
15013 4 2 100 26 934 2479 1925 2888
15014 4 2 100 26 2665 3328 3115 3366
15015 4 2 100 26 1858 1908 1651 3000
15016 4 2 100 26 1037 1040 1418 2890
15017 4 2 100 26 1326 221 1820 3001
15018 4 2 100 26 644 645 643 2788
15019 4 2 100 26 1213 1330 1203 3265
15020 4 2 100 26 1298 367 2156 3086
15021 4 2 100 26 1911 1171 1461 2973
15022 4 2 100 26 74 746 1511 3087
15023 4 2 100 26 445 2676 850 3351
15024 4 2 100 26 137 807 1977 3089
15025 4 2 100 26 553 552 551 2772
15026 4 2 100 26 2941 3178 2526 3287
15027 4 2 100 26 783 1960 202 3049
15028 4 2 100 26 2280 2352 2222 3027
15029 4 2 100 26 507 87 685 3389
15030 4 2 100 26 1588 1891 1446 3276
15031 4 2 100 26 1682 63 525 3104
15032 4 2 100 26 1261 306 1927 994
15033 4 2 100 26 1651 505 88 3000
15034 4 2 100 26 2182 175 521 3098
15035 4 2 100 26 1056 2971 1058 3262
15036 4 2 100 26 830 671 916 3036
15037 4 2 100 26 954 1363 3121 3396
15038 4 2 100 26 1032 1322 1049 2764
15039 4 2 100 26 851 720 850 2676
15040 4 2 100 26 1266 1419 983 2784
15041 4 2 100 26 1772 1832 1671 3215
15042 4 2 100 26 1829 1893 1688 3293
15043 4 2 100 26 1559 1560 1461 2973
15044 4 2 100 26 1394 3159 1401 3328
15045 4 2 100 26 1973 2995 2079 3176
15046 4 2 100 26 1513 1826 1689 3220
15047 4 2 100 26 2475 2482 2462 3213
15048 4 2 100 26 1858 1931 1564 2972
15049 4 2 100 26 2336 2474 2463 434
15050 4 2 100 26 1163 1060 255 3034
15051 4 2 100 26 771 489 205 1961
15052 4 2 100 26 255 1480 1517 3034
15053 4 2 100 26 159 1964 479 3097
15054 4 2 100 26 306 1463 1927 994
15055 4 2 100 26 2596 3268 2864 3399
15056 4 2 100 26 2336 2043 2463 2951
15057 4 2 100 26 1004 1192 391 3096
15058 4 2 100 26 676 1485 3184 3362
15059 4 2 100 26 918 534 10 1808
15060 4 2 100 26 2253 2252 2346 3313
15061 4 2 100 26 827 109 532 1939
15062 4 2 100 26 1256 1251 1250 3109
15063 4 2 100 26 2032 378 1022 3237
15064 4 2 100 26 924 544 495 2805
15065 4 2 100 26 741 739 841 3019
15066 4 2 100 26 1487 1915 105 493
15067 4 2 100 26 1242 3045 1751 3128
15068 4 2 100 26 391 2257 2009 3096
15069 4 2 100 26 259 1790 1028 3128
15070 4 2 100 26 810 864 863 3292
15071 4 2 100 26 1326 944 221 3001
15072 4 2 100 26 970 2305 351 3093
15073 4 2 100 26 1803 1512 1567 3382
15074 4 2 100 26 502 92 1921 3382
15075 4 2 100 26 792 127 462 3174
15076 4 2 100 26 1294 1418 1040 3150
15077 4 2 100 26 846 732 730 2812
15078 4 2 100 26 2081 2082 1973 3321
15079 4 2 100 26 677 1483 72 3041
15080 4 2 100 26 72 1753 517 3041
15081 4 2 100 26 636 507 638 3389
15082 4 2 100 26 1553 1552 1903 3314
15083 4 2 100 26 1935 999 1462 3304
15084 4 2 100 26 2675 3057 2566 3334
15085 4 2 100 26 1135 1137 1136 2999
15086 4 2 100 26 258 1466 1249 3234
15087 4 2 100 26 1241 1642 291 3221
15088 4 2 100 26 2828 3232 2595 3349
15089 4 2 100 26 1264 1338 1337 3251
15090 4 2 100 26 1448 1853 1854 3251
15091 4 2 100 26 329 2010 2311 3052
15092 4 2 100 26 2269 2057 2458 3151
15093 4 2 100 26 1286 954 1363 3121
15094 4 2 100 26 1784 950 246 3113
15095 4 2 100 26 1844 1602 1603 3024
15096 4 2 100 26 2341 202 1960 3049
15097 4 2 100 26 1005 1183 293 3114
15098 4 2 100 26 1162 1161 1428 2937
15099 4 2 100 26 1835 1898 1484 3103
15100 4 2 100 26 646 673 648 3382
15101 4 2 100 26 1297 1420 1296 3181
15102 4 2 100 26 2090 2091 2039 3206
15103 4 2 100 26 617 3123 619 3325
15104 4 2 100 26 725 3057 699 3395
15105 4 2 100 26 1983 2397 2403 2962
15106 4 2 100 26 906 778 904 2962
15107 4 2 100 26 2101 3124 2100 3327
15108 4 2 100 26 1159 1370 1363 3376
15109 4 2 100 26 379 2032 1022 3265
15110 4 2 100 26 824 534 551 2888
15111 4 2 100 26 1497 1567 1920 2967
15112 4 2 100 26 2391 2021 2829 3388
15113 4 2 100 26 2295 2384 2404 2965
15114 4 2 100 26 391 1192 2257 3096
15115 4 2 100 26 1701 1842 1814 3330
15116 4 2 100 26 1936 1950 1807 3377
15117 4 2 100 26 1748 1460 293 3114
15118 4 2 100 26 315 1938 1325 1030
15119 4 2 100 26 955 250 1750 3043
15120 4 2 100 26 2185 2357 2186 3240
15121 4 2 100 26 527 58 1692 3100
15122 4 2 100 26 2082 2085 2438 3321
15123 4 2 100 26 2036 362 1304 3102
15124 4 2 100 26 1786 1174 288 3080
15125 4 2 100 26 1008 288 1174 3080
15126 4 2 100 26 1224 1197 1223 3016
15127 4 2 100 26 1786 288 1640 3080
15128 4 2 100 26 1423 1059 1427 2783
15129 4 2 100 26 1433 1784 246 3113
15130 4 2 100 26 1575 1576 1577 3107
15131 4 2 100 26 2004 367 978 3086
15132 4 2 100 26 516 74 1664 3087
15133 4 2 100 26 972 356 2116 3260
15134 4 2 100 26 2331 2450 2096 3168
15135 4 2 100 26 659 661 872 2778
15136 4 2 100 26 2037 3193 966 3363
15137 4 2 100 26 2800 2828 2595 3349
15138 4 2 100 26 1298 978 367 3086
15139 4 2 100 26 1563 1561 1567 2967
15140 4 2 100 26 655 653 654 2994
15141 4 2 100 26 1620 1621 1622 3154
15142 4 2 100 26 2028 1289 351 3093
15143 4 2 100 26 1709 1708 1707 3119
15144 4 2 100 26 2004 2156 367 3086
15145 4 2 100 26 74 1511 1664 3087
15146 4 2 100 26 74 516 746 3087
15147 4 2 100 26 137 2306 468 3089
15148 4 2 100 26 970 351 1289 3093
15149 4 2 100 26 823 560 561 3391
15150 4 2 100 26 2306 137 1977 3089
15151 4 2 100 26 137 468 807 3089
15152 4 2 100 26 451 2337 113 2000
15153 4 2 100 26 1252 1255 1259 3397
15154 4 2 100 26 2553 2846 3115 3366
15155 4 2 100 26 789 894 900 3240
15156 4 2 100 26 1622 1876 1620 3154
15157 4 2 100 26 1489 685 87 3389
15158 4 2 100 26 63 749 525 3104
15159 4 2 100 26 1053 1054 1052 2935
15160 4 2 100 26 800 876 877 3196
15161 4 2 100 26 703 175 2042 3098
15162 4 2 100 26 1753 72 1483 3041
15163 4 2 100 26 72 517 677 3041
15164 4 2 100 26 1963 147 2185 3240
15165 4 2 100 26 2351 2206 2420 2827
15166 4 2 100 26 789 147 473 3240
15167 4 2 100 26 703 521 175 3098
15168 4 2 100 26 2182 2042 175 3098
15169 4 2 100 26 2095 3091 2316 3366
15170 4 2 100 26 293 1183 1748 3114
15171 4 2 100 26 748 58 527 3100
15172 4 2 100 26 1254 1257 1335 2794
15173 4 2 100 26 775 193 2288 3158
15174 4 2 100 26 2421 2343 1961 3116
15175 4 2 100 26 2237 3131 2235 3388
15176 4 2 100 26 937 232 1758 3156
15177 4 2 100 26 2196 1007 3246 3347
15178 4 2 100 26 777 497 722 3075
15179 4 2 100 26 818 849 443 3351
15180 4 2 100 26 2346 2120 2253 3313
15181 4 2 100 26 159 479 785 3097
15182 4 2 100 26 1725 1723 1724 3166
15183 4 2 100 26 975 1304 362 3102
15184 4 2 100 26 135 2157 467 3222
15185 4 2 100 26 1541 1542 1543 2773
15186 4 2 100 26 206 487 2267 2447
15187 4 2 100 26 1506 1750 250 3043
15188 4 2 100 26 745 509 700 3287
15189 4 2 100 26 1506 250 1308 3043
15190 4 2 100 26 1450 1661 1798 3387
15191 4 2 100 26 1348 1349 943 2978
15192 4 2 100 26 2441 2322 3253 3405
15193 4 2 100 26 1990 3224 477 3274
15194 4 2 100 26 977 2181 365 3204
15195 4 2 100 26 1242 1070 1027 3045
15196 4 2 100 26 220 942 1326 1889
15197 4 2 100 26 1961 2343 2437 3116
15198 4 2 100 26 971 353 1287 3046
15199 4 2 100 26 1905 2979 1907 3315
15200 4 2 100 26 446 925 828 3092
15201 4 2 100 26 2028 351 2305 3093
15202 4 2 100 26 1799 1505 46 3230
15203 4 2 100 26 2344 161 800 3196
15204 4 2 100 26 2015 1287 353 3046
15205 4 2 100 26 976 364 2249 3223
15206 4 2 100 26 1975 127 2109 3174
15207 4 2 100 26 1534 1533 1535 3067
15208 4 2 100 26 806 156 2303 3224
15209 4 2 100 26 2092 2316 2315 3328
15210 4 2 100 26 1044 1043 993 3385
15211 4 2 100 26 2169 2171 2275 3316
15212 4 2 100 26 2275 2023 372 3316
15213 4 2 100 26 2093 2091 2090 3206
15214 4 2 100 26 701 745 700 3178
15215 4 2 100 26 1320 1045 1046 3082
15216 4 2 100 26 60 682 1513 3220
15217 4 2 100 26 264 1025 1772 3215
15218 4 2 100 26 1929 1552 1550 3344
15219 4 2 100 26 816 844 843 3216
15220 4 2 100 26 1852 1503 1849 3216
15221 4 2 100 26 1247 1773 3250 3295
15222 4 2 100 26 120 2432 788 456
15223 4 2 100 26 1707 1843 1709 3119
15224 4 2 100 26 982 376 2158 3271
15225 4 2 100 26 865 788 872 2995
15226 4 2 100 26 2449 117 798 3309
15227 4 2 100 26 280 1014 1641 3269
15228 4 2 100 26 266 1180 1024 3111
15229 4 2 100 26 1246 3215 1749 3290
15230 4 2 100 26 1682 1502 63 3104
15231 4 2 100 26 2362 2249 2154 3223
15232 4 2 100 26 1678 1677 1676 3188
15233 4 2 100 26 1378 1375 977 3204
15234 4 2 100 26 389 1265 2274 3246
15235 4 2 100 26 2032 2320 378 3237
15236 4 2 100 26 2192 353 971 3046
15237 4 2 100 26 381 1201 1998 3282
15238 4 2 100 26 748 1471 58 3100
15239 4 2 100 26 47 1505 1583 3267
15240 4 2 100 26 1817 3225 2723 3375
15241 4 2 100 26 1744 947 242 3163
15242 4 2 100 26 1292 325 2448 3396
15243 4 2 100 26 2254 2392 2382 2941
15244 4 2 100 26 278 1761 1605 3238
15245 4 2 100 26 278 1175 1015 3238
15246 4 2 100 26 699 725 852 3057
15247 4 2 100 26 515 770 692 2827
15248 4 2 100 26 61 1490 684 3219
15249 4 2 100 26 120 2432 456 2456
15250 4 2 100 26 49 1569 562 3276
15251 4 2 100 26 1263 997 302 3358
15252 4 2 100 26 1997 2447 2053 3268
15253 4 2 100 26 159 785 2194 3097
15254 4 2 100 26 460 46 815 3230
15255 4 2 100 26 1905 1542 1804 3364
15256 4 2 100 26 1353 1199 1354 3378
15257 4 2 100 26 2068 2066 2069 3201
15258 4 2 100 26 25 816 1503 3216
15259 4 2 100 26 842 762 835 3365
15260 4 2 100 26 63 1502 749 3104
15261 4 2 100 26 311 1465 1652 1417
15262 4 2 100 26 2303 2133 2360 3224
15263 4 2 100 26 1435 820 38 3055
15264 4 2 100 26 975 362 2266 3102
15265 4 2 100 26 1570 1478 1571 2905
15266 4 2 100 26 533 550 549 3352
15267 4 2 100 26 2080 3176 2081 3317
15268 4 2 100 26 831 864 460 3230
15269 4 2 100 26 955 1308 250 3043
15270 4 2 100 26 159 2194 1964 3097
15271 4 2 100 26 450 1756 38 3055
15272 4 2 100 26 539 2980 538 3337
15273 4 2 100 26 1251 3152 1253 3397
15274 4 2 100 26 2267 771 205 1961
15275 4 2 100 26 44 457 1769 3292
15276 4 2 100 26 1565 1200 296 3185
15277 4 2 100 26 2201 2358 2203 3008
15278 4 2 100 26 266 1453 1180 3111
15279 4 2 100 26 1514 1524 1523 3377
15280 4 2 100 26 1461 1558 1559 3368
15281 4 2 100 26 450 38 820 3055
15282 4 2 100 26 976 1380 1379 3223
15283 4 2 100 26 2525 2676 3143 3359
15284 4 2 100 26 1546 1550 1551 2832
15285 4 2 100 26 1905 1663 1589 2979
15286 4 2 100 26 2455 2080 2434 2765
15287 4 2 100 26 882 883 806 3224
15288 4 2 100 26 1459 1245 290 3236
15289 4 2 100 26 951 1296 322 2446
15290 4 2 100 26 3018 3057 2524 3395
15291 4 2 100 26 1419 1050 1048 3006
15292 4 2 100 26 2033 322 1296 2446
15293 4 2 100 26 379 2191 2032 3265
15294 4 2 100 26 1804 1539 1537 3364
15295 4 2 100 26 1350 1351 946 3146
15296 4 2 100 26 201 1960 783 3211
15297 4 2 100 26 2447 487 2267 3134
15298 4 2 100 26 2157 2377 2367 3222
15299 4 2 100 26 467 908 914 3222
15300 4 2 100 26 480 3196 2423 3279
15301 4 2 100 26 1297 1424 1041 2828
15302 4 2 100 26 2452 826 2046 3352
15303 4 2 100 26 542 541 539 3187
15304 4 2 100 26 2220 2221 2218 2901
15305 4 2 100 26 1732 224 1448 3251
15306 4 2 100 26 945 1264 224 3251
15307 4 2 100 26 2141 3248 2318 3367
15308 4 2 100 26 798 117 455 3309
15309 4 2 100 26 1471 1692 58 3100
15310 4 2 100 26 2473 2466 2470 3042
15311 4 2 100 26 2036 2266 362 3102
15312 4 2 100 26 1975 462 127 3174
15313 4 2 100 26 1531 1492 1532 2805
15314 4 2 100 26 1305 1406 1407 3193
15315 4 2 100 26 464 815 47 3267
15316 4 2 100 26 545 495 544 2805
15317 4 2 100 26 2045 949 319 2442
15318 4 2 100 26 1417 312 1465 1033
15319 4 2 100 26 2046 485 209 2443
15320 4 2 100 26 173 1993 715 3063
15321 4 2 100 26 1912 1934 1464 2904
15322 4 2 100 26 173 2293 1993 3063
15323 4 2 100 26 1263 1154 997 3358
15324 4 2 100 26 2444 2048 2050 3383
15325 4 2 100 26 2979 3183 2560 3390
15326 4 2 100 26 1542 1926 1543 2773
15327 4 2 100 26 269 1454 1023 3250
15328 4 2 100 26 552 555 921 3033
15329 4 2 100 26 2078 2456 1972 3379
15330 4 2 100 26 1424 1040 1041 3232
15331 4 2 100 26 2173 2792 3294 3297
15332 4 2 100 26 1057 1423 1326 3001
15333 4 2 100 26 208 485 769 2443
15334 4 2 100 26 1757 439 3216 3331
15335 4 2 100 26 1582 940 226 3088
15336 4 2 100 26 1482 1918 100 763
15337 4 2 100 26 1936 1514 427 1523
15338 4 2 100 26 1351 1197 1195 3056
15339 4 2 100 26 2449 2435 117 3309
15340 4 2 100 26 2015 353 2192 3046
15341 4 2 100 26 571 3300 2791 3302
15342 4 2 100 26 2460 2484 2477 2820
15343 4 2 100 26 145 791 2286 3273
15344 4 2 100 26 980 1367 1291 3316
15345 4 2 100 26 2117 2345 2116 3260
15346 4 2 100 26 1054 1056 1055 2971
15347 4 2 100 26 1274 1445 226 3088
15348 4 2 100 26 599 3303 2790 3307
15349 4 2 100 26 2553 3115 3091 3366
15350 4 2 100 26 1788 1655 1654 2895
15351 4 2 100 26 1948 1945 1942 3061
15352 4 2 100 26 1558 1557 1559 2840
15353 4 2 100 26 453 2449 116 798
15354 4 2 100 26 1719 1718 1717 3141
15355 4 2 100 26 1927 1902 305 1261
15356 4 2 100 26 449 855 854 3048
15357 4 2 100 26 1756 1435 38 3055
15358 4 2 100 26 522 1752 3060 3252
15359 4 2 100 26 524 2293 173 3063
15360 4 2 100 26 997 303 1910 1172
15361 4 2 100 26 1732 3038 945 3251
15362 4 2 100 26 1545 1543 1926 3315
15363 4 2 100 26 442 1478 2905 3381
15364 4 2 100 26 1158 1160 996 3120
15365 4 2 100 26 2463 2336 434 2043
15366 4 2 100 26 996 305 1902 1261
15367 4 2 100 26 878 655 657 2936
15368 4 2 100 26 201 783 488 3211
15369 4 2 100 26 1390 1388 972 3260
15370 4 2 100 26 1300 2318 3248 3367
15371 4 2 100 26 1950 426 1936 1807
15372 4 2 100 26 1516 106 919 535
15373 4 2 100 26 1660 1658 1822 3014
15374 4 2 100 26 726 724 725 3395
15375 4 2 100 26 1169 1331 1413 3237
15376 4 2 100 26 1274 226 940 3088
15377 4 2 100 26 1022 378 1413 3237
15378 4 2 100 26 266 1024 1825 3111
15379 4 2 100 26 487 771 206 2267
15380 4 2 100 26 2088 2083 2436 3257
15381 4 2 100 26 1651 88 1489 3000
15382 4 2 100 26 1424 2828 1297 3349
15383 4 2 100 26 989 1226 1225 2829
15384 4 2 100 26 103 1492 1917 924
15385 4 2 100 26 781 1450 17 3387
15386 4 2 100 26 2471 2482 2465 3213
15387 4 2 100 26 789 2185 147 3240
15388 4 2 100 26 471 895 899 3039
15389 4 2 100 26 1917 1492 1531 2805
15390 4 2 100 26 2683 2997 2772 3161
15391 4 2 100 26 985 2439 412 3133
15392 4 2 100 26 1237 1232 1239 3374
15393 4 2 100 26 1582 226 1445 3088
15394 4 2 100 26 1963 473 3240 3288
15395 4 2 100 26 1538 3067 1535 3145
15396 4 2 100 26 2473 1431 1047 3042
15397 4 2 100 26 1971 2449 116 453
15398 4 2 100 26 1733 1279 3038 3320
15399 4 2 100 26 1051 1049 1050 3006
15400 4 2 100 26 2088 2450 2089 2795
15401 4 2 100 26 2435 455 117 3309
15402 4 2 100 26 2284 2407 2398 3044
15403 4 2 100 26 911 912 466 3044
15404 4 2 100 26 1830 1893 1454 3250
15405 4 2 100 26 1915 493 1487 3108
15406 4 2 100 26 2857 2961 2641 3370
15407 4 2 100 26 2010 957 330 3168
15408 4 2 100 26 2652 2961 2857 3370
15409 4 2 100 26 1315 242 947 3163
15410 4 2 100 26 1985 2406 2372 3039
15411 4 2 100 26 1368 1367 980 2985
15412 4 2 100 26 23 1759 438 3112
15413 4 2 100 26 1461 1911 297 1171
15414 4 2 100 26 1693 1744 242 3163
15415 4 2 100 26 809 1443 23 3112
15416 4 2 100 26 278 1015 1761 3238
15417 4 2 100 26 2391 2021 2264 2829
15418 4 2 100 26 287 1174 1786 3242
15419 4 2 100 26 2526 3178 2941 3296
15420 4 2 100 26 2467 2483 2466 3361
15421 4 2 100 26 1580 1579 1515 3213
15422 4 2 100 26 2373 1984 2184 2839
15423 4 2 100 26 470 901 786 2839
15424 4 2 100 26 249 955 1750 3195
15425 4 2 100 26 2095 2326 2316 3091
15426 4 2 100 26 484 1962 3036 3173
15427 4 2 100 26 1321 1059 1058 3262
15428 4 2 100 26 823 561 929 2755
15429 4 2 100 26 1660 1657 1658 3179
15430 4 2 100 26 23 438 809 3112
15431 4 2 100 26 2473 2478 1431 3042
15432 4 2 100 26 1328 1414 1169 3271
15433 4 2 100 26 3144 3145 2650 3364
15434 4 2 100 26 509 768 700 3287
15435 4 2 100 26 1799 46 460 3230
15436 4 2 100 26 1605 1175 3238 3284
15437 4 2 100 26 1022 1213 379 3265
15438 4 2 100 26 464 47 1583 3267
15439 4 2 100 26 1696 1701 1702 3330
15440 4 2 100 26 3144 3191 2678 3398
15441 4 2 100 26 2280 2278 2258 3017
15442 4 2 100 26 524 173 715 3063
15443 4 2 100 26 655 656 657 2936
15444 4 2 100 26 1403 961 1299 3206
15445 4 2 100 26 1035 1030 1036 3155
15446 4 2 100 26 1720 3225 1817 3375
15447 4 2 100 26 2993 3169 2563 3401
15448 4 2 100 26 954 2013 325 3396
15449 4 2 100 26 1967 2419 2347 3165
15450 4 2 100 26 2487 3296 2750 3403
15451 4 2 100 26 1553 1481 1555 3314
15452 4 2 100 26 726 699 695 3395
15453 4 2 100 26 957 1282 330 3168
15454 4 2 100 26 721 849 719 3143
15455 4 2 100 26 1805 1515 423 3213
15456 4 2 100 26 87 507 1897 3389
15457 4 2 100 26 1315 1693 242 3163
15458 4 2 100 26 771 2267 487 3134
15459 4 2 100 26 776 837 442 2905
15460 4 2 100 26 1935 1181 999 3304
15461 4 2 100 26 1618 1877 1616 3261
15462 4 2 100 26 2057 2056 2055 2920
15463 4 2 100 26 1447 219 1889 3186
15464 4 2 100 26 2308 2382 2200 3210
15465 4 2 100 26 2320 1413 378 3237
15466 4 2 100 26 2333 2013 3121 3396
15467 4 2 100 26 799 2806 543 3393
15468 4 2 100 26 1547 1544 1546 3358
15469 4 2 100 26 1264 1448 224 3251
15470 4 2 100 26 2007 2158 376 3271
15471 4 2 100 26 87 1897 1489 3389
15472 4 2 100 26 266 1825 1453 3111
15473 4 2 100 26 49 562 665 3276
15474 4 2 100 26 280 1641 1456 3269
15475 4 2 100 26 280 1244 1014 3269
15476 4 2 100 26 1201 381 1019 3282
15477 4 2 100 26 381 1998 2174 3282
15478 4 2 100 26 927 772 487 3134
15479 4 2 100 26 2002 412 2439 3133
15480 4 2 100 26 985 412 1269 3133
15481 4 2 100 26 982 1328 376 3271
15482 4 2 100 26 1724 1722 1851 3166
15483 4 2 100 26 1579 1808 1578 2888
15484 4 2 100 26 443 848 812 3375
15485 4 2 100 26 2428 2151 2344 3196
15486 4 2 100 26 947 1744 3023 3163
15487 4 2 100 26 1200 1140 1142 3185
15488 4 2 100 26 1769 1436 44 3292
15489 4 2 100 26 1499 3045 1027 3228
15490 4 2 100 26 49 1446 1569 3276
15491 4 2 100 26 1930 1200 1565 3185
15492 4 2 100 26 472 791 145 3273
15493 4 2 100 26 1555 1557 1556 2940
15494 4 2 100 26 1057 1056 1058 3262
15495 4 2 100 26 379 1213 2191 3265
15496 4 2 100 26 2256 1960 201 3211
15497 4 2 100 26 1959 1943 1942 2837
15498 4 2 100 26 485 209 826 2046
15499 4 2 100 26 1806 1465 312 1033
15500 4 2 100 26 319 1323 949 2045
15501 4 2 100 26 2256 201 488 3211
15502 4 2 100 26 1393 1113 1111 3182
15503 4 2 100 26 1526 1528 1529 3226
15504 4 2 100 26 785 158 2194 3275
15505 4 2 100 26 1188 1190 1191 2857
15506 4 2 100 26 2462 423 1515 3213
15507 4 2 100 26 1759 23 1443 3112
15508 4 2 100 26 1504 2485 1845 3335
15509 4 2 100 26 2043 2951 2049 3383
15510 4 2 100 26 2437 2458 2057 3151
15511 4 2 100 26 971 354 2192 3203
15512 4 2 100 26 677 71 1483 3218
15513 4 2 100 26 2004 978 368 3291
15514 4 2 100 26 499 765 1929 3344
15515 4 2 100 26 2451 2478 2047 3042
15516 4 2 100 26 1286 1363 1370 3121
15517 4 2 100 26 1275 1220 995 2993
15518 4 2 100 26 810 457 44 3292
15519 4 2 100 26 1157 1372 1370 3009
15520 4 2 100 26 1568 1913 1556 3304
15521 4 2 100 26 999 1181 1150 3304
15522 4 2 100 26 2079 2995 2078 3317
15523 4 2 100 26 975 2266 361 3285
15524 4 2 100 26 2262 1013 2961 3339
15525 4 2 100 26 813 1444 27 3138
15526 4 2 100 26 2052 2059 2864 3399
15527 4 2 100 26 1269 412 2002 3133
15528 4 2 100 26 2039 2092 2315 3328
15529 4 2 100 26 701 856 691 3178
15530 4 2 100 26 1282 2096 330 3168
15531 4 2 100 26 2048 2334 2047 3042
15532 4 2 100 26 1559 1557 1803 2840
15533 4 2 100 26 1052 1050 1053 2935
15534 4 2 100 26 1901 1787 1467 3062
15535 4 2 100 26 1704 1883 1707 3015
15536 4 2 100 26 1907 1905 1589 2979
15537 4 2 100 26 2208 2271 2270 3205
15538 4 2 100 26 1618 1616 1617 3261
15539 4 2 100 26 2052 2864 3268 3399
15540 4 2 100 26 1251 1253 1252 3397
15541 4 2 100 26 2470 2047 2478 3042
15542 4 2 100 26 2141 2318 2324 3367
15543 4 2 100 26 1394 1401 960 3328
15544 4 2 100 26 853 697 699 3018
15545 4 2 100 26 2010 3052 957 3168
15546 4 2 100 26 1324 1048 1047 3042
15547 4 2 100 26 963 2031 3011 3333
15548 4 2 100 26 2410 2261 2323 2871
15549 4 2 100 26 821 465 910 2871
15550 4 2 100 26 1172 1158 996 3147
15551 4 2 100 26 783 1960 3049 3211
15552 4 2 100 26 2212 2214 2215 3136
15553 4 2 100 26 2477 2476 2467 3361
15554 4 2 100 26 1702 1814 1705 3330
15555 4 2 100 26 1403 1405 961 3206
15556 4 2 100 26 2448 325 2013 3396
15557 4 2 100 26 2055 2056 2054 2920
15558 4 2 100 26 544 541 543 3187
15559 4 2 100 26 2248 2385 2389 3109
15560 4 2 100 26 1471 748 57 3299
15561 4 2 100 26 2223 3075 777 3286
15562 4 2 100 26 2568 3365 2763 3387
15563 4 2 100 26 1999 2382 2424 3287
15564 4 2 100 26 1805 423 2471 3213
15565 4 2 100 26 2566 3057 852 3334
15566 4 2 100 26 1353 1196 1199 3153
15567 4 2 100 26 1502 64 749 3308
15568 4 2 100 26 1548 1535 1538 3067
15569 4 2 100 26 1244 280 1456 3269
15570 4 2 100 26 2174 1019 381 3282
15571 4 2 100 26 2078 2076 2077 3007
15572 4 2 100 26 693 860 712 3074
15573 4 2 100 26 2582 3191 3144 3398
15574 4 2 100 26 3121 3376 2564 3396
15575 4 2 100 26 145 2286 1986 3273
15576 4 2 100 26 1973 2079 2081 3176
15577 4 2 100 26 1530 1528 1531 3226
15578 4 2 100 26 249 1750 1442 3195
15579 4 2 100 26 249 1312 955 3195
15580 4 2 100 26 2044 2062 2061 3180
15581 4 2 100 26 2093 2290 2289 3127
15582 4 2 100 26 1645 1644 1647 3013
15583 4 2 100 26 2010 330 2096 3168
15584 4 2 100 26 1342 1232 1237 3374
15585 4 2 100 26 1334 1257 1230 3132
15586 4 2 100 26 1183 1138 1003 3062
15587 4 2 100 26 1568 1181 1935 3304
15588 4 2 100 26 2061 2062 2337 3061
15589 4 2 100 26 536 825 537 3061
15590 4 2 100 26 903 801 905 3002
15591 4 2 100 26 1464 1919 309 1422
15592 4 2 100 26 1705 1814 1882 3048
15593 4 2 100 26 1507 2990 1307 3332
15594 4 2 100 26 1564 1563 1908 3170
15595 4 2 100 26 49 665 1446 3276
15596 4 2 100 26 1700 1739 1811 2922
15597 4 2 100 26 737 740 739 2869
15598 4 2 100 26 249 1442 1312 3195
15599 4 2 100 26 2193 2333 2013 3121
15600 4 2 100 26 27 1816 440 3138
15601 4 2 100 26 1907 1550 1545 3315
15602 4 2 100 26 2043 2049 2048 3383
15603 4 2 100 26 1295 354 971 3203
15604 4 2 100 26 2418 169 787 3173
15605 4 2 100 26 1746 11 1451 3161
15606 4 2 100 26 2002 2058 2056 3133
15607 4 2 100 26 1440 252 1313 3190
15608 4 2 100 26 1218 1217 1215 2902
15609 4 2 100 26 1899 1635 1833 3184
15610 4 2 100 26 719 3143 2676 3359
15611 4 2 100 26 2007 376 1328 3271
15612 4 2 100 26 2158 982 3271 3298
15613 4 2 100 26 1750 955 3043 3195
15614 4 2 100 26 287 1009 1174 3242
15615 4 2 100 26 287 1786 1458 3242
15616 4 2 100 26 267 1825 1024 3293
15617 4 2 100 26 1978 497 3075 3319
15618 4 2 100 26 2073 2072 2071 3162
15619 4 2 100 26 1473 1623 1743 3053
15620 4 2 100 26 1118 1011 1178 3053
15621 4 2 100 26 1027 261 1499 3228
15622 4 2 100 26 1418 1035 1037 2890
15623 4 2 100 26 2053 2267 2055 3134
15624 4 2 100 26 19 1478 442 3381
15625 4 2 100 26 2472 2468 2475 2888
15626 4 2 100 26 3091 3115 2674 3366
15627 4 2 100 26 27 440 813 3138
15628 4 2 100 26 1313 3040 1440 3190
15629 4 2 100 26 1297 1041 1043 2828
15630 4 2 100 26 848 847 812 3375
15631 4 2 100 26 935 2990 1599 3369
15632 4 2 100 26 2247 2966 491 3345
15633 4 2 100 26 662 3191 663 3398
15634 4 2 100 26 617 619 897 3325
15635 4 2 100 26 2101 2100 2379 3327
15636 4 2 100 26 1569 562 3276 3289
15637 4 2 100 26 1726 1708 1781 3146
15638 4 2 100 26 1436 810 44 3292
15639 4 2 100 26 2440 2067 2068 3201
15640 4 2 100 26 2129 2128 2130 3054
15641 4 2 100 26 499 656 765 3344
15642 4 2 100 26 1948 2061 2454 3061
15643 4 2 100 26 145 1986 472 3273
15644 4 2 100 26 1174 3080 1786 3242
15645 4 2 100 26 785 478 158 3275
15646 4 2 100 26 924 103 1492 495
15647 4 2 100 26 267 1024 1182 3293
15648 4 2 100 26 503 726 694 3165
15649 4 2 100 26 736 2966 1979 3353
15650 4 2 100 26 1884 1817 1475 3375
15651 4 2 100 26 1910 302 997 3358
15652 4 2 100 26 540 541 493 3108
15653 4 2 100 26 1527 1487 1528 3108
15654 4 2 100 26 1698 1840 1697 2834
15655 4 2 100 26 1058 1056 1270 2971
15656 4 2 100 26 918 1451 11 3161
15657 4 2 100 26 1512 92 673 3382
15658 4 2 100 26 1779 1716 1438 3095
15659 4 2 100 26 1139 1137 1408 2942
15660 4 2 100 26 1488 2968 680 3340
15661 4 2 100 26 1691 513 2968 3341
15662 4 2 100 26 1284 2969 2292 3342
15663 4 2 100 26 2310 2969 968 3343
15664 4 2 100 26 1483 3041 677 3218
15665 4 2 100 26 1512 1921 92 3382
15666 4 2 100 26 2014 2961 1268 3373
15667 4 2 100 26 1795 1450 1798 3387
15668 4 2 100 26 1816 27 1444 3138
15669 4 2 100 26 649 896 647 3020
15670 4 2 100 26 2241 2240 2242 3059
15671 4 2 100 26 2434 2333 2193 3121
15672 4 2 100 26 1399 1119 1117 2913
15673 4 2 100 26 1624 1880 1622 2912
15674 4 2 100 26 287 1458 1009 3242
15675 4 2 100 26 1354 1189 1355 3378
15676 4 2 100 26 1948 2454 1954 3061
15677 4 2 100 26 1779 3095 941 3266
15678 4 2 100 26 1324 1431 2451 3042
15679 4 2 100 26 169 484 787 3173
15680 4 2 100 26 1014 1641 3269 3323
15681 4 2 100 26 1919 993 2904 3385
15682 4 2 100 26 1779 941 236 3266
15683 4 2 100 26 2319 2104 2137 3072
15684 4 2 100 26 623 621 622 3073
15685 4 2 100 26 639 637 638 3090
15686 4 2 100 26 2012 354 1295 3203
15687 4 2 100 26 719 2676 720 3359
15688 4 2 100 26 689 858 690 3135
15689 4 2 100 26 987 1321 1421 3229
15690 4 2 100 26 1278 975 361 3285
15691 4 2 100 26 512 180 1966 3280
15692 4 2 100 26 1447 1415 219 3186
15693 4 2 100 26 2797 3235 2617 3374
15694 4 2 100 26 519 1778 71 3218
15695 4 2 100 26 995 397 2260 3169
15696 4 2 100 26 2391 2426 2021 3388
15697 4 2 100 26 676 510 628 3184
15698 4 2 100 26 647 645 646 3197
15699 4 2 100 26 1483 71 1778 3218
15700 4 2 100 26 677 519 71 3218
15701 4 2 100 26 1112 1111 1113 3182
15702 4 2 100 26 1233 2024 397 3169
15703 4 2 100 26 1479 3001 944 3320
15704 4 2 100 26 1479 944 222 3320
15705 4 2 100 26 1422 1919 309 993
15706 4 2 100 26 490 3049 2341 3194
15707 4 2 100 26 2665 3115 2846 3366
15708 4 2 100 26 169 1962 484 3173
15709 4 2 100 26 532 538 827 3337
15710 4 2 100 26 2004 3086 978 3291
15711 4 2 100 26 971 2192 3046 3203
15712 4 2 100 26 2471 423 2462 3213
15713 4 2 100 26 1457 1619 1768 3030
15714 4 2 100 26 1427 1260 1333 3209
15715 4 2 100 26 925 446 835 3092
15716 4 2 100 26 1013 1190 1268 2961
15717 4 2 100 26 840 757 842 3365
15718 4 2 100 26 1767 811 2998 3346
15719 4 2 100 26 1179 3030 1768 3323
15720 4 2 100 26 1701 1697 1842 3083
15721 4 2 100 26 662 664 663 3191
15722 4 2 100 26 2308 2200 2197 3210
15723 4 2 100 26 2192 354 2012 3203
15724 4 2 100 26 361 2005 1278 3285
15725 4 2 100 26 643 641 642 3227
15726 4 2 100 26 2052 2059 2050 2864
15727 4 2 100 26 1919 1934 1549 3385
15728 4 2 100 26 991 1038 1417 3101
15729 4 2 100 26 2204 2262 2014 2961
15730 4 2 100 26 1280 368 978 3291
15731 4 2 100 26 2139 2004 368 3291
15732 4 2 100 26 328 1288 2311 3259
15733 4 2 100 26 2194 3097 785 3275
15734 4 2 100 26 2266 2005 361 3285
15735 4 2 100 26 1291 3244 2275 3316
15736 4 2 100 26 1426 1046 1044 3082
15737 4 2 100 26 1554 1555 1556 2940
15738 4 2 100 26 528 57 748 3299
15739 4 2 100 26 252 958 1313 3190
15740 4 2 100 26 942 1889 219 3186
15741 4 2 100 26 523 749 64 3308
15742 4 2 100 26 158 1991 2194 3275
15743 4 2 100 26 457 1769 3292 3354
15744 4 2 100 26 1146 1147 1148 3243
15745 4 2 100 26 158 478 1991 3275
15746 4 2 100 26 2451 2334 1324 3042
15747 4 2 100 26 1161 1363 1332 3376
15748 4 2 100 26 11 1746 441 3161
15749 4 2 100 26 1269 2002 411 3229
15750 4 2 100 26 328 956 1288 3259
15751 4 2 100 26 1575 1574 1572 3355
15752 4 2 100 26 1060 1480 3034 3306
15753 4 2 100 26 1954 931 536 3061
15754 4 2 100 26 1665 261 1177 3228
15755 4 2 100 26 1467 1787 1748 3062
15756 4 2 100 26 1214 1215 998 2964
15757 4 2 100 26 1280 2139 368 3291
15758 4 2 100 26 975 3102 2266 3285
15759 4 2 100 26 1924 1432 215 1649
15760 4 2 100 26 1886 1600 1602 2915
15761 4 2 100 26 2311 1288 3052 3259
15762 4 2 100 26 1662 1659 1856 3311
15763 4 2 100 26 1999 2424 2350 3287
15764 4 2 100 26 2418 1962 169 3173
15765 4 2 100 26 2037 2112 2301 3193
15766 4 2 100 26 528 1765 57 3299
15767 4 2 100 26 252 1771 958 3190
15768 4 2 100 26 1998 3282 1201 3371
15769 4 2 100 26 303 1452 1910 1172
15770 4 2 100 26 491 736 737 2966
15771 4 2 100 26 638 507 685 3389
15772 4 2 100 26 256 1480 1060 3306
15773 4 2 100 26 1514 1807 1525 3377
15774 4 2 100 26 835 781 842 3387
15775 4 2 100 26 252 1440 1771 3190
15776 4 2 100 26 1945 1954 536 3061
15777 4 2 100 26 729 731 730 3125
15778 4 2 100 26 2247 2239 1979 2966
15779 4 2 100 26 1471 3100 748 3299
15780 4 2 100 26 1310 3095 1438 3326
15781 4 2 100 26 2260 2369 2294 2993
15782 4 2 100 26 1028 1249 1066 3234
15783 4 2 100 26 2079 1973 2432 2995
15784 4 2 100 26 819 3335 3334 3336
15785 4 2 100 26 799 545 543 2806
15786 4 2 100 26 1765 1471 57 3299
15787 4 2 100 26 2080 2081 2079 3317
15788 4 2 100 26 512 770 180 3280
15789 4 2 100 26 852 3057 851 3334
15790 4 2 100 26 1160 1261 3120 3329
15791 4 2 100 26 901 470 897 3325
15792 4 2 100 26 1524 1514 1525 3377
15793 4 2 100 26 2363 2326 2095 3091
15794 4 2 100 26 1984 2373 2379 3327
15795 4 2 100 26 680 513 620 2968
15796 4 2 100 26 2310 2103 2292 2969
15797 4 2 100 26 819 3334 445 3336
15798 4 2 100 26 1466 1790 1679 3234
15799 4 2 100 26 2081 3176 2079 3317
15800 4 2 100 26 1241 1006 1132 3221
15801 4 2 100 26 749 3104 1502 3308
15802 4 2 100 26 2290 2307 2130 2986
15803 4 2 100 26 1027 1177 261 3228
15804 4 2 100 26 1665 1499 261 3228
15805 4 2 100 26 189 2223 777 3286
15806 4 2 100 26 1638 1648 1642 3221
15807 4 2 100 26 1755 2998 452 3372
15808 4 2 100 26 522 764 598 3060
15809 4 2 100 26 1184 2006 3010 3347
15810 4 2 100 26 1233 397 995 3169
15811 4 2 100 26 2260 397 2024 3169
15812 4 2 100 26 1829 267 1182 3293
15813 4 2 100 26 1989 476 153 3212
15814 4 2 100 26 2019 167 793 3198
15815 4 2 100 26 272 1591 1173 3199
15816 4 2 100 26 1495 272 1020 3199
15817 4 2 100 26 275 1176 1780 3200
15818 4 2 100 26 275 1498 1018 3200
15819 4 2 100 26 730 731 845 3125
15820 4 2 100 26 956 328 2041 3259
15821 4 2 100 26 2085 2457 123 459
15822 4 2 100 26 874 657 659 3183
15823 4 2 100 26 534 824 934 2888
15824 4 2 100 26 1316 1727 236 3266
15825 4 2 100 26 2031 2307 2330 3011
15826 4 2 100 26 1307 935 1336 2990
15827 4 2 100 26 1502 1774 64 3308
15828 4 2 100 26 1581 1810 1933 2997
15829 4 2 100 26 2080 2077 2333 3317
15830 4 2 100 26 1694 1697 1701 3083
15831 4 2 100 26 523 64 1774 3308
15832 4 2 100 26 382 1016 2272 3371
15833 4 2 100 26 1540 1902 1927 3120
15834 4 2 100 26 485 826 550 3352
15835 4 2 100 26 1562 1564 1901 3170
15836 4 2 100 26 164 1992 802 3207
15837 4 2 100 26 95 1552 1929 765
15838 4 2 100 26 81 511 1766 3362
15839 4 2 100 26 2110 344 1276 3363
15840 4 2 100 26 11 441 918 3161
15841 4 2 100 26 125 2321 461 3231
15842 4 2 100 26 2103 2101 2104 2981
15843 4 2 100 26 620 621 619 2982
15844 4 2 100 26 2196 2274 2199 3246
15845 4 2 100 26 1007 1198 1265 3246
15846 4 2 100 26 1195 1197 1193 3056
15847 4 2 100 26 1479 222 1733 3320
15848 4 2 100 26 1465 1916 1652 3101
15849 4 2 100 26 849 850 2676 3351
15850 4 2 100 26 2304 2118 2034 3078
15851 4 2 100 26 2034 2117 2116 3260
15852 4 2 100 26 1199 1196 1198 3153
15853 4 2 100 26 1299 960 1401 3328
15854 4 2 100 26 153 804 2309 3212
15855 4 2 100 26 1925 421 1578 2472
15856 4 2 100 26 1658 1657 1655 3179
15857 4 2 100 26 639 640 641 2974
15858 4 2 100 26 2415 2289 2290 3127
15859 4 2 100 26 1010 3010 2268 3373
15860 4 2 100 26 2483 2476 2463 2951
15861 4 2 100 26 747 508 632 3103
15862 4 2 100 26 1261 1162 994 3329
15863 4 2 100 26 1910 1547 302 3358
15864 4 2 100 26 648 649 647 3020
15865 4 2 100 26 2420 180 770 3280
15866 4 2 100 26 1339 1228 1229 3139
15867 4 2 100 26 661 660 662 3398
15868 4 2 100 26 1145 1143 1401 3159
15869 4 2 100 26 783 490 761 3049
15870 4 2 100 26 693 690 859 2959
15871 4 2 100 26 125 784 1974 3231
15872 4 2 100 26 43 814 1734 3354
15873 4 2 100 26 1316 236 941 3266
15874 4 2 100 26 1779 236 1727 3266
15875 4 2 100 26 1024 1825 3111 3293
15876 4 2 100 26 2181 2152 2011 3204
15877 4 2 100 26 2332 2084 2089 3253
15878 4 2 100 26 809 838 437 3058
15879 4 2 100 26 1245 1130 1006 3236
15880 4 2 100 26 1567 1497 1563 2967
15881 4 2 100 26 2003 2314 2313 3028
15882 4 2 100 26 2302 1967 2347 3165
15883 4 2 100 26 1516 1923 107 932
15884 4 2 100 26 1775 1625 1473 3085
15885 4 2 100 26 1120 1248 1011 3085
15886 4 2 100 26 1147 1146 1145 3243
15887 4 2 100 26 1156 1158 1172 3147
15888 4 2 100 26 526 684 586 3219
15889 4 2 100 26 682 526 584 3220
15890 4 2 100 26 1884 1720 1817 3375
15891 4 2 100 26 2013 2333 2075 3396
15892 4 2 100 26 1246 1078 1025 3215
15893 4 2 100 26 999 301 1928 1263
15894 4 2 100 26 164 481 2216 3207
15895 4 2 100 26 1636 1459 1648 3236
15896 4 2 100 26 813 26 1444 3331
15897 4 2 100 26 1490 1763 1684 3219
15898 4 2 100 26 716 717 724 3003
15899 4 2 100 26 1829 1825 267 3293
15900 4 2 100 26 2447 2267 2053 3134
15901 4 2 100 26 1529 1530 1912 3226
15902 4 2 100 26 500 2217 189 3286
15903 4 2 100 26 256 1029 1789 3306
15904 4 2 100 26 150 474 1987 3217
15905 4 2 100 26 547 545 799 2806
15906 4 2 100 26 320 2442 949 3150
15907 4 2 100 26 1269 3133 2002 3229
15908 4 2 100 26 1349 1348 1218 3318
15909 4 2 100 26 96 1929 499 765
15910 4 2 100 26 1581 1909 1810 2997
15911 4 2 100 26 167 2342 483 3198
15912 4 2 100 26 1247 1023 1088 3250
15913 4 2 100 26 1279 1733 222 3320
15914 4 2 100 26 2239 2237 2240 2988
15915 4 2 100 26 988 409 2001 3277
15916 4 2 100 26 784 124 2457 459
15917 4 2 100 26 2038 2066 2065 3150
15918 4 2 100 26 1970 373 981 3244
15919 4 2 100 26 1002 1144 1171 2973
15920 4 2 100 26 172 2293 524 3312
15921 4 2 100 26 1291 373 2275 3244
15922 4 2 100 26 1565 1930 296 1200
15923 4 2 100 26 2420 1966 180 3280
15924 4 2 100 26 1310 1438 234 3326
15925 4 2 100 26 2303 1990 2133 3224
15926 4 2 100 26 1749 1772 1671 3215
15927 4 2 100 26 370 1300 2318 3248
15928 4 2 100 26 2016 979 370 3248
15929 4 2 100 26 2442 320 2038 3150
15930 4 2 100 26 66 1752 522 3252
15931 4 2 100 26 922 799 798 3309
15932 4 2 100 26 2011 2154 2249 3223
15933 4 2 100 26 2025 2327 2312 3094
15934 4 2 100 26 69 1494 678 3256
15935 4 2 100 26 69 520 1650 3256
15936 4 2 100 26 675 1501 66 3252
15937 4 2 100 26 55 1468 679 3254
15938 4 2 100 26 461 784 125 3231
15939 4 2 100 26 934 9 534 1925
15940 4 2 100 26 2321 3231 2322 3405
15941 4 2 100 26 803 150 2287 3217
15942 4 2 100 26 281 1179 1768 3323
15943 4 2 100 26 19 442 766 3381
15944 4 2 100 26 1478 19 1796 3381
15945 4 2 100 26 1317 1350 946 3146
15946 4 2 100 26 729 494 775 3158
15947 4 2 100 26 1279 222 944 3320
15948 4 2 100 26 825 931 2454 3061
15949 4 2 100 26 1486 1550 1907 3344
15950 4 2 100 26 476 804 153 3212
15951 4 2 100 26 148 473 1963 3288
15952 4 2 100 26 1513 1689 1763 3220
15953 4 2 100 26 1486 499 1929 3344
15954 4 2 100 26 2079 3176 2995 3317
15955 4 2 100 26 2288 1995 2230 3158
15956 4 2 100 26 2473 2461 2466 3171
15957 4 2 100 26 929 835 762 3148
15958 4 2 100 26 1653 1815 1443 3058
15959 4 2 100 26 1010 1185 1184 3010
15960 4 2 100 26 1508 1723 1758 3156
15961 4 2 100 26 477 155 1990 3274
15962 4 2 100 26 155 780 2131 3274
15963 4 2 100 26 1472 270 1021 3295
15964 4 2 100 26 1200 1930 295 1003
15965 4 2 100 26 490 2341 203 3194
15966 4 2 100 26 2238 2356 2425 3012
15967 4 2 100 26 1495 1591 272 3199
15968 4 2 100 26 272 1173 1020 3199
15969 4 2 100 26 1780 1498 275 3200
15970 4 2 100 26 275 1018 1176 3200
15971 4 2 100 26 1944 827 108 932
15972 4 2 100 26 167 483 793 3198
15973 4 2 100 26 2268 2006 2198 3010
15974 4 2 100 26 537 532 536 3337
15975 4 2 100 26 2320 2032 2328 3237
15976 4 2 100 26 1325 314 1430 1946
15977 4 2 100 26 432 2453 2335 1940
15978 4 2 100 26 2464 1322 420 1432
15979 4 2 100 26 2476 2483 2467 3361
15980 4 2 100 26 1242 1028 1068 3128
15981 4 2 100 26 865 661 663 3398
15982 4 2 100 26 1405 1141 1139 3189
15983 4 2 100 26 868 569 869 3300
15984 4 2 100 26 1313 1165 962 3040
15985 4 2 100 26 1175 1605 277 3284
15986 4 2 100 26 277 1455 1017 3284
15987 4 2 100 26 497 1978 191 3319
15988 4 2 100 26 299 1935 1568 1181
15989 4 2 100 26 2429 2416 2170 3294
15990 4 2 100 26 697 698 696 3322
15991 4 2 100 26 558 560 2992 3391
15992 4 2 100 26 2293 3063 524 3312
15993 4 2 100 26 263 1500 1026 3290
15994 4 2 100 26 2255 411 2002 3229
15995 4 2 100 26 164 802 481 3207
15996 4 2 100 26 256 1060 1029 3306
15997 4 2 100 26 1451 1933 1810 3161
15998 4 2 100 26 803 474 150 3217
15999 4 2 100 26 1749 263 1246 3290
16000 4 2 100 26 1480 256 1789 3306
16001 4 2 100 26 2560 3315 2979 3390
16002 4 2 100 26 888 597 889 3303
16003 4 2 100 26 50 1493 531 3289
16004 4 2 100 26 891 601 890 3307
16005 4 2 100 26 1336 1230 1228 2958
16006 4 2 100 26 1479 1890 1820 3001
16007 4 2 100 26 1181 300 1935 999
16008 4 2 100 26 640 685 505 3000
16009 4 2 100 26 502 648 673 3382
16010 4 2 100 26 1658 1821 1822 3014
16011 4 2 100 26 55 529 1754 3254
16012 4 2 100 26 1461 2973 1171 3368
16013 4 2 100 26 270 1773 1247 3295
16014 4 2 100 26 328 2311 2041 3259
16015 4 2 100 26 1790 1751 1677 3128
16016 4 2 100 26 871 870 573 3302
16017 4 2 100 26 1989 153 2309 3212
16018 4 2 100 26 375 982 2158 3298
16019 4 2 100 26 1646 1831 1897 3389
16020 4 2 100 26 2172 1285 375 3298
16021 4 2 100 26 1969 2293 172 3312
16022 4 2 100 26 1938 1947 1958 3155
16023 4 2 100 26 52 751 1824 3239
16024 4 2 100 26 2321 2322 2338 3405
16025 4 2 100 26 421 1925 2479 2472
16026 4 2 100 26 1808 1925 1578 2888
16027 4 2 100 26 2223 189 2217 3286
16028 4 2 100 26 189 777 500 3286
16029 4 2 100 26 954 1332 1363 3396
16030 4 2 100 26 50 562 1569 3289
16031 4 2 100 26 2180 2032 2191 3265
16032 4 2 100 26 359 2035 1302 3278
16033 4 2 100 26 2019 2342 167 3198
16034 4 2 100 26 439 1757 26 3331
16035 4 2 100 26 974 2300 359 3278
16036 4 2 100 26 766 1796 19 3381
16037 4 2 100 26 1761 1607 1605 3238
16038 4 2 100 26 1015 1175 1106 3238
16039 4 2 100 26 797 148 2297 3288
16040 4 2 100 26 1956 1944 108 932
16041 4 2 100 26 996 1160 1261 3120
16042 4 2 100 26 2453 432 1955 1940
16043 4 2 100 26 1432 420 2464 2481
16044 4 2 100 26 2388 2143 2413 3297
16045 4 2 100 26 1139 1141 1140 3189
16046 4 2 100 26 1957 1430 314 1946
16047 4 2 100 26 2408 2130 2128 3054
16048 4 2 100 26 1145 1401 1394 3159
16049 4 2 100 26 1756 3055 450 3357
16050 4 2 100 26 1894 530 52 3239
16051 4 2 100 26 1760 938 234 3326
16052 4 2 100 26 2820 3361 2597 3380
16053 4 2 100 26 689 690 688 3135
16054 4 2 100 26 2058 2059 2054 3399
16055 4 2 100 26 1014 281 1641 3323
16056 4 2 100 26 2454 2337 825 3061
16057 4 2 100 26 1415 942 219 3186
16058 4 2 100 26 1477 1744 1703 3023
16059 4 2 100 26 1163 1062 1060 3034
16060 4 2 100 26 191 2273 727 3319
16061 4 2 100 26 125 1974 2321 3231
16062 4 2 100 26 811 859 452 2998
16063 4 2 100 26 1444 3138 813 3331
16064 4 2 100 26 2216 1992 164 3207
16065 4 2 100 26 447 842 781 3387
16066 4 2 100 26 480 2423 162 3279
16067 4 2 100 26 839 756 755 3157
16068 4 2 100 26 1270 1425 985 3133
16069 4 2 100 26 1294 2038 320 3150
16070 4 2 100 26 945 1279 1340 3038
16071 4 2 100 26 1963 2185 2186 3240
16072 4 2 100 26 1585 1505 1799 3230
16073 4 2 100 26 1004 1193 1192 3096
16074 4 2 100 26 915 1969 172 3312
16075 4 2 100 26 1005 1136 1183 3114
16076 4 2 100 26 1432 1032 215 1649
16077 4 2 100 26 43 1769 457 3354
16078 4 2 100 26 719 849 850 2676
16079 4 2 100 26 1024 1180 1082 3111
16080 4 2 100 26 1843 1762 1845 3335
16081 4 2 100 26 1644 1460 1748 3114
16082 4 2 100 26 1126 1008 1174 3080
16083 4 2 100 26 820 3055 1435 3372
16084 4 2 100 26 1640 1631 1786 3080
16085 4 2 100 26 488 783 754 3211
16086 4 2 100 26 746 516 612 3087
16087 4 2 100 26 41 811 1767 3346
16088 4 2 100 26 2071 2072 2070 3162
16089 4 2 100 26 2451 1431 2478 3042
16090 4 2 100 26 987 1269 411 3229
16091 4 2 100 26 2156 2004 2146 3086
16092 4 2 100 26 676 81 1485 3362
16093 4 2 100 26 966 344 2037 3363
16094 4 2 100 26 1517 1480 1518 3034
16095 4 2 100 26 693 712 713 3074
16096 4 2 100 26 2291 992 399 3305
16097 4 2 100 26 1184 388 2006 3347
16098 4 2 100 26 1931 1858 1647 2972
16099 4 2 100 26 677 517 608 3041
16100 4 2 100 26 834 663 930 3191
16101 4 2 100 26 2010 2088 2311 3052
16102 4 2 100 26 1485 1899 1833 3184
16103 4 2 100 26 2077 2076 2075 3007
16104 4 2 100 26 162 1968 782 3279
16105 4 2 100 26 1507 1600 1599 2990
16106 4 2 100 26 704 521 703 3098
16107 4 2 100 26 1445 3088 1274 3369
16108 4 2 100 26 1926 1905 1907 3315
16109 4 2 100 26 751 52 530 3239
16110 4 2 100 26 748 527 580 3100
16111 4 2 100 26 1962 2409 2195 3036
16112 4 2 100 26 1733 1732 1855 3038
16113 4 2 100 26 772 923 771 3134
16114 4 2 100 26 41 1474 454 3346
16115 4 2 100 26 525 749 590 3104
16116 4 2 100 26 1866 1834 1676 3051
16117 4 2 100 26 1507 1307 229 3332
16118 4 2 100 26 382 1998 1201 3371
16119 4 2 100 26 484 830 916 3036
16120 4 2 100 26 2426 2237 2235 3388
16121 4 2 100 26 513 1691 79 3341
16122 4 2 100 26 2310 968 348 3343
16123 4 2 100 26 1284 2292 346 3342
16124 4 2 100 26 680 77 1488 3340
16125 4 2 100 26 1291 981 373 3244
16126 4 2 100 26 2029 399 1273 3305
16127 4 2 100 26 2472 2479 2468 2888
16128 4 2 100 26 1970 2275 373 3244
16129 4 2 100 26 1048 1050 1049 3006
16130 4 2 100 26 1372 1157 1155 3208
16131 4 2 100 26 1117 1115 1395 3160
16132 4 2 100 26 1297 1296 951 3349
16133 4 2 100 26 2318 2016 370 3248
16134 4 2 100 26 370 979 1300 3248
16135 4 2 100 26 675 66 522 3252
16136 4 2 100 26 55 679 529 3254
16137 4 2 100 26 1229 1228 1227 3139
16138 4 2 100 26 1160 1161 1162 3329
16139 4 2 100 26 2009 2257 2258 3096
16140 4 2 100 26 464 667 815 3267
16141 4 2 100 26 66 1501 1752 3252
16142 4 2 100 26 69 1650 1494 3256
16143 4 2 100 26 520 69 678 3256
16144 4 2 100 26 1441 448 33 2566
16145 4 2 100 26 150 1987 2287 3217
16146 4 2 100 26 936 1785 229 3332
16147 4 2 100 26 1157 1156 1155 3208
16148 4 2 100 26 2242 2240 2390 3059
16149 4 2 100 26 1834 1866 1470 3051
16150 4 2 100 26 736 1979 198 3353
16151 4 2 100 26 1302 974 359 3278
16152 4 2 100 26 1756 450 37 3357
16153 4 2 100 26 966 1305 1407 3193
16154 4 2 100 26 1925 9 534 1808
16155 4 2 100 26 270 1247 1021 3295
16156 4 2 100 26 639 913 637 3090
16157 4 2 100 26 1496 750 79 3341
16158 4 2 100 26 2017 967 346 3342
16159 4 2 100 26 2030 348 1293 3343
16160 4 2 100 26 1776 77 514 3340
16161 4 2 100 26 2454 2061 1948 429
16162 4 2 100 26 2196 388 1007 3347
16163 4 2 100 26 2473 1431 417 1047
16164 4 2 100 26 2137 2104 2399 3072
16165 4 2 100 26 623 902 621 3073
16166 4 2 100 26 162 782 480 3279
16167 4 2 100 26 2158 2007 2159 3271
16168 4 2 100 26 81 1766 1485 3362
16169 4 2 100 26 81 676 511 3362
16170 4 2 100 26 1276 344 966 3363
16171 4 2 100 26 2037 344 2110 3363
16172 4 2 100 26 1488 1880 1691 2968
16173 4 2 100 26 1399 968 1284 2969
16174 4 2 100 26 2441 2322 2332 3253
16175 4 2 100 26 1012 1179 1114 3030
16176 4 2 100 26 1253 1254 1337 3152
16177 4 2 100 26 1277 2123 338 3333
16178 4 2 100 26 338 2031 963 3333
16179 4 2 100 26 382 1201 1016 3371
16180 4 2 100 26 382 2272 1998 3371
16181 4 2 100 26 2263 2020 2393 2964
16182 4 2 100 26 384 2040 1212 3339
16183 4 2 100 26 797 473 148 3288
16184 4 2 100 26 1444 26 1757 3331
16185 4 2 100 26 813 439 26 3331
16186 4 2 100 26 1583 1505 1584 3267
16187 4 2 100 26 1368 1069 1367 2985
16188 4 2 100 26 43 1734 1769 3354
16189 4 2 100 26 155 2131 1990 3274
16190 4 2 100 26 477 780 155 3274
16191 4 2 100 26 1039 1040 1037 3232
16192 4 2 100 26 1253 1251 1254 3152
16193 4 2 100 26 384 1013 2262 3339
16194 4 2 100 26 457 814 43 3354
16195 4 2 100 26 973 1301 1389 3078
16196 4 2 100 26 1290 959 1384 3028
16197 4 2 100 26 2068 2067 2066 3201
16198 4 2 100 26 198 2259 486 3353
16199 4 2 100 26 1117 1116 1115 3160
16200 4 2 100 26 562 564 665 3276
16201 4 2 100 26 2247 491 196 3345
16202 4 2 100 26 2305 2106 2028 3093
16203 4 2 100 26 1752 1865 1469 3060
16204 4 2 100 26 2421 203 2341 3194
16205 4 2 100 26 767 2296 196 3345
16206 4 2 100 26 938 1310 234 3326
16207 4 2 100 26 55 1754 1468 3254
16208 4 2 100 26 1641 1615 1456 3269
16209 4 2 100 26 1014 1244 1110 3269
16210 4 2 100 26 1760 234 1438 3326
16211 4 2 100 26 1948 2454 429 1954
16212 4 2 100 26 2174 1998 2175 3282
16213 4 2 100 26 1019 1202 1201 3282
16214 4 2 100 26 1455 277 1605 3284
16215 4 2 100 26 277 1017 1175 3284
16216 4 2 100 26 1773 1830 1454 3250
16217 4 2 100 26 1431 417 2478 2473
16218 4 2 100 26 1294 1424 951 3349
16219 4 2 100 26 2119 2394 2383 3324
16220 4 2 100 26 732 847 723 3175
16221 4 2 100 26 281 1768 1641 3323
16222 4 2 100 26 281 1014 1179 3323
16223 4 2 100 26 755 756 753 3157
16224 4 2 100 26 1742 1436 1769 3292
16225 4 2 100 26 963 1319 1408 3011
16226 4 2 100 26 1696 1744 1693 3163
16227 4 2 100 26 263 1026 1246 3290
16228 4 2 100 26 1301 972 1388 3260
16229 4 2 100 26 148 1963 2297 3288
16230 4 2 100 26 559 925 561 3391
16231 4 2 100 26 263 1749 1500 3290
16232 4 2 100 26 1472 1773 270 3295
16233 4 2 100 26 1273 399 992 3305
16234 4 2 100 26 531 562 50 3289
16235 4 2 100 26 1803 1566 1512 3382
16236 4 2 100 26 1700 1836 1698 3263
16237 4 2 100 26 524 915 172 3312
16238 4 2 100 26 1886 1819 1604 3177
16239 4 2 100 26 375 1285 982 3298
16240 4 2 100 26 50 1569 1493 3289
16241 4 2 100 26 2158 2172 375 3298
16242 4 2 100 26 553 441 554 3161
16243 4 2 100 26 719 850 720 2676
16244 4 2 100 26 52 1824 1894 3239
16245 4 2 100 26 2052 2054 2059 3399
16246 4 2 100 26 2273 191 1978 3319
16247 4 2 100 26 191 727 497 3319
16248 4 2 100 26 1538 1535 1537 3145
16249 4 2 100 26 1802 1551 1554 3105
16250 4 2 100 26 2905 3355 2594 3381
16251 4 2 100 26 1807 425 1923 1956
16252 4 2 100 26 800 480 876 3196
16253 4 2 100 26 732 723 735 3175
16254 4 2 100 26 773 490 203 3194
16255 4 2 100 26 227 1445 1274 3369
16256 4 2 100 26 359 2300 2035 3278
16257 4 2 100 26 320 949 1294 3150
16258 4 2 100 26 107 1516 932 535
16259 4 2 100 26 2432 2078 2079 2995
16260 4 2 100 26 1435 39 820 3372
16261 4 2 100 26 773 203 2421 3194
16262 4 2 100 26 935 1599 227 3369
16263 4 2 100 26 2157 1982 2377 3222
16264 4 2 100 26 467 914 805 3222
16265 4 2 100 26 41 454 811 3346
16266 4 2 100 26 1952 1950 1953 3377
16267 4 2 100 26 501 94 1903 3314
16268 4 2 100 26 37 817 1434 3357
16269 4 2 100 26 2013 2075 2448 3396
16270 4 2 100 26 301 1928 1462 999
16271 4 2 100 26 1058 1059 1057 3262
16272 4 2 100 26 1929 1486 96 499
16273 4 2 100 26 2014 1268 386 3373
16274 4 2 100 26 1662 1661 1659 3311
16275 4 2 100 26 1968 162 2423 3279
16276 4 2 100 26 987 411 2255 3229
16277 4 2 100 26 1283 1378 977 3204
16278 4 2 100 26 952 1309 1358 3117
16279 4 2 100 26 1835 1484 1896 3103
16280 4 2 100 26 2457 1974 124 784
16281 4 2 100 26 1182 1024 1084 3293
16282 4 2 100 26 1731 1821 1909 3167
16283 4 2 100 26 1283 976 1379 3223
16284 4 2 100 26 1010 2268 386 3373
16285 4 2 100 26 806 883 477 3224
16286 4 2 100 26 537 539 538 3337
16287 4 2 100 26 1174 1009 1124 3242
16288 4 2 100 26 1786 1629 1458 3242
16289 4 2 100 26 1767 1755 1811 2998
16290 4 2 100 26 819 2566 852 3334
16291 4 2 100 26 505 3000 1651 3394
16292 4 2 100 26 1757 1503 1852 3216
16293 4 2 100 26 439 844 816 3216
16294 4 2 100 26 37 450 817 3357
16295 4 2 100 26 1837 1433 1764 3117
16296 4 2 100 26 501 683 94 3314
16297 4 2 100 26 2291 399 2029 3305
16298 4 2 100 26 1817 1720 1717 3225
16299 4 2 100 26 852 725 851 3057
16300 4 2 100 26 1573 1819 1886 3177
16301 4 2 100 26 41 1767 1474 3346
16302 4 2 100 26 456 834 794 3379
16303 4 2 100 26 1538 1537 1539 3145
16304 4 2 100 26 1451 1810 1746 3161
16305 4 2 100 26 1412 965 1303 3094
16306 4 2 100 26 988 1271 409 3277
16307 4 2 100 26 39 1755 452 3372
16308 4 2 100 26 2792 3316 2985 3367
16309 4 2 100 26 815 831 460 3230
16310 4 2 100 26 1184 1007 388 3347
16311 4 2 100 26 1534 1535 1548 3067
16312 4 2 100 26 1467 295 1930 1003
16313 4 2 100 26 2196 2006 388 3347
16314 4 2 100 26 688 770 512 3280
16315 4 2 100 26 936 229 1307 3332
16316 4 2 100 26 1507 229 1785 3332
16317 4 2 100 26 2344 2151 2423 3196
16318 4 2 100 26 606 519 677 3218
16319 4 2 100 26 1332 954 1292 3396
16320 4 2 100 26 1440 1590 1818 3040
16321 4 2 100 26 1496 79 1691 3341
16322 4 2 100 26 513 79 750 3341
16323 4 2 100 26 2310 348 2030 3343
16324 4 2 100 26 1293 348 968 3343
16325 4 2 100 26 2017 346 2292 3342
16326 4 2 100 26 1284 346 967 3342
16327 4 2 100 26 1776 1488 77 3340
16328 4 2 100 26 680 514 77 3340
16329 4 2 100 26 1311 937 1343 3156
16330 4 2 100 26 748 578 528 3299
16331 4 2 100 26 592 749 523 3308
16332 4 2 100 26 1812 1784 1433 3113
16333 4 2 100 26 1462 1935 300 999
16334 4 2 100 26 950 1357 1309 3113
16335 4 2 100 26 1682 1827 1502 3104
16336 4 2 100 26 759 740 760 3310
16337 4 2 100 26 1044 1046 1045 3082
16338 4 2 100 26 2004 2139 2145 3291
16339 4 2 100 26 963 1277 338 3333
16340 4 2 100 26 2123 2031 338 3333
16341 4 2 100 26 2259 198 1979 3353
16342 4 2 100 26 198 486 736 3353
16343 4 2 100 26 2463 2476 2474 2951
16344 4 2 100 26 384 1212 1013 3339
16345 4 2 100 26 1272 1260 1427 3209
16346 4 2 100 26 2064 2062 2063 3180
16347 4 2 100 26 384 2262 2040 3339
16348 4 2 100 26 1177 1027 1072 3228
16349 4 2 100 26 1499 1665 1673 3228
16350 4 2 100 26 2033 1296 323 3181
16351 4 2 100 26 2431 2255 2002 3229
16352 4 2 100 26 767 196 491 3345
16353 4 2 100 26 1954 111 1945 536
16354 4 2 100 26 436 2470 2047 2478
16355 4 2 100 26 1751 1499 1674 3045
16356 4 2 100 26 2247 196 2296 3345
16357 4 2 100 26 995 1240 1233 3169
16358 4 2 100 26 1270 1056 1054 2971
16359 4 2 100 26 455 922 798 3309
16360 4 2 100 26 2002 2439 2058 3133
16361 4 2 100 26 2210 2214 2212 3136
16362 4 2 100 26 94 683 1481 3314
16363 4 2 100 26 33 448 819 2566
16364 4 2 100 26 111 1954 931 536
16365 4 2 100 26 1306 1352 947 3023
16366 4 2 100 26 2047 2451 436 2478
16367 4 2 100 26 462 896 792 3174
16368 4 2 100 26 1975 2109 2363 3174
16369 4 2 100 26 473 894 789 3240
16370 4 2 100 26 1478 1796 1572 3381
16371 4 2 100 26 717 718 719 3359
16372 4 2 100 26 1889 1822 1447 3186
16373 4 2 100 26 1213 1022 1330 3265
16374 4 2 100 26 1219 1221 1220 3401
16375 4 2 100 26 772 556 558 2992
16376 4 2 100 26 1434 1756 37 3357
16377 4 2 100 26 1960 2422 2341 3049
16378 4 2 100 26 1727 1714 1779 3266
16379 4 2 100 26 2092 2095 2316 3366
16380 4 2 100 26 1847 1845 1504 3192
16381 4 2 100 26 112 2454 825 931
16382 4 2 100 26 1431 1324 2451 416
16383 4 2 100 26 39 452 820 3372
16384 4 2 100 26 227 1274 935 3369
16385 4 2 100 26 1523 1949 1957 428
16386 4 2 100 26 1448 1854 1732 3251
16387 4 2 100 26 2469 549 211 933
16388 4 2 100 26 1253 1255 1252 3397
16389 4 2 100 26 1338 1264 945 3251
16390 4 2 100 26 1230 1257 1258 3132
16391 4 2 100 26 1848 1715 1713 3047
16392 4 2 100 26 1160 1159 1161 3376
16393 4 2 100 26 428 1957 1523 1922
16394 4 2 100 26 1495 1592 1591 3199
16395 4 2 100 26 1020 1173 1094 3199
16396 4 2 100 26 1780 1791 1498 3200
16397 4 2 100 26 1176 1018 1100 3200
16398 4 2 100 26 1098 1097 1099 3356
16399 4 2 100 26 1374 978 1298 3086
16400 4 2 100 26 1060 1061 1029 3306
16401 4 2 100 26 1511 1874 1664 3087
16402 4 2 100 26 1595 1594 1593 3348
16403 4 2 100 26 773 489 823 3116
16404 4 2 100 26 2083 2088 2084 3257
16405 4 2 100 26 2387 2306 1977 3089
16406 4 2 100 26 468 909 807 3089
16407 4 2 100 26 2223 2224 1978 3075
16408 4 2 100 26 970 1289 1396 3093
16409 4 2 100 26 489 923 823 3116
16410 4 2 100 26 1489 1858 1651 3000
16411 4 2 100 26 530 568 751 3239
16412 4 2 100 26 1445 227 1599 3369
16413 4 2 100 26 1480 1789 1520 3306
16414 4 2 100 26 1483 1869 1753 3041
16415 4 2 100 26 479 880 785 3097
16416 4 2 100 26 1817 1717 1715 3225
16417 4 2 100 26 799 926 453 3393
16418 4 2 100 26 2042 2182 2380 3098
16419 4 2 100 26 2223 2217 2219 3286
16420 4 2 100 26 500 777 718 3286
16421 4 2 100 26 1287 1392 971 3046
16422 4 2 100 26 702 642 505 3394
16423 4 2 100 26 1304 975 1381 3102
16424 4 2 100 26 1947 1034 317 1955
16425 4 2 100 26 2092 2094 2095 3366
16426 4 2 100 26 317 1034 1429 1955
16427 4 2 100 26 1413 1331 1022 3237
16428 4 2 100 26 2001 409 2209 3277
16429 4 2 100 26 1841 1750 1506 3043
16430 4 2 100 26 2479 934 214 824
16431 4 2 100 26 2441 2417 2322 3405
16432 4 2 100 26 211 2469 933 2480
16433 4 2 100 26 1924 424 2481 1805
16434 4 2 100 26 1423 944 1326 3001
16435 4 2 100 26 524 715 832 3063
16436 4 2 100 26 2036 2374 2266 3102
16437 4 2 100 26 1201 1207 1016 3371
16438 4 2 100 26 2454 931 1954 3061
16439 4 2 100 26 511 676 626 3362
16440 4 2 100 26 2110 2111 2037 3363
16441 4 2 100 26 2272 2177 1998 3371
16442 4 2 100 26 1461 1171 298 3368
16443 4 2 100 26 1863 1692 1471 3100
16444 4 2 100 26 2016 2318 2141 3248
16445 4 2 100 26 675 522 596 3252
16446 4 2 100 26 679 574 529 3254
16447 4 2 100 26 2293 2401 1993 3063
16448 4 2 100 26 2256 2355 1960 3211
16449 4 2 100 26 1010 386 1268 3373
16450 4 2 100 26 1324 2334 2451 416
16451 4 2 100 26 520 678 602 3256
16452 4 2 100 26 112 2454 2337 825
16453 4 2 100 26 122 458 1973 3321
16454 4 2 100 26 2014 386 2268 3373
16455 4 2 100 26 1769 1734 1736 3354
16456 4 2 100 26 2275 1970 2169 3244
16457 4 2 100 26 2194 2412 1964 3097
16458 4 2 100 26 820 857 450 3055
16459 4 2 100 26 697 696 695 3322
16460 4 2 100 26 558 560 772 2992
16461 4 2 100 26 122 790 458 3321
16462 4 2 100 26 1021 1247 1090 3295
16463 4 2 100 26 1990 2131 2132 3274
16464 4 2 100 26 1560 1911 1461 2973
16465 4 2 100 26 2192 2364 2015 3046
16466 4 2 100 26 2083 2084 2082 3257
16467 4 2 100 26 1938 1958 1951 3155
16468 4 2 100 26 955 1361 1308 3043
16469 4 2 100 26 2471 2481 424 1805
16470 4 2 100 26 726 725 699 3395
16471 4 2 100 26 1441 2566 33 3335
16472 4 2 100 26 1768 1617 1641 3323
16473 4 2 100 26 1179 1014 1112 3323
16474 4 2 100 26 1605 1606 1455 3284
16475 4 2 100 26 1104 1175 1017 3284
16476 4 2 100 26 531 563 562 3289
16477 4 2 100 26 1246 1026 1076 3290
16478 4 2 100 26 1989 2309 2252 3212
16479 4 2 100 26 1500 1749 1667 3290
16480 4 2 100 26 39 1435 1755 3372
16481 4 2 100 26 122 2438 790 3321
16482 4 2 100 26 992 1235 1273 3305
16483 4 2 100 26 1978 2225 2273 3319
16484 4 2 100 26 497 727 735 3319
16485 4 2 100 26 2468 2479 214 824
16486 4 2 100 26 1445 1887 1582 3088
16487 4 2 100 26 1438 1718 1760 3326
16488 4 2 100 26 982 1414 1328 3271
16489 4 2 100 26 2172 2158 2160 3298
16490 4 2 100 26 2449 2459 2087 3309
16491 4 2 100 26 1446 1891 1569 3276
16492 4 2 100 26 94 1481 1903 3314
16493 4 2 100 26 298 1171 1000 3368
16494 4 2 100 26 659 657 658 3183
16495 4 2 100 26 1593 1594 1592 3348
16496 4 2 100 26 1274 940 1335 3088
16497 4 2 100 26 929 762 774 3148
16498 4 2 100 26 1909 1821 1747 3167
16499 4 2 100 26 791 472 898 3273
16500 4 2 100 26 2208 2270 2207 3205
16501 4 2 100 26 947 1353 1315 3163
16502 4 2 100 26 1840 1435 1756 3055
16503 4 2 100 26 2297 1963 2187 3288
16504 4 2 100 26 1296 953 323 3181
16505 4 2 100 26 1377 1282 957 3168
16506 4 2 100 26 33 2566 819 3335
16507 4 2 100 26 1184 1243 1007 3347
16508 4 2 100 26 2197 2006 2196 3347
16509 4 2 100 26 1825 1895 1453 3111
16510 4 2 100 26 513 750 622 3341
16511 4 2 100 26 2030 2099 2310 3343
16512 4 2 100 26 2292 2319 2017 3342
16513 4 2 100 26 618 514 680 3340
16514 4 2 100 26 841 809 438 3112
16515 4 2 100 26 1913 1935 1462 3304
16516 4 2 100 26 634 633 632 3386
16517 4 2 100 26 2033 323 2433 3181
16518 4 2 100 26 1100 1098 1099 3356
16519 4 2 100 26 1785 1601 1507 3332
16520 4 2 100 26 736 486 760 3353
16521 4 2 100 26 2123 2129 2031 3333
16522 4 2 100 26 298 1000 1914 3368
16523 4 2 100 26 1212 1211 1013 3339
16524 4 2 100 26 1443 1844 1759 3112
16525 4 2 100 26 1906 1549 1548 3385
16526 4 2 100 26 1472 1598 1773 3295
16527 4 2 100 26 957 1288 1376 3052
16528 4 2 100 26 767 491 738 3345
16529 4 2 100 26 1271 2209 409 3277
16530 4 2 100 26 719 720 717 3359
16531 4 2 100 26 2259 1979 2241 3353
16532 4 2 100 26 1562 1563 1564 3170
16533 4 2 100 26 2040 2262 2207 3339
16534 4 2 100 26 2105 2107 2102 3402
16535 4 2 100 26 2296 2236 2247 3345
16536 4 2 100 26 993 1043 1042 2904
16537 4 2 100 26 1805 1580 1515 3213
16538 4 2 100 26 1566 1921 1512 3382
16539 4 2 100 26 615 613 614 3404
16540 4 2 100 26 958 1329 1313 3190
16541 4 2 100 26 1200 1142 1002 3185
16542 4 2 100 26 2053 2052 1997 3268
16543 4 2 100 26 1474 1767 1737 3346
16544 4 2 100 26 1268 1186 1010 3373
16545 4 2 100 26 810 863 457 3292
16546 4 2 100 26 2327 2127 2125 3392
16547 4 2 100 26 2438 122 1973 3321
16548 4 2 100 26 2473 2470 2478 3042
16549 4 2 100 26 501 652 683 3314
16550 4 2 100 26 1986 2286 2405 3273
16551 4 2 100 26 1997 2052 2051 3268
16552 4 2 100 26 2299 115 114 796
16553 4 2 100 26 2126 2125 2127 3392
16554 4 2 100 26 1295 971 1391 3203
16555 4 2 100 26 210 933 826 2452
16556 4 2 100 26 318 1429 1323 2453
16557 4 2 100 26 1922 1806 313 1430
16558 4 2 100 26 1444 1885 1816 3138
16559 4 2 100 26 1279 944 1333 3320
16560 4 2 100 26 702 505 89 3394
16561 4 2 100 26 2014 2268 2202 3373
16562 4 2 100 26 1497 702 89 3394
16563 4 2 100 26 881 478 785 3275
16564 4 2 100 26 1312 1359 955 3195
16565 4 2 100 26 634 635 633 3386
16566 4 2 100 26 819 852 851 3334
16567 4 2 100 26 953 2433 323 3181
16568 4 2 100 26 1838 1442 1750 3195
16569 4 2 100 26 1553 1554 1551 3105
16570 4 2 100 26 1539 1542 1541 3364
16571 4 2 100 26 440 846 813 3138
16572 4 2 100 26 647 903 645 3197
16573 4 2 100 26 413 2060 1266 414
16574 4 2 100 26 1346 941 1310 3095
16575 4 2 100 26 2461 2465 2466 3171
16576 4 2 100 26 2077 2079 2078 3317
16577 4 2 100 26 2049 2043 2336 2951
16578 4 2 100 26 25 26 439 1757
16579 4 2 100 26 26 27 813 1444
16580 4 2 100 26 2023 371 372 980
16581 4 2 100 26 165 166 482 2281
16582 4 2 100 26 1441 34 33 448
16583 4 2 100 26 42 41 1474 454
16584 4 2 100 26 43 42 1734 814
16585 4 2 100 26 142 141 1984 470
16586 4 2 100 26 134 133 2284 466
16587 4 2 100 26 139 138 1983 778
16588 4 2 100 26 166 167 793 2019
16589 4 2 100 26 243 244 1476 948
16590 4 2 100 26 1989 154 153 476
16591 4 2 100 26 345 1276 2110 344
16592 4 2 100 26 2318 370 371 1300
16593 4 2 100 26 2016 369 370 979
16594 4 2 100 26 340 339 964 2027
16595 4 2 100 26 2139 368 369 1280
16596 4 2 100 26 138 137 2306 468
16597 4 2 100 26 1990 156 155 477
16598 4 2 100 26 2131 155 154 780
16599 4 2 100 26 344 966 2037 343
16600 4 2 100 26 752 199 200 1980
16601 4 2 100 26 500 188 189 2217
16602 4 2 100 26 339 338 1277 2123
16603 4 2 100 26 345 2017 967 346
16604 4 2 100 26 1963 148 147 473
16605 4 2 100 26 381 382 1998 1201
16606 4 2 100 26 2138 129 128 801
16607 4 2 100 26 174 175 521 2182
16608 4 2 100 26 175 176 703 2042
16609 4 2 100 26 2261 132 131 465
16610 4 2 100 26 2174 380 381 1019
16611 4 2 100 26 716 187 188 1994
16612 4 2 100 26 486 198 199 2259
16613 4 2 100 26 350 969 2097 349
16614 4 2 100 26 963 338 337 2031
16615 4 2 100 26 968 2310 348 347
16616 4 2 100 26 140 139 2183 469
16617 4 2 100 26 403 989 2021 402
16618 4 2 100 26 133 132 1981 779
16619 4 2 100 26 2009 390 391 1004
16620 4 2 100 26 365 364 1283 2011
16621 4 2 100 26 136 135 2157 467
16622 4 2 100 26 176 177 518 2295
16623 4 2 100 26 342 341 965 2025
16624 4 2 100 26 404 1225 2264 403
16625 4 2 100 26 2274 389 390 1265
16626 4 2 100 26 2323 131 130 821
16627 4 2 100 26 736 197 198 1979
16628 4 2 100 26 130 129 1976 463
16629 4 2 100 26 388 389 2196 1007
16630 4 2 100 26 1319 337 336 2330
16631 4 2 100 26 1466 257 258 1249
16632 4 2 100 26 396 2260 995 397
16633 4 2 100 26 341 340 1303 2312
16634 4 2 100 26 190 191 497 1978
16635 4 2 100 26 350 2028 1289 351
16636 4 2 100 26 191 192 727 2273
16637 4 2 100 26 135 134 1982 805
16638 4 2 100 26 396 1275 2294 395
16639 4 2 100 26 336 335 961 2090
16640 4 2 100 26 347 1284 2292 346
16641 4 2 100 26 777 189 190 2223
16642 4 2 100 26 357 356 1301 2034
16643 4 2 100 26 1299 335 334 2039
16644 4 2 100 26 141 140 2184 786
16645 4 2 100 26 236 235 941 1779
16646 4 2 100 26 714 177 178 1965
16647 4 2 100 26 143 142 2285 795
16648 4 2 100 26 1305 2301 343 342
16649 4 2 100 26 960 334 333 2315
16650 4 2 100 26 137 136 1977 807
16651 4 2 100 26 349 1293 2030 348
16652 4 2 100 26 261 262 1665 1177
16653 4 2 100 26 57 56 1765 528
16654 4 2 100 26 262 263 1500 1026
16655 4 2 100 26 61 62 684 1490
16656 4 2 100 26 272 271 1173 1591
16657 4 2 100 26 274 273 1262 1783
16658 4 2 100 26 67 68 764 1469
16659 4 2 100 26 678 69 70 1494
16660 4 2 100 26 276 275 1176 1780
16661 4 2 100 26 278 277 1175 1605
16662 4 2 100 26 677 71 72 1483
16663 4 2 100 26 681 75 76 1491
16664 4 2 100 26 284 283 1178 1743
16665 4 2 100 26 1179 282 281 1768
16666 4 2 100 26 280 279 1244 1456
16667 4 2 100 26 73 74 746 1511
16668 4 2 100 26 77 78 680 1488
16669 4 2 100 26 286 285 1248 1775
16670 4 2 100 26 271 270 1021 1472
16671 4 2 100 26 79 80 750 1496
16672 4 2 100 26 676 81 82 1485
16673 4 2 100 26 273 272 1020 1495
16674 4 2 100 26 522 66 67 1752
16675 4 2 100 26 520 68 69 1650
16676 4 2 100 26 275 274 1018 1498
16677 4 2 100 26 70 71 519 1778
16678 4 2 100 26 1017 277 276 1455
16679 4 2 100 26 517 72 73 1753
16680 4 2 100 26 279 278 1015 1761
16681 4 2 100 26 281 280 1014 1641
16682 4 2 100 26 74 75 516 1664
16683 4 2 100 26 1012 283 282 1457
16684 4 2 100 26 76 77 514 1776
16685 4 2 100 26 1011 285 284 1473
16686 4 2 100 26 78 79 513 1691
16687 4 2 100 26 80 81 511 1766
16688 4 2 100 26 1460 292 293 1005
16689 4 2 100 26 300 301 1462 999
16690 4 2 100 26 1009 287 286 1458
16691 4 2 100 26 289 290 1459 1245
16692 4 2 100 26 1314 231 230 1437
16693 4 2 100 26 238 237 943 1439
16694 4 2 100 26 1307 229 228 1507
16695 4 2 100 26 1311 233 232 1508
16696 4 2 100 26 383 384 2040 1212
16697 4 2 100 26 1264 225 224 1448
16698 4 2 100 26 51 50 1493 531
16699 4 2 100 26 409 988 2001 408
16700 4 2 100 26 1517 254 255 1163
16701 4 2 100 26 20 21 776 1570
16702 4 2 100 26 2004 367 368 978
16703 4 2 100 26 1970 373 374 981
16704 4 2 100 26 240 241 1477 1306
16705 4 2 100 26 288 287 1174 1786
16706 4 2 100 26 333 332 1290 2003
16707 4 2 100 26 945 224 223 1732
16708 4 2 100 26 291 292 1642 1241
16709 4 2 100 26 1480 255 256 1060
16710 4 2 100 26 494 192 193 1995
16711 4 2 100 26 2006 387 388 1184
16712 4 2 100 26 1499 260 261 1027
16713 4 2 100 26 17 18 447 1795
16714 4 2 100 26 2158 375 376 982
16715 4 2 100 26 242 243 1693 1315
16716 4 2 100 26 442 19 20 1478
16717 4 2 100 26 937 232 231 1758
16718 4 2 100 26 2014 385 386 1268
16719 4 2 100 26 235 234 1310 1438
16720 4 2 100 26 237 236 1316 1727
16721 4 2 100 26 194 195 492 1996
16722 4 2 100 26 239 238 1317 1781
16723 4 2 100 26 1789 256 257 1029
16724 4 2 100 26 936 230 229 1785
16725 4 2 100 26 24 25 816 1503
16726 4 2 100 26 1442 248 249 1312
16727 4 2 100 26 1964 160 159 479
16728 4 2 100 26 394 2020 998 395
16729 4 2 100 26 361 360 1278 2005
16730 4 2 100 26 405 984 2022 404
16731 4 2 100 26 144 143 1985 471
16732 4 2 100 26 1750 249 250 955
16733 4 2 100 26 44 43 1769 457
16734 4 2 100 26 675 65 66 1501
16735 4 2 100 26 766 18 19 1796
16736 4 2 100 26 2272 382 383 1016
16737 4 2 100 26 164 165 802 1992
16738 4 2 100 26 182 183 509 1999
16739 4 2 100 26 398 1233 2024 397
16740 4 2 100 26 56 55 1468 679
16741 4 2 100 26 241 242 1744 947
16742 4 2 100 26 2172 374 375 1285
16743 4 2 100 26 1648 290 291 1006
16744 4 2 100 26 1008 289 288 1640
16745 4 2 100 26 366 1298 367 2156
16746 4 2 100 26 491 196 197 2247
16747 4 2 100 26 366 365 977 2181
16748 4 2 100 26 239 240 1726 946
16749 4 2 100 26 372 373 2275 1291
16750 4 2 100 26 2268 386 387 1010
16751 4 2 100 26 193 194 775 2288
16752 4 2 100 26 1751 259 260 1242
16753 4 2 100 26 445 31 3336 3350
16754 4 2 100 26 263 264 1749 1246
16755 4 2 100 26 244 245 1782 1318
16756 4 2 100 26 2262 384 385 1013
16757 4 2 100 26 234 233 938 1760
16758 4 2 100 26 1790 258 259 1028
16759 4 2 100 26 526 60 61 1763
16760 4 2 100 26 767 195 196 2296
16761 4 2 100 26 1504 3336 31 3350
16762 4 2 100 26 935 228 227 1599
16763 4 2 100 26 48 47 1583 464
16764 4 2 100 26 975 1278 1383 3285
16765 4 2 100 26 1218 1223 1349 3318
16766 4 2 100 26 1724 1723 1722 3166
16767 4 2 100 26 2324 2318 2023 3367
16768 4 2 100 26 772 771 487 3134
16769 4 2 100 26 1778 1861 1483 3218
16770 4 2 100 26 1771 1440 1850 3190
16771 4 2 100 26 787 484 866 3173
16772 4 2 100 26 1700 1698 1699 3263
16773 4 2 100 26 2012 2365 2192 3203
16774 4 2 100 26 978 1373 1280 3291
16775 4 2 100 26 39 38 1435 820
16776 4 2 100 26 128 127 1975 462
16777 4 2 100 26 691 745 701 3178
16778 4 2 100 26 682 59 60 1513
16779 4 2 100 26 58 57 1471 748
16780 4 2 100 26 293 294 1748 1183
16781 4 2 100 26 332 331 959 2313
16782 4 2 100 26 940 226 225 1582
16783 4 2 100 26 50 49 1569 562
16784 4 2 100 26 2266 2368 2005 3285
16785 4 2 100 26 2418 2361 1962 3173
16786 4 2 100 26 1774 1502 1872 3308
16787 4 2 100 26 612 614 613 3404
16788 4 2 100 26 1430 1806 313 1033
16789 4 2 100 26 2045 318 1323 2453
16790 4 2 100 26 2046 210 826 2452
16791 4 2 100 26 126 125 2321 461
16792 4 2 100 26 2321 1974 2322 3231
16793 4 2 100 26 1902 1540 1541 3120
16794 4 2 100 26 356 355 972 2116
16795 4 2 100 26 2185 147 146 789
16796 4 2 100 26 391 392 2257 1192
16797 4 2 100 26 525 62 63 1682
16798 4 2 100 26 1288 956 1372 3259
16799 4 2 100 26 1461 298 1914 3368
16800 4 2 100 26 1770 1847 1504 3192
16801 4 2 100 26 1733 1856 1479 3320
16802 4 2 100 26 2194 1991 2414 3275
16803 4 2 100 26 200 201 488 2256
16804 4 2 100 26 1767 41 40 811
16805 4 2 100 26 352 970 2305 351
16806 4 2 100 26 153 152 2309 804
16807 4 2 100 26 408 1281 2265 407
16808 4 2 100 26 157 156 2303 806
16809 4 2 100 26 47 46 1505 815
16810 4 2 100 26 358 357 973 2304
16811 4 2 100 26 149 148 2297 797
16812 4 2 100 26 503 186 187 2302
16813 4 2 100 26 270 269 1247 1773
16814 4 2 100 26 328 327 956 2041
16815 4 2 100 26 1025 265 264 1772
16816 4 2 100 26 364 363 976 2249
16817 4 2 100 26 1784 245 246 950
16818 4 2 100 26 1171 1146 1000 3368
16819 4 2 100 26 993 1042 1422 2904
16820 4 2 100 26 1900 1532 1534 3384
16821 4 2 100 26 1274 227 226 1445
16822 4 2 100 26 1446 49 48 665
16823 4 2 100 26 1862 1471 1765 3299
16824 4 2 100 26 2485 3335 1504 3336
16825 4 2 100 26 2371 2260 2024 3169
16826 4 2 100 26 2087 2435 2449 3309
16827 4 2 100 26 2106 2107 2105 3402
16828 4 2 100 26 1764 247 248 952
16829 4 2 100 26 23 24 438 1759
16830 4 2 100 26 362 361 975 2266
16831 4 2 100 26 405 2248 1250 406
16832 4 2 100 26 394 1214 2263 393
16833 4 2 100 26 360 359 974 2300
16834 4 2 100 26 2194 159 158 785
16835 4 2 100 26 145 144 2286 791
16836 4 2 100 26 64 65 523 1774
16837 4 2 100 26 45 44 1436 810
16838 4 2 100 26 1936 1949 1953 3377
16839 4 2 100 26 1489 1897 1831 3389
16840 4 2 100 26 21 22 437 1653
16841 4 2 100 26 1590 253 254 962
16842 4 2 100 26 1506 250 251 1308
16843 4 2 100 26 2019 2429 2342 3198
16844 4 2 100 26 442 839 766 3381
16845 4 2 100 26 2341 2215 2421 3194
16846 4 2 100 26 1953 1950 1936 3377
16847 4 2 100 26 558 559 560 3391
16848 4 2 100 26 1347 1316 941 3266
16849 4 2 100 26 1041 1040 1039 3232
16850 4 2 100 26 1279 223 222 1733
16851 4 2 100 26 16 17 781 1450
16852 4 2 100 26 425 1807 1950 1956
16853 4 2 100 26 125 124 1974 784
16854 4 2 100 26 89 505 1651 3394
16855 4 2 100 26 38 37 1756 450
16856 4 2 100 26 163 164 481 2216
16857 4 2 100 26 399 992 2291 398
16858 4 2 100 26 686 181 182 2254
16859 4 2 100 26 1754 55 54 529
16860 4 2 100 26 715 173 174 1993
16861 4 2 100 26 380 2191 379 1213
16862 4 2 100 26 1589 98 97 674
16863 4 2 100 26 1160 1162 1261 3329
16864 4 2 100 26 799 543 926 3393
16865 4 2 100 26 1829 1688 1825 3293
16866 4 2 100 26 942 1055 1056 3186
16867 4 2 100 26 1969 2366 2293 3312
16868 4 2 100 26 793 483 868 3198
16869 4 2 100 26 476 888 804 3212
16870 4 2 100 26 22 23 809 1443
16871 4 2 100 26 1433 246 247 1309
16872 4 2 100 26 363 362 1304 2036
16873 4 2 100 26 146 145 1986 472
16874 4 2 100 26 407 986 2008 406
16875 4 2 100 26 1991 158 157 478
16876 4 2 100 26 393 1001 2018 392
16877 4 2 100 26 1302 359 358 2035
16878 4 2 100 26 749 63 64 1502
16879 4 2 100 26 2050 2049 2051 3383
16880 4 2 100 26 1966 2420 2358 3280
16881 4 2 100 26 1988 152 151 475
16882 4 2 100 26 2012 355 1295 354
16883 4 2 100 26 1987 150 149 474
16884 4 2 100 26 352 2015 1287 353
16885 4 2 100 26 46 45 1799 460
16886 4 2 100 26 1755 40 39 452
16887 4 2 100 26 127 126 2109 792
16888 4 2 100 26 1486 97 96 499
16889 4 2 100 26 836 740 759 3310
16890 4 2 100 26 461 884 784 3231
16891 4 2 100 26 2143 2173 2413 3297
16892 4 2 100 26 803 890 474 3217
16893 4 2 100 26 527 58 59 1692
16894 4 2 100 26 1324 1047 1431 3042
16895 4 2 100 26 2173 2170 2416 3294
16896 4 2 100 26 481 802 871 3207
16897 4 2 100 26 540 493 919 3108
16898 4 2 100 26 1915 1487 1527 3108
16899 4 2 100 26 1354 1199 1189 3378
16900 4 2 100 26 2334 2451 2047 3042
16901 4 2 100 26 870 571 573 3302
16902 4 2 100 26 971 2192 354 353
16903 4 2 100 26 2287 151 150 803
16904 4 2 100 26 889 597 599 3303
16905 4 2 100 26 2216 2388 1992 3207
16906 4 2 100 26 2287 1987 2383 3217
16907 4 2 100 26 601 891 599 3307
16908 4 2 100 26 1553 1903 1481 3314
16909 4 2 100 26 1550 1486 1929 3344
16910 4 2 100 26 869 569 571 3300
16911 4 2 100 26 1220 1221 1240 3401
16912 4 2 100 26 783 201 202 1960
16913 4 2 100 26 1467 294 295 1003
16914 4 2 100 26 643 907 641 3227
16915 4 2 100 26 897 619 901 3325
16916 4 2 100 26 2379 2373 2101 3327
16917 4 2 100 26 2119 2120 2394 3324
16918 4 2 100 26 833 915 524 3312
16919 4 2 100 26 269 268 1023 1454
16920 4 2 100 26 330 329 957 2010
16921 4 2 100 26 1291 1366 981 3244
16922 4 2 100 26 1572 1574 1571 3355
16923 4 2 100 26 1766 1875 1485 3362
16924 4 2 100 26 1276 966 1404 3363
16925 4 2 100 26 979 1369 1300 3248
16926 4 2 100 26 1650 1859 1494 3256
16927 4 2 100 26 1501 1860 1752 3252
16928 4 2 100 26 1599 1604 1445 3369
16929 4 2 100 26 1948 1954 1945 3061
16930 4 2 100 26 1434 37 36 817
16931 4 2 100 26 443 29 30 1475
16932 4 2 100 26 169 170 484 1962
16933 4 2 100 26 162 163 782 1968
16934 4 2 100 26 180 181 512 1966
16935 4 2 100 26 2029 1273 399 400
16936 4 2 100 26 54 53 1470 744
16937 4 2 100 26 813 845 439 3331
16938 4 2 100 26 1440 252 253 1313
16939 4 2 100 26 1757 1851 1444 3331
16940 4 2 100 26 457 861 814 3354
16941 4 2 100 26 974 1302 1386 3278
16942 4 2 100 26 1468 1754 1871 3254
16943 4 2 100 26 477 885 780 3274
16944 4 2 100 26 1345 1310 938 3326
16945 4 2 100 26 2332 2089 2441 3253
16946 4 2 100 26 1269 1270 985 3133
16947 4 2 100 26 480 782 875 3279
16948 4 2 100 26 1569 1857 1493 3289
16949 4 2 100 26 2300 2378 2035 3278
16950 4 2 100 26 329 328 1288 2311
16951 4 2 100 26 1180 266 265 1453
16952 4 2 100 26 694 185 186 1967
16953 4 2 100 26 768 183 184 2350
16954 4 2 100 26 440 27 28 1816
16955 4 2 100 26 402 1267 2354 401
16956 4 2 100 26 515 178 179 2351
16957 4 2 100 26 1824 52 51 751
16958 4 2 100 26 2344 161 160 800
16959 4 2 100 26 35 34 1813 808
16960 4 2 100 26 483 167 168 2342
16961 4 2 100 26 834 456 865 3379
16962 4 2 100 26 1894 1824 1681 3239
16963 4 2 100 26 1285 1364 982 3298
16964 4 2 100 26 510 82 83 1833
16965 4 2 100 26 421 1578 2472 422
16966 4 2 100 26 1771 251 252 958
16967 4 2 100 26 2007 376 377 1328
16968 4 2 100 26 2485 445 3350 3351
16969 4 2 100 26 2423 2359 1968 3279
16970 4 2 100 26 331 330 1282 2096
16971 4 2 100 26 797 893 473 3288
16972 4 2 100 26 2029 2381 2291 3305
16973 4 2 100 26 1492 103 102 495
16974 4 2 100 26 2044 2063 2062 3180
16975 4 2 100 26 454 860 811 3346
16976 4 2 100 26 450 856 817 3357
16977 4 2 100 26 812 28 29 1884
16978 4 2 100 26 161 162 480 2423
16979 4 2 100 26 400 2425 990 401
16980 4 2 100 26 770 179 180 2420
16981 4 2 100 26 53 52 1894 530
16982 4 2 100 26 36 35 1882 449
16983 4 2 100 26 168 169 787 2418
16984 4 2 100 26 1896 84 83 747
16985 4 2 100 26 172 173 524 2293
16986 4 2 100 26 2032 378 379 1022
16987 4 2 100 26 87 86 1897 507
16988 4 2 100 26 99 98 1663 498
16989 4 2 100 26 268 267 1182 1829
16990 4 2 100 26 377 378 2320 1413
16991 4 2 100 26 1294 949 1418 3150
16992 4 2 100 26 2023 2275 2171 3316
16993 4 2 100 26 13 14 444 1654
16994 4 2 100 26 171 172 915 1969
16995 4 2 100 26 308 993 1919 3385
16996 4 2 100 26 422 1515 2462 423
16997 4 2 100 26 1032 216 215 1649
16998 4 2 100 26 936 1307 1339 3332
16999 4 2 100 26 1691 1879 1496 3341
17000 4 2 100 26 1395 1293 968 3343
17001 4 2 100 26 1284 967 1400 3342
17002 4 2 100 26 1488 1776 1876 3340
17003 4 2 100 26 1461 297 298 1171
17004 4 2 100 26 827 108 109 1944
17005 4 2 100 26 1946 1325 314 315
17006 4 2 100 26 2038 2065 2442 3150
17007 4 2 100 26 1411 1277 963 3333
17008 4 2 100 26 1532 1533 1534 3384
17009 4 2 100 26 1940 2335 432 431
17010 4 2 100 26 419 2464 1322 420
17011 4 2 100 26 1024 267 266 1825
17012 4 2 100 26 506 184 185 2348
17013 4 2 100 26 944 222 221 1479
17014 4 2 100 26 452 858 820 3372
17015 4 2 100 26 1286 327 326 2193
17016 4 2 100 26 446 15 16 1745
17017 4 2 100 26 1945 111 110 536
17018 4 2 100 26 448 852 819 2566
17019 4 2 100 26 1497 90 89 702
17020 4 2 100 26 2047 435 2470 436
17021 4 2 100 26 1481 94 93 683
17022 4 2 100 26 490 202 203 2341
17023 4 2 100 26 1842 1756 1434 3357
17024 4 2 100 26 9 10 534 1808
17025 4 2 100 26 774 490 773 3194
17026 4 2 100 26 2433 2071 2033 3181
17027 4 2 100 26 757 762 842 3365
17028 4 2 100 26 935 1274 1334 3369
17029 4 2 100 26 2426 2391 2237 3388
17030 4 2 100 26 86 85 1828 743
17031 4 2 100 26 85 84 1484 508
17032 4 2 100 26 1949 1523 427 428
17033 4 2 100 26 1461 1914 1558 3368
17034 4 2 100 26 441 11 12 1746
17035 4 2 100 26 939 218 217 1730
17036 4 2 100 26 541 542 543 3187
17037 4 2 100 26 1947 1034 316 317
17038 4 2 100 26 445 3336 2485 3350
17039 4 2 100 26 170 171 830 2195
17040 4 2 100 26 311 1652 310 991
17041 4 2 100 26 1843 2566 1441 3335
17042 4 2 100 26 769 207 208 1997
17043 4 2 100 26 105 104 1487 493
17044 4 2 100 26 826 933 549 3352
17045 4 2 100 26 1294 321 320 2038
17046 4 2 100 26 2050 2048 2049 3383
17047 4 2 100 26 790 874 458 3321
17048 4 2 100 26 2471 2462 2482 3213
17049 4 2 100 26 2474 2336 433 434
17050 4 2 100 26 2026 983 414 415
17051 4 2 100 26 2438 1973 2082 3321
17052 4 2 100 26 326 325 954 2013
17053 4 2 100 26 1452 303 304 1172
17054 4 2 100 26 122 121 1973 458
17055 4 2 100 26 2311 2436 2041 3259
17056 4 2 100 26 1651 1497 89 3394
17057 4 2 100 26 430 1937 431 2044
17058 4 2 100 26 418 1031 419 2461
17059 4 2 100 26 2337 2454 2061 3061
17060 4 2 100 26 825 536 931 3061
17061 4 2 100 26 2417 2338 2322 3405
17062 4 2 100 26 88 87 1489 685
17063 4 2 100 26 430 1948 2061 429
17064 4 2 100 26 417 2473 1047 418
17065 4 2 100 26 1702 1701 1814 3330
17066 4 2 100 26 2210 2001 2209 3277
17067 4 2 100 26 987 1421 1269 3229
17068 4 2 100 26 1755 1435 1836 3372
17069 4 2 100 26 214 213 2468 824
17070 4 2 100 26 424 2471 1805 423
17071 4 2 100 26 1516 107 106 535
17072 4 2 100 26 1424 1297 951 3349
17073 4 2 100 26 1271 988 1272 3277
17074 4 2 100 26 1482 100 99 763
17075 4 2 100 26 1512 92 91 673
17076 4 2 100 26 2096 2450 2010 3168
17077 4 2 100 26 661 662 663 3398
17078 4 2 100 26 1327 993 308 3385
17079 4 2 100 26 942 220 219 1889
17080 4 2 100 26 2000 114 113 451
17081 4 2 100 26 1528 1530 1529 3226
17082 4 2 100 26 2 1923 1956 932
17083 4 2 100 26 1955 1429 7 2453
17084 4 2 100 26 2480 933 4 2452
17085 4 2 100 26 1954 2454 3 931
17086 4 2 100 26 5 1432 1924 2481
17087 4 2 100 26 6 1957 1922 1430
17088 4 2 100 26 2451 8 2478 1431
17089 4 2 100 26 2479 1 934 1925
17090 4 2 100 26 441 553 918 3161
17091 4 2 100 26 537 538 532 3337
17092 4 2 100 26 549 550 826 3352
17093 4 2 100 26 549 211 212 2469
17094 4 2 100 26 1568 1935 1913 3304
17095 4 2 100 26 1327 1044 993 3385
17096 4 2 100 26 410 1271 2209 409
17097 4 2 100 26 119 118 1972 794
17098 4 2 100 26 306 307 1463 994
17099 4 2 100 26 323 322 1296 2033
17100 4 2 100 26 664 930 663 3191
17101 4 2 100 26 771 205 206 2267
17102 4 2 100 26 412 1269 2002 411
17103 4 2 100 26 2485 3336 1504 3350
17104 4 2 100 26 849 818 850 3351
17105 4 2 100 26 1420 953 1296 3181
17106 4 2 100 26 773 203 204 2421
17107 4 2 100 26 1055 942 1415 3186
17108 4 2 100 26 2337 113 112 825
17109 4 2 100 26 319 318 1323 2045
17110 4 2 100 26 1806 312 313 1033
17111 4 2 100 26 209 210 826 2046
17112 4 2 100 26 1324 2334 416 415
17113 4 2 100 26 1363 1161 1159 3376
17114 4 2 100 26 1030 315 1938 316
17115 4 2 100 26 1762 1504 1845 3335
17116 4 2 100 26 109 110 532 1939
17117 4 2 100 26 89 88 1651 505
17118 4 2 100 26 308 1919 1906 3385
17119 4 2 100 26 1542 1539 1804 3364
17120 4 2 100 26 304 305 1902 996
17121 4 2 100 26 2566 3334 819 3335
17122 4 2 100 26 32 33 819 3335
17123 4 2 100 26 819 851 445 3334
17124 4 2 100 26 121 120 2432 788
17125 4 2 100 26 533 212 213 2460
17126 4 2 100 26 828 14 15 1449
17127 4 2 100 26 2079 2077 2080 3317
17128 4 2 100 26 308 1906 1327 3385
17129 4 2 100 26 32 1762 33 3335
17130 4 2 100 26 1908 1497 1651 3394
17131 4 2 100 26 1544 1547 1910 3358
17132 4 2 100 26 1935 299 300 1181
17133 4 2 100 26 1762 1843 1441 3335
17134 4 2 100 26 1930 295 296 1200
17135 4 2 100 26 1914 298 299 1000
17136 4 2 100 26 325 324 1292 2448
17137 4 2 100 26 101 100 1918 496
17138 4 2 100 26 1926 1907 1545 3315
17139 4 2 100 26 435 2463 434 2043
17140 4 2 100 26 1903 95 94 501
17141 4 2 100 26 301 302 1928 1263
17142 4 2 100 26 124 123 2457 459
17143 4 2 100 26 296 297 1911 1002
17144 4 2 100 26 1929 96 95 765
17145 4 2 100 26 2255 987 410 411
17146 4 2 100 26 1807 1950 426 425
17147 4 2 100 26 308 309 1919 993
17148 4 2 100 26 30 31 818 3350
17149 4 2 100 26 1925 2479 1 421
17150 4 2 100 26 429 2454 3 1954
17151 4 2 100 26 108 2 1956 932
17152 4 2 100 26 1430 6 1957 314
17153 4 2 100 26 2454 112 3 931
17154 4 2 100 26 2451 8 1431 416
17155 4 2 100 26 432 1955 7 2453
17156 4 2 100 26 417 2478 8 1431
17157 4 2 100 26 1432 5 420 2481
17158 4 2 100 26 933 4 211 2480
17159 4 2 100 26 1326 221 220 1820
17160 4 2 100 26 917 12 13 1509
17161 4 2 100 26 489 204 205 1961
17162 4 2 100 26 1906 1919 1549 3385
17163 4 2 100 26 1921 93 92 502
17164 4 2 100 26 302 303 1910 997
17165 4 2 100 26 123 122 2438 790
17166 4 2 100 26 1441 33 1762 3335
17167 4 2 100 26 1923 425 2 1956
17168 4 2 100 26 91 90 1920 504
17169 4 2 100 26 118 117 2435 455
17170 4 2 100 26 1416 217 216 1510
17171 4 2 100 26 953 324 323 2433
17172 4 2 100 26 485 208 209 2443
17173 4 2 100 26 311 312 1465 1417
17174 4 2 100 26 10 11 918 1451
17175 4 2 100 26 949 320 319 2442
17176 4 2 100 26 117 116 2449 798
17177 4 2 100 26 559 561 560 3391
17178 4 2 100 26 30 1770 31 3350
17179 4 2 100 26 433 2480 4 2452
17180 4 2 100 26 119 120 456 2456
17181 4 2 100 26 436 2451 8 2478
17182 4 2 100 26 1954 3 111 931
17183 4 2 100 26 313 6 1922 1430
17184 4 2 100 26 1923 2 107 932
17185 4 2 100 26 1429 318 7 2453
17186 4 2 100 26 933 210 4 2452
17187 4 2 100 26 1432 215 5 1924
17188 4 2 100 26 427 1514 1936 426
17189 4 2 100 26 819 32 3335 3336
17190 4 2 100 26 428 6 1957 1922
17191 4 2 100 26 1415 219 218 1447
17192 4 2 100 26 305 306 1927 1261
17193 4 2 100 26 424 5 1924 2481
17194 4 2 100 26 317 1429 7 1955
17195 4 2 100 26 1 9 934 1925
17196 4 2 100 26 934 214 1 2479
17197 4 2 100 26 102 101 1904 829
17198 4 2 100 26 1971 116 115 453
17199 4 2 100 26 445 818 3350 3351
17200 4 2 100 26 487 206 207 2447
17201 4 2 100 26 445 850 818 3351
17202 4 2 100 26 2439 985 412 413
17203 4 2 100 26 307 308 1906 1327
17204 4 2 100 26 951 322 321 2446
17205 4 2 100 26 1915 106 105 919
17206 4 2 100 26 1464 309 310 1422
17207 4 2 100 26 104 103 1917 924
17208 4 2 100 26 1152 3304 2758 999
17209 4 2 100 26 2758 3304 1152 2579
17210 4 2 100 26 3087 681 614 2747
17211 4 2 100 26 3087 614 681 516
17212 4 2 100 26 3087 1491 1877 1664
17213 4 2 100 26 3087 1877 1491 2747
17214 4 2 100 26 3093 2097 2105 2028
17215 4 2 100 26 3093 2105 2097 2746
17216 4 2 100 26 969 3093 1393 1289
17217 4 2 100 26 1393 3093 969 2746
17218 4 2 100 26 2183 2839 2399 2184
17219 4 2 100 26 2399 2839 2183 2667
17220 4 2 100 26 2839 469 902 786
17221 4 2 100 26 2839 902 469 2667
17222 4 2 100 26 3094 1131 2858 2528
17223 4 2 100 26 3094 2858 1131 1412
17224 4 2 100 26 2901 2376 2964 2743
17225 4 2 100 26 2901 2964 2376 2221
17226 4 2 100 26 3113 1188 1356 1357
17227 4 2 100 26 3113 1356 1188 2679
17228 4 2 100 26 3304 1802 2758 1462
17229 4 2 100 26 3304 2758 1802 2579
17230 4 2 100 26 3113 1318 1356 2679
17231 4 2 100 26 3113 1356 1318 950
17232 4 2 100 26 2558 3301 2954 2486
17233 4 2 100 26 2954 3301 2558 2835
17234 4 2 100 26 3310 758 2787 760
17235 4 2 100 26 3310 2787 758 2813
17236 4 2 100 26 3163 948 1354 1315
17237 4 2 100 26 3163 1354 948 2756
17238 4 2 100 26 3163 1476 1694 2756
17239 4 2 100 26 3163 1694 1476 1693
17240 4 2 100 26 3042 2463 2483 2470
17241 4 2 100 26 3042 2483 2463 2951
17242 4 2 100 26 3109 3397 3152 1251
17243 4 2 100 26 3152 3397 3109 2567
17244 4 2 100 26 3119 3140 3015 2524
17245 4 2 100 26 3015 3140 3119 2657
17246 4 2 100 26 3257 3259 2765 2436
17247 4 2 100 26 2765 3259 3257 2565
17248 4 2 100 26 2994 3231 2760 879
17249 4 2 100 26 2760 3231 2994 2590
17250 4 2 100 26 3242 1248 1122 2685
17251 4 2 100 26 3242 1122 1248 1009
17252 4 2 100 26 3242 1775 1627 1458
17253 4 2 100 26 3242 1627 1775 2685
17254 4 2 100 26 2996 3397 2516 2782
17255 4 2 100 26 2516 3397 2996 2567
17256 4 2 100 26 2966 3345 2869 738
17257 4 2 100 26 2966 2869 3345 2647
17258 4 2 100 26 3019 2869 3345 738
17259 4 2 100 26 3019 3345 2869 2647
17260 4 2 100 26 3106 3130 2971 2547
17261 4 2 100 26 2971 3130 3106 2522
17262 4 2 100 26 3083 3163 2756 2555
17263 4 2 100 26 2756 3163 3083 1694
17264 4 2 100 26 3136 2213 2422 2212
17265 4 2 100 26 3136 2422 2213 2793
17266 4 2 100 26 3356 2511 3035 2575
17267 4 2 100 26 3356 3035 2511 2825
17268 4 2 100 26 3152 2501 2588 2996
17269 4 2 100 26 3152 2588 2501 2794
17270 4 2 100 26 2981 3327 2635 3124
17271 4 2 100 26 2981 2635 3327 2520
17272 4 2 100 26 3021 2635 3327 3124
17273 4 2 100 26 3021 3327 2635 2520
17274 4 2 100 26 3405 2622 2441 2819
17275 4 2 100 26 3405 2441 2622 3253
17276 4 2 100 26 3122 2770 2806 2559
17277 4 2 100 26 3122 2806 2770 2491
17278 4 2 100 26 3131 3388 2238 2426
17279 4 2 100 26 3131 2238 3388 2668
17280 4 2 100 26 2354 2238 3388 2426
17281 4 2 100 26 2354 3388 2238 2668
17282 4 2 100 26 3348 2511 3029 2572
17283 4 2 100 26 3348 3029 2511 2824
17284 4 2 100 26 3257 3005 3176 2565
17285 4 2 100 26 3257 3176 3005 2612
17286 4 2 100 26 3206 2817 2649 2665
17287 4 2 100 26 3206 2649 2817 3189
17288 4 2 100 26 3296 3135 3178 2633
17289 4 2 100 26 3296 3178 3135 2751
17290 4 2 100 26 687 3178 3135 2633
17291 4 2 100 26 687 3135 3178 2751
17292 4 2 100 26 3038 3311 3320 2562
17293 4 2 100 26 3320 3311 3038 1855
17294 4 2 100 26 3341 2968 2982 622
17295 4 2 100 26 2982 2968 3341 2637
17296 4 2 100 26 2982 3073 3341 622
17297 4 2 100 26 3341 3073 2982 2637
17298 4 2 100 26 2969 3342 2981 2319
17299 4 2 100 26 2969 2981 3342 2634
17300 4 2 100 26 3072 2981 3342 2319
17301 4 2 100 26 3072 3342 2981 2634
17302 4 2 100 26 3051 2512 2587 2791
17303 4 2 100 26 3051 2587 2512 2818
17304 4 2 100 26 3077 2756 3083 2487
17305 4 2 100 26 3077 3083 2756 2555
17306 4 2 100 26 3315 1544 2832 1545
17307 4 2 100 26 3315 2832 1544 2618
17308 4 2 100 26 3148 2488 2569 2755
17309 4 2 100 26 3148 2569 2488 2950
17310 4 2 100 26 2823 2813 2645 2501
17311 4 2 100 26 2823 2645 2813 2787
17312 4 2 100 26 3384 2491 2805 2640
17313 4 2 100 26 3384 2805 2491 2804
17314 4 2 100 26 3377 2517 2841 2698
17315 4 2 100 26 3377 2841 2517 2687
17316 4 2 100 26 3162 3309 2086 2087
17317 4 2 100 26 2086 3309 3162 2559
17318 4 2 100 26 3338 2773 2776 2489
17319 4 2 100 26 3338 2776 2773 2650
17320 4 2 100 26 2521 3131 2668 3126
17321 4 2 100 26 2521 2668 3131 3388
17322 4 2 100 26 3369 2786 1604 3088
17323 4 2 100 26 3369 1604 2786 3177
17324 4 2 100 26 2954 3301 2796 2486
17325 4 2 100 26 2796 3301 2954 2525
17326 4 2 100 26 3397 2592 2516 2782
17327 4 2 100 26 3397 2516 2592 2836
17328 4 2 100 26 2820 552 2682 2772
17329 4 2 100 26 2820 2682 552 550
17330 4 2 100 26 3351 1848 1475 1770
17331 4 2 100 26 3351 1475 1848 2723
17332 4 2 100 26 3187 920 539 542
17333 4 2 100 26 3187 539 920 2980
17334 4 2 100 26 2457 3231 2332 1974
17335 4 2 100 26 2332 3231 2457 2760
17336 4 2 100 26 3188 3239 2938 2584
17337 4 2 100 26 2938 3239 3188 1681
17338 4 2 100 26 3031 2831 2779 2518
17339 4 2 100 26 3031 2779 2831 2621
17340 4 2 100 26 2065 3180 2064 2063
17341 4 2 100 26 2064 3180 2065 2906
17342 4 2 100 26 3125 2774 3331 2812
17343 4 2 100 26 3125 3331 2774 2608
17344 4 2 100 26 3152 2996 3397 2567
17345 4 2 100 26 2940 3314 1553 1555
17346 4 2 100 26 3230 1436 1800 2714
17347 4 2 100 26 3230 1800 1436 1799
17348 4 2 100 26 3383 2043 2626 2048
17349 4 2 100 26 3383 2626 2043 2951
17350 4 2 100 26 3042 2626 2043 2048
17351 4 2 100 26 3042 2043 2626 2951
17352 4 2 100 26 3070 2759 2499 2859
17353 4 2 100 26 3070 2499 2759 2814
17354 4 2 100 26 3194 3049 3136 2569
17355 4 2 100 26 3401 2619 2563 2993
17356 4 2 100 26 3401 2563 2619 2780
17357 4 2 100 26 3213 1578 1579 1515
17358 4 2 100 26 3213 1579 1578 2888
17359 4 2 100 26 3237 1328 1169 2703
17360 4 2 100 26 3237 1169 1328 1413
17361 4 2 100 26 3213 2472 2475 2888
17362 4 2 100 26 3213 2475 2472 2462
17363 4 2 100 26 3391 923 2992 2576
17364 4 2 100 26 3391 2992 923 560
17365 4 2 100 26 3280 692 3135 688
17366 4 2 100 26 3280 3135 692 2827
17367 4 2 100 26 1456 3238 1613 1761
17368 4 2 100 26 1613 3238 1456 2690
17369 4 2 100 26 3238 1244 1108 1015
17370 4 2 100 26 3238 1108 1244 2690
17371 4 2 100 26 2991 1208 1209 1210
17372 4 2 100 26 2991 1209 1208 2859
17373 4 2 100 26 3237 2007 2161 2320
17374 4 2 100 26 3237 2161 2007 2703
17375 4 2 100 26 2928 668 671 2849
17376 4 2 100 26 2928 671 668 669
17377 4 2 100 26 2934 3214 2874 2549
17378 4 2 100 26 2874 3214 2934 2616
17379 4 2 100 26 918 1808 3161 534
17380 4 2 100 26 3161 1808 918 1451
17381 4 2 100 26 3240 472 900 789
17382 4 2 100 26 3240 900 472 2713
17383 4 2 100 26 2174 3265 2176 2191
17384 4 2 100 26 2176 3265 2174 2709
17385 4 2 100 26 3267 1446 1588 1583
17386 4 2 100 26 3267 1588 1446 2700
17387 4 2 100 26 3230 810 864 460
17388 4 2 100 26 3230 864 810 2714
17389 4 2 100 26 3076 2692 2606 2862
17390 4 2 100 26 3076 2606 2692 2865
17391 4 2 100 26 2976 1628 1878 2850
17392 4 2 100 26 2976 1878 1628 1626
17393 4 2 100 26 2977 1123 1402 1121
17394 4 2 100 26 2977 1402 1123 2851
17395 4 2 100 26 3267 665 666 2700
17396 4 2 100 26 3267 666 665 464
17397 4 2 100 26 3265 1019 1203 1213
17398 4 2 100 26 3265 1203 1019 2709
17399 4 2 100 26 3180 2335 1937 2044
17400 4 2 100 26 3180 1937 2335 2726
17401 4 2 100 26 2404 3205 2271 2208
17402 4 2 100 26 2271 3205 2404 2814
17403 4 2 100 26 3240 1986 2357 2713
17404 4 2 100 26 3240 2357 1986 2185
17405 4 2 100 26 3204 2156 2149 2692
17406 4 2 100 26 3204 2149 2156 2181
17407 4 2 100 26 3216 1759 1849 2704
17408 4 2 100 26 3216 1849 1759 1503
17409 4 2 100 26 3348 3029 2948 2572
17410 4 2 100 26 3348 2948 3029 2589
17411 4 2 100 26 3356 3035 2970 2575
17412 4 2 100 26 3356 2970 3035 2591
17413 4 2 100 26 3236 1640 1633 1459
17414 4 2 100 26 3236 1633 1640 2684
17415 4 2 100 26 3017 2277 2279 2278
17416 4 2 100 26 3017 2279 2277 2838
17417 4 2 100 26 3236 1008 1128 2684
17418 4 2 100 26 3236 1128 1008 1245
17419 4 2 100 26 3326 1716 2620 3095
17420 4 2 100 26 3326 2620 1716 1718
17421 4 2 100 26 2868 1632 1635 1634
17422 4 2 100 26 2868 1635 1632 2844
17423 4 2 100 26 3215 1180 1080 1025
17424 4 2 100 26 3215 1080 1180 2697
17425 4 2 100 26 3220 527 582 682
17426 4 2 100 26 3220 582 527 2695
17427 4 2 100 26 525 3219 588 684
17428 4 2 100 26 588 3219 525 2694
17429 4 2 100 26 3135 3372 2959 2651
17430 4 2 100 26 2959 3372 3135 858
17431 4 2 100 26 3142 2986 2942 2523
17432 4 2 100 26 3142 2942 2986 2643
17433 4 2 100 26 3066 2697 2607 2856
17434 4 2 100 26 3066 2607 2697 2845
17435 4 2 100 26 3333 3054 2986 2643
17436 4 2 100 26 3333 2986 3054 2129
17437 4 2 100 26 3228 3270 2943 2571
17438 4 2 100 26 2943 3270 3228 1072
17439 4 2 100 26 3219 1682 1683 1490
17440 4 2 100 26 3219 1683 1682 2694
17441 4 2 100 26 3250 1182 1086 2705
17442 4 2 100 26 3250 1086 1182 1023
17443 4 2 100 26 2865 1079 1080 1081
17444 4 2 100 26 2865 1080 1079 2845
17445 4 2 100 26 3049 3194 3148 2569
17446 4 2 100 26 2838 2279 2424 2749
17447 4 2 100 26 2838 2424 2279 2277
17448 4 2 100 26 502 1481 93 683
17449 4 2 100 26 502 93 1481 1921
17450 4 2 100 26 2831 2954 2779 2518
17451 4 2 100 26 2779 2954 2831 2557
17452 4 2 100 26 1270 3229 1269 1421
17453 4 2 100 26 1269 3229 1270 3133
17454 4 2 100 26 2858 1127 1406 2842
17455 4 2 100 26 2858 1406 1127 1129
17456 4 2 100 26 3370 2205 2207 2987
17457 4 2 100 26 3370 2207 2205 2204
17458 4 2 100 26 3212 3313 2953 2573
17459 4 2 100 26 2953 3313 3212 2252
17460 4 2 100 26 3175 3319 722 735
17461 4 2 100 26 722 3319 3175 2621
17462 4 2 100 26 3244 3247 2939 2583
17463 4 2 100 26 2939 3247 3244 1366
17464 4 2 100 26 2926 3264 2879 2538
17465 4 2 100 26 2879 3264 2926 2611
17466 4 2 100 26 3365 761 3049 2781
17467 4 2 100 26 3049 761 3365 3148
17468 4 2 100 26 3049 2569 3365 2781
17469 4 2 100 26 3365 2569 3049 3148
17470 4 2 100 26 3069 2686 2624 2873
17471 4 2 100 26 3069 2624 2686 2843
17472 4 2 100 26 1255 3209 1340 1260
17473 4 2 100 26 1340 3209 1255 2782
17474 4 2 100 26 3349 1040 3232 2595
17475 4 2 100 26 3349 3232 1040 1424
17476 4 2 100 26 2150 2875 2149 2148
17477 4 2 100 26 2149 2875 2150 2862
17478 4 2 100 26 3197 3137 2509 2639
17479 4 2 100 26 3197 2509 3137 2553
17480 4 2 100 26 2876 583 582 581
17481 4 2 100 26 2876 582 583 2867
17482 4 2 100 26 3286 3202 2218 2219
17483 4 2 100 26 3286 2218 3202 2557
17484 4 2 100 26 3199 3241 2952 1094
17485 4 2 100 26 2952 3241 3199 2572
17486 4 2 100 26 3200 3245 2946 1791
17487 4 2 100 26 2946 3245 3200 2575
17488 4 2 100 26 2877 2114 2317 2329
17489 4 2 100 26 2877 2317 2114 2853
17490 4 2 100 26 2904 1900 1912 1934
17491 4 2 100 26 2904 1912 1900 2804
17492 4 2 100 26 2872 1685 1683 1687
17493 4 2 100 26 2872 1683 1685 2860
17494 4 2 100 26 2861 1672 1832 2856
17495 4 2 100 26 2861 1832 1672 1690
17496 4 2 100 26 3019 734 742 2847
17497 4 2 100 26 3019 742 734 741
17498 4 2 100 26 589 2870 882 587
17499 4 2 100 26 882 2870 589 2866
17500 4 2 100 26 2928 3258 2911 2644
17501 4 2 100 26 2911 3258 2928 2550
17502 4 2 100 26 2060 985 413 1266
17503 4 2 100 26 413 985 2060 2439
17504 4 2 100 26 2891 629 630 2854
17505 4 2 100 26 2891 630 629 631
17506 4 2 100 26 2883 1085 1380 2881
17507 4 2 100 26 2883 1380 1085 1087
17508 4 2 100 26 2908 3258 2892 2531
17509 4 2 100 26 2892 3258 2908 2644
17510 4 2 100 26 3024 1794 1793 1603
17511 4 2 100 26 3024 1793 1794 2848
17512 4 2 100 26 3150 1035 1418 2890
17513 4 2 100 26 3150 1418 1035 949
17514 4 2 100 26 3171 2483 3042 2626
17515 4 2 100 26 3171 3042 2483 2466
17516 4 2 100 26 3370 2203 2202 2204
17517 4 2 100 26 3370 2202 2203 3008
17518 4 2 100 26 3248 3270 2943 1369
17519 4 2 100 26 2943 3270 3248 2586
17520 4 2 100 26 3149 2699 2625 2891
17521 4 2 100 26 3149 2625 2699 2877
17522 4 2 100 26 2889 2155 2362 2136
17523 4 2 100 26 2889 2362 2155 2887
17524 4 2 100 26 2894 3283 2872 2628
17525 4 2 100 26 2872 3283 2894 2548
17526 4 2 100 26 3301 3318 3050 2486
17527 4 2 100 26 3050 3318 3301 2630
17528 4 2 100 26 3234 1789 1797 1466
17529 4 2 100 26 3234 1797 1789 2719
17530 4 2 100 26 3234 1029 1063 2719
17531 4 2 100 26 3234 1063 1029 1249
17532 4 2 100 26 2954 2901 2796 2557
17533 4 2 100 26 2954 2796 2901 2486
17534 4 2 100 26 2929 1888 1588 1823
17535 4 2 100 26 2929 1588 1888 2908
17536 4 2 100 26 3346 3074 2959 2631
17537 4 2 100 26 3346 2959 3074 860
17538 4 2 100 26 3128 1070 3045 2768
17539 4 2 100 26 3128 3045 1070 1242
17540 4 2 100 26 994 1906 2680 1327
17541 4 2 100 26 994 2680 1906 1463
17542 4 2 100 26 2853 3233 2815 2530
17543 4 2 100 26 2815 3233 2853 2601
17544 4 2 100 26 2867 3281 2870 2537
17545 4 2 100 26 2870 3281 2867 2613
17546 4 2 100 26 2920 3130 2576 2522
17547 4 2 100 26 2920 2576 3130 2596
17548 4 2 100 26 2992 2576 3130 2522
17549 4 2 100 26 2992 3130 2576 2596
17550 4 2 100 26 2612 874 2778 3183
17551 4 2 100 26 2612 2778 874 3321
17552 4 2 100 26 3392 3149 2799 2528
17553 4 2 100 26 3392 2799 3149 2625
17554 4 2 100 26 2876 3249 2917 2541
17555 4 2 100 26 2917 3249 2876 2623
17556 4 2 100 26 3152 2782 2996 2588
17557 4 2 100 26 3152 2996 2782 3397
17558 4 2 100 26 3333 2307 2986 2129
17559 4 2 100 26 3333 2986 2307 3011
17560 4 2 100 26 2882 3272 2914 2605
17561 4 2 100 26 2914 3272 2882 2543
17562 4 2 100 26 2886 3214 2930 2616
17563 4 2 100 26 2930 3214 2886 2529
17564 4 2 100 26 2903 3264 2855 2611
17565 4 2 100 26 2855 3264 2903 2534
17566 4 2 100 26 3323 3261 1615 2603
17567 4 2 100 26 3323 1615 3261 1617
17568 4 2 100 26 2893 3283 2883 2536
17569 4 2 100 26 2883 3283 2893 2628
17570 4 2 100 26 2969 3343 2913 1395
17571 4 2 100 26 2969 2913 3343 2635
17572 4 2 100 26 3160 2913 3343 1395
17573 4 2 100 26 3160 3343 2913 2635
17574 4 2 100 26 3119 3050 3140 2524
17575 4 2 100 26 3119 3140 3050 2630
17576 4 2 100 26 3397 1338 3152 1253
17577 4 2 100 26 3397 3152 1338 2782
17578 4 2 100 26 3287 686 745 509
17579 4 2 100 26 3287 745 686 2941
17580 4 2 100 26 3355 2588 1853 2786
17581 4 2 100 26 3355 1853 2588 3107
17582 4 2 100 26 1510 939 217 1730
17583 4 2 100 26 1510 217 939 1416
17584 4 2 100 26 3385 1934 2655 2904
17585 4 2 100 26 3385 2655 1934 1549
17586 4 2 100 26 1900 2655 1934 2904
17587 4 2 100 26 1900 1934 2655 1549
17588 4 2 100 26 2522 2576 3391 2992
17589 4 2 100 26 2522 3391 2576 3106
17590 4 2 100 26 3171 1322 1049 1031
17591 4 2 100 26 3171 1049 1322 2764
17592 4 2 100 26 3318 2558 1348 2902
17593 4 2 100 26 3318 1348 2558 2978
17594 4 2 100 26 3332 3139 2958 1339
17595 4 2 100 26 3332 2958 3139 2638
17596 4 2 100 26 3369 1336 2958 1334
17597 4 2 100 26 3369 2958 1336 2990
17598 4 2 100 26 3333 1408 2643 3011
17599 4 2 100 26 3333 2643 1408 1411
17600 4 2 100 26 2942 2643 1408 3011
17601 4 2 100 26 2942 1408 2643 1411
17602 4 2 100 26 3110 2959 2922 2519
17603 4 2 100 26 3110 2922 2959 2631
17604 4 2 100 26 3225 2620 1717 2833
17605 4 2 100 26 3225 1717 2620 3141
17606 4 2 100 26 1718 1717 2620 2833
17607 4 2 100 26 1718 2620 1717 3141
17608 4 2 100 26 3379 2076 1972 2078
17609 4 2 100 26 3379 1972 2076 2771
17610 4 2 100 26 2940 1553 1554 1555
17611 4 2 100 26 2940 1554 1553 3105
17612 4 2 100 26 3323 1619 2775 3030
17613 4 2 100 26 3323 2775 1619 1617
17614 4 2 100 26 3332 1336 2958 2990
17615 4 2 100 26 3332 2958 1336 1339
17616 4 2 100 26 3369 3177 2990 1604
17617 4 2 100 26 3369 2990 3177 2646
17618 4 2 100 26 2915 2990 3177 1604
17619 4 2 100 26 2915 3177 2990 2646
17620 4 2 100 26 3361 2484 2951 2820
17621 4 2 100 26 3361 2951 2484 2476
17622 4 2 100 26 3191 2515 2696 2975
17623 4 2 100 26 3191 2696 2515 3144
17624 4 2 100 26 1416 1649 2727 1510
17625 4 2 100 26 2727 1649 1416 1032
17626 4 2 100 26 3126 2958 2915 2638
17627 4 2 100 26 3126 2915 2958 2521
17628 4 2 100 26 3314 3105 2940 1553
17629 4 2 100 26 3314 2940 3105 2648
17630 4 2 100 26 3194 823 2755 3116
17631 4 2 100 26 3194 2755 823 774
17632 4 2 100 26 3194 2422 3136 3049
17633 4 2 100 26 3194 3136 2422 2215
17634 4 2 100 26 3287 2254 2382 2941
17635 4 2 100 26 3287 2382 2254 1999
17636 4 2 100 26 1531 3226 1487 2615
17637 4 2 100 26 1531 1487 3226 1528
17638 4 2 100 26 3108 1487 3226 2615
17639 4 2 100 26 3108 3226 1487 1528
17640 4 2 100 26 2776 2564 2650 3338
17641 4 2 100 26 2650 2564 2776 3376
17642 4 2 100 26 3194 761 3148 774
17643 4 2 100 26 3194 3148 761 3049
17644 4 2 100 26 3339 2204 2641 2961
17645 4 2 100 26 3339 2641 2204 2207
17646 4 2 100 26 3370 2641 2204 2961
17647 4 2 100 26 3370 2204 2641 2207
17648 4 2 100 26 3372 859 2959 2998
17649 4 2 100 26 3372 2959 859 858
17650 4 2 100 26 2641 3339 2857 1211
17651 4 2 100 26 2641 2857 3339 2961
17652 4 2 100 26 1190 2857 3339 1211
17653 4 2 100 26 1190 3339 2857 2961
17654 4 2 100 26 529 1470 3051 744
17655 4 2 100 26 529 3051 1470 1754
17656 4 2 100 26 782 2216 163 481
17657 4 2 100 26 163 2216 782 1968
17658 4 2 100 26 512 2254 181 686
17659 4 2 100 26 181 2254 512 1966
17660 4 2 100 26 3154 1618 1619 2775
17661 4 2 100 26 3154 1619 1618 1620
17662 4 2 100 26 3167 1810 2683 1747
17663 4 2 100 26 3167 2683 1810 2997
17664 4 2 100 26 3201 2430 2440 2770
17665 4 2 100 26 3201 2440 2430 2068
17666 4 2 100 26 3389 743 636 507
17667 4 2 100 26 3389 636 743 2752
17668 4 2 100 26 3119 1845 1711 2675
17669 4 2 100 26 3119 1711 1845 1709
17670 4 2 100 26 3368 1144 2561 2973
17671 4 2 100 26 3368 2561 1144 1146
17672 4 2 100 26 2299 453 115 796
17673 4 2 100 26 115 453 2299 1971
17674 4 2 100 26 3129 1189 1185 2822
17675 4 2 100 26 3129 1185 1189 1187
17676 4 2 100 26 2474 2452 433 2336
17677 4 2 100 26 2474 433 2452 2480
17678 4 2 100 26 3387 1745 1661 3092
17679 4 2 100 26 3387 1661 1745 1450
17680 4 2 100 26 3395 2796 2524 2629
17681 4 2 100 26 3395 2524 2796 3057
17682 4 2 100 26 3387 446 835 781
17683 4 2 100 26 3387 835 446 3092
17684 4 2 100 26 917 1654 2895 1509
17685 4 2 100 26 2895 1654 917 444
17686 4 2 100 26 1927 994 3329 1261
17687 4 2 100 26 3329 994 1927 1463
17688 4 2 100 26 2038 951 321 2446
17689 4 2 100 26 2038 321 951 1294
17690 4 2 100 26 1610 3245 1859 1792
17691 4 2 100 26 1859 3245 1610 2946
17692 4 2 100 26 3155 1941 1947 1958
17693 4 2 100 26 3155 1947 1941 2726
17694 4 2 100 26 1464 991 310 1652
17695 4 2 100 26 310 991 1464 1422
17696 4 2 100 26 3062 294 1748 1467
17697 4 2 100 26 3062 1748 294 1183
17698 4 2 100 26 3358 1452 1172 1910
17699 4 2 100 26 3358 1172 1452 3147
17700 4 2 100 26 3179 3400 1656 2669
17701 4 2 100 26 1656 3400 3179 2803
17702 4 2 100 26 3394 1563 3170 1908
17703 4 2 100 26 3394 3170 1563 2967
17704 4 2 100 26 3320 1423 2783 3001
17705 4 2 100 26 3320 2783 1423 1333
17706 4 2 100 26 3358 1928 302 1263
17707 4 2 100 26 3358 302 1928 1547
17708 4 2 100 26 824 2460 2820 533
17709 4 2 100 26 2820 2460 824 2468
17710 4 2 100 26 1497 504 90 702
17711 4 2 100 26 90 504 1497 1920
17712 4 2 100 26 3398 3338 2489 2678
17713 4 2 100 26 2489 3338 3398 2778
17714 4 2 100 26 2489 3390 3398 2678
17715 4 2 100 26 3398 3390 2489 2778
17716 4 2 100 26 1504 32 3335 1762
17717 4 2 100 26 1504 3335 32 3336
17718 4 2 100 26 1902 3147 1541 1452
17719 4 2 100 26 1541 3147 1902 3120
17720 4 2 100 26 3379 788 2432 456
17721 4 2 100 26 3379 2432 788 2995
17722 4 2 100 26 3367 2171 2023 2324
17723 4 2 100 26 3367 2023 2171 3316
17724 4 2 100 26 3393 542 543 926
17725 4 2 100 26 3393 543 542 3187
17726 4 2 100 26 2446 1296 3349 951
17727 4 2 100 26 2446 3349 1296 2033
17728 4 2 100 26 2472 1925 2888 1578
17729 4 2 100 26 2472 2888 1925 2479
17730 4 2 100 26 3351 30 3350 1770
17731 4 2 100 26 3351 3350 30 818
17732 4 2 100 26 3350 2485 1770 1504
17733 4 2 100 26 3350 1770 2485 3351
17734 4 2 100 26 3192 1770 2485 1504
17735 4 2 100 26 3192 2485 1770 3351
17736 4 2 100 26 2666 3327 2406 3124
17737 4 2 100 26 2666 2406 3327 2379
17738 4 2 100 26 2100 2406 3327 3124
17739 4 2 100 26 2100 3327 2406 2379
$EndElements
