$MeshFormat
2.2 0 8
$EndMeshFormat
$Nodes
3621
1 0 0 0
2 1 0 0
3 3 0 0
4 4 0 0
5 4 2 0
6 0 2 0
7 0.04166666666658587 0 0
8 0.08333333333317507 0 0
9 0.1249999999997802 0 0
10 0.1666666666663275 0 0
11 0.2083333333328712 0 0
12 0.2499999999994149 0 0
13 0.2916666666659586 0 0
14 0.3333333333325024 0 0
15 0.3749999999990474 0 0
16 0.4166666666655925 0 0
17 0.4583333333321377 0 0
18 0.4999999999986827 0 0
19 0.541666666665459 0 0
20 0.5833333333322355 0 0
21 0.6249999999990119 0 0
22 0.6666666666657883 0 0
23 0.7083333333325648 0 0
24 0.7499999999993412 0 0
25 0.7916666666661176 0 0
26 0.8333333333328942 0 0
27 0.8749999999996706 0 0
28 0.916666666666447 0 0
29 0.9583333333332235 0 0
30 3.0416666666668 0 0
31 3.083333333334091 0 0
32 3.125000000000857 0 0
33 3.166666666667592 0 0
34 3.208333333334258 0 0
35 3.25000000000052 0 0
36 3.291666666666707 0 0
37 3.333333333333333 0 0
38 3.374999999999685 0 0
39 3.416666666666137 0 0
40 3.458333333332616 0 0
41 3.49999999999894 0 0
42 3.541666666666315 0 0
43 3.58333333333341 0 0
44 3.625000000000008 0 0
45 3.666666666666667 0 0
46 3.708333333333353 0 0
47 3.750000000000063 0 0
48 3.791666666666543 0 0
49 3.833333333332982 0 0
50 3.874999999999768 0 0
51 3.916666666666679 0 0
52 3.958333333333239 0 0
53 4 0.04999999999990701 0
54 4 0.09999999999980069 0
55 4 0.1499999999997085 0
56 4 0.1999999999996337 0
57 4 0.2499999999995562 0
58 4 0.2999999999994095 0
59 4 0.3499999999992627 0
60 4 0.3999999999991159 0
61 4 0.4499999999989701 0
62 4 0.4999999999988242 0
63 4 0.5499999999986784 0
64 4 0.5999999999985326 0
65 4 0.6499999999983868 0
66 4 0.6999999999982409 0
67 4 0.7499999999980951 0
68 4 0.7999999999979492 0
69 4 0.8499999999978034 0
70 4 0.8999999999976576 0
71 4 0.9499999999975117 0
72 4 0.9999999999973658 0
73 4 1.049999999997498 0
74 4 1.099999999997629 0
75 4 1.149999999997761 0
76 4 1.199999999997893 0
77 4 1.249999999998024 0
78 4 1.299999999998156 0
79 4 1.349999999998287 0
80 4 1.399999999998419 0
81 4 1.44999999999855 0
82 4 1.499999999998682 0
83 4 1.549999999998814 0
84 4 1.599999999998945 0
85 4 1.649999999999077 0
86 4 1.699999999999209 0
87 4 1.749999999999341 0
88 4 1.799999999999473 0
89 4 1.849999999999604 0
90 4 1.899999999999736 0
91 4 1.949999999999868 0
92 3.944444444444231 2 0
93 3.888888888888501 2 0
94 3.83333333333267 2 0
95 3.777777777776919 2 0
96 3.7222222222211 2 0
97 3.666666666665266 2 0
98 3.611111111109496 2 0
99 3.555555555553704 2 0
100 3.499999999998364 2 0
101 3.444444444443093 2 0
102 3.388888888887768 2 0
103 3.333333333332414 2 0
104 3.277777777777288 2 0
105 3.22222222222207 2 0
106 3.166666666666923 2 0
107 3.111111111111727 2 0
108 3.055555555556372 2 0
109 3.000000000001193 2 0
110 2.944444444445927 2 0
111 2.888888888890833 2 0
112 2.833333333335609 2 0
113 2.777777777780414 2 0
114 2.722222222225414 2 0
115 2.666666666670365 2 0
116 2.611111111115369 2 0
117 2.555555555560291 2 0
118 2.500000000005269 2 0
119 2.444444444450149 2 0
120 2.388888888894966 2 0
121 2.333333333339749 2 0
122 2.277777777784332 2 0
123 2.222222222229004 2 0
124 2.166666666673711 2 0
125 2.111111111118409 2 0
126 2.055555555563203 2 0
127 2.00000000000785 2 0
128 1.944444444452182 2 0
129 1.888888888896514 2 0
130 1.833333333340846 2 0
131 1.777777777785177 2 0
132 1.72222222222939 2 0
133 1.666666666673604 2 0
134 1.611111111117817 2 0
135 1.555555555562031 2 0
136 1.500000000006244 2 0
137 1.444444444450457 2 0
138 1.388888888894671 2 0
139 1.333333333338884 2 0
140 1.277777777783097 2 0
141 1.222222222227311 2 0
142 1.166666666671524 2 0
143 1.111111111115738 2 0
144 1.055555555559951 2 0
145 1.000000000004164 2 0
146 0.9444444444483779 2 0
147 0.8888888888925912 2 0
148 0.8333333333368045 2 0
149 0.7777777777810178 2 0
150 0.7222222222252315 2 0
151 0.6666666666694447 2 0
152 0.611111111113658 2 0
153 0.5555555555578713 2 0
154 0.500000000002085 2 0
155 0.4444444444462983 2 0
156 0.3888888888905111 2 0
157 0.3333333333347239 2 0
158 0.2777777777789368 2 0
159 0.2222222222231491 2 0
160 0.166666666667362 2 0
161 0.1111111111115743 2 0
162 0.05555555555578717 2 0
163 0 1.950000000000079 0
164 0 1.900000000000071 0
165 0 1.849999999999982 0
166 0 1.799999999999869 0
167 0 1.749999999999896 0
168 0 1.699999999999883 0
169 0 1.649999999999932 0
170 0 1.599999999999999 0
171 0 1.55000000000035 0
172 0 1.500000000000659 0
173 0 1.450000000000998 0
174 0 1.400000000001367 0
175 0 1.350000000001678 0
176 0 1.300000000001989 0
177 0 1.250000000002407 0
178 0 1.200000000002774 0
179 0 1.150000000003083 0
180 0 1.100000000003585 0
181 0 1.050000000003779 0
182 0 1.000000000003841 0
183 0 0.9500000000037134 0
184 0 0.9000000000035855 0
185 0 0.8500000000034578 0
186 0 0.8000000000033298 0
187 0 0.7500000000031217 0
188 0 0.7000000000029138 0
189 0 0.650000000002706 0
190 0 0.6000000000024981 0
191 0 0.55000000000229 0
192 0 0.5000000000020821 0
193 0 0.450000000001874 0
194 0 0.4000000000016661 0
195 0 0.3500000000014578 0
196 0 0.3000000000012495 0
197 0 0.2500000000010414 0
198 0 0.2000000000008331 0
199 0 0.1500000000006247 0
200 0 0.1000000000004164 0
201 0 0.05000000000020832 0
202 2.998795456198955 0.04906767445397688 0
203 2.99518472664778 0.09801714057747045 0
204 2.989176509909847 0.1467304748256934 0
205 2.980785280304072 0.1950903225146327 0
206 2.970031253034476 0.2429801805422912 0
207 2.956940335491199 0.2902846780489666 0
208 2.941544064854616 0.3368898543100503 0
209 2.923879532084322 0.3826834333958744 0
210 2.903989292564393 0.427555094612295 0
211 2.881921263627848 0.4713967381739712 0
212 2.857728609105565 0.5141027456859504 0
213 2.831469611246785 0.5555702345996593 0
214 2.803207530176637 0.5956993062506846 0
215 2.773010451890864 0.6343932859571272 0
216 2.740951123688652 0.6715589566855052 0
217 2.707106779326912 0.7071067830461835 0
218 2.671558952802757 0.7409511272077699 0
219 2.634393281969634 0.7730104551633155 0
220 2.595699302099491 0.8032075332553718 0
221 2.555570230384047 0.8314696140635669 0
222 2.51410274134568 0.8577286117070227 0
223 2.471396733775512 0.8819212659788734 0
224 2.427555090249271 0.9039892946279495 0
225 2.382683429042031 0.9238795338877428 0
226 2.336889849852338 0.941544066449611 0
227 2.29028467352657 0.9569403368630527 0
228 2.242980176086057 0.9700312541507046 0
229 2.195090318100781 0.9807852811820414 0
230 2.146730470328037 0.9891765105770117 0
231 2.098017136069653 0.9951847270917612 0
232 2.049067669854987 0.9987954564248888 0
233 1.999999995362626 1 0
234 1.950932321036258 0.9987954559774044 0
235 1.901982855153888 0.9951847262273554 0
236 1.853269521254265 0.9891765093283642 0
237 1.804909673912779 0.9807852795934399 0
238 1.757019816215867 0.9700312522224368 0
239 1.709715319086603 0.9569403346222832 0
240 1.663110143168897 0.941544063952569 0
241 1.617316564472934 0.9238795312015533 0
242 1.572444903536155 0.9039892916886751 0
243 1.528603260260241 0.8819212627909172 0
244 1.485897253087564 0.8577286083704376 0
245 1.44442976448175 0.8314696106330024 0
246 1.404300693249413 0.8032075298058841 0
247 1.365606713722149 0.7730104516276533 0
248 1.328441043293691 0.7409511236697963 0
249 1.292893217186535 0.7071067795596303 0
250 1.259048873119873 0.6715589531642548 0
251 1.226989545212304 0.6343932824273282 0
252 1.196792467257659 0.5956993027912332 0
253 1.168530386603162 0.5555702313818776 0
254 1.142271389076982 0.5141027426537127 0
255 1.118078734876282 0.4713967353753947 0
256 1.096010706287601 0.4275550921850389 0
257 1.076120467036316 0.382683431272906 0
258 1.058455934465547 0.3368898524100327 0
259 1.043059664006244 0.2902846763922564 0
260 1.029968746614943 0.2429801791426945 0
261 1.019214719477547 0.1950903214167558 0
262 1.010823489968636 0.1467304740064945 0
263 1.004815273301445 0.09801714006194151 0
264 1.001204543789439 0.04906767421772212 0
265 0.3100539939515671 1.015564165064075 0
266 3.689946005873637 1.015564165113236 0
267 1.199186369453946 1.060454139132769 0
268 2.800813624939908 1.060454143006138 0
269 3.499999999999999 0.2886751345948126 0
270 0.4999999999991454 0.2886751345944326 0
271 0.6988208229460017 1.590389466003289 0
272 3.301179175658108 1.5903894684471 0
273 1.791361462062078 1.306853567383342 0
274 2.197292592677482 1.314503696460295 0
275 0.9253538212749275 0.7175117122861957 0
276 3.074646176469672 0.7175117149394724 0
277 0.8523913712859055 1.153316957374374 0
278 3.147608625999872 1.153316960184759 0
279 2.868536758265395 1.446753968451423 0
280 1.131463237360561 1.44675396514932 0
281 1.998109009127576 1.655835397909538 0
282 0.3297811083708364 0.600221073686126 0
283 3.670218891408759 0.6002210738660434 0
284 0.3109983236566818 1.386100730553675 0
285 3.689001675828413 1.386100730969664 0
286 2.474635389236608 1.653662167672211 0
287 1.523820943007199 1.652881542119787 0
288 3.198847317745496 0.3261310444684558 0
289 0.8011526814260579 0.3261310435194573 0
290 3.361224864585651 0.5679159838805751 0
291 0.6387751335801699 0.5679159829632097 0
292 0.6227955152135964 0.8766252599129316 0
293 3.377204484754599 0.8766252604225373 0
294 0.3014452717548973 1.711974389408801 0
295 3.698554728243369 1.71197438940658 0
296 1.44386434702751 1.320536241648054 0
297 2.554820378440363 1.321396522369708 0
298 0.2295263571279722 0.2523830753852518 0
299 3.770473642870815 0.2523830753851053 0
300 3.44433014519536 1.198676362854229 0
301 0.5556698532876252 1.198676362843113 0
302 1.112625081229917 1.767877090565076 0
303 2.887262406127705 1.767933990773779 0
304 2.93772990070479 0.8889829289728055 0
305 3.111127401234772 0.9354143375621156 0
306 2.97421112546989 1.106885551595449 0
307 1.062270095364437 0.8889829257094826 0
308 1.025788870369926 1.106885548253572 0
309 0.8888725962804165 0.935414334830285 0
310 2.75396020213341 0.883780463026161 0
311 2.890876477898292 0.712309248992828 0
312 1.246039793320241 0.8837804593461998 0
313 1.109123519230731 0.712309245922913 0
314 1.99432702736978 1.310678631921819 0
315 2.097700800902529 1.485169547184917 0
316 1.894735235594827 1.48134448264644 0
317 1.895680728712352 1.153426783691671 0
318 2.098646294020054 1.157251848230147 0
319 0.7756060971159535 1.371853211688832 0
320 0.9919273043232331 1.300035461261847 0
321 0.9151420301532811 1.518571715576305 0
322 3.22439390082899 1.371853214315929 0
323 3.084857966961752 1.518571718449262 0
324 3.008072692132634 1.300035464318091 0
325 3.136746747107584 0.5218213797039641 0
326 3.280036091165574 0.4470235141745154 0
327 3.217935520527661 0.6427138494100237 0
328 0.8632532513504927 0.5218213779028265 0
329 0.7820644774275487 0.6427138476247027 0
330 0.7199639075031139 0.4470235132413335 0
331 2.999262854276997 0.5500975741676735 0
332 3.061363424914909 0.3544072389321651 0
333 1.000737144155622 0.5500975717795509 0
334 0.9386365742311868 0.3544072373961817 0
335 1.40825146696344 0.9921668351671613 0
336 1.530590455750222 1.122207886424804 0
337 1.321525358240728 1.190495190390412 0
338 2.591748526990969 0.9921668384469406 0
339 2.677817001690135 1.190925332687923 0
340 2.468751903741197 1.122638028128726 0
341 0.6272453381168135 1.394532914423201 0
342 0.7040306122867653 1.175996660108744 0
343 3.295969385597616 1.175996661519493 0
344 3.372754660426734 1.394532915650664 0
345 1.704339013267506 1.115366549292448 0
346 1.617612904544794 1.313694904515698 0
347 2.289988010859757 1.119191615174019 0
348 2.376056485558923 1.317950109415002 0
349 2.834675191602651 1.253604055728781 0
350 1.165324803407253 1.253604052141045 0
351 2.335963990957045 1.484082932066253 0
352 2.236372199182092 1.654748782790875 0
353 1.760964976067387 1.654358470014663 0
354 1.657591202534639 1.479867554751565 0
355 1.32764209018388 1.549817753634554 0
356 1.318223012118558 1.710379316342432 0
357 1.122044159295239 1.607315527857198 0
358 2.671586073751002 1.550208068061817 0
359 2.87789958219655 1.607343979612601 0
360 2.680948897682157 1.710798079222995 0
361 0.5716326336961499 1.795194733001645 0
362 0.7938548559192964 1.795194733001645 0
363 3.206145143384918 1.79519473422355 0
364 3.428367365605906 1.79519473422355 0
365 3.094220790892907 1.67916172961044 0
366 0.9057229520879595 1.679133278284183 0
367 0.1550269969757835 0.9077820825337025 0
368 0.1550269969757835 1.107782082533425 0
369 3.844973002936818 1.107782082555564 0
370 3.844973002936818 0.9077820825555926 0
371 1.287663792194035 1.383645103398687 0
372 1.483842645017355 1.48670889188392 0
373 2.514727883838486 1.48752934502096 0
374 2.711678568352879 1.384075245410566 0
375 0.1648905541854182 0.5001105368438961 0
376 0.1648905541854182 0.7001105368447279 0
377 3.83510944570438 0.7001105369319963 0
378 3.83510944570438 0.5001105369325797 0
379 2.11016561567829 1.827917698954769 0
380 2.348428805732806 1.826831083836106 0
381 1.887943393456376 1.827917698954769 0
382 1.650799360396188 1.826440771059894 0
383 0.1554991618283409 1.293050365278225 0
384 0.1554991618283409 1.493050365276837 0
385 3.844500837914206 1.493050365484304 0
386 3.844500837914206 1.293050365483778 0
387 0.3105261588041245 1.200832447808875 0
388 3.689473840851025 1.20083244804145 0
389 0.3199175511612017 0.8078926193751006 0
390 3.680082448641198 0.8078926194896396 0
391 0.5833333333324668 0.1443375672972163 0
392 0.4166666666658239 0.1443375672972163 0
393 3.583333333333333 0.1443375672974063 0
394 3.416666666666666 0.1443375672974063 0
395 2.999186758619716 1.88396699538689 0
396 1.000756985061254 1.883938545282538 0
397 2.570651027953487 1.826831083836106 0
398 1.428577138173042 1.826440771059894 0
399 3.099423658872748 0.1630655222342279 0
400 0.9005763407130289 0.1630655217597287 0
401 0.4148905541849909 0.4444481041402792 0
402 0.2796537327494043 0.4263020745356889 0
403 0.3647631785635588 0.2705291049898422 0
404 3.585109445704379 0.444448104230428 0
405 3.635236821435407 0.270529104989959 0
406 3.720346267139787 0.4263020746255743 0
407 0.1147631785639861 0.1261915376926259 0
408 0.1147631785639861 0.326191537693459 0
409 3.885236821435408 0.3261915376921106 0
410 3.885236821435408 0.1261915376925526 0
411 0.1507226358774486 1.8559871947044 0
412 0.3729448581005977 1.8559871947044 0
413 3.627055141898537 1.85598719470329 0
414 3.849277364121685 1.85598719470329 0
415 3.225925330612136 0.7970684876810048 0
416 3.262406555377236 1.014971110303648 0
417 0.737593443249751 1.014971108643653 0
418 0.774074668244262 0.7970684860995636 0
419 0.1507226358774486 1.6559871947044 0
420 3.849277364121685 1.655987194702762 0
421 0.7339096740459231 0.1630655217597287 0
422 3.266090325539415 0.1630655222342279 0
423 2.776964536399035 1.88396699538689 0
424 1.222979207284401 1.883938545282538 0
425 0.4762883117922164 0.7384231667995288 0
426 0.4664247545825818 0.9460947124885034 0
427 3.533575245314118 0.9460947127678866 0
428 3.523711688081679 0.7384231671442903 0
429 0.2814298452302373 0.1261915376926259 0
430 3.718570154768741 0.1261915376925526 0
431 0.5049095733013418 1.488245098278482 0
432 0.4333340884721535 1.292388546698394 0
433 3.49509042574326 1.488245099708382 0
434 3.566665910511887 1.292388546911946 0
435 0.5001330473504495 1.651181927706045 0
436 3.499866951950739 1.65118192892684 0
437 3.515721877997205 0.5840685288733092 0
438 3.430612432292825 0.4282955592376938 0
439 0.5693875667896576 0.4282955587788211 0
440 0.4842781209755032 0.5840685283246678 0
441 0.6307853243968832 0.7222706214380706 0
442 3.369214674670125 0.7222706221515562 0
443 3.349423658872748 0.3074030895316342 0
444 0.6505763407126016 0.3074030890569449 0
445 0.3062217977057896 1.549037559981238 0
446 3.693778202035891 1.549037560188122 0
447 0.4328619236195961 1.107120263953594 0
448 3.567138075534499 1.107120263983732 0
449 3.41076731497498 1.037650811638383 0
450 0.5892326842506108 1.037650811378022 0
451 2.869271762822349 0.974718535989472 0
452 2.95597051308734 0.997934240284127 0
453 2.887512375204899 1.083669847300794 0
454 3.024428650969781 0.9121986332674605 0
455 3.042669263352331 1.021149944578782 0
456 3.006188038587231 0.8032473219561389 0
457 3.092886788852222 0.8264630262507939 0
458 3.129368013617322 1.044365648873437 0
459 3.060909875734881 1.130101255890104 0
460 0.9938119583196821 0.8032473189978391 0
461 0.9755713458224265 0.9121986302698838 0
462 0.907113208777672 0.8264630235582404 0
463 1.044029482867181 0.9979342369815272 0
464 0.957330733325171 1.021149941541928 0
465 1.130728232409191 0.9747185324211259 0
466 1.112487619911936 1.08366984369317 0
467 0.9390901208279155 1.130101252813973 0
468 0.870631983783161 1.04436564610233 0
469 2.777386913536659 0.9721173030161497 0
470 2.8458450514191 0.8863816959994832 0
471 2.822418340015851 0.7980448560094945 0
472 2.914303189301541 0.8006460889828168 0
473 2.730533490730161 0.7954436230361722 0
474 2.798991628612602 0.7097080160195057 0
475 2.982761327183982 0.7149104819661503 0
476 1.269466505253388 0.7954436194529151 0
477 1.177581656275486 0.7980448526345564 0
478 1.201008368208633 0.7097080127412716 0
479 1.154154944342339 0.8863816925278412 0
480 1.085696807297584 0.8006460858161978 0
481 1.222613081387093 0.9721172992394845 0
482 1.01723867025283 0.7149104791045544 0
483 1.892844244715929 1.308766099652581 0
484 1.944531131482304 1.39601155728413 0
485 1.843048348828453 1.394099025014891 0
486 2.046013914136155 1.397924089553368 0
487 1.996218018248678 1.483257014915679 0
488 2.095809810023631 1.312591164191057 0
489 2.147496696790006 1.399836621822606 0
490 2.047904905015052 1.570502472547227 0
491 1.946422122361201 1.568589940277989 0
492 1.843521095387215 1.230140175537507 0
493 1.945003878041066 1.232052707806745 0
494 1.997163511366203 1.155339315960909 0
495 2.046486660694917 1.233965240075983 0
496 1.947840362037489 1.076713391845836 0
497 2.04932314469134 1.078625924115074 0
498 2.147969443348768 1.235877772345221 0
499 0.7372134600309777 1.48112133884606 0
500 0.8453740636346173 1.445212463632568 0
501 0.8069814265496413 1.554480590789797 0
502 0.8837667007195933 1.335944336475339 0
503 0.9535346672382571 1.409303588419076 0
504 0.8139987342009295 1.262585084531603 0
505 0.9221593378045693 1.226676209318111 0
506 1.061695270841897 1.373394713205584 0
507 1.023302633756921 1.482662840362812 0
508 3.186001263414431 1.262585087250344 0
509 3.116233296480812 1.33594433931701 0
510 3.077840659066253 1.226676212251425 0
511 3.154625933895371 1.445212466382595 0
512 3.046465329547193 1.409303591383676 0
513 3.262786538243549 1.481121341381515 0
514 3.19301857130993 1.554480593448181 0
515 2.976697362613574 1.482662843450342 0
516 2.938304725199014 1.373394716384757 0
517 3.105696461788628 0.6196665473217182 0
518 3.177341133817623 0.5822676145569939 0
519 3.146290848498666 0.6801127821747481 0
520 3.208391419136579 0.4844224469392397 0
521 3.248985805846617 0.5448686817922695 0
522 3.16779703242654 0.4239762120862099 0
523 3.239441704455535 0.3865772793214856 0
524 3.320630477875612 0.5074697490275453 0
525 3.289580192556656 0.6053149166452994 0
526 0.8322029663882753 0.4239762107111419 0
527 0.7916085794268033 0.48442244557208 0
528 0.7605582944645859 0.3865772783803954 0
529 0.8226588643890207 0.5822676127637646 0
530 0.7510141924653313 0.5448686804330181 0
531 0.8943035363127101 0.6196665450945111 0
532 0.8537091493512381 0.6801127799554492 0
533 0.7104198055038593 0.6053149152939562 0
534 0.6793695205416419 0.5074697481022716 0
535 3.036954515373334 0.633804644553573 0
536 3.06800480069229 0.5359594769358188 0
537 3.030313139595953 0.4522524065499193 0
538 3.099055086011247 0.4381143093180646 0
539 2.961571193180659 0.4663905037817739 0
540 2.992621478499616 0.3685453361640197 0
541 3.130105371330203 0.3402691417003104 0
542 1.038428805595969 0.4663905015262285 0
543 0.9696868591934042 0.4522524045878663 0
544 1.007378520633751 0.3685453343345438 0
545 0.9319951977530572 0.5359594748411887 0
546 0.9009449127908398 0.4381143076495041 0
547 0.9630454827152746 0.6338046420328733 0
548 0.8698946278286224 0.3402691404578195 0
549 1.303718918208693 1.026310487149965 0
550 1.364888412602084 1.091331012778786 0
551 1.260355863847337 1.12547466476159 0
552 1.469420961356831 1.057187360795982 0
553 1.426057906995475 1.156351538407608 0
554 1.512784015718187 0.9580231831843573 0
555 1.573953510111578 1.023043708813178 0
556 1.487227401388866 1.221372064036429 0
557 1.382694852634119 1.255515716019233 0
558 2.4872159780165 0.9580231861673417 0
559 2.530250215366083 1.057402433287833 0
560 2.425717666391614 1.023258781008234 0
561 2.634782764340552 1.091546085567432 0
562 2.573284452715666 1.156781680408324 0
563 2.696281075965438 1.026310490726539 0
564 2.739315313315021 1.125689737847031 0
565 2.616318690065249 1.256160927528816 0
566 2.51178614109078 1.222017275249217 0
567 0.7398183547013595 1.273924935898788 0
568 0.7782109917863353 1.164656808741559 0
569 0.7014257176163835 1.383193063056016 0
570 0.6656379752017894 1.285264787265972 0
571 0.6630330805314075 1.492461190213245 0
572 0.5914575957022193 1.296604638633157 0
573 0.6298502327871953 1.187336511475928 0
574 3.298574280627862 1.383193064983297 0
575 3.336966918042421 1.492461192048882 0
576 3.260181643213303 1.273924937917711 0
577 3.334362023012175 1.285264788585079 0
578 3.221789005798744 1.164656810852126 0
579 3.370149765396488 1.187336512186861 0
580 3.408542402811047 1.296604639252446 0
581 1.66082778887022 1.019623040247001 0
582 1.617464734508864 1.118787217858626 0
583 1.66097595890615 1.214530726904073 0
584 1.574101680147508 1.217951395470251 0
585 1.747850237664792 1.211110058337895 0
586 1.704487183303436 1.31027423594952 0
587 1.530738625786152 1.317115573081876 0
588 2.24364030176862 1.216847655817157 0
589 2.33302224820934 1.21857086229451 0
590 2.286674539118202 1.316226902937648 0
591 2.379369957300477 1.120914821651372 0
592 2.42240419465006 1.220294068771864 0
593 2.336335719950894 1.021535574530881 0
594 2.465438431999643 1.319673315892355 0
595 2.904443158536271 1.180244803662115 0
596 2.817744408271279 1.15702909936746 0
597 2.991141908801262 1.20346050795677 0
598 2.921373941867643 1.276819760023436 0
599 2.851605974934023 1.350179012090102 0
600 1.008858087346579 1.20346050475771 0
601 1.095556836888589 1.180244800197308 0
602 1.078626053865243 1.276819756701446 0
603 1.182255586430599 1.157029095636907 0
604 1.148394020383907 1.350179008645183 0
605 2.16703650004231 1.569959164987896 0
606 2.117240604154834 1.655292090350207 0
607 2.216832395929787 1.484626239625585 0
608 2.286168095069569 1.569415857428564 0
609 2.266628291817264 1.399293314263274 0
610 2.405299690096827 1.568872549869232 0
611 2.35550379420935 1.654205475231543 0
612 1.776163219064733 1.480606018699003 0
613 1.724476332298358 1.393360561067454 0
614 1.827850105831107 1.567851476330552 0
615 1.709278089301013 1.567113012383114 0
616 1.879536992597481 1.6550969339621 0
617 1.642392959537293 1.653620006067225 0
618 1.590706072770919 1.566374548435676 0
619 1.22955266377222 1.498285859391937 0
620 1.224843124739559 1.578566640745876 0
621 1.1267536983279 1.527034746503259 0
622 1.322932551151219 1.630098534988493 0
623 1.220133585706899 1.658847422099815 0
624 1.42573151659554 1.60134964787717 0
625 1.421021977562879 1.68163042923111 0
626 1.215424046674238 1.739128203453754 0
627 1.117334620262578 1.687596309211137 0
628 2.573110731493805 1.601935117867014 0
629 2.676267485716579 1.630503073642406 0
630 2.577792143459383 1.682230123447603 0
631 2.774742827973776 1.578776023837209 0
632 2.779424239939353 1.659071029417798 0
633 2.770061416008199 1.49848101825662 0
634 2.873218170230973 1.527048974032012 0
635 2.882580994162128 1.68763898519319 0
636 2.784105651904931 1.739366034998387 0
637 0.7302607612943706 1.897597366500822 0
638 0.8413718724059438 1.897597366500822 0
639 0.6191496501827973 1.897597366500822 0
640 0.6827437448077232 1.795194733001645 0
641 0.5080385390712241 1.897597366500822 0
642 0.6352267283210757 1.692792099502467 0
643 0.746337839432649 1.692792099502467 0
644 3.38085034946916 1.897597367111775 0
645 3.491961460579805 1.897597367111775 0
646 3.269739238358666 1.897597367111775 0
647 3.317256254495412 1.79519473422355 0
648 3.158628127248322 1.897597367111775 0
649 3.253662159521513 1.692792101335325 0
650 3.364773270632007 1.692792101335325 0
651 2.981378774579151 1.562957849030931 0
652 3.089539378927329 1.59886672402985 0
653 2.986060186544728 1.64325285461152 0
654 3.197699983275507 1.63477559902877 0
655 2.990741598510306 1.723547860192109 0
656 0.9104324911206203 1.598852496930244 0
657 0.8022718875169805 1.634761372143736 0
658 1.01859309472426 1.562943621716751 0
659 1.013883555691599 1.64322440307069 0
660 1.009174016658938 1.723505184424629 0
661 0.07751349848789177 1.053891041268633 0
662 0.07751349848789177 1.1538910412681 0
663 0.07751349848789177 0.953891041268772 0
664 0.1550269969757835 1.007782082533564 0
665 0.07751349848789177 0.8538910412685161 0
666 0.2325404954636753 0.9616731237988889 0
667 0.2325404954636753 1.06167312379875 0
668 3.922486501468409 0.9538910412764792 0
669 3.922486501468409 0.8538910412767708 0
670 3.922486501468409 1.053891041276465 0
671 3.844973002936818 1.007782082555579 0
672 3.922486501468409 1.153891041276728 0
673 3.767459504405227 1.0616731238344 0
674 3.767459504405227 0.9616731238344143 0
675 1.405742367600617 1.518263322759237 0
676 1.503831794012277 1.569795217001854 0
677 1.307652941188958 1.46673142851662 0
678 1.385753218605695 1.435176997641304 0
679 1.209563514777298 1.415199534274004 0
680 1.365764069610773 1.35209067252337 0
681 1.463853496022433 1.403622566765987 0
682 2.69163232105194 1.467141656736191 0
683 2.790107663309137 1.415414606930995 0
684 2.593156978794743 1.518868706541389 0
685 2.613203226095682 1.435802295215763 0
686 2.494681636537547 1.570595756346586 0
687 2.534774131139424 1.404462933695334 0
688 2.633249473396621 1.352735883890137 0
689 0.0824452770927091 0.6500552684236129 0
690 0.0824452770927091 0.7500552684240289 0
691 0.0824452770927091 0.5500552684231971 0
692 0.1648905541854182 0.600110536844312 0
693 0.0824452770927091 0.4500552684227811 0
694 0.2473358312781273 0.550165805265011 0
695 0.2473358312781273 0.6501658052654269 0
696 3.91755472285219 0.5500552684655562 0
697 3.91755472285219 0.4500552684658478 0
698 3.91755472285219 0.6500552684652645 0
699 3.83510944570438 0.600110536932288 0
700 3.91755472285219 0.7500552684649728 0
701 3.75266416855657 0.6501658053990198 0
702 3.75266416855657 0.5501658053993115 0
703 2.861173044572539 0.6339397417962436 0
704 2.915366232761891 0.5528339043836663 0
705 2.945069666087644 0.6312034115802507 0
706 1.084633765379392 0.5528339015807142 0
707 1.138826952916947 0.6339397386523953 0
708 1.054930331693177 0.6312034088512319 0
709 2.166193918953647 1.913958849477384 0
710 2.229297210705548 1.827374391395437 0
711 2.285325513980905 1.913415541918053 0
712 2.173268907430191 1.741333240872822 0
713 2.292400502457449 1.74078993331349 0
714 2.054137312402933 1.741876548432154 0
715 2.411532097484707 1.740246625754159 0
716 1.943026201291976 1.741876548432154 0
717 1.824454184761882 1.741138084484716 0
718 1.769371376926282 1.827179235007331 0
719 1.705882168231788 1.740399620537278 0
720 1.832860585620777 1.913958849477384 0
721 1.714288569090683 1.913220385529947 0
722 1.587310151701694 1.73966115658984 0
723 2.05508280784307 1.913958849477384 0
724 1.943971696732113 1.913958849477384 0
725 1.999054504567333 1.827917698954769 0
726 2.573659378687508 0.9118182262552538 0
727 2.654765216258729 0.8576250385448639 0
728 2.672854364562189 0.9379736507365508 0
729 1.345234778900995 0.8576250349896011 0
730 1.426340615722595 0.9118182229000819 0
731 1.32714563014184 0.9379736472566805 0
732 2.146868306060417 1.069018564706095 0
733 2.242539164480269 1.04998844817803 0
734 2.194317152439905 1.138221731702083 0
735 1.754624343590143 1.048075914442944 0
736 1.850295201312566 1.067106031642556 0
737 1.800009870989929 1.13439666649206 0
738 0.07774958091417046 1.446525182639102 0
739 0.07774958091417046 1.546525182638419 0
740 0.07774958091417046 1.346525182639796 0
741 0.1554991618283409 1.393050365277531 0
742 0.07774958091417046 1.2465251826405 0
743 0.2332487427425114 1.33957554791595 0
744 0.2332487427425114 1.439575547915256 0
745 3.922250418957103 1.346525182741098 0
746 3.922250418957103 1.246525182740835 0
747 3.922250418957103 1.446525182741362 0
748 3.844500837914206 1.393050365484041 0
749 3.922250418957103 1.546525182741625 0
750 3.76675125687131 1.439575548226984 0
751 3.76675125687131 1.339575548226721 0
752 0.1552630794020622 1.200416223905825 0
753 0.232776577889954 1.15430726517115 0
754 0.2330126603162327 1.24694140654355 0
755 0.3102900763778458 1.108198306436475 0
756 0.3107622412304032 1.293466589181275 0
757 3.767223421893922 1.154307265298507 0
758 3.689709923362331 1.108198306577343 0
759 3.844736920425512 1.200416224019671 0
760 3.766987339382616 1.246941406762614 0
761 3.689237758339719 1.293466589505557 0
762 0.2374722740684926 0.8578373509544015 0
763 0.3149857725563844 0.9117283922195879 0
764 0.1599587755806009 0.8039463096892152 0
765 0.24240405267331 0.7540015781099143 0
766 0.3248493297660191 0.7040568465306133 0
767 3.840041224320599 0.8039463097437944 0
768 3.762527725789008 0.857837351022616 0
769 3.757595947172789 0.754001578210818 0
770 3.685014227257418 0.9117283923014378 0
771 3.675150670024979 0.7040568466778415 0
772 0.4583333333322533 0.07216878364860814 0
773 0.3749999999991631 0.07216878364860814 0
774 0.5416666666655747 0.07216878364860814 0
775 0.4999999999991454 0.1443375672972163 0
776 0.6249999999991276 0.07216878364860814 0
777 0.5416666666658061 0.2165063509458244 0
778 0.4583333333324846 0.2165063509458244 0
779 3.458333333332803 0.07216878364870315 0
780 3.375 0.07216878364870315 0
781 3.541666666666136 0.07216878364870315 0
782 3.5 0.1443375672974063 0
783 3.625 0.07216878364870315 0
784 3.541666666666666 0.2165063509461094 0
785 3.458333333333333 0.2165063509461094 0
786 3.150182967138912 1.737178231916995 0
787 3.102665951002317 1.83958086480522 0
788 3.046703774756311 1.781564362498665 0
789 3.055148934865722 1.941983497693445 0
790 2.943224582373711 1.825950493080335 0
791 0.8973059204902754 1.839566639142091 0
792 0.9448229369769228 1.941969272641269 0
793 0.8497889040036279 1.737164005642914 0
794 0.9532399685746069 1.78153591178336 0
795 1.056691033145586 1.825907817923807 0
796 2.507547736201817 1.913415541918053 0
797 2.618658847311926 1.913415541918053 0
798 2.396436625091477 1.913415541918053 0
799 2.459539916843147 1.826831083836106 0
800 2.522643208595047 1.740246625754159 0
801 1.603177457979109 1.913220385529947 0
802 1.492066346867536 1.913220385529947 0
803 1.539688249284615 1.826440771059894 0
804 1.380955235755963 1.913220385529947 0
805 1.47619904059012 1.73966115658984 0
806 3.021074352609491 0.2747487807233989 0
807 3.04010446958841 0.1790779223744303 0
808 3.080393541893828 0.2587363805831965 0
809 3.049711829436374 0.08153276111711394 0
810 3.149135488309122 0.2445982833513418 0
811 0.9598955300952879 0.1790779215882423 0
812 0.9502881703565145 0.08153276087986433 0
813 0.9789256468543669 0.2747487794064687 0
814 0.9196064574721079 0.2587363795779551 0
815 0.8508645110695434 0.244598282639593 0
816 0.4574452770920682 0.3665616193673559 0
817 0.3898268663742748 0.3574886045650607 0
818 0.4323815892813521 0.2796021197921373 0
819 0.3472721434671976 0.4353750893379841 0
820 0.3222084556564815 0.3484155897627655 0
821 0.3723358312779136 0.5223345889132026 0
822 0.3047174205601204 0.5132615741109074 0
823 0.2545900449386883 0.3393425749604704 0
824 0.2971447678457655 0.261456090187547 0
825 3.627664168556569 0.5223345890482357 0
826 3.652727856422083 0.4353750894280012 0
827 3.695282579274274 0.5132615742458089 0
828 3.610173133569893 0.3574886046101935 0
829 3.677791544287597 0.3484155898077667 0
830 3.542554722852189 0.3665616194126203 0
831 3.567618410717703 0.2796021197923858 0
832 3.702855232153111 0.2614560901875321 0
833 3.745409955005301 0.3393425750053398 0
834 0.05738158928199306 0.263095768847146 0
835 0.05738158928199306 0.3630957688475626 0
836 0.05738158928199306 0.1630957688467295 0
837 0.1147631785639861 0.2261915376930425 0
838 0.05738158928199306 0.06309576884631296 0
839 0.1721447678459792 0.1892873065389389 0
840 0.1721447678459792 0.2892873065393554 0
841 3.942618410717704 0.1630957688460932 0
842 3.942618410717704 0.06309576884627632 0
843 3.942618410717704 0.2630957688458722 0
844 3.885236821435408 0.2261915376923316 0
845 3.942618410717704 0.3630957688456132 0
846 3.827855232153111 0.289287306538608 0
847 3.827855232153111 0.189287306538829 0
848 0.2975835401618734 1.9279935973522 0
849 0.408694651273448 1.9279935973522 0
850 0.1864724290502989 1.9279935973522 0
851 0.2618337469890232 1.8559871947044 0
852 0.07536131793872432 1.9279935973522 0
853 0.226083953816173 1.7839807920566 0
854 0.3371950649277475 1.7839807920566 0
855 3.813527570949302 1.927993597351645 0
856 3.924638682060842 1.927993597351645 0
857 3.702416459837728 1.927993597351645 0
858 3.738166253010111 1.85598719470329 0
859 3.591305348726121 1.927993597351645 0
860 3.662804935070953 1.783980792054935 0
861 3.773916046182527 1.783980792054935 0
862 0.2222721434674113 0.4632063056897925 0
863 0.1398268663747022 0.4131510372686775 0
864 0.1972084556566952 0.376246806114574 0
865 3.860173133569893 0.4131510373123451 0
866 3.777727856422084 0.463206305779077 0
867 3.802791544287597 0.3762468061588425 0
868 3.186766978306004 0.9751927239328818 0
869 3.205007590688554 1.084144035244203 0
870 3.168526365923454 0.8662414126215602 0
871 3.244165942994686 0.9060197989923264 0
872 3.150285753540904 0.7572901013102387 0
873 3.301564907683368 0.8368468740517711 0
874 3.319805520065918 0.9457981853630927 0
875 0.8314736322623393 0.8662414104649243 0
876 0.8497142447595947 0.7572900991928797 0
877 0.8132330197650837 0.9751927217369689 0
878 0.7558340557470065 0.9060197973716082 0
879 0.7949924072678283 1.084144033009014 0
880 0.6801944792316736 0.9457981842782922 0
881 0.6984350917289293 0.8368468730062476 0
882 0.07536131793872432 1.827993597352135 0
883 0.07536131793872432 1.727993597352135 0
884 0.1507226358774486 1.7559871947044 0
885 0.07536131793872432 1.6279935973522 0
886 0.226083953816173 1.6839807920566 0
887 3.924638682060842 1.727993597351118 0
888 3.924638682060842 1.627993597350854 0
889 3.924638682060842 1.827993597351381 0
890 3.849277364121685 1.755987194703026 0
891 3.773916046182527 1.683980792054671 0
892 0.7836215036894086 0.08153276087986433 0
893 0.7002881703558557 0.08153276087986433 0
894 0.8669548370229616 0.08153276087986433 0
895 0.8172430073794761 0.1630655217597287 0
896 0.7675311777359906 0.244598282639593 0
897 3.13304516277017 0.08153276111711394 0
898 3.216378496103504 0.08153276111711394 0
899 3.182756992206082 0.1630655222342279 0
900 3.299711829436374 0.08153276111711394 0
901 3.232468821642456 0.2445982833513418 0
902 2.673807782176261 1.855399039611498 0
903 2.721815601534701 1.941983497693445 0
904 2.625799962817822 1.768814581529551 0
905 2.728956717040596 1.797382537304943 0
906 2.83211347126337 1.825950493080335 0
907 1.3734000751458 1.768410043701163 0
908 1.325778172728721 1.855189658171216 0
909 1.27060110970148 1.797158930812485 0
910 1.278156270311642 1.941969272641269 0
911 1.167802144257159 1.825907817923807 0
912 0.3931711528718917 0.8769936659318021 0
913 0.3882393742670744 0.9808294387762893 0
914 0.3981029314767091 0.7731578930873146 0
915 0.4713565331873991 0.8422589396440161 0
916 0.4030347100815264 0.6693221202428274 0
917 0.5495419135029065 0.8075242133562301 0
918 0.5446101348980891 0.9113599862007176 0
919 3.601897068361439 0.7731578933169649 0
920 3.596965289745219 0.6693221205051669 0
921 3.606828846977658 0.8769936661287632 0
922 3.528643466697899 0.8422589399560885 0
923 3.611760625593877 0.9808294389405612 0
924 3.455389865034359 0.911359986595212 0
925 3.45045808641814 0.8075242137834138 0
926 0.1407149226151568 0.06309576884631296 0
927 0.2240482559482824 0.06309576884631296 0
928 0.1980965118971117 0.1261915376926259 0
929 0.3073815892813698 0.06309576884631296 0
930 0.2554781011791047 0.1892873065389389 0
931 3.775951744050861 0.06309576884627632 0
932 3.692618410717704 0.06309576884627632 0
933 3.859285077384195 0.06309576884627632 0
934 3.801903488102074 0.1261915376925526 0
935 3.744521898819778 0.189287306538829 0
936 0.6018651981236718 1.539317282140886 0
937 0.5660774557090776 1.441389006350842 0
938 0.4691218308867476 1.390316822488438 0
939 0.5302897132944835 1.343460730560798 0
940 0.4079539484790118 1.437172914416079 0
941 0.3721662060644176 1.339244638626035 0
942 0.4945019708798893 1.245532454770753 0
943 3.592046050785837 1.437172915339023 0
944 3.530878168127574 1.390316823310164 0
945 3.62783379317015 1.339244638940805 0
946 3.433922543084997 1.441389007679523 0
947 3.46971028546931 1.343460731281305 0
948 3.398134800700684 1.539317284077741 0
949 3.505498027853624 1.245532454883087 0
950 0.5358828405232997 1.723188330353845 0
951 0.5994769351482256 1.620785696854667 0
952 0.4722887458983738 1.825590963853023 0
953 0.4365389527255236 1.753584561205223 0
954 0.4007891595526734 1.681578158557423 0
955 3.527711253752221 1.82559096446342 0
956 3.464117158778322 1.723188331575195 0
957 3.563461046924638 1.753584561815065 0
958 3.400523063804424 1.62078569868697 0
959 3.599210840097054 1.68157815916671 0
960 3.507860938998602 0.4363718317340609 0
961 3.465306216146412 0.3584853469162532 0
962 3.550415661850792 0.5142583165518686 0
963 3.473167155145015 0.5061820440555015 0
964 3.592970384702982 0.5921448013696763 0
965 3.438473371291428 0.5759922563769422 0
966 3.395918648439237 0.4981057715591344 0
967 0.449584337580247 0.5142583162324735 0
968 0.4070296146731698 0.5921448010053969 0
969 0.4921390604873243 0.4363718314595502 0
970 0.5268328438825804 0.5061820435517445 0
971 0.5346937833944015 0.3584853466866268 0
972 0.6040813501849138 0.4981057708710154 0
973 0.5615266272778365 0.5759922556439387 0
974 0.4802832163838598 0.6612458475620984 0
975 0.5575317226861931 0.6531695748813693 0
976 0.5535368180945498 0.7303468941187997 0
977 0.6347802289885265 0.6450933022006402 0
978 0.6267904198052399 0.7994479406755011 0
979 3.442468276333665 0.6531695755124327 0
980 3.365219769627888 0.6450933030160657 0
981 3.519716783039442 0.6612458480087997 0
982 3.446463181375902 0.7303468946479232 0
983 3.373209579712362 0.7994479412870468 0
984 2.756246096646393 1.222264694208352 0
985 2.773176879977765 1.318839650569673 0
986 2.694747785021507 1.287500289049245 0
987 1.226494297800644 1.318624577769866 0
988 1.243425080823991 1.222049621265728 0
989 1.304594575217382 1.287070146894549 0
990 3.341378496103041 0.1537015447658171 0
991 3.383045162769707 0.2258703284145203 0
992 3.307756992206081 0.235234305882931 0
993 3.424711829436373 0.2980391120632234 0
994 3.274135488309122 0.316767067000045 0
995 0.6169548370225342 0.2258703281770806 0
996 0.5752881703558735 0.2980391118256888 0
997 0.6586215036891949 0.1537015445284725 0
998 0.6922430073792624 0.2352343054083368 0
999 0.7258645110693298 0.3167670662882011 0
1000 0.4055656855035656 1.51864132912986 0
1001 0.3086100606812357 1.467569145267457 0
1002 0.5025213103258956 1.569713512992263 0
1003 0.4031774225281195 1.600109743843642 0
1004 0.3038335347303434 1.630505974695019 0
1005 3.497478688847 1.569713514317611 0
1006 3.594434313889576 1.518641329948252 0
1007 3.596822576993315 1.600109744557481 0
1008 3.691389938932152 1.467569145578893 0
1009 3.69616646513963 1.630505974797351 0
1010 2.944037823755274 1.941983497693445 0
1011 2.832926712644934 1.941983497693445 0
1012 2.888075647509376 1.88396699538689 0
1013 1.167045159200069 1.941969272641269 0
1014 1.055934048088496 1.941969272641269 0
1015 1.111868096172828 1.883938545282538 0
1016 3.314729875019161 0.3772133018530748 0
1017 3.390018045582786 0.367849324384664 0
1018 3.355324261729199 0.4376595367061046 0
1019 0.6099819537511296 0.367849323917883 0
1020 0.6852701241078578 0.3772133011491392 0
1021 0.6446757371463858 0.4376595360100773 0
1022 0.1531108988528948 1.574518779990619 0
1023 0.2308604797670653 1.521043962629038 0
1024 0.2284722167916191 1.602512377342819 0
1025 3.769139519975049 1.521043962836213 0
1026 3.846889101017946 1.574518780093533 0
1027 3.771527783078788 1.602512377445442 0
1028 1.637602053539716 1.396781229633631 0
1029 1.570716923775997 1.483288223317742 0
1030 1.550727774781075 1.400201898199809 0
1031 2.425345937397766 1.485806138543607 0
1032 2.356010238257984 1.401016520740627 0
1033 2.445392184698704 1.402739727217981 0
1034 0.3490482559480306 0.1352645524949211 0
1035 0.3907149226146913 0.2074333361435292 0
1036 0.323096511896898 0.198360321341234 0
1037 3.60928507738437 0.2074333361436826 0
1038 3.650951744051037 0.1352645524949795 0
1039 3.676903488102074 0.1983603213412558 0
1040 0.371930123638139 1.246610497253635 0
1041 0.3716940412118603 1.153976355881235 0
1042 0.4330980060458748 1.199754405325994 0
1043 0.3714579587855816 1.061342214508835 0
1044 0.4942658884536106 1.152898313398353 0
1045 3.628305958192762 1.153976356012591 0
1046 3.628542040704068 1.061342214548484 0
1047 3.628069875681456 1.246610497476698 0
1048 3.566901993023193 1.199754405447839 0
1049 3.505734110364929 1.152898313418981 0
1050 3.279187970487426 1.095483885911571 0
1051 3.336586935176108 1.026310960971015 0
1052 3.353368350286298 1.106823736578938 0
1053 3.39398589986479 0.9571380360304601 0
1054 3.42754873008517 1.118163587246306 0
1055 0.6634130637501809 1.026310960010838 0
1056 0.6060140997321036 0.9571380356454769 0
1057 0.7208120277682581 1.095483884376198 0
1058 0.646631648268688 1.106823735743383 0
1059 0.572451268769118 1.118163587110568 0
1060 0.7064249009122159 0.6824922345313866 0
1061 0.7780695728359053 0.7198911668621332 0
1062 0.7024299963205726 0.7596695537688172 0
1063 3.221930425569898 0.7198911685455143 0
1064 3.293575097598893 0.68249223578079 0
1065 3.29757000264113 0.7596695549162805 0
1066 0.4496433391010889 1.026607488221049 0
1067 0.5278287194165963 0.9918727619332628 0
1068 0.5110473039351034 1.072385537665808 0
1069 3.472171280144549 0.9918727622031347 0
1070 3.550356660424308 1.026607488375809 0
1071 3.488952695254739 1.072385537811058 0
1072 2.835042693881128 1.017586339497805 0
1073 2.878392069013624 1.029194191645133 0
1074 2.844163000072403 1.072061995153466 0
1075 2.912621137954845 0.9863263881367995 0
1076 2.921741444146119 1.04080204379246 0
1077 2.903500831763569 0.9318507324811387 0
1078 2.946850206896065 0.9434585846284662 0
1079 2.965090819278615 1.052409895939788 0
1080 2.930861750337394 1.095277699448121 0
1081 2.981079275837286 0.900590781120133 0
1082 2.990199582028561 0.9550664367757937 0
1083 3.033548957161056 0.9666742889231213 0
1084 2.999319888219835 1.009542092431455 0
1085 3.067778026102276 0.923806485414788 0
1086 3.076898332293552 0.9782821410704489 0
1087 3.008440194411111 1.064017748087115 0
1088 2.97195896964601 0.8461151254644722 0
1089 3.015308344778506 0.8577229776117997 0
1090 3.049537413719726 0.8148551741034664 0
1091 3.058657719911001 0.8693308297591272 0
1092 3.040417107528452 0.7603795184478057 0
1093 3.083766482660947 0.7719873705951332 0
1094 3.102007095043497 0.8809386819064547 0
1095 3.051789569543606 1.075625600234443 0
1096 3.017560500602386 1.118493403742776 0
1097 3.086018638484827 1.03275779672611 0
1098 3.095138944676102 1.08723345238177 0
1099 3.120247707426048 0.9898899932177764 0
1100 3.138488319808597 1.098841304529098 0
1101 3.104259250867377 1.141709108037431 0
1102 0.9595828897973048 0.7603795156420174 0
1103 0.9504625835486771 0.8148551712780397 0
1104 0.9162335150262997 0.771987367922218 0
1105 0.9846916520710542 0.8577229746338615 0
1106 0.9413422773000493 0.869330826914062 0
1107 1.028041026842059 0.8461151223536608 0
1108 1.018920720593432 0.9005907779896831 0
1109 0.9322219710514215 0.9238064825500845 0
1110 0.8979929025290443 0.8809386791942627 0
1111 1.053149789115809 0.9434585813455049 0
1112 1.009800414344804 0.9550664336257055 0
1113 1.000680108096176 1.009542089261728 0
1114 0.9664510395737989 0.9666742859059061 0
1115 1.034909176618553 1.05240989261755 0
1116 0.9915598018475483 1.06401774489775 0
1117 0.9231016648027938 0.9782821381861067 0
1118 1.096499163886814 0.9318507290653042 0
1119 1.087378857638186 0.9863263847013266 0
1120 1.121607926160563 1.029194188057148 0
1121 1.078258551389558 1.040802040337349 0
1122 1.164957300931568 1.017586335776948 0
1123 1.155836994682941 1.07206199141297 0
1124 1.069138245140931 1.095277695973371 0
1125 0.9139813585541661 1.032757793822129 0
1126 0.8797522900317887 0.9898899904663073 0
1127 0.9482104270765432 1.075625597177951 0
1128 0.9048610523055383 1.087233449458151 0
1129 0.9824394955989206 1.118493400533772 0
1130 0.8957407460569105 1.141709105094174 0
1131 0.8615116775345333 1.098841301738352 0
1132 2.789100269238283 1.016285723011144 0
1133 2.823329338179504 0.9734179195028109 0
1134 2.811615982477879 0.9292494995078164 0
1135 2.857558407120724 0.9305501159944776 0
1136 2.765673557835034 0.9279488830211553 0
1137 2.799902626776255 0.8850810795128221 0
1138 2.891787476061945 0.8876823124861444 0
1139 2.78818927107463 0.8409126595178278 0
1140 2.834131695717475 0.8422132760044889 0
1141 2.868360764658696 0.7993454724961556 0
1142 2.88007412036032 0.8435138924911501 0
1143 2.856647408957071 0.7551770525011612 0
1144 2.902589833599917 0.7564776689878223 0
1145 2.926016545003165 0.8448145089778112 0
1146 2.742246846431785 0.8396120430311667 0
1147 2.776475915373006 0.7967442395228334 0
1148 2.764762559671381 0.7525758195278389 0
1149 2.810704984314226 0.7538764360145001 0
1150 2.718820135028536 0.7512752030411778 0
1151 2.753049203969757 0.7084073995328446 0
1152 2.844934053255447 0.7110086325061669 0
1153 2.960245613944386 0.8019467054694778 0
1154 2.948532258242762 0.7577782854744834 0
1155 2.994474682885607 0.7590789019611446 0
1156 2.936818902541137 0.7136098654794891 0
1157 3.028703751826827 0.7162110984528114 0
1158 1.281179861219962 0.7512751995062728 0
1159 1.235237436731011 0.7525758160970933 0
1160 1.246950792697584 0.7084073961504509 0
1161 1.223524080764437 0.7967442360437358 0
1162 1.18929501224206 0.7538764326879139 0
1163 1.257753149286814 0.8396120393995574 0
1164 1.211810724797863 0.8409126559903781 0
1165 1.143352587753109 0.7551770492787346 0
1166 1.155065943719682 0.7110086293320923 0
1167 1.200097368831289 0.8850810759370205 0
1168 1.165868300308912 0.8422132725811988 0
1169 1.119925875819961 0.8435138891720195 0
1170 1.131639231786535 0.7993454692253771 0
1171 1.108212519853388 0.8876823091186619 0
1172 1.07398345133101 0.8448145057628402 0
1173 1.097410163264158 0.7564776658695553 0
1174 1.234326437353667 0.9279488792928421 0
1175 1.188384012864716 0.9292494958836628 0
1176 1.176670656898142 0.9734179158303052 0
1177 1.142441588375765 0.9305501124744835 0
1178 1.210899725420519 1.016285719186127 0
1179 1.051467738775207 0.757778282460376 0
1180 1.06318109474178 0.7136098625137337 0
1181 1.039754382808633 0.8019467024070184 0
1182 1.005525314286256 0.7590788990511967 0
1183 0.9712962457638785 0.7162110956953751 0
1184 1.842102853389004 1.307809833517962 0
1185 1.867946296772191 1.351432562333736 0
1186 1.817204905445265 1.350476296199117 0
1187 1.918687688099116 1.352388828468355 0
1188 1.893789740155378 1.39505529114951 0
1189 1.943585636042855 1.309722365787199 0
1190 1.969429079426042 1.353345094602974 0
1191 1.919633183538565 1.438678019965285 0
1192 1.86889179221164 1.437721753830666 0
1193 2.020170470752968 1.354301360737593 0
1194 1.995272522809229 1.396967823418749 0
1195 2.021115966192416 1.440590552234523 0
1196 1.970374574865491 1.439634286099904 0
1197 2.071857357519342 1.441546818369142 0
1198 2.046959409575603 1.484213281050298 0
1199 1.945476626921752 1.482300748781059 0
1200 2.045068418696706 1.311634898056438 0
1201 2.070911862079893 1.355257626872212 0
1202 2.121653253406818 1.356213893006831 0
1203 2.09675530546308 1.398880355687987 0
1204 2.146551201350557 1.313547430325676 0
1205 2.172394644733744 1.35717015914145 0
1206 2.122598748846267 1.442503084503761 0
1207 1.97132007030494 1.525923477596834 0
1208 1.920578678978014 1.524967211462215 0
1209 2.022061461631865 1.526879743731453 0
1210 1.997163513688127 1.569546206412608 0
1211 2.072802852958791 1.527836009866072 0
1212 2.023006957071314 1.613168935228383 0
1213 1.972265565744388 1.612212669093764 0
1214 1.817441278724647 1.268496871460425 0
1215 1.868182670051572 1.269453137595044 0
1216 1.894262486714141 1.231096441672126 0
1217 1.918924061378498 1.270409403729663 0
1218 1.869600912049784 1.191783479614589 0
1219 1.920342303376709 1.192739745749208 0
1220 1.969665452705423 1.271365669864282 0
1221 1.946422120039278 1.15438304982629 0
1222 1.971083694703635 1.193696011883827 0
1223 2.02182508603056 1.194652278018446 0
1224 1.995745269367992 1.233008973941364 0
1225 2.047904902693129 1.156295582095528 0
1226 2.072566477357486 1.195608544153065 0
1227 2.020406844032349 1.272321935998901 0
1228 1.921760545374921 1.115070087768753 0
1229 1.972501936701846 1.116026353903373 0
1230 1.998581753364415 1.077669657980455 0
1231 2.023243328028772 1.116982620037992 0
1232 1.973920178700058 1.038356695922918 0
1233 2.024661570026983 1.039312962057537 0
1234 2.073984719355697 1.117938886172611 0
1235 2.071148235359274 1.27327820213352 0
1236 2.097228052021843 1.234921506210602 0
1237 2.1218896266862 1.274234468268139 0
1238 2.123307868684411 1.196564810287684 0
1239 2.172631018013125 1.275190734402758 0
1240 0.7180171414884897 1.535755402424675 0
1241 0.7720974432903095 1.517800964817929 0
1242 0.7529011247478214 1.572435028396543 0
1243 0.7912937618327975 1.463166901239314 0
1244 0.8261777450921293 1.499846527211183 0
1245 0.7564097785734656 1.426487275267446 0
1246 0.8104900803752855 1.4085328376607 0
1247 0.8802580468939492 1.481892089604436 0
1248 0.8610617283514612 1.536526153183051 0
1249 0.8296863989177734 1.353898774082086 0
1250 0.8645703821771054 1.390578400053954 0
1251 0.9186506839789252 1.372623962447208 0
1252 0.8994543654364372 1.427258026025822 0
1253 0.9378470025214132 1.317989898868593 0
1254 0.9727309857807451 1.354669524840462 0
1255 0.934338348695769 1.46393765199769 0
1256 0.7948024156584415 1.317219148110217 0
1257 0.8488827174602613 1.299264710503471 0
1258 0.8680790360027494 1.244630646924857 0
1259 0.9029630192620812 1.281310272896725 0
1260 0.8331950527434175 1.207951020952989 0
1261 0.8872753545452374 1.189996583346242 0
1262 0.9570433210639011 1.263355835289979 0
1263 0.9884186504975889 1.445983214390944 0
1264 0.969222331955101 1.500617277969559 0
1265 1.007614969040077 1.39134915081233 0
1266 1.042498952299409 1.428028776784198 0
1267 1.026811287582565 1.336715087233715 0
1268 1.096579254101229 1.410074339177452 0
1269 1.077382935558741 1.464708402756066 0
1270 3.166804944707152 1.207951023717551 0
1271 3.131920961240342 1.244630649750884 0
1272 3.112724642533063 1.189996586218092 0
1273 3.151117279947622 1.299264713283677 0
1274 3.097036977773532 1.281310275784217 0
1275 3.205197582121711 1.317219150783137 0
1276 3.170313598654901 1.35389877681647 0
1277 3.062152994306722 1.31798990181755 0
1278 3.042956675599443 1.263355838284758 0
1279 3.189509917362181 1.408532840349262 0
1280 3.135429615188091 1.390578402849803 0
1281 3.100545631721282 1.427258028883136 0
1282 3.081349313014002 1.372623965350343 0
1283 3.119741950428562 1.481892092415928 0
1284 3.065661648254472 1.463937654916469 0
1285 3.027269010839913 1.354669527850884 0
1286 3.24359021953627 1.426487277848722 0
1287 3.20870623606946 1.463166903882055 0
1288 3.22790255477674 1.517800967414848 0
1289 3.173822252602651 1.499846529915388 0
1290 3.281982856950829 1.535755404914307 0
1291 3.24709887348402 1.57243503094764 0
1292 3.138938269135841 1.536526155948721 0
1293 2.992385027373103 1.391349153884217 0
1294 2.973188708665824 1.336715090351424 0
1295 3.011581346080383 1.445983217417009 0
1296 2.957501043906294 1.42802877991755 0
1297 3.030777664787663 1.500617280949802 0
1298 2.922617060439484 1.464708405950883 0
1299 2.903420741732205 1.41007434241809 0
1300 3.09017131912915 0.6685891311305954 0
1301 3.125993655143647 0.6498896647482332 0
1302 3.110468512484169 0.6988122485571102 0
1303 3.141518797803125 0.6009670809393561 0
1304 3.161815991158145 0.631190198365871 0
1305 3.121221604448106 0.5707439635128412 0
1306 3.157043940462604 0.552044497130479 0
1307 3.197638327172642 0.6124907319835089 0
1308 3.182113184513164 0.6614133157923859 0
1309 3.172569083122082 0.5031219133216019 0
1310 3.192866276477101 0.5333450307481169 0
1311 3.228688612491598 0.5146455643657546 0
1312 3.21316346983212 0.5635681481746317 0
1313 3.244213755151076 0.4657229805568776 0
1314 3.264510948506095 0.4959460979833925 0
1315 3.233460663187139 0.5937912656011466 0
1316 3.152271889767063 0.472898795895087 0
1317 3.18809422578156 0.4541993295127248 0
1318 3.203619368441037 0.4052767457038478 0
1319 3.223916561796057 0.4354998631303627 0
1320 3.183322175086018 0.3750536282773329 0
1321 3.219144511100516 0.3563541618949707 0
1322 3.259738897810554 0.4168003967480005 0
1323 3.269282999201637 0.5750917992187845 0
1324 3.253757856542158 0.6240143830276615 0
1325 3.284808141861115 0.5261692154099074 0
1326 3.305105335216134 0.5563923328364223 0
1327 3.300333284520593 0.4772466316010303 0
1328 3.340927671230632 0.5376928664540601 0
1329 3.325402528571153 0.5866154502629373 0
1330 0.8166778239071666 0.3750536271152996 0
1331 0.7963806304264306 0.4052767445457687 0
1332 0.7808554879453219 0.3563541609499263 0
1333 0.8119057729075393 0.4541993281416109 0
1334 0.7760834369456946 0.4354998619762377 0
1335 0.847728108869384 0.4728987943069842 0
1336 0.827430915388648 0.5031219117374532 0
1337 0.7557862434649586 0.4657229794067067 0
1338 0.7402611009838499 0.4168003958108645 0
1339 0.8429560578697567 0.5520444953332955 0
1340 0.807133721907912 0.5333450291679223 0
1341 0.786836528427176 0.5635681465983913 0
1342 0.7713113859460673 0.514645563002549 0
1343 0.8023616709082847 0.6124907301942337 0
1344 0.76653933494644 0.5937912640288604 0
1345 0.7354890499842226 0.4959460968371758 0
1346 0.8787783938316014 0.5707439614986688 0
1347 0.8584812003508654 0.6009670789291379 0
1348 0.8740063428319741 0.6498896625249801 0
1349 0.8381840068701294 0.6311901963596069 0
1350 0.9098286787938188 0.6685891286903534 0
1351 0.8895314853130828 0.6988122461208224 0
1352 0.8178868133893934 0.661413313790076 0
1353 0.7151918565034866 0.5261692142676448 0
1354 0.6996667140223779 0.4772466306718026 0
1355 0.7307169989845953 0.5750917978634871 0
1356 0.6948946630227506 0.5563923316981139 0
1357 0.746242141465704 0.6240143814593295 0
1358 0.6745974695420146 0.5866154491285829 0
1359 0.6590723270609059 0.5376928655327406 0
1360 3.055800345921503 0.6756581797465226 0
1361 3.071325488580981 0.6267355959376456 0
1362 3.052479658032812 0.5848820607446958 0
1363 3.086850631240459 0.5778130121287686 0
1364 3.018108684825165 0.5919511093606232 0
1365 3.033633827484643 0.5430285255517462 0
1366 3.102375773899937 0.5288904283198914 0
1367 3.014787996936475 0.5011749903587963 0
1368 3.049158970144122 0.494105941742869 0
1369 3.0646841128036 0.4451833579339919 0
1370 3.083529943351769 0.4870368931269417 0
1371 3.045838282255431 0.4033298227410422 0
1372 3.080209255463078 0.3962607741251148 0
1373 3.117900916559416 0.4799678445110144 0
1374 2.980417023728828 0.5082440389747237 0
1375 2.995942166388306 0.4593214551658466 0
1376 2.977096335840137 0.4174679199728968 0
1377 3.011467309047784 0.4103988713569695 0
1378 2.942725362632491 0.4245369685888242 0
1379 2.958250505291969 0.3756143847799471 0
1380 3.026992451707263 0.3614762875480924 0
1381 3.133426059218894 0.4310452607021373 0
1382 3.114580228670725 0.3891917255091875 0
1383 3.148951201878371 0.3821226768932602 0
1384 3.095734398122556 0.3473381903162377 0
1385 3.164476344537849 0.3332000930843831 0
1386 1.057274636316142 0.4245369663995673 0
1387 1.02290366311486 0.4174679179303862 0
1388 1.041749493835034 0.3756143828037249 0
1389 1.004057832394686 0.4593214530570474 0
1390 0.9885326899135778 0.4103988694612051 0
1391 1.019582974875795 0.5082440366528896 0
1392 0.9852120016745129 0.5011749881837086 0
1393 0.9541617167122955 0.403329820992024 0
1394 0.9730075474324691 0.3614762858653627 0
1395 0.9663661709543394 0.5430285233103698 0
1396 0.9508410284732307 0.4941059397145275 0
1397 0.9164700552719485 0.4870368912453464 0
1398 0.935315885992122 0.4451833561186852 0
1399 0.8976242245517749 0.5288904263720076 0
1400 0.8820990820706662 0.4799678427761653 0
1401 0.9197907435110133 0.3962607725228429 0
1402 0.9818913134354481 0.5919511069062121 0
1403 0.9475203402341659 0.584882058437031 0
1404 0.9286745095139923 0.6267355935636922 0
1405 0.9131493670328836 0.5778130099678499 0
1406 0.944199651995101 0.6756581771595345 0
1407 0.8854197703097311 0.3891917240536618 0
1408 0.9042656010299046 0.3473381889270006 0
1409 0.8665739395895575 0.431045259180323 0
1410 0.8510487971084488 0.3821226755844807 0
1411 0.8355236546273401 0.3332000919886384 0
1412 1.251452643831319 1.043382313141367 0
1413 1.282037391028015 1.075892575955778 0
1414 1.229771116650641 1.09296440194718 0
1415 1.334303665405388 1.058820749964376 0
1416 1.312622138224711 1.108402838770188 0
1417 1.355985192586066 1.009238661158563 0
1418 1.386569939782762 1.041748923972974 0
1419 1.343206885421406 1.140913101584599 0
1420 1.290940611044032 1.157984927576001 0
1421 1.438836214160135 1.024677097981572 0
1422 1.417154686979457 1.074259186787384 0
1423 1.447739434176153 1.106769449601795 0
1424 1.39547315979878 1.123841275593197 0
1425 1.500005708553527 1.089697623610393 0
1426 1.478324181372848 1.139279712416206 0
1427 1.373791632618102 1.17342336439901 0
1428 1.460517741340813 0.9750950091757593 0
1429 1.491102488537509 1.00760527199017 0
1430 1.543368762914882 0.9905334459987678 0
1431 1.521687235734205 1.04011553480458 0
1432 1.56505029009556 0.9409513571929553 0
1433 1.595635037292256 0.9734616200073658 0
1434 1.5522719829309 1.072625797618991 0
1435 1.404376379814797 1.20593362721342 0
1436 1.352110105437424 1.223005453204822 0
1437 1.456642654192171 1.188861801222018 0
1438 1.434961127011493 1.238443890027831 0
1439 1.508908928569544 1.171789975230616 0
1440 1.465545874208188 1.270954152842241 0
1441 1.413279599830815 1.288025978833643 0
1442 2.434949703529266 0.9409513600275423 0
1443 2.456466822204057 0.9906409835877881 0
1444 2.404200547716822 0.9735691574479886 0
1445 2.508733096691291 1.007712809727587 0
1446 2.477983940878848 1.040330607148034 0
1447 2.539482252503734 0.9750950123071411 0
1448 2.560999371178526 1.024784635867387 0
1449 2.49950105955364 1.090020230708279 0
1450 2.447234785066405 1.07294840456848 0
1451 2.613265645665761 1.041856462007186 0
1452 2.582516489853317 1.074474259427633 0
1453 2.604033608528109 1.124163882987878 0
1454 2.551767334040874 1.107092056848079 0
1455 2.656299883015344 1.141235709127678 0
1456 2.625550727202901 1.173853506548124 0
1457 2.521018178228431 1.139709854268525 0
1458 2.644014801478204 1.00923866458674 0
1459 2.665531920152995 1.058928288146986 0
1460 2.71779819464023 1.076000114286785 0
1461 2.687049038827787 1.108617911707231 0
1462 2.748547350452673 1.043382316866339 0
1463 2.770064469127465 1.093071940426585 0
1464 2.708566157502578 1.158307535267477 0
1465 2.542535296903223 1.189399477828771 0
1466 2.490269022415988 1.172327651688971 0
1467 2.594801571390458 1.20647130396857 0
1468 2.564052415578014 1.239089101389016 0
1469 2.647067845877692 1.22354313010837 0
1470 2.585569534252806 1.288778724949262 0
1471 2.533303259765571 1.271706898809463 0
1472 0.7961048629936325 1.213620946636581 0
1473 0.8153011815361204 1.158986883057967 0
1474 0.7769085444511445 1.268255010215195 0
1475 0.7590146732438474 1.219290872320173 0
1476 0.7577122259086565 1.32288907379381 0
1477 0.7219244834940624 1.224960798003766 0
1478 0.7411208020365503 1.170326734425151 0
1479 0.7385159073661685 1.377523137372424 0
1480 0.7206220361588715 1.328558999477402 0
1481 0.6835318464090865 1.334228925160994 0
1482 0.7027281649515744 1.27959486158238 0
1483 0.6643355278665986 1.388862988739609 0
1484 0.6464416566593014 1.339898850844587 0
1485 0.6848342937442773 1.230630723687358 0
1486 0.7193195888236805 1.432157200951038 0
1487 0.7001232702811926 1.486791264529653 0
1488 0.6822293990738955 1.437827126634631 0
1489 0.6809269517387047 1.541425328108267 0
1490 0.6451392093241105 1.443497052318223 0
1491 0.6477441039944923 1.23630064937095 0
1492 0.6669404225369804 1.181666585792336 0
1493 0.6285477854520043 1.290934712949565 0
1494 0.6106539142447074 1.241970575054543 0
1495 0.6093514669095164 1.345568776528179 0
1496 0.5735637244949223 1.247640500738135 0
1497 0.5927600430374103 1.193006437159521 0
1498 3.299876728142985 1.486791266715198 0
1499 3.319073046850264 1.541425330247991 0
1500 3.280680409435706 1.432157203182406 0
1501 3.317770599335142 1.437827128516089 0
1502 3.261484090728426 1.377523139649613 0
1503 3.335664470527298 1.38886299031698 0
1504 3.354860789234578 1.443497053849773 0
1505 3.242287772021147 1.32288907611682 0
1506 3.279377961920583 1.328559001450504 0
1507 3.297271833112739 1.279594863251395 0
1508 3.316468151820019 1.334228926784188 0
1509 3.27807551440546 1.224960799718602 0
1510 3.315165704304896 1.230630725052286 0
1511 3.353558341719455 1.339898852117871 0
1512 3.223091453313867 1.268255012584028 0
1513 3.203895134606588 1.213620949051235 0
1514 3.240985324506024 1.219290874384919 0
1515 3.184698815899308 1.158986885518442 0
1516 3.258879195698181 1.17032673618581 0
1517 3.371452212911612 1.290934713918763 0
1518 3.390648531618891 1.345568777451555 0
1519 3.352255894204331 1.23630065038597 0
1520 3.389346084103768 1.241970575719654 0
1521 3.333059575497052 1.181666586853177 0
1522 3.407239955295924 1.193006437520545 0
1523 3.426436274003204 1.247640501053338 0
1524 1.639072176671577 0.9717512857242769 0
1525 1.617390649490899 1.021333374530089 0
1526 1.639146261689542 1.069205129052813 0
1527 1.595709122310221 1.070915463335902 0
1528 1.682583401068863 1.067494794769724 0
1529 1.660901873888185 1.117076883575537 0
1530 1.574027595129543 1.120497552141714 0
1531 1.682657486086828 1.16494863809826 0
1532 1.639220346707507 1.166658972381349 0
1533 1.617538819526829 1.216241061187162 0
1534 1.595783207328186 1.168369306664438 0
1535 1.639294431725472 1.264112815709885 0
1536 1.595857292346151 1.265823149992974 0
1537 1.552346067948865 1.170079640947527 0
1538 1.726094625466149 1.163238303815171 0
1539 1.704413098285471 1.212820392620984 0
1540 1.726168710484114 1.260692147143708 0
1541 1.682731571104793 1.262402481426796 0
1542 1.769605849863435 1.258981812860619 0
1543 1.747924322682757 1.308563901666431 0
1544 1.661050043924115 1.311984570232609 0
1545 1.530664540768187 1.21966172975334 0
1546 1.55242015296683 1.267533484276063 0
1547 1.508983013587509 1.269243818559152 0
1548 1.574175765165473 1.315405238798787 0
1549 1.487301486406831 1.318825907364965 0
1550 2.220466447223051 1.265675676138726 0
1551 2.265157420443411 1.266537279377403 0
1552 2.241983565897842 1.315365299698972 0
1553 2.288331274988979 1.217709259055834 0
1554 2.309848393663771 1.267398882616079 0
1555 2.266814156314188 1.168019635495588 0
1556 2.311505129534548 1.168881238734265 0
1557 2.354539366884131 1.268260485854756 0
1558 2.331365512338563 1.317088506176325 0
1559 2.334678984080117 1.120053218412695 0
1560 2.356196102754908 1.169742841972941 0
1561 2.400887075975268 1.170604445211618 0
1562 2.3777132214297 1.219432465533187 0
1563 2.424060930520837 1.121776424890049 0
1564 2.445578049195628 1.171466048450295 0
1565 2.399230340104491 1.269122089093433 0
1566 2.313161865405325 1.07036359485245 0
1567 2.357852838625685 1.071225198091126 0
1568 2.381026693171254 1.022397177769558 0
1569 2.402543811846045 1.072086801329803 0
1570 2.359509574496462 0.9727075542093118 0
1571 2.443921313324851 1.269983692332109 0
1572 2.420747458779283 1.318811712653678 0
1573 2.46709516787042 1.22115567201054 0
1574 2.488612286545211 1.270845295570786 0
1575 2.510129405220003 1.320534919131032 0
1576 2.852628391738089 1.120349473334127 0
1577 2.809279016605593 1.108741621186799 0
1578 2.895977766870585 1.131957325481454 0
1579 2.861093783403775 1.168636951514787 0
1580 2.93932714200308 1.143565177628782 0
1581 2.869559175069461 1.216924429695448 0
1582 2.826209799936965 1.20531657754812 0
1583 2.982676517135576 1.155173029776109 0
1584 2.947792533668766 1.191852655809442 0
1585 2.956257925334452 1.240140133990103 0
1586 2.912908550201957 1.228532281842775 0
1587 2.999607300466947 1.25174798613743 0
1588 2.964723317000138 1.288427612170763 0
1589 2.878024566735147 1.265211907876108 0
1590 3.026025892268072 1.166780881923437 0
1591 3.069375267400567 1.178388734070764 0
1592 3.034491283933757 1.215068360104097 0
1593 2.886489958400833 1.313499386056769 0
1594 2.843140583268338 1.301891533909441 0
1595 2.929839333533328 1.325107238204096 0
1596 2.894955350066519 1.36178686423743 0
1597 2.860071366599709 1.398466490270763 0
1598 0.9306247293162424 1.178388731066042 0
1599 0.9739741040872474 1.166780878785841 0
1600 0.9655087125755744 1.21506835703791 0
1601 1.017323478858252 1.155173026505641 0
1602 1.000392695834906 1.251747983009778 0
1603 1.060672853629257 1.14356517422544 0
1604 1.052207462117584 1.191852652477509 0
1605 1.087091445376916 1.228532278449377 0
1606 1.043742070605911 1.240140130729578 0
1607 1.130440820147921 1.216924426169177 0
1608 1.121975428636248 1.265211904421245 0
1609 1.035276679094238 1.288427608981647 0
1610 1.104022228400263 1.131957321945239 0
1611 1.147371603171268 1.120349469665039 0
1612 1.138906211659594 1.168636947917108 0
1613 1.190720977942273 1.108741617384838 0
1614 1.173790194918926 1.205316573888976 0
1615 1.07016066235357 1.325107234953515 0
1616 1.113510037124575 1.313499382673314 0
1617 1.105044645612902 1.361786860925383 0
1618 1.15685941189558 1.301891530393114 0
1619 1.139928628872234 1.398466486897251 0
1620 2.082572754584943 1.612897281448717 0
1621 2.057674806641205 1.655563744129873 0
1622 2.107470702528681 1.570230818767562 0
1623 2.142138552098572 1.612625627669051 0
1624 2.13236865047242 1.527564356086406 0
1625 2.201704349612201 1.612353973889385 0
1626 2.176806401668463 1.655020436570541 0
1627 2.157266598416158 1.484897893405251 0
1628 2.191934447986049 1.52729270230674 0
1629 2.251500245499678 1.527021048527074 0
1630 2.22660229755594 1.56968751120823 0
1631 2.276398193443416 1.484354585845919 0
1632 2.311066043013307 1.526749394747409 0
1633 2.26127014712583 1.612082320109719 0
1634 2.182164546359896 1.442231430724096 0
1635 2.207062494303635 1.39956496804294 0
1636 2.241730343873525 1.441959776944429 0
1637 2.231960442247373 1.356898505361785 0
1638 2.301296141387154 1.441688123164764 0
1639 2.32083594463946 1.611810666330054 0
1640 2.295937996695721 1.654477129011209 0
1641 2.345733892583198 1.569144203648898 0
1642 2.380401742153089 1.611539012550388 0
1643 2.370631840526936 1.526477740967743 0
1644 2.439967539666718 1.611267358770722 0
1645 2.415069591722979 1.653933821451877 0
1646 1.783762340563405 1.393729793041172 0
1647 1.757918897180218 1.350107064225398 0
1648 1.809605783946593 1.437352521856947 0
1649 1.750319775681546 1.436983289883228 0
1650 1.83544922732978 1.480975250672722 0
1651 1.716877210799686 1.480236786725284 0
1652 1.691033767416498 1.436614057909509 0
1653 1.861292670712967 1.524597979488496 0
1654 1.80200666244792 1.524228747514777 0
1655 1.76856409756606 1.567482244356833 0
1656 1.742720654182873 1.523859515541058 0
1657 1.794407540949247 1.611104973172607 0
1658 1.7351215326842 1.610735741198888 0
1659 1.683434645917826 1.523490283567339 0
1660 1.887136114096154 1.568220708304271 0
1661 1.912979557479341 1.611843437120045 0
1662 1.853693549214294 1.611474205146326 0
1663 1.938823000862528 1.655466165935819 0
1664 1.820250984332434 1.654727701988381 0
1665 1.649992081035966 1.566743780409395 0
1666 1.624148637652779 1.52312105159362 0
1667 1.675835524419153 1.610366509225169 0
1668 1.616549516154106 1.609997277251451 0
1669 1.70167896780234 1.653989238040944 0
1670 1.583106951272246 1.653250774093506 0
1671 1.557263507889059 1.609628045277732 0
1672 1.18050795056639 1.472519912270629 0
1673 1.17815318105006 1.512660302947598 0
1674 1.12910846784423 1.48689435582629 0
1675 1.22719789425589 1.538426250068906 0
1676 1.17579841153373 1.552800693624568 0
1677 1.27859737697805 1.524051806513245 0
1678 1.27624260746172 1.564192197190215 0
1679 1.173443642017399 1.592941084301537 0
1680 1.124398928811569 1.567175137180229 0
1681 1.32528732066755 1.589958144311523 0
1682 1.273887837945389 1.604332587867184 0
1683 1.271533068429059 1.644472978544154 0
1684 1.222488355223229 1.618707031422845 0
1685 1.320577781634889 1.670238925665462 0
1686 1.269178298912728 1.684613369221123 0
1687 1.171088872501069 1.633081474978507 0
1688 1.37668680338971 1.575583700755862 0
1689 1.374332033873379 1.615724091432832 0
1690 1.423376747079209 1.64149003855414 0
1691 1.371977264357049 1.655864482109801 0
1692 1.474776229801369 1.627115594998479 0
1693 1.472421460285039 1.667255985675448 0
1694 1.369622494840719 1.696004872786771 0
1695 1.168734102984738 1.673221865655476 0
1696 1.119689389778909 1.647455918534168 0
1697 1.217778816190568 1.698987812776784 0
1698 1.166379333468408 1.713362256332446 0
1699 1.266823529396398 1.724753759898093 0
1700 1.164024563952078 1.753502647009415 0
1701 1.114979850746248 1.727736699888107 0
1702 2.523873060365207 1.627798642769613 0
1703 2.575451437476594 1.642082620657309 0
1704 2.526213766347996 1.667946145559907 0
1705 2.624689108605192 1.61621909575471 0
1706 2.627029814587981 1.656366598545005 0
1707 2.622348402622404 1.576071592964416 0
1708 2.67392677973379 1.590355570852112 0
1709 2.678608191699368 1.670650576432701 0
1710 2.62937052057077 1.696514101335299 0
1711 2.723164450862389 1.564492045949513 0
1712 2.725505156845178 1.604639548739808 0
1713 2.777083533956564 1.618923526627504 0
1714 2.727845862827966 1.644787051530102 0
1715 2.826321205085163 1.593060001724905 0
1716 2.828661911067952 1.6332075045152 0
1717 2.730186568810755 1.684934554320397 0
1718 2.7208237448796 1.524344543159219 0
1719 2.772402121990988 1.538628521046915 0
1720 2.821639793119586 1.512764996144316 0
1721 2.823980499102374 1.552912498934611 0
1722 2.819299087136797 1.472617493354022 0
1723 2.870877464248184 1.486901471241718 0
1724 2.875558876213762 1.567196476822307 0
1725 2.781764945922142 1.699218532208093 0
1726 2.732527274793544 1.725082057110691 0
1727 2.831002617050741 1.673355007305494 0
1728 2.833343323033529 1.713502510095789 0
1729 2.880240288179339 1.647491482402896 0
1730 2.884921700144917 1.727786487983485 0
1731 2.835684029016318 1.753650012886083 0
1732 0.8095748250934808 1.948798683250411 0
1733 0.8651303806492675 1.948798683250411 0
1734 0.7540192695376942 1.948798683250411 0
1735 0.7858163168501572 1.897597366500822 0
1736 0.6984637139819077 1.948798683250411 0
1737 0.7620578086068335 1.846396049751234 0
1738 0.8176133641626201 1.846396049751234 0
1739 0.642908158426121 1.948798683250411 0
1740 0.6747052057385839 1.897597366500822 0
1741 0.6509466974952602 1.846396049751234 0
1742 0.7065022530510469 1.846396049751234 0
1743 0.5953911419394736 1.846396049751234 0
1744 0.6271881892519365 1.795194733001645 0
1745 0.7382993003635098 1.795194733001645 0
1746 0.5873526028703343 1.948798683250411 0
1747 0.5317970473145477 1.948798683250411 0
1748 0.5635940946270107 1.897597366500822 0
1749 0.4762414917587612 1.948798683250411 0
1750 0.539835586383687 1.846396049751234 0
1751 0.7145407921201861 1.743993416252056 0
1752 0.7700963476759727 1.743993416252056 0
1753 0.6589852365643994 1.743993416252056 0
1754 0.6907822838768624 1.692792099502467 0
1755 0.6034296810086128 1.743993416252056 0
1756 0.6670237756335387 1.641590782752878 0
1757 0.7225793311893254 1.641590782752878 0
1758 3.468202952511449 1.948798683555887 0
1759 3.523758508066755 1.948798683555887 0
1760 3.412647396956126 1.948798683555887 0
1761 3.436405905024483 1.897597367111775 0
1762 3.357091841400787 1.948798683555887 0
1763 3.404608857537533 1.846396050667662 0
1764 3.460164413092856 1.846396050667662 0
1765 3.30153628584554 1.948798683555887 0
1766 3.325294793913913 1.897597367111775 0
1767 3.293497746427039 1.846396050667662 0
1768 3.349053301982286 1.846396050667662 0
1769 3.237942190871792 1.846396050667662 0
1770 3.261700698940165 1.79519473422355 0
1771 3.372811810050659 1.79519473422355 0
1772 3.245980730290368 1.948798683555887 0
1773 3.190425174735196 1.948798683555887 0
1774 3.214183682803494 1.897597367111775 0
1775 3.134869619180025 1.948798683555887 0
1776 3.18238663531662 1.846396050667662 0
1777 3.341014762563709 1.743993417779437 0
1778 3.396570318118957 1.743993417779437 0
1779 3.285459207008462 1.743993417779437 0
1780 3.30921771507676 1.692792101335325 0
1781 3.229903651453215 1.743993417779437 0
1782 3.27742066758981 1.641590784891212 0
1783 3.332976223145057 1.641590784891212 0
1784 2.924957766422273 1.504855908741177 0
1785 2.979038068596362 1.522810346240637 0
1786 2.927298472405062 1.545003411531472 0
1787 3.033118370770452 1.540764783740096 0
1788 2.929639178387851 1.585150914321766 0
1789 3.087198672944541 1.558719221239556 0
1790 3.035459076753241 1.580912286530391 0
1791 3.037799782736029 1.621059789320686 0
1792 2.98371948056194 1.603105351821226 0
1793 3.091880084910118 1.639014226820145 0
1794 3.040140488718817 1.66120729211098 0
1795 2.931979884370639 1.625298417112061 0
1796 3.14127897511863 1.576673658739016 0
1797 3.195359277292719 1.594628096238475 0
1798 3.143619681101418 1.61682116152931 0
1799 3.249439579466808 1.612582533737935 0
1800 3.145960387084207 1.656968664319605 0
1801 2.934320590353428 1.665445919902355 0
1802 2.988400892527517 1.683400357401815 0
1803 2.936661296336217 1.70559342269265 0
1804 3.042481194701606 1.701354794901274 0
1805 2.939002002319006 1.745740925482944 0
1806 0.8046266570333109 1.594620981466766 0
1807 0.750546355231491 1.612575419073512 0
1808 0.8587069588351308 1.57666654386002 0
1809 0.8563521893188004 1.61680693453699 0
1810 0.9127872606369507 1.558712106253274 0
1811 0.9080777216042899 1.638992887607213 0
1812 0.85399741980247 1.656947325213959 0
1813 0.9668675624387706 1.540757668646528 0
1814 0.9645127929224402 1.580898059323498 0
1815 1.01623832520793 1.603084012393721 0
1816 0.9621580234061098 1.621038450000467 0
1817 1.07031862700975 1.585129574786975 0
1818 1.067963857493419 1.625269965463944 0
1819 0.9598032538897794 1.661178840677437 0
1820 1.02094786424059 1.522803231039782 0
1821 1.07502816604241 1.504848793433036 0
1822 1.07267339652608 1.544989184110005 0
1823 1.011528786175269 1.68336479374766 0
1824 0.957448484373449 1.701319231354406 0
1825 1.065609087977089 1.665410356140914 0
1826 1.063254318460758 1.705550746817883 0
1827 1.060899548944428 1.745691137494853 0
1828 0.03875674924394588 1.126945520635842 0
1829 0.03875674924394588 1.176945520635437 0
1830 0.03875674924394588 1.076945520636109 0
1831 0.07751349848789177 1.103891041268366 0
1832 0.03875674924394588 1.026945520636237 0
1833 0.1162702477318377 1.080836561901029 0
1834 0.1162702477318377 1.130836561900762 0
1835 0.03875674924394588 0.9769455206363067 0
1836 0.07751349848789177 1.003891041268703 0
1837 0.1162702477318377 0.9808365619011679 0
1838 0.1162702477318377 1.030836561901098 0
1839 0.1162702477318377 0.9308365619012373 0
1840 0.1550269969757835 0.9577820825336332 0
1841 0.1550269969757835 1.057782082533494 0
1842 0.03875674924394588 0.9269455206361787 0
1843 0.03875674924394588 0.8769455206360508 0
1844 0.07751349848789177 0.9038910412686441 0
1845 0.03875674924394588 0.826945520635923 0
1846 0.1162702477318377 0.8808365619011094 0
1847 0.1937837462197294 1.034727603166157 0
1848 0.1937837462197294 1.084727603166087 0
1849 0.1937837462197294 0.9847276031662263 0
1850 0.2325404954636753 1.011673123798819 0
1851 0.1937837462197294 0.9347276031662957 0
1852 0.2712972447076212 0.9886186444314821 0
1853 0.2712972447076212 1.038618644431413 0
1854 3.961243250734205 0.8769455206372142 0
1855 3.961243250734205 0.82694552063736 0
1856 3.961243250734205 0.9269455206370684 0
1857 3.922486501468409 0.903891041276625 0
1858 3.961243250734205 0.9769455206369224 0
1859 3.883729752202614 0.9308365619160359 0
1860 3.883729752202614 0.8808365619161818 0
1861 3.961243250734205 1.026945520636915 0
1862 3.922486501468409 1.003891041276472 0
1863 3.883729752202614 1.030836561916022 0
1864 3.883729752202614 0.9808365619160289 0
1865 3.883729752202614 1.080836561916015 0
1866 3.844973002936818 1.057782082555571 0
1867 3.844973002936818 0.9577820825555856 0
1868 3.961243250734205 1.076945520637047 0
1869 3.961243250734205 1.126945520637179 0
1870 3.922486501468409 1.103891041276597 0
1871 3.961243250734205 1.176945520637311 0
1872 3.883729752202614 1.130836561916146 0
1873 3.806216253671023 0.9847276031949964 0
1874 3.806216253671023 0.9347276031950034 0
1875 3.806216253671023 1.034727603194989 0
1876 3.767459504405227 1.011673123834407 0
1877 3.806216253671023 1.084727603194982 0
1878 3.728702755139432 1.038618644473818 0
1879 3.728702755139432 0.9886186444738251 0
1880 1.464781655303908 1.585572432439512 0
1881 1.513826368509738 1.61133837956082 0
1882 1.415736942098079 1.559806485318204 0
1883 1.454787080806447 1.544029269880546 0
1884 1.366692228892249 1.534040538196895 0
1885 1.444792506308986 1.502486107321579 0
1886 1.493837219514816 1.528252054442887 0
1887 1.317647515686419 1.508274591075587 0
1888 1.356697654394788 1.492497375637929 0
1889 1.346703079897326 1.450954213078962 0
1890 1.395747793103156 1.47672016020027 0
1891 1.297658366691496 1.425188265957654 0
1892 1.336708505399865 1.409411050519995 0
1893 1.434797931811525 1.460942944762612 0
1894 1.268602802480589 1.482508643954279 0
1895 1.219558089274759 1.45674269683297 0
1896 1.258608227983128 1.440965481395312 0
1897 1.170513376068929 1.430976749711662 0
1898 1.248613653485667 1.399422318836345 0
1899 1.424803357314064 1.419399782203645 0
1900 1.473848070519894 1.445165729324954 0
1901 1.375758644108234 1.393633835082337 0
1902 1.414808782816603 1.377856619644679 0
1903 1.326713930902404 1.367867887961029 0
1904 1.404814208319141 1.336313457085712 0
1905 1.453858921524971 1.36207940420702 0
1906 2.780084539658668 1.456947812593807 0
1907 2.829322210787266 1.431084287691209 0
1908 2.73084686853007 1.482811337496406 0
1909 2.740869992180539 1.441278131833593 0
1910 2.681609197401471 1.508674862399004 0
1911 2.70165544470241 1.425608451073379 0
1912 2.750893115831008 1.39974492617078 0
1913 2.632371526272872 1.534538387301603 0
1914 2.642394649923342 1.49300518163879 0
1915 2.603180102445213 1.477335500878576 0
1916 2.652417773573811 1.451471975975977 0
1917 2.553942431316615 1.503199025781174 0
1918 2.563965554967084 1.461665820118361 0
1919 2.662440897224281 1.409938770313164 0
1920 2.583133855144274 1.560401912204202 0
1921 2.533896184015676 1.5862654371068 0
1922 2.543919307666145 1.544732231443987 0
1923 2.484658512887078 1.612128962009399 0
1924 2.504704760188016 1.529062550683773 0
1925 2.623226349746151 1.39426908955295 0
1926 2.67246402087475 1.368405564650351 0
1927 2.573988678617553 1.420132614455548 0
1928 2.584011802268023 1.378599408792736 0
1929 2.524751007488955 1.445996139358147 0
1930 2.544797254789894 1.362929728032521 0
1931 2.594034925918492 1.337066203129923 0
1932 0.04122263854635455 0.7250276342134714 0
1933 0.04122263854635455 0.7750276342136794 0
1934 0.04122263854635455 0.6750276342132634 0
1935 0.0824452770927091 0.7000552684238209 0
1936 0.04122263854635455 0.6250276342130555 0
1937 0.1236679156390637 0.6750829026341705 0
1938 0.1236679156390637 0.7250829026343784 0
1939 0.04122263854635455 0.5750276342128475 0
1940 0.0824452770927091 0.6000552684234051 0
1941 0.1236679156390637 0.5750829026337545 0
1942 0.1236679156390637 0.6250829026339625 0
1943 0.1236679156390637 0.5250829026335466 0
1944 0.1648905541854182 0.550110536844104 0
1945 0.1648905541854182 0.6501105368445199 0
1946 0.04122263854635455 0.5250276342126396 0
1947 0.04122263854635455 0.4750276342124316 0
1948 0.0824452770927091 0.5000552684229891 0
1949 0.04122263854635455 0.4250276342122236 0
1950 0.1236679156390637 0.4750829026333386 0
1951 0.2061131927317728 0.6251381710548695 0
1952 0.2061131927317728 0.6751381710550775 0
1953 0.2061131927317728 0.5751381710546615 0
1954 0.2473358312781273 0.600165805265219 0
1955 0.2061131927317728 0.5251381710544536 0
1956 0.2885584698244819 0.5751934394755684 0
1957 0.2885584698244819 0.6251934394757764 0
1958 3.958777361426095 0.475027634232336 0
1959 3.958777361426095 0.4250276342324818 0
1960 3.958777361426095 0.5250276342321902 0
1961 3.91755472285219 0.500055268465702 0
1962 3.958777361426095 0.5750276342320444 0
1963 3.876332084278284 0.525082902699068 0
1964 3.876332084278284 0.4750829026992137 0
1965 3.958777361426095 0.6250276342318986 0
1966 3.91755472285219 0.6000552684654104 0
1967 3.876332084278284 0.6250829026987763 0
1968 3.876332084278284 0.5750829026989221 0
1969 3.876332084278284 0.6750829026986305 0
1970 3.83510944570438 0.6501105369321422 0
1971 3.83510944570438 0.5501105369324338 0
1972 3.958777361426095 0.6750276342317527 0
1973 3.958777361426095 0.7250276342316069 0
1974 3.91755472285219 0.7000552684651187 0
1975 3.958777361426095 0.775027634231461 0
1976 3.876332084278284 0.7250829026984846 0
1977 3.793886807130475 0.5751381711657997 0
1978 3.793886807130475 0.5251381711659455 0
1979 3.793886807130475 0.6251381711656538 0
1980 3.75266416855657 0.6001658053991656 0
1981 3.793886807130475 0.675138171165508 0
1982 3.711441529982665 0.6251934396325316 0
1983 3.711441529982665 0.5751934396326774 0
1984 2.786001040251733 0.6720506509883164 0
1985 2.817091748231701 0.6341665138766854 0
1986 2.83008233659257 0.6718238789078746 0
1987 2.846321327909662 0.5947549881979515 0
1988 2.876024761235415 0.6731244953945358 0
1989 2.873417922004338 0.5542020694916627 0
1990 2.888269638667214 0.5933868230899549 0
1991 2.930217949424768 0.5920186579819585 0
1992 2.903121355330091 0.6325715766882472 0
1993 2.957314543519444 0.5514657392756699 0
1994 2.972166260182321 0.5906504928739621 0
1995 2.917973071992968 0.6717563302865394 0
1996 2.898643748194869 0.5121153212788188 0
1997 2.921746228404253 0.4688936209778726 0
1998 2.938468712971275 0.5096122040827201 0
1999 2.963915496635813 0.6730569467732005 0
2000 2.991012090730489 0.6325040280669119 0
2001 3.009857921278658 0.6743575632598616 0
2002 1.078253770236125 0.4688936184508116 0
2003 1.101356250127837 0.5121153184780545 0
2004 1.06153128548768 0.5096122015534713 0
2005 1.126582075991277 0.5542020664812959 0
2006 1.042685454767507 0.5514657366801325 0
2007 1.153678669760054 0.5947549850171364 0
2008 1.111730359148169 0.5933868201165547 0
2009 1.096878642305062 0.6325715737518136 0
2010 1.069782048536284 0.5920186552159731 0
2011 1.123975236073839 0.6731244922876541 0
2012 1.082026925461954 0.6717563273870725 0
2013 1.027833737924399 0.5906504903153914 0
2014 1.182908249064625 0.6341665105398617 0
2015 1.213998956710469 0.6720506475842999 0
2016 1.16991766056279 0.6718238756968334 0
2017 1.008987907204226 0.6325040254420526 0
2018 1.036084500973003 0.6730569439778932 0
2019 0.9901420764840521 0.6743575605687139 0
2020 2.194208070591325 1.956979424738692 0
2021 2.225759716467276 1.913687195697719 0
2022 2.253773868104955 1.956707770959026 0
2023 2.197745564829598 1.870666620436411 0
2024 2.257311362343227 1.870394966656745 0
2025 2.138179767315969 1.870938274216077 0
2026 2.169731413191919 1.827646045175103 0
2027 2.288863008219177 1.827102737615772 0
2028 2.316877159856856 1.870123312877079 0
2029 2.14171726155424 1.784625469913796 0
2030 2.201283059067869 1.78435381613413 0
2031 2.23283470494382 1.741061587093156 0
2032 2.260848856581498 1.784082162354464 0
2033 2.204820553306141 1.698041011831849 0
2034 2.264386350819771 1.697769358052183 0
2035 2.320414654095127 1.783810508574798 0
2036 2.082151464040611 1.784897123693462 0
2037 2.113703109916562 1.741604894652488 0
2038 2.085688958278883 1.69858431939118 0
2039 2.145254755792513 1.698312665611514 0
2040 2.026123160765254 1.698855973170846 0
2041 2.351966299971078 1.740518279533825 0
2042 2.379980451608756 1.783538854795132 0
2043 2.3239521483334 1.697497704272517 0
2044 2.383517945847029 1.697226050492851 0
2045 2.443083743360658 1.696954396713185 0
2046 1.970567605209776 1.698855973170846 0
2047 1.911281596944729 1.698486741197127 0
2048 1.883740193026929 1.741507316458435 0
2049 1.851995588679682 1.698117509223408 0
2050 1.915484797374176 1.784897123693462 0
2051 1.856198789109129 1.784527891719743 0
2052 1.792709580414634 1.697748277249689 0
2053 1.828657385191329 1.82754846698105 0
2054 1.796912780844082 1.784158659746024 0
2055 1.737626772579035 1.783789427772305 0
2056 1.765168176496835 1.740768852510997 0
2057 1.710085368661235 1.826810003033613 0
2058 1.678340764313988 1.783420195798586 0
2059 1.733423572149587 1.69737904527597 0
2060 1.860401989538576 1.870938274216077 0
2061 1.801115981273529 1.870569042242358 0
2062 1.77357457735573 1.913589617503666 0
2063 1.741829973008482 1.870199810268639 0
2064 1.805319181702977 1.956979424738692 0
2065 1.74603317343793 1.956610192764973 0
2066 1.682543964743435 1.86983057829492 0
2067 1.67413756388454 1.697009813302252 0
2068 1.646596159966741 1.740030388563559 0
2069 1.614851555619493 1.696640581328533 0
2070 1.619054756048941 1.783050963824867 0
2071 1.555565547354446 1.696271349354814 0
2072 2.138652515036028 1.956979424738692 0
2073 2.08309695948074 1.956979424738692 0
2074 2.110638363398359 1.913958849477384 0
2075 2.02754140392546 1.956979424738692 0
2076 2.08262421176068 1.870938274216077 0
2077 1.971985848369982 1.956979424738692 0
2078 1.999527252287592 1.913958849477384 0
2079 1.971513100649723 1.870938274216077 0
2080 2.027068656205202 1.870938274216077 0
2081 1.915957545094245 1.870938274216077 0
2082 1.943498949011855 1.827917698954769 0
2083 2.054610060122811 1.827917698954769 0
2084 1.916430292814314 1.956979424738692 0
2085 1.860874737258645 1.956979424738692 0
2086 1.888416141176445 1.913958849477384 0
2087 2.026595908485133 1.784897123693462 0
2088 1.971040352929655 1.784897123693462 0
2089 1.998581756847454 1.741876548432154 0
2090 2.479306355896006 0.9199722260731076 0
2091 2.52252805623151 0.8968697461170636 0
2092 2.530437678352004 0.9349207062112977 0
2093 2.564614804535778 0.8716439201594104 0
2094 2.582703952839239 0.9519925323510972 0
2095 2.605167723321388 0.8445473263042154 0
2096 2.614212297473118 0.8847216324000589 0
2097 2.663809790410459 0.8977993446407073 0
2098 2.623256871624849 0.9248959384959023 0
2099 2.704362709196069 0.8707027507855125 0
2100 2.7134072833478 0.9108770568813559 0
2101 2.632301445776579 0.9650702445917457 0
2102 2.644579249114181 0.8153177468540898 0
2103 2.682463386349897 0.7842270390997439 0
2104 2.692649353494445 0.8265343307905181 0
2105 2.684567720263814 0.9821420707315451 0
2106 2.725120639049424 0.9550454768763503 0
2107 2.736833994751048 0.9992138968713447 0
2108 1.317536609487769 0.7842270355402842 0
2109 1.355420746311572 0.8153177433086272 0
2110 1.307350642077192 0.8265343272212581 0
2111 1.394832271691373 0.8445473228113017 0
2112 1.295637286110618 0.8707027471679004 0
2113 1.435385190102173 0.8716439167665422 0
2114 1.385787697311795 0.8847216289448414 0
2115 1.376743122932218 0.9248959350783812 0
2116 1.336190204521418 0.8977993411231409 0
2117 1.417296041343017 0.9519925290336215 0
2118 1.36769854855264 0.965070241211921 0
2119 1.286592711731041 0.9108770533014401 0
2120 1.477471937991418 0.8968697428454995 0
2121 1.520693637989214 0.9199722229876373 0
2122 1.469562315720391 0.9349207030422195 0
2123 1.274879355764467 0.9550454732480825 0
2124 1.315432274175266 0.982142067203323 0
2125 1.263165999797893 0.999213893194725 0
2126 2.073670140380496 1.036905325603418 0
2127 2.122442721065035 1.032101645898928 0
2128 2.098095725375879 1.073822244410584 0
2129 2.170979312080599 1.024901922944068 0
2130 2.122757300040236 1.113135206468121 0
2131 2.218814741290525 1.015386864680036 0
2132 2.194703735270343 1.059503506442062 0
2133 2.218428158460087 1.094105089940057 0
2134 2.170592729250162 1.103620148204089 0
2135 2.266263587670013 1.084590031676024 0
2136 2.242152581649831 1.128706673438051 0
2137 2.14648172322998 1.147736789966115 0
2138 2.266411919003419 1.003464392520542 0
2139 2.313310196738732 0.9892379556969667 0
2140 2.289437442215581 1.035762011354455 0
2141 2.171143297894337 1.187049752023652 0
2142 2.218978727104262 1.17753469375962 0
2143 2.195804872558694 1.226362714081189 0
2144 1.685271553978412 0.9882816874346418 0
2145 1.732169831338373 1.002508124532614 0
2146 1.707726066230181 1.033849477344972 0
2147 1.779767008751461 1.014430597018192 0
2148 1.729481678428824 1.081721231867696 0
2149 1.827602437612672 1.023945655617998 0
2150 1.802459772451354 1.05759097304275 0
2151 1.825152536151248 1.100751349067308 0
2152 1.777317107290036 1.091236290467502 0
2153 1.872987965012459 1.110266407667113 0
2154 1.847845299851141 1.143911725091865 0
2155 1.752174442128718 1.124881607892254 0
2156 1.876139028233227 1.031145378934955 0
2157 1.924911608595689 1.035949059036596 0
2158 1.899067781675027 1.071909711744196 0
2159 1.773930054327361 1.172753362414977 0
2160 1.821765483188572 1.182268421014783 0
2161 1.795685666526003 1.220625116937701 0
2162 0.03887479045708523 1.523262591319539 0
2163 0.03887479045708523 1.573262591319209 0
2164 0.03887479045708523 1.473262591319881 0
2165 0.07774958091417046 1.49652518263876 0
2166 0.03887479045708523 1.423262591320235 0
2167 0.1166243713712557 1.46978777395797 0
2168 0.1166243713712557 1.519787773957628 0
2169 0.03887479045708523 1.373262591320582 0
2170 0.07774958091417046 1.396525182639449 0
2171 0.1166243713712557 1.369787773958663 0
2172 0.1166243713712557 1.419787773958317 0
2173 0.1166243713712557 1.31978777395901 0
2174 0.1554991618283409 1.343050365277878 0
2175 0.1554991618283409 1.443050365277184 0
2176 0.03887479045708523 1.323262591320893 0
2177 0.03887479045708523 1.273262591321245 0
2178 0.07774958091417046 1.296525182640148 0
2179 0.03887479045708523 1.223262591321637 0
2180 0.1166243713712557 1.269787773959362 0
2181 0.1943739522854261 1.416312956596394 0
2182 0.1943739522854261 1.466312956596047 0
2183 0.1943739522854261 1.36631295659674 0
2184 0.2332487427425114 1.389575547915603 0
2185 0.1943739522854261 1.316312956597087 0
2186 0.2721235331995966 1.362838139234813 0
2187 0.2721235331995966 1.412838139234466 0
2188 3.961125209478552 1.273262591369495 0
2189 3.961125209478552 1.223262591369364 0
2190 3.961125209478552 1.323262591369627 0
2191 3.922250418957103 1.296525182740967 0
2192 3.961125209478552 1.373262591369759 0
2193 3.883375628435655 1.319787774112438 0
2194 3.883375628435655 1.269787774112307 0
2195 3.961125209478552 1.42326259136989 0
2196 3.922250418957103 1.39652518274123 0
2197 3.883375628435655 1.419787774112701 0
2198 3.883375628435655 1.36978777411257 0
2199 3.883375628435655 1.469787774112833 0
2200 3.844500837914206 1.443050365484173 0
2201 3.844500837914206 1.34305036548391 0
2202 3.961125209478552 1.473262591370022 0
2203 3.961125209478552 1.523262591370153 0
2204 3.922250418957103 1.496525182741493 0
2205 3.961125209478552 1.573262591370285 0
2206 3.883375628435655 1.519787774112965 0
2207 3.805626047392758 1.366312956855381 0
2208 3.805626047392758 1.31631295685525 0
2209 3.805626047392758 1.416312956855513 0
2210 3.76675125687131 1.389575548226852 0
2211 3.805626047392758 1.466312956855644 0
2212 3.727876466349861 1.412838139598324 0
2213 3.727876466349861 1.362838139598192 0
2214 0.07763153970103112 1.2002081119543 0
2215 0.116388288944977 1.177153632586962 0
2216 0.1165063301581163 1.223470703273162 0
2217 0.1551450381889229 1.154099153219625 0
2218 0.1553811206152016 1.246733294592025 0
2219 0.1939017874328688 1.131044673852287 0
2220 0.1940198286460081 1.177361744538487 0
2221 0.2328946191030933 1.20062433585735 0
2222 0.1941378698591475 1.223678815224687 0
2223 0.2716513683470392 1.177569856490013 0
2224 0.2717694095601786 1.223886927176213 0
2225 0.1942559110722868 1.269995885910888 0
2226 0.2326585366768147 1.10799019448495 0
2227 0.2714152859207605 1.084935715117612 0
2228 0.2715333271338999 1.131252785803813 0
2229 0.3101720351647064 1.061881235750275 0
2230 0.3104081175909851 1.154515377122675 0
2231 0.233130701529372 1.29325847722975 0
2232 0.2718874507733179 1.270203997862413 0
2233 0.2720054919864573 1.316521068548613 0
2234 0.3106442000172638 1.247149518495075 0
2235 0.3108802824435425 1.339783659867475 0
2236 3.728584713883779 1.084935715205872 0
2237 3.689827964617984 1.061881235845289 0
2238 3.767341463149575 1.107990194566454 0
2239 3.728466672628127 1.131252785937925 0
2240 3.80609821241537 1.131044673927036 0
2241 3.728348631372473 1.177569856669979 0
2242 3.689591882106678 1.154515377309396 0
2243 3.844854961681166 1.154099153287618 0
2244 3.805980171159717 1.177361744659089 0
2245 3.805862129904064 1.223678815391143 0
2246 3.767105380638268 1.200624336030561 0
2247 3.844618879169859 1.246733294751725 0
2248 3.805744088648411 1.269995886123196 0
2249 3.72823059011682 1.223886927402032 0
2250 3.883611710946961 1.1771536326482 0
2251 3.922368460212756 1.200208112008782 0
2252 3.883493669691308 1.223470703380253 0
2253 3.728112548861167 1.270203998134085 0
2254 3.689355799595372 1.247149518773503 0
2255 3.766869298126963 1.293258477494667 0
2256 3.727994507605514 1.316521068866139 0
2257 3.689119717084066 1.33978366023761 0
2258 0.2737631340100298 0.9367007580092384 0
2259 0.3125198832539757 0.9636462786418316 0
2260 0.235006384766084 0.9097552373766452 0
2261 0.2762290233124385 0.8847828715869948 0
2262 0.1962496355221381 0.8828097167440521 0
2263 0.2786949126148472 0.832864985164751 0
2264 0.317451661858793 0.8598105057973442 0
2265 0.1574928862781922 0.8558641961114588 0
2266 0.1987155248245467 0.8308918303218084 0
2267 0.2011814141269554 0.7789739438995648 0
2268 0.2399381633709013 0.8059194645321579 0
2269 0.1624246648830096 0.7520284232669716 0
2270 0.2036473034293641 0.727056057477321 0
2271 0.2811608019172558 0.7809470987425075 0
2272 0.1187361370342463 0.8289186754788657 0
2273 0.07997938779030044 0.8019731548462725 0
2274 0.121202026336655 0.7770007890566221 0
2275 0.2836266912196646 0.7290292123202637 0
2276 0.3223834404636104 0.755974732952857 0
2277 0.2448699419757187 0.7020836916876706 0
2278 0.2860925805220732 0.6771113258980201 0
2279 0.3273152190684278 0.6521389601083696 0
2280 3.920020612160299 0.8019731548708718 0
2281 3.881263862894504 0.8289186755102826 0
2282 3.878797973586394 0.7770007891043836 0
2283 3.842507113628709 0.8558641961496936 0
2284 3.837575335012489 0.7520284233378953 0
2285 3.803750364362913 0.8828097167891042 0
2286 3.801284475054803 0.8308918303832052 0
2287 3.760061836480899 0.805919464616717 0
2288 3.798818585746694 0.7789739439773062 0
2289 3.721305087215104 0.8328649852561278 0
2290 3.718839197906994 0.7809470988502288 0
2291 3.796352696438585 0.7270560575714071 0
2292 3.764993615097118 0.9097552374285152 0
2293 3.726236865831323 0.9367007580679261 0
2294 3.723770976523213 0.884782871662027 0
2295 3.687480116565528 0.9636462787073368 0
2296 3.682548337949308 0.8598105058955388 0
2297 3.75513005786468 0.7020836918049189 0
2298 3.716373308598884 0.7290292124443298 0
2299 3.713907419290774 0.6771113260384307 0
2300 3.677616559333089 0.7559747330837405 0
2301 3.672684780716869 0.6521389602719425 0
2302 0.3958333333323778 0.03608439182430407 0
2303 0.3541666666658327 0.03608439182430407 0
2304 0.4374999999989229 0.03608439182430407 0
2305 0.4166666666657082 0.07216878364860814 0
2306 0.479166666665468 0.03608439182430407 0
2307 0.4374999999990385 0.1082531754729122 0
2308 0.3958333333324935 0.1082531754729122 0
2309 0.5208333333321287 0.03608439182430407 0
2310 0.499999999998914 0.07216878364860814 0
2311 0.52083333333236 0.1082531754729122 0
2312 0.4791666666656993 0.1082531754729122 0
2313 0.5624999999990208 0.1082531754729122 0
2314 0.5416666666658061 0.1443375672972163 0
2315 0.4583333333324846 0.1443375672972163 0
2316 0.5624999999989051 0.03608439182430407 0
2317 0.6041666666656815 0.03608439182430407 0
2318 0.5833333333323512 0.07216878364860814 0
2319 0.645833333332458 0.03608439182430407 0
2320 0.6041666666657972 0.1082531754729122 0
2321 0.479166666665815 0.1804219591215204 0
2322 0.4374999999991542 0.1804219591215204 0
2323 0.5208333333324757 0.1804219591215204 0
2324 0.4999999999991454 0.2165063509458244 0
2325 0.5624999999991365 0.1804219591215204 0
2326 0.5208333333324757 0.2525907427701285 0
2327 0.479166666665815 0.2525907427701285 0
2328 3.395833333333068 0.03608439182435157 0
2329 3.354166666666667 0.03608439182435157 0
2330 3.43749999999947 0.03608439182435157 0
2331 3.416666666666401 0.07216878364870315 0
2332 3.479166666665871 0.03608439182435157 0
2333 3.437499999999734 0.1082531754730547 0
2334 3.395833333333333 0.1082531754730547 0
2335 3.520833333332538 0.03608439182435157 0
2336 3.49999999999947 0.07216878364870315 0
2337 3.520833333333068 0.1082531754730547 0
2338 3.479166666666401 0.1082531754730547 0
2339 3.562499999999734 0.1082531754730547 0
2340 3.541666666666666 0.1443375672974063 0
2341 3.458333333333333 0.1443375672974063 0
2342 3.562499999999774 0.03608439182435157 0
2343 3.604166666666705 0.03608439182435157 0
2344 3.583333333333068 0.07216878364870315 0
2345 3.645833333333333 0.03608439182435157 0
2346 3.604166666666667 0.1082531754730547 0
2347 3.479166666666666 0.1804219591217578 0
2348 3.437499999999999 0.1804219591217578 0
2349 3.520833333333333 0.1804219591217578 0
2350 3.499999999999999 0.2165063509461094 0
2351 3.5625 0.1804219591217578 0
2352 3.520833333333333 0.252590742770461 0
2353 3.479166666666666 0.252590742770461 0
2354 3.22568107139851 1.663783850182047 0
2355 3.201922563330212 1.71498516662616 0
2356 3.17394147520721 1.685976915472882 0
2357 3.178164055261915 1.766186483070272 0
2358 3.122201879015909 1.708169980763717 0
2359 3.154405547193617 1.817387799514385 0
2360 3.126424459070615 1.788379548361107 0
2361 3.074684862879314 1.810572613651942 0
2362 3.098443370947612 1.75937129720783 0
2363 3.050926354811017 1.861773930096055 0
2364 3.022945266688014 1.832765678942777 0
2365 3.070462282824609 1.730363046054552 0
2366 3.13064703912532 1.868589115958497 0
2367 3.106888531057022 1.91979043240261 0
2368 3.078907442934019 1.890782181249332 0
2369 3.083130022988724 1.970991748846722 0
2370 3.027167846742719 1.912975246540167 0
2371 3.018722686633309 1.752556111345387 0
2372 2.994964178565011 1.803757427789499 0
2373 2.966983090442008 1.774749176636222 0
2374 2.971205670496714 1.854958744233612 0
2375 2.915243494250708 1.796942241927057 0
2376 0.8930974046914333 1.919783319571046 0
2377 0.916855912934757 1.970984636320634 0
2378 0.8693388964481096 1.868582002821457 0
2379 0.9210644287335991 1.89076795589168 0
2380 0.8455803882047859 1.817380686071868 0
2381 0.9490314527757648 1.861752592212315 0
2382 0.9727899610190885 1.912953908961903 0
2383 0.8218218799614622 1.766179369322279 0
2384 0.8735474122469516 1.788365322392502 0
2385 0.9015144362891174 1.759349958713137 0
2386 0.9252729445324411 1.810551275462726 0
2387 0.8777559280457937 1.708148641963548 0
2388 0.9294814603312832 1.730334595033771 0
2389 0.9769984768179306 1.832737228532949 0
2390 0.7980633717181385 1.71497805257269 0
2391 0.7743048634748148 1.663776735823101 0
2392 0.8260303957603042 1.685962688893325 0
2393 1.004965500860096 1.803721864853584 0
2394 1.02872400910342 1.854923181603173 0
2395 0.9812069926167727 1.752520548103995 0
2396 1.032932524902262 1.774706501174218 0
2397 1.084658057187752 1.796892454244442 0
2398 2.587107201436108 1.956707770959026 0
2399 2.642662756991146 1.956707770959026 0
2400 2.531551645881054 1.956707770959026 0
2401 2.563103291756872 1.913415541918053 0
2402 2.475996090325983 1.956707770959026 0
2403 2.539099382077652 1.870123312877079 0
2404 2.594654937632707 1.870123312877079 0
2405 2.420440534770813 1.956707770959026 0
2406 2.451992180646648 1.913415541918053 0
2407 2.427988270967312 1.870123312877079 0
2408 2.483543826522482 1.870123312877079 0
2409 2.372432715412142 1.870123312877079 0
2410 2.403984361287976 1.826831083836106 0
2411 2.515095472398317 1.826831083836106 0
2412 2.364884979215613 1.956707770959026 0
2413 2.309329423660327 1.956707770959026 0
2414 2.340881069536191 1.913415541918053 0
2415 2.491091562719097 1.783538854795132 0
2416 2.546647118274267 1.783538854795132 0
2417 2.435536007163927 1.783538854795132 0
2418 2.467087653039878 1.740246625754159 0
2419 2.498639298915828 1.696954396713185 0
2420 1.690477617882143 1.956610192764973 0
2421 1.634922062326357 1.956610192764973 0
2422 1.658733013534896 1.913220385529947 0
2423 1.57936650677057 1.956610192764973 0
2424 1.626988409187649 1.86983057829492 0
2425 1.523810951214783 1.956610192764973 0
2426 1.547621902423323 1.913220385529947 0
2427 1.515877298076076 1.86983057829492 0
2428 1.571432853631862 1.86983057829492 0
2429 1.460321742520289 1.86983057829492 0
2430 1.484132693728828 1.826440771059894 0
2431 1.595243804840401 1.826440771059894 0
2432 1.468255395658997 1.956610192764973 0
2433 1.41269984010321 1.956610192764973 0
2434 1.43651079131175 1.913220385529947 0
2435 1.357144284547424 1.956610192764973 0
2436 1.404766186964502 1.86983057829492 0
2437 1.563499200493154 1.783050963824867 0
2438 1.507943644937368 1.783050963824867 0
2439 1.531754596145907 1.73966115658984 0
2440 1.452388089381581 1.783050963824867 0
2441 1.50000999179866 1.696271349354814 0
2442 2.974780906995407 0.3294150071064932 0
2443 2.989007344050345 0.2825167293861828 0
2444 3.006847915554553 0.3216470584437093 0
2445 3.000929816456781 0.2349195516190158 0
2446 3.0412188887622 0.314578009827782 0
2447 3.01044487494624 0.1870841224445315 0
2448 3.03058941109895 0.2269133515489146 0
2449 3.060249005741119 0.2189071514788134 0
2450 3.050733947251659 0.2667425806532977 0
2451 3.069764064230579 0.1710717223043291 0
2452 3.089908600383288 0.2109009514087122 0
2453 3.070878483404369 0.3065718097576808 0
2454 3.017644598118095 0.1385475314759504 0
2455 3.022448278042077 0.0897749508472922 0
2456 3.044908149512392 0.1303053417457721 0
2457 3.024855914718187 0.04076638055855697 0
2458 3.074567744154561 0.1222991416756709 0
2459 3.105249456612015 0.2995027611417534 0
2460 3.114764515101475 0.2516673319672691 0
2461 3.139620429819662 0.2924337125258261 0
2462 3.124279573590935 0.2038319027927848 0
2463 3.173991403027309 0.2853646639098988 0
2464 0.9775517218289796 0.08977495047090292 0
2465 0.9751440851782572 0.04076638043993216 0
2466 0.9823554016983664 0.1385475308250919 0
2467 0.9550918502259012 0.1303053412340533 0
2468 0.9895551247864174 0.187084121502499 0
2469 0.9302359354041585 0.1710717216739855 0
2470 0.9254322555347717 0.1222991413197965 0
2471 0.999070183165957 0.2349195504116123 0
2472 0.9694105884748274 0.2269133504973555 0
2473 0.9492660521632375 0.2667425794922119 0
2474 0.9397509937836979 0.2189071505830987 0
2475 0.9587811105427768 0.3145780084013252 0
2476 0.9291215158516474 0.3065718084870684 0
2477 0.9100913990925684 0.2109009506688419 0
2478 1.010992655430305 0.2825167278993626 0
2479 1.025219092319998 0.3294150053634001 0
2480 0.9931520837440591 0.3216470568705063 0
2481 0.8852354842708257 0.251667331108774 0
2482 0.8757204258912862 0.2038319021996608 0
2483 0.8947505426503651 0.2995027600178873 0
2484 0.8603795694490829 0.2924337115487062 0
2485 0.8260085962478007 0.2853646630795251 0
2486 0.4787226385456068 0.3276183769808942 0
2487 0.4449134331867101 0.3230818695797466 0
2488 0.4661907946402487 0.284138627193285 0
2489 0.4236360717331715 0.3620251119662083 0
2490 0.4111042278278134 0.318545362178599 0
2491 0.4361679156385295 0.4055048617538176 0
2492 0.4023587102796329 0.40096835435267 0
2493 0.3772950224689168 0.3140088547774514 0
2494 0.3985723839224554 0.2750656123909898 0
2495 0.3810813488260942 0.4399115967391317 0
2496 0.3685495049207362 0.3964318469515224 0
2497 0.3347402995618396 0.3918953395503748 0
2498 0.3560176610153782 0.3529520971639131 0
2499 0.3134629381083009 0.4308385819368365 0
2500 0.300931094202943 0.3873588321492272 0
2501 0.3434858171100201 0.3094723473763039 0
2502 0.3936131927314522 0.4833913465267409 0
2503 0.3598039873725556 0.4788548391255933 0
2504 0.338526625919017 0.5177980815120551 0
2505 0.3259947820136589 0.4743183317244458 0
2506 0.3510584698243751 0.5612778312996642 0
2507 0.3172492644654784 0.5567413238985167 0
2508 0.2921855766547623 0.4697818243232982 0
2509 0.3096766117511235 0.3049358399751563 0
2510 0.3309539732046621 0.2659925975886946 0
2511 0.2883992502975849 0.343879082361618 0
2512 0.2758674063922268 0.3003993325740087 0
2513 0.2671218888440463 0.3828223247480796 0
2514 0.2420582010333303 0.2958628251728611 0
2515 0.2633355624868688 0.2569195827863994 0
2516 3.648941529982665 0.5612778314571396 0
2517 3.661473373915421 0.5177980816470222 0
2518 3.682750735341517 0.5567413240559261 0
2519 3.640196012489326 0.4788548392381184 0
2520 3.674005217848178 0.474318331836905 0
2521 3.606386807130474 0.4833913466393319 0
2522 3.618918651063231 0.4399115968292146 0
2523 3.686537061780935 0.4308385820267878 0
2524 3.70781442320703 0.4697818244356916 0
2525 3.597641289637136 0.4009683544203108 0
2526 3.631450494995988 0.3964318470190973 0
2527 3.643982338928745 0.3529520972089801 0
2528 3.66525970035484 0.3918953396178839 0
2529 3.62270497750265 0.3140088548000762 0
2530 3.656514182861502 0.3094723473988628 0
2531 3.699068905713692 0.3873588322166705 0
2532 3.563832084278284 0.4055048618215242 0
2533 3.576363928211041 0.3620251120114069 0
2534 3.555086566784946 0.3230818696025031 0
2535 3.588895772143798 0.3185453622012897 0
2536 3.521277361426094 0.3276183770037164 0
2537 3.533809205358851 0.2841386271935992 0
2538 3.601427616076555 0.2750656123911724 0
2539 3.711600749646449 0.3438790824065532 0
2540 3.732878111072544 0.3828223248154571 0
2541 3.690323388220354 0.3049358399976494 0
2542 3.724132593579206 0.300399332596436 0
2543 3.669046026794259 0.2659925975887455 0
2544 3.736664437511963 0.2569195827863187 0
2545 3.757941798938058 0.2958628251952226 0
2546 0.02869079464099653 0.331547884424406 0
2547 0.02869079464099653 0.3815478844246143 0
2548 0.02869079464099653 0.2815478844241978 0
2549 0.05738158928199306 0.3130957688473543 0
2550 0.02869079464099653 0.2315478844239895 0
2551 0.08607238392298959 0.2946436532703025 0
2552 0.08607238392298959 0.3446436532705108 0
2553 0.02869079464099653 0.1815478844237813 0
2554 0.05738158928199306 0.2130957688469378 0
2555 0.08607238392298959 0.194643653269886 0
2556 0.08607238392298959 0.2446436532700942 0
2557 0.08607238392298959 0.1446436532696777 0
2558 0.1147631785639861 0.1761915376928342 0
2559 0.1147631785639861 0.2761915376932507 0
2560 0.02869079464099653 0.131547884423573 0
2561 0.02869079464099653 0.08154788442336469 0
2562 0.05738158928199306 0.1130957688465212 0
2563 0.02869079464099653 0.03154788442315648 0
2564 0.08607238392298959 0.09464365326946944 0
2565 0.1434539732049827 0.2577394221161989 0
2566 0.1434539732049827 0.3077394221164072 0
2567 0.1434539732049827 0.2077394221159907 0
2568 0.1721447678459792 0.2392873065391471 0
2569 0.1434539732049827 0.1577394221157824 0
2570 0.2008355624869757 0.2208351909620954 0
2571 0.2008355624869757 0.2708351909623036 0
2572 3.971309205358852 0.08154788442303851 0
2573 3.971309205358852 0.03154788442313816 0
2574 3.971309205358852 0.1315478844229469 0
2575 3.942618410717704 0.1130957688461847 0
2576 3.971309205358852 0.1815478844228634 0
2577 3.913927616076556 0.1446436532693229 0
2578 3.913927616076556 0.09464365326941448 0
2579 3.971309205358852 0.2315478844227529 0
2580 3.942618410717704 0.2130957688459827 0
2581 3.913927616076556 0.2446436532691019 0
2582 3.913927616076556 0.1946436532692124 0
2583 3.913927616076556 0.2946436532689914 0
2584 3.885236821435408 0.2761915376922212 0
2585 3.885236821435408 0.1761915376924421 0
2586 3.971309205358852 0.2815478844226408 0
2587 3.971309205358852 0.3315478844225114 0
2588 3.942618410717704 0.3130957688457427 0
2589 3.971309205358852 0.3815478844223645 0
2590 3.913927616076556 0.3446436532688619 0
2591 3.85654602679426 0.2077394221155803 0
2592 3.85654602679426 0.1577394221156908 0
2593 3.85654602679426 0.2577394221154698 0
2594 3.827855232153111 0.2392873065387185 0
2595 3.85654602679426 0.3077394221153593 0
2596 3.799164437511963 0.2708351909618566 0
2597 3.799164437511963 0.2208351909619671 0
2598 0.3710139923040859 1.9639967986761 0
2599 0.4265695478598731 1.9639967986761 0
2600 0.3154584367482987 1.9639967986761 0
2601 0.3531390957176607 1.9279935973522 0
2602 0.2599028811925113 1.9639967986761 0
2603 0.3352641991312356 1.8919903960283 0
2604 0.3908197546870229 1.8919903960283 0
2605 0.204347325636724 1.9639967986761 0
2606 0.2420279846060862 1.9279935973522 0
2607 0.224153088019661 1.8919903960283 0
2608 0.2797086435754483 1.8919903960283 0
2609 0.1685975324638738 1.8919903960283 0
2610 0.2062781914332359 1.8559871947044 0
2611 0.3173893025448105 1.8559871947044 0
2612 0.1487917700809366 1.9639967986761 0
2613 0.09323621452514932 1.9639967986761 0
2614 0.1309168734945116 1.9279935973522 0
2615 0.03768065896936216 1.9639967986761 0
2616 0.1130419769080865 1.8919903960283 0
2617 0.2995144059583854 1.8199839933805 0
2618 0.3550699615141726 1.8199839933805 0
2619 0.2439588504025981 1.8199839933805 0
2620 0.2816395093719603 1.7839807920566 0
2621 0.1884032948468108 1.8199839933805 0
2622 0.2637646127855351 1.747977590732701 0
2623 0.3193201683413224 1.747977590732701 0
2624 3.906763785474672 1.963996798675822 0
2625 3.962319341030421 1.963996798675822 0
2626 3.851208229918901 1.963996798675822 0
2627 3.869083126505072 1.927993597351645 0
2628 3.79565267436311 1.963996798675822 0
2629 3.831402467535493 1.891990396027468 0
2630 3.886958023091263 1.891990396027468 0
2631 3.740097118807324 1.963996798675822 0
2632 3.757972015393515 1.927993597351645 0
2633 3.720291356423919 1.891990396027468 0
2634 3.775846911979706 1.891990396027468 0
2635 3.664735800868132 1.891990396027468 0
2636 3.682610697454324 1.85598719470329 0
2637 3.793721808565897 1.85598719470329 0
2638 3.684541563251497 1.963996798675822 0
2639 3.628986007695693 1.963996798675822 0
2640 3.646860904281924 1.927993597351645 0
2641 3.573430452139912 1.963996798675822 0
2642 3.609180245312329 1.891990396027468 0
2643 3.756041149596319 1.819983993379112 0
2644 3.811596705152106 1.819983993379112 0
2645 3.700485594040532 1.819983993379112 0
2646 3.71836049062674 1.783980792054935 0
2647 3.644930038484745 1.819983993379112 0
2648 3.680679831657161 1.747977590730758 0
2649 3.736235387212948 1.747977590730758 0
2650 0.2760266259191239 0.5317136896879593 0
2651 0.2348039873727693 0.5066860554774018 0
2652 0.2634947820137658 0.48823393990035 0
2653 0.1935813488264147 0.4816584212668443 0
2654 0.2509629381084078 0.4447541901127407 0
2655 0.1523587102800602 0.4566307870562868 0
2656 0.1810495049210567 0.438178671479235 0
2657 0.1685176610156987 0.3946989216916257 0
2658 0.2097402995620532 0.4197265559021832 0
2659 0.1272950224693441 0.3696712874810683 0
2660 0.1559858171103407 0.3512191719040165 0
2661 0.2384310942030498 0.4012744403251314 0
2662 0.1111360717337056 0.4316031528457293 0
2663 0.06991343318735108 0.4065755186351718 0
2664 0.0986042278283476 0.38812340305812 0
2665 0.2258992502976917 0.3577946905375222 0
2666 0.1846766117513372 0.3327670563269647 0
2667 0.2133674063923337 0.3143149407499129 0
2668 3.930086566784947 0.4065755186557305 0
2669 3.888863928211042 0.4316031528890965 0
2670 3.901395772143799 0.3881234030789792 0
2671 3.847641289637137 0.4566307871224624 0
2672 3.872704977502651 0.3696712875022279 0
2673 3.806418651063232 0.4816584213558284 0
2674 3.818950494995988 0.4381786715457111 0
2675 3.790259700354841 0.4197265559689597 0
2676 3.831482338928745 0.3946989217355938 0
2677 3.749037061780935 0.4447541902023256 0
2678 3.761568905713692 0.4012744403922084 0
2679 3.844014182861502 0.3512191719254766 0
2680 3.765196012489326 0.5066860555891942 0
2681 3.723973373915422 0.5317136898225602 0
2682 3.736505217848179 0.4882339400124429 0
2683 3.815323388220354 0.3327670563487252 0
2684 3.774100749646449 0.3577946905820911 0
2685 3.786632593579206 0.3143149407719739 0
2686 3.167187802152938 1.06425484205882 0
2687 3.176308108344213 1.118730497714481 0
2688 3.158067495961663 1.00977918640316 0
2689 3.195887284497279 1.029668379588543 0
2690 3.148947189770388 0.9553035307474986 0
2691 3.22458676684162 0.995081917118265 0
2692 3.233707073032895 1.049557572773926 0
2693 3.139826883579113 0.9008278750918379 0
2694 3.177646672114729 0.920717068277221 0
2695 3.20634615445907 0.8861306058069434 0
2696 3.215466460650345 0.9406062614626041 0
2697 3.197225848267795 0.8316549501512824 0
2698 3.23504563680341 0.8515441433366656 0
2699 3.253286249185961 0.9604954546479872 0
2700 3.130706577387838 0.846352219436177 0
2701 3.121586271196563 0.7918765637805163 0
2702 3.159406059732179 0.8117657569658994 0
2703 3.112465965005287 0.7374009081248556 0
2704 3.18810554207652 0.7771792944956217 0
2705 3.281985731530302 0.9259089921777095 0
2706 3.291106037721577 0.9803846478333704 0
2707 3.272865425339027 0.8714333365220488 0
2708 3.310685213874643 0.8913225297074319 0
2709 3.263745119147751 0.8169576808663879 0
2710 3.339384696218984 0.8567360672371542 0
2711 3.348505002410259 0.9112117228928149 0
2712 0.8784137267686334 0.7918765613755601 0
2713 0.8875340330172611 0.7374009057395376 0
2714 0.8692934205200056 0.8463522170115824 0
2715 0.840593938510967 0.811765754828902 0
2716 0.8601731142713779 0.9008278726476047 0
2717 0.8027741502533006 0.831654948282244 0
2718 0.8118944565019284 0.7771792926462217 0
2719 0.8510528080227501 0.955303528283627 0
2720 0.8223533260137115 0.9207170661009466 0
2721 0.7845335377560451 0.9406062595542886 0
2722 0.7936538440046729 0.8861306039182663 0
2723 0.7754132315074174 0.9950819151903109 0
2724 0.7467137494983787 0.9604954530076305 0
2725 0.7649543619956343 0.8515441417355859 0
2726 0.8419325017741224 1.009779183919649 0
2727 0.8328121955254946 1.064254839555672 0
2728 0.804112713516456 1.029668377372991 0
2729 0.8236918892768669 1.118730495191694 0
2730 0.7662929252587896 1.049557570826333 0
2731 0.7271345737379679 0.8714333351889278 0
2732 0.7362548799865956 0.8169576795529057 0
2733 0.7180142674893401 0.9259089908249503 0
2734 0.6893147854803015 0.8913225286422699 0
2735 0.7088939612407124 0.9803846464609725 0
2736 0.651494997222635 0.911211722095612 0
2737 0.6606153034712628 0.8567360664595896 0
2738 0.03768065896936216 1.913996798676136 0
2739 0.03768065896936216 1.863996798676103 0
2740 0.07536131793872432 1.877993597352168 0
2741 0.03768065896936216 1.813996798676002 0
2742 0.1130419769080865 1.841990396028268 0
2743 0.03768065896936216 1.763996798676002 0
2744 0.07536131793872432 1.777993597352135 0
2745 0.1130419769080865 1.741990396028267 0
2746 0.1130419769080865 1.791990396028268 0
2747 0.1130419769080865 1.691990396028267 0
2748 0.1507226358774486 1.7059871947044 0
2749 0.1507226358774486 1.8059871947044 0
2750 0.03768065896936216 1.713996798676009 0
2751 0.03768065896936216 1.663996798676041 0
2752 0.07536131793872432 1.677993597352167 0
2753 0.03768065896936216 1.6139967986761 0
2754 0.1130419769080865 1.6419903960283 0
2755 0.1884032948468108 1.7699839933805 0
2756 0.1884032948468108 1.7199839933805 0
2757 0.226083953816173 1.7339807920566 0
2758 0.1884032948468108 1.6699839933805 0
2759 0.2637646127855351 1.6979775907327 0
2760 3.962319341030421 1.663996798675031 0
2761 3.962319341030421 1.613996798674899 0
2762 3.962319341030421 1.713996798675163 0
2763 3.924638682060842 1.677993597350986 0
2764 3.962319341030421 1.763996798675295 0
2765 3.886958023091263 1.69199039602694 0
2766 3.886958023091263 1.641990396026808 0
2767 3.962319341030421 1.813996798675427 0
2768 3.924638682060842 1.77799359735125 0
2769 3.886958023091263 1.791990396027204 0
2770 3.886958023091263 1.741990396027072 0
2771 3.886958023091263 1.841990396027336 0
2772 3.849277364121685 1.805987194703158 0
2773 3.849277364121685 1.705987194702894 0
2774 3.962319341030421 1.863996798675559 0
2775 3.962319341030421 1.913996798675691 0
2776 3.924638682060842 1.877993597351513 0
2777 3.811596705152106 1.719983993378849 0
2778 3.811596705152106 1.669983993378717 0
2779 3.811596705152106 1.769983993378981 0
2780 3.773916046182527 1.733980792054803 0
2781 3.736235387212948 1.697977590730626 0
2782 0.7251440851775984 0.04076638043993216 0
2783 0.683477418510822 0.04076638043993216 0
2784 0.766810751844375 0.04076638043993216 0
2785 0.7419548370226321 0.08153276087986433 0
2786 0.8084774185111514 0.04076638043993216 0
2787 0.7587655888676659 0.1222991413197965 0
2788 0.7170989222008894 0.1222991413197965 0
2789 0.8501440851779278 0.04076638043993216 0
2790 0.8252881703561852 0.08153276087986433 0
2791 0.8420989222012188 0.1222991413197965 0
2792 0.8004322555344423 0.1222991413197965 0
2793 0.8837655888679953 0.1222991413197965 0
2794 0.8589096740462525 0.1630655217597287 0
2795 0.7755763407126997 0.1630655217597287 0
2796 0.8918107518447043 0.04076638043993216 0
2797 0.9334774185114807 0.04076638043993216 0
2798 0.908621503689738 0.08153276087986433 0
2799 0.7923870925577333 0.2038319021996608 0
2800 0.7507204258909568 0.2038319021996608 0
2801 0.8340537592245097 0.2038319021996608 0
2802 0.809197844402767 0.244598282639593 0
2803 0.7843419295810242 0.2853646630795251 0
2804 3.066522581385232 0.04076638055855697 0
2805 3.10818924805213 0.04076638055855697 0
2806 3.091378496103272 0.08153276111711394 0
2807 3.149855914718881 0.04076638055855697 0
2808 3.116234410821459 0.1222991416756709 0
2809 3.191522581385548 0.04076638055855697 0
2810 3.174711829436837 0.08153276111711394 0
2811 3.199567744154793 0.1222991416756709 0
2812 3.157901077488126 0.1222991416756709 0
2813 3.241234410821459 0.1222991416756709 0
2814 3.224423658872748 0.1630655222342279 0
2815 3.141090325539415 0.1630655222342279 0
2816 3.233189248052012 0.04076638055855697 0
2817 3.274855914718447 0.04076638055855697 0
2818 3.258045162769939 0.08153276111711394 0
2819 3.316522581384854 0.04076638055855697 0
2820 3.282901077487895 0.1222991416756709 0
2821 3.165946240257602 0.2038319027927848 0
2822 3.207612906924269 0.2038319027927848 0
2823 3.190802154975789 0.2445982833513418 0
2824 3.249279573590935 0.2038319027927848 0
2825 3.215658069693976 0.2853646639098988 0
2826 2.670237224423313 1.927699519805749 0
2827 2.694241134102533 1.970991748846722 0
2828 2.646233314744094 1.884407290764775 0
2829 2.697811691855481 1.898691268652471 0
2830 2.622229405064874 1.841115061723802 0
2831 2.725386159287648 1.869683017499194 0
2832 2.749390068966868 1.912975246540167 0
2833 2.598225495385655 1.797822832682828 0
2834 2.649803872497041 1.812106810570524 0
2835 2.677378339929209 1.783098559417247 0
2836 2.701382249608429 1.82639078845822 0
2837 2.653374430249989 1.739806330376273 0
2838 2.704952807361376 1.754090308263969 0
2839 2.752960626719815 1.840674766345916 0
2840 2.574221585706435 1.754530603641855 0
2841 2.550217676027215 1.711238374600881 0
2842 2.601796053138602 1.725522352488577 0
2843 2.780535094151983 1.811666515192639 0
2844 2.804539003831203 1.854958744233612 0
2845 2.756531184472764 1.768374286151665 0
2846 2.808109561584151 1.782658264039361 0
2847 2.859687938695538 1.796942241927057 0
2848 1.4486105090765 1.710645792910475 0
2849 1.42479955786796 1.754035600145501 0
2850 1.397211026354339 1.725020236466136 0
2851 1.400988606659421 1.797425407380528 0
2852 1.345811543632179 1.739394680021797 0
2853 1.377177655450881 1.840815214615555 0
2854 1.349589123937261 1.811799850936189 0
2855 1.2981896412151 1.82617429449185 0
2856 1.32200059242364 1.782784487256824 0
2857 1.274378690006561 1.869564101726877 0
2858 1.24679015849294 1.840548738047512 0
2859 1.294412060910019 1.753769123577458 0
2860 1.353366704242342 1.884205021850581 0
2861 1.329555753033803 1.927594829085608 0
2862 1.301967221520182 1.898579465406242 0
2863 1.305744801825263 1.970984636320634 0
2864 1.250567738798022 1.912953908961903 0
2865 1.243012578187859 1.768143567133119 0
2866 1.219201626979319 1.811533374368146 0
2867 1.191613095465698 1.782518010688781 0
2868 1.19539067577078 1.854923181603173 0
2869 1.140213612743538 1.796892454244442 0
2870 0.3516125734117294 0.9462789154979385 0
2871 0.3491466841093208 0.9981968019201822 0
2872 0.3540784627141381 0.8943610290756949 0
2873 0.3907052635694831 0.9289115523540457 0
2874 0.3565443520165468 0.8424431426534513 0
2875 0.4297979537272367 0.9115441892101528 0
2876 0.4273320644248281 0.9634620756323964 0
2877 0.3590102413189554 0.7905252562312076 0
2878 0.3956370421743004 0.8250757795095583 0
2879 0.4347297323320541 0.8077084163656654 0
2880 0.4322638430296454 0.8596263027879091 0
2881 0.4371956216344627 0.7557905299434218 0
2882 0.4738224224898078 0.7903410532217725 0
2883 0.4688906438849905 0.8941768260662597 0
2884 0.3614761306213641 0.7386073698089639 0
2885 0.3639420199237727 0.6866894833867203 0
2886 0.4005688207791177 0.721240006665071 0
2887 0.3664079092261814 0.6347715969644767 0
2888 0.4396615109368714 0.7038726435211782 0
2889 0.5079833340427441 0.8768094629223668 0
2890 0.5055174447403354 0.9287273493446104 0
2891 0.5104492233451527 0.8248915765001231 0
2892 0.5470760242004977 0.8594420997784739 0
2893 0.5129151126475615 0.7729736900778794 0
2894 0.5861687143582515 0.8420747366345809 0
2895 0.5837028250558427 0.8939926230568246 0
2896 3.636057979885099 0.6866894835915043 0
2897 3.63359209057699 0.6347715971856052 0
2898 3.638523869193209 0.7386073699974032 0
2899 3.599431179053329 0.7212400069110659 0
2900 3.640989758501319 0.7905252564033023 0
2901 3.562804378221559 0.7557905302306276 0
2902 3.560338488913449 0.7038726438247287 0
2903 3.643455647809429 0.8424431428092014 0
2904 3.604362957669549 0.8250757797228641 0
2905 3.567736156837778 0.8596263030424258 0
2906 3.565270267529669 0.8077084166365267 0
2907 3.570202046145888 0.9115441894483249 0
2908 3.531109356006009 0.8941768263619876 0
2909 3.526177577389789 0.7903410535501894 0
2910 3.645921537117538 0.8943610292151005 0
2911 3.648387426425648 0.9462789156209994 0
2912 3.609294736285768 0.9289115525346622 0
2913 3.650853315733757 0.9981968020268985 0
2914 3.572667935453998 0.9634620758542238 0
2915 3.489550776558019 0.8248915768697511 0
2916 3.487084887249909 0.772973690463852 0
2917 3.492016665866129 0.8768094632756502 0
2918 3.452923975726249 0.8594421001893129 0
2919 3.494482555174239 0.9287273496815494 0
2920 3.416297174894479 0.8939926235088747 0
2921 3.41383128558637 0.8420747371029755 0
2922 0.07035746130758407 0.03154788442315648 0
2923 0.1120241279741659 0.03154788442315648 0
2924 0.09904825594857493 0.06309576884631296 0
2925 0.1536907946407421 0.03154788442315648 0
2926 0.1277390505895715 0.09464365326946944 0
2927 0.1953574613073049 0.03154788442315648 0
2928 0.1823815892817196 0.06309576884631296 0
2929 0.211072383922697 0.09464365326946944 0
2930 0.1694057172561342 0.09464365326946944 0
2931 0.2527390505892598 0.09464365326946944 0
2932 0.2397631785636745 0.1261915376926259 0
2933 0.1564298452305489 0.1261915376926259 0
2934 0.2370241279738486 0.03154788442315648 0
2935 0.2786907946403924 0.03154788442315648 0
2936 0.2657149226148261 0.06309576884631296 0
2937 0.3203574613069361 0.03154788442315648 0
2938 0.2944057172558036 0.09464365326946944 0
2939 0.1851206398715454 0.1577394221157824 0
2940 0.2267873065381082 0.1577394221157824 0
2941 0.213811434512542 0.1892873065389389 0
2942 0.268453973204671 0.1577394221157824 0
2943 0.2425022291535385 0.2208351909620954 0
2944 3.721309205358883 0.03154788442313816 0
2945 3.679642538692185 0.03154788442313816 0
2946 3.762975872025462 0.03154788442313816 0
2947 3.734285077384283 0.06309576884627632 0
2948 3.804642538691922 0.03154788442313816 0
2949 3.747260949409801 0.09464365326941448 0
2950 3.705594282743222 0.09464365326941448 0
2951 3.846309205358589 0.03154788442313816 0
2952 3.817618410717528 0.06309576884627632 0
2953 3.830594282743134 0.09464365326941448 0
2954 3.788927616076468 0.09464365326941448 0
2955 3.872260949409801 0.09464365326941448 0
2956 3.843570154768741 0.1261915376925526 0
2957 3.760236821435408 0.1261915376925526 0
2958 3.887975872025437 0.03154788442313816 0
2959 3.929642538692192 0.03154788442313816 0
2960 3.900951744050949 0.06309576884627632 0
2961 3.773212693460926 0.1577394221156908 0
2962 3.731546026794259 0.1577394221156908 0
2963 3.814879360127593 0.1577394221156908 0
2964 3.786188565486444 0.189287306538829 0
2965 3.757497770845297 0.2208351909619671 0
2966 0.6503430105348367 1.564853374072087 0
2967 0.6324491393275397 1.515889236177066 0
2968 0.5839713269163747 1.490353144245864 0
2969 0.6145552681202426 1.466925098282043 0
2970 0.5533873857125068 1.513781190209684 0
2971 0.5354935145052098 1.464817052314662 0
2972 0.5966613969129455 1.417960960387021 0
2973 0.4870157020940447 1.43928096038346 0
2974 0.5175996432979126 1.41585291441964 0
2975 0.4997057720906156 1.366888776524618 0
2976 0.5481835845017806 1.39242486845582 0
2977 0.4512279596794506 1.341352684593416 0
2978 0.4818119008833185 1.317924638629596 0
2979 0.5787675257056485 1.368996822491999 0
2980 0.4564317608901768 1.462709006347281 0
2981 0.4385378896828797 1.413744868452258 0
2982 0.3900600772717147 1.388208776521057 0
2983 0.4206440184755826 1.364780730557236 0
2984 0.3594761360678468 1.411636822484877 0
2985 0.3415822648605498 1.362672684589855 0
2986 0.4027501472682856 1.315816592662214 0
2987 0.5608736544983515 1.320032684596977 0
2988 0.5123958420871864 1.294496592665775 0
2989 0.5429797832910543 1.271068546701955 0
2990 0.4639180296760214 1.268960500734574 0
2991 0.5250859120837572 1.222104408806933 0
2992 3.640523863307125 1.411636823154343 0
2993 3.609939921977993 1.388208777139914 0
2994 3.658417734499281 1.362672684955234 0
2995 3.561462109456705 1.413744869324593 0
2996 3.579355980648862 1.364780731125484 0
2997 3.543568238264549 1.462709007523702 0
2998 3.512984296935417 1.439280961509273 0
2999 3.54877203931973 1.341352685111055 0
3000 3.597249851841018 1.315816592926375 0
3001 3.464506484414129 1.464817053693952 0
3002 3.482400355606285 1.415852915494843 0
3003 3.451816414277154 1.392424869480414 0
3004 3.500294226798442 1.366888777295735 0
3005 3.403338601755866 1.417960961665093 0
3006 3.421232472948022 1.368996823465985 0
3007 3.518188097990599 1.317924639096625 0
3008 3.446612613221972 1.513781191893061 0
3009 3.416028671892841 1.490353145878632 0
3010 3.367550859371553 1.515889238063311 0
3011 3.385444730563709 1.466925099864202 0
3012 3.349656988179396 1.56485337626242 0
3013 3.487604156661467 1.294496593082196 0
3014 3.536081969182755 1.268960500897517 0
3015 3.439126344140179 1.320032685266876 0
3016 3.457020215332335 1.271068547067767 0
3017 3.474914086524492 1.222104408868658 0
3018 0.6173518317346507 1.656788898178567 0
3019 0.6491488790471136 1.605587581428978 0
3020 0.5855547844221878 1.707990214928156 0
3021 0.5676798878357627 1.671987013604256 0
3022 0.5537577371097249 1.759191531677745 0
3023 0.5180079439368745 1.687185129029945 0
3024 0.5498049912493376 1.635983812280356 0
3025 0.5219606897972618 1.810392848427334 0
3026 0.5040857932108368 1.774389647103434 0
3027 0.4544138493119487 1.789587762529123 0
3028 0.4862108966244116 1.738386445779534 0
3029 0.4226168019994858 1.840789079278712 0
3030 0.4047419054130607 1.804785877954812 0
3031 0.4683360000379866 1.702383244455634 0
3032 0.4901636424847989 1.861594165176923 0
3033 0.458366595172336 1.912795481926511 0
3034 0.4404916985859109 1.876792280602611 0
3035 0.4186640561390985 1.717581359881323 0
3036 0.4504611034515614 1.666380043131734 0
3037 0.3868670088266356 1.768782676630912 0
3038 0.3689921122402104 1.732779475307012 0
3039 0.3511172156537853 1.696776273983112 0
3040 3.541633404652963 1.91279548223171 0
3041 3.509836357166013 1.861594165787597 0
3042 3.559508301239171 1.876792280907532 0
3043 3.478039309679064 1.810392849343485 0
3044 3.577383197825379 1.840789079583355 0
3045 3.446242262192114 1.759191532899372 0
3046 3.495914206265272 1.774389648019307 0
3047 3.51378910285148 1.73838644669513 0
3048 3.54558615033843 1.789587763139243 0
3049 3.481992055364531 1.687185130251017 0
3050 3.531663999437688 1.702383245370952 0
3051 3.595258094411587 1.804785878259177 0
3052 3.414445214705164 1.70799021645526 0
3053 3.382648167218215 1.656788900011147 0
3054 3.432320111291373 1.671987015131082 0
3055 3.350851119731266 1.605587583567035 0
3056 3.450195007877581 1.635983813806905 0
3057 3.613132990997795 1.768782676935 0
3058 3.581335943510846 1.717581360490887 0
3059 3.631007887584004 1.732779475610823 0
3060 3.549538896023896 1.666380044046775 0
3061 3.648882784170212 1.696776274286645 0
3062 3.5039304694993 0.3625234831644368 0
3063 3.482653108073205 0.3235802407555329 0
3064 3.525207830925396 0.4014667255733406 0
3065 3.486583577572507 0.3974285893251571 0
3066 3.546485192351491 0.4404099679822445 0
3067 3.469236685645713 0.4323336954858774 0
3068 3.447959324219618 0.3933904530769735 0
3069 3.567762553777586 0.4793532103911483 0
3070 3.529138300424697 0.4753150741429648 0
3071 3.511791408497904 0.510220180303685 0
3072 3.490514047071808 0.4712769378947812 0
3073 3.533068769923998 0.5491634227125889 0
3074 3.49444451657111 0.5451252864644054 0
3075 3.451889793718919 0.4672388016465976 0
3076 3.58903991520368 0.5182964528000522 0
3077 3.610317276629776 0.557239695208956 0
3078 3.571693023276887 0.5532015589607724 0
3079 3.631594638055871 0.5961829376178598 0
3080 3.554346131350093 0.5881066651214928 0
3081 3.434542901792126 0.502143907807318 0
3082 3.413265540366031 0.4632006653984141 0
3083 3.455820263218222 0.5410871502162218 0
3084 3.417196009865333 0.5370490139680383 0
3085 3.477097624644316 0.5800303926251257 0
3086 3.39984911793854 0.5719541201287586 0
3087 3.378571756512444 0.5330108777198548 0
3088 0.3896827229755417 0.5572396949592997 0
3089 0.3684053615220031 0.5961829373457614 0
3090 0.4109600844290803 0.5182964525728381 0
3091 0.4283069761267084 0.5532015586189352 0
3092 0.4322374458826189 0.4793532101863764 0
3093 0.4669312292778751 0.5491634222785706 0
3094 0.4456538678243365 0.5881066646650324 0
3095 0.4535148073361576 0.4404099677999147 0
3096 0.4708616990337856 0.4753150738460118 0
3097 0.5094859521849524 0.4712769375056473 0
3098 0.4882085907314138 0.510220179892109 0
3099 0.5307633136384909 0.4323336951191856 0
3100 0.5481102053361191 0.4672388011652828 0
3101 0.5055554824290418 0.5451252859382061 0
3102 0.4747921687896962 0.401466725413453 0
3103 0.4960695302432349 0.3625234830269913 0
3104 0.5134164219408629 0.3974285890730885 0
3105 0.5173468916967735 0.3235802406405297 0
3106 0.5520406750920296 0.3933904527327239 0
3107 0.5441797355802085 0.5410871495978415 0
3108 0.5229023741266698 0.5800303919843033 0
3109 0.5654570970337471 0.5021439072113799 0
3110 0.5828039887313752 0.537049013257477 0
3111 0.5867344584872858 0.4632006648249182 0
3112 0.6214282418825419 0.5330108769171125 0
3113 0.6001508804290032 0.5719541193035742 0
3114 0.4050321623773481 0.6307334606241122 0
3115 0.4436564155285148 0.6266953242837476 0
3116 0.4416589632326931 0.6652839839024629 0
3117 0.4822806686796814 0.6226571879433831 0
3118 0.4782857640880381 0.6998345071808136 0
3119 0.5209049218308481 0.6186190516030186 0
3120 0.5189074695350264 0.6572077112217338 0
3121 0.5555342703903714 0.6917582345000846 0
3122 0.5169100172392048 0.6957963708404491 0
3123 0.5941585235415381 0.68772009815972 0
3124 0.5921610712457165 0.7263087577784352 0
3125 0.5149125649433831 0.7343850304591643 0
3126 0.5595291749820148 0.614580915262654 0
3127 0.5981534281331815 0.6105427789222895 0
3128 0.5961559758373598 0.6491314385410047 0
3129 0.6367776812843482 0.6065046425819249 0
3130 0.6327827766927048 0.6836819618193555 0
3131 0.5515393657987282 0.7689355537375149 0
3132 0.5901636189498949 0.7648974173971503 0
3133 0.5881661666540732 0.8034860770158656 0
3134 0.6287878721010616 0.7608592810567858 0
3135 0.6247929675094182 0.8380366002942163 0
3136 3.401846570459658 0.6105427796965039 0
3137 3.363222317106769 0.6065046434483203 0
3138 3.440470823812547 0.6145809159446874 0
3139 3.403844022980777 0.6491314392642492 0
3140 3.479095077165435 0.6186190521928709 0
3141 3.405841475501895 0.6877200988319945 0
3142 3.367217222149006 0.683681962583811 0
3143 3.517719330518323 0.6226571884410544 0
3144 3.481092529686554 0.6572077117606162 0
3145 3.483089982207672 0.6957963713283615 0
3146 3.444465728854784 0.691758235080178 0
3147 3.521714235560561 0.6998345075765451 0
3148 3.485087434728791 0.7343850308961068 0
3149 3.407838928023014 0.7263087583997397 0
3150 3.556343583871212 0.6266953246892379 0
3151 3.594967837224101 0.6307334609374216 0
3152 3.55834103639233 0.6652839842569833 0
3153 3.409836380544133 0.764897417967485 0
3154 3.371212127191244 0.7608592817193015 0
3155 3.448460633897021 0.7689355542156685 0
3156 3.411833833065251 0.8034860775352303 0
3157 3.375207032233481 0.838036600854792 0
3158 2.77852986079315 1.141359418607245 0
3159 2.786995252458836 1.189646896787906 0
3160 2.747780704980707 1.173977216027692 0
3161 2.795460644124522 1.237934374968567 0
3162 2.717031549168264 1.206595013448138 0
3163 2.803926035790208 1.286221853149227 0
3164 2.764711488312079 1.270552172389013 0
3165 2.733962332499636 1.303169969809459 0
3166 2.72549694083395 1.254882491628798 0
3167 2.742427724165322 1.35145744799012 0
3168 2.703213176687193 1.335787767229905 0
3169 2.686282393355821 1.239212810868584 0
3170 2.812391427455895 1.334509331329888 0
3171 2.82085681912158 1.382796809510548 0
3172 2.781642271643451 1.367127128750334 0
3173 2.655533237543378 1.27183060828903 0
3174 2.663998629209064 1.320118086469691 0
3175 2.624784081730935 1.304448405709477 0
3176 1.178978767580602 1.382689271459593 0
3177 1.187444159092276 1.334401793207524 0
3178 1.218028906288971 1.366912056021935 0
3179 1.195909550603949 1.286114314955455 0
3180 1.25707904499734 1.351134840584276 0
3181 1.204374942115622 1.237826836703386 0
3182 1.234959689312317 1.270337099517797 0
3183 1.274009828020686 1.254559884080139 0
3184 1.265544436509013 1.302847362332208 0
3185 1.282475219532359 1.20627240582807 0
3186 1.313059966729055 1.238782668642481 0
3187 1.296129183705709 1.335357625146618 0
3188 1.212840333627295 1.189539358451317 0
3189 1.221305725138968 1.141251880199249 0
3190 1.251890472335664 1.173762143013659 0
3191 1.335179322414077 1.31958040970896 0
3192 1.34364471392575 1.271292931456891 0
3193 1.374229461122446 1.303803194271302 0
3194 3.337355914718187 0.07685077238290855 0
3195 3.35818924805152 0.1129351642072601 0
3196 3.320545162769707 0.1176171529414655 0
3197 3.379022581384853 0.1490195560316117 0
3198 3.303734410821228 0.1583835335000225 0
3199 3.399855914718187 0.1851039478559633 0
3200 3.362211829436374 0.1897859365901687 0
3201 3.345401077487894 0.2305523171487256 0
3202 3.324567744154561 0.1944679253243741 0
3203 3.366234410821227 0.2666367089730772 0
3204 3.328590325539414 0.2713186977072826 0
3205 3.286923658872748 0.1991499140585795 0
3206 3.42068924805152 0.2211883396803148 0
3207 3.441522581384853 0.2572727315046665 0
3208 3.40387849610304 0.2619547202388718 0
3209 3.462355914718186 0.293357123329018 0
3210 3.38706774415456 0.3027211007974288 0
3211 3.270112906924268 0.2399162946171364 0
3212 3.290946240257602 0.276000686441488 0
3213 3.253302154975789 0.2806826751756934 0
3214 3.311779573590935 0.3120850782658396 0
3215 3.236491403027309 0.3214490557342504 0
3216 0.5584774185108399 0.2572727313857566 0
3217 0.5376440851775095 0.2933571232100607 0
3218 0.5793107518441701 0.2211883395614525 0
3219 0.5961215036892038 0.2619547200013846 0
3220 0.6001440851775005 0.1851039477371484 0
3221 0.633765588867568 0.2666367086170127 0
3222 0.6129322555342376 0.3027211004413168 0
3223 0.6209774185108309 0.1490195559128444 0
3224 0.6377881703558645 0.1897859363527765 0
3225 0.6754322555342287 0.1944679249684046 0
3226 0.6545989222008983 0.2305523167927087 0
3227 0.6962655888675591 0.1583835331441006 0
3228 0.7130763407125927 0.1991499135840327 0
3229 0.671409674045932 0.2713186972326408 0
3230 0.6418107518441613 0.1129351640885403 0
3231 0.6626440851774916 0.07685077226423623 0
3232 0.6794548370225253 0.1176171527041684 0
3233 0.709053759224296 0.276000685848269 0
3234 0.6882204258909657 0.312085077672573 0
3235 0.7298870925576264 0.2399162940239649 0
3236 0.7466978444026602 0.2806826744638971 0
3237 0.7635085962476938 0.3214490549038292 0
3238 0.3582820045801237 1.452371029841768 0
3239 0.3098041921689588 1.426834937910566 0
3240 0.4067598169912887 1.47790712177297 0
3241 0.3570878730924006 1.493105237198658 0
3242 0.4552376294024537 1.503443213704171 0
3243 0.3558937416046776 1.533839444555549 0
3244 0.3074159291935126 1.508303352624347 0
3245 0.5037154418136187 1.528979305635373 0
3246 0.4540434979147306 1.544177421061062 0
3247 0.4528493664270076 1.584911628417953 0
3248 0.4043715540158426 1.559375536486751 0
3249 0.5013271788381726 1.610447720349154 0
3250 0.4516552349392845 1.625645835774843 0
3251 0.3546996101169545 1.57457365191244 0
3252 0.5521932542247837 1.554515397566575 0
3253 0.6006710666359487 1.580051489497776 0
3254 0.5509991227370606 1.595249604923465 0
3255 0.3535054786292314 1.61530785926933 0
3256 0.3050276662180665 1.589771767338129 0
3257 0.4019832910403964 1.640843951200532 0
3258 0.3523113471415084 1.656042066626221 0
3259 0.3026394032426203 1.67124018205191 0
3260 3.399328932252554 1.580051491382355 0
3261 3.447806744773842 1.554515399197676 0
3262 3.449000876325711 1.59524960650229 0
3263 3.49628455729513 1.528979307012996 0
3264 3.498672820398869 1.610447721622225 0
3265 3.544762369816418 1.503443214828317 0
3266 3.545956501368288 1.544177422132931 0
3267 3.595628445441445 1.559375537252866 0
3268 3.547150632920157 1.584911629437546 0
3269 3.644106257962734 1.533839445068187 0
3270 3.645300389514603 1.574573652372801 0
3271 3.548344764472027 1.62564583674216 0
3272 3.593240182337706 1.477907122643637 0
3273 3.641717994858994 1.452371030458958 0
3274 3.642912126410864 1.493105237763572 0
3275 3.690195807380283 1.426834938274278 0
3276 3.692584070484021 1.508303352883507 0
3277 3.598016708545185 1.640843951862095 0
3278 3.646494521066472 1.615307859677416 0
3279 3.647688652618342 1.65604206698203 0
3280 3.694972333587761 1.589771767492736 0
3281 3.6973605966915 1.671240182101966 0
3282 3.027574467433457 1.970991748846722 0
3283 2.972018911878234 1.970991748846722 0
3284 2.999593379310498 1.941983497693445 0
3285 2.916463356323054 1.970991748846722 0
3286 2.971612291187495 1.912975246540167 0
3287 2.860907800767884 1.970991748846722 0
3288 2.888482268200105 1.941983497693445 0
3289 2.860501180077155 1.912975246540167 0
3290 2.916056735632325 1.912975246540167 0
3291 2.804945624521985 1.912975246540167 0
3292 2.832520091954206 1.88396699538689 0
3293 2.943631203064546 1.88396699538689 0
3294 2.805352245212674 1.970991748846722 0
3295 2.749796689657558 1.970991748846722 0
3296 2.777371157089817 1.941983497693445 0
3297 2.915650114941543 1.854958744233612 0
3298 2.860094559386373 1.854958744233612 0
3299 2.887669026818541 1.825950493080335 0
3300 1.250189246269477 1.970984636320634 0
3301 1.19463369071369 1.970984636320634 0
3302 1.222600714755856 1.941969272641269 0
3303 1.139078135157904 1.970984636320634 0
3304 1.195012183242235 1.912953908961903 0
3305 1.083522579602117 1.970984636320634 0
3306 1.111489603644283 1.941969272641269 0
3307 1.083901072130662 1.912953908961903 0
3308 1.139456627686448 1.912953908961903 0
3309 1.028345516574875 1.912953908961903 0
3310 1.056312540617041 1.883938545282538 0
3311 1.167423651728614 1.883938545282538 0
3312 1.02796702404633 1.970984636320634 0
3313 0.9724114684905435 1.970984636320634 0
3314 1.000378492532709 1.941969272641269 0
3315 1.139835120214993 1.854923181603173 0
3316 1.084279564659207 1.854923181603173 0
3317 1.112246588701372 1.825907817923807 0
3318 3.256788596382329 0.3516721731607653 0
3319 3.294432681664142 0.3469901844265599 0
3320 3.277085789737348 0.3818952905872802 0
3321 3.332076766945955 0.3423081956923545 0
3322 3.297382983092367 0.4121184080137951 0
3323 3.369720852227767 0.3376262069581491 0
3324 3.352373960300973 0.3725313131188694 0
3325 3.372671153655992 0.4027544305453843 0
3326 3.33502706837418 0.4074364192795897 0
3327 3.410315238937805 0.3980724418111789 0
3328 3.392968347011012 0.4329775479718992 0
3329 3.317680176447387 0.44234152544031 0
3330 3.40736493750958 0.3329442182239437 0
3331 3.445009022791393 0.3282622294897383 0
3332 3.427662130864599 0.3631673356504586 0
3333 3.337977369802406 0.4725646428668249 0
3334 3.375621455084218 0.4678826541326195 0
3335 3.358274563157425 0.5027877602933398 0
3336 0.5549909768751375 0.3282622292561578 0
3337 0.5926350620535016 0.3329442178717859 0
3338 0.5723378685727656 0.3631673353022549 0
3339 0.6302791472318656 0.3376262064874139 0
3340 0.5896847602703936 0.3980724413483521 0
3341 0.6679232324102298 0.3423081951030421 0
3342 0.6476260389294937 0.3725313125335111 0
3343 0.6649729306271218 0.4074364185796082 0
3344 0.6273288454487578 0.4027544299639801 0
3345 0.7026170158054859 0.4121184071952363 0
3346 0.6823198223247499 0.4423415246257054 0
3347 0.6070316519680217 0.4329775473944492 0
3348 0.7055673175885938 0.3469901837186702 0
3349 0.7432114027669579 0.3516721723342983 0
3350 0.7229142092862219 0.3818952897647673 0
3351 0.6243785436656498 0.4678826534405464 0
3352 0.6620226288440139 0.4725646420561744 0
3353 0.6417254353632779 0.5027877594866434 0
3354 0.07655544942644739 1.587259389995309 0
3355 0.1154302398835326 1.560521981314519 0
3356 0.1142361083958096 1.601256188671409 0
3357 0.1543050303406178 1.533784572633728 0
3358 0.1519167673651717 1.615252987347509 0
3359 0.1931798207977031 1.507047163952937 0
3360 0.19198568930998 1.547781371309828 0
3361 0.2296663482793422 1.561778169985928 0
3362 0.1907915578222569 1.588515578666719 0
3363 0.2685411387364274 1.535040761305138 0
3364 0.2673470072487043 1.575774968662029 0
3365 0.1895974263345339 1.629249786023609 0
3366 0.2320546112547883 1.480309755272147 0
3367 0.2709294017118735 1.453572346591356 0
3368 0.2697352702241504 1.494306553948247 0
3369 0.227278085303896 1.64324658469971 0
3370 0.2661528757609812 1.616509176018919 0
3371 0.2649587442732582 1.65724338337581 0
3372 3.729070597901731 1.453572346902938 0
3373 3.767945388423179 1.480309755531598 0
3374 3.730264729453601 1.494306554207553 0
3375 3.806820178944628 1.507047164160259 0
3376 3.73145886100547 1.535040761512168 0
3377 3.845694969466076 1.533784572788919 0
3378 3.808014310496497 1.547781371464873 0
3379 3.809208442048367 1.588515578769488 0
3380 3.770333651526919 1.561778170140828 0
3381 3.848083232569815 1.615252987398148 0
3382 3.810402573600236 1.629249786074102 0
3383 3.732652992557339 1.575774968816782 0
3384 3.884569759987524 1.560521981417579 0
3385 3.923444550508973 1.587259390046239 0
3386 3.885763891539394 1.601256188722194 0
3387 3.733847124109209 1.616509176121397 0
3388 3.772721914630657 1.643246584750057 0
3389 3.735041255661079 1.657243383426011 0
3390 1.714481757800897 1.351817398508487 0
3391 1.681039192919037 1.395070895350543 0
3392 1.671044618421576 1.353527732791576 0
3393 1.647596628037177 1.438324392192598 0
3394 1.627607479042255 1.355238067074665 0
3395 1.614154063155318 1.481577889034654 0
3396 1.604159488657857 1.440034726475687 0
3397 1.560722349278536 1.441745060758776 0
3398 1.594164914160396 1.39849156391672 0
3399 1.527279784396676 1.484998557600831 0
3400 1.517285209899215 1.443455395041865 0
3401 1.584170339662935 1.356948401357754 0
3402 1.580711498273458 1.524831385876709 0
3403 1.547268933391598 1.568084882718765 0
3404 1.537274358894137 1.526541720159798 0
3405 1.540733200283613 1.358658735640843 0
3406 1.507290635401754 1.401912232482898 0
3407 1.497296060904292 1.360369069923931 0
3408 2.449990663317187 1.569734153107909 0
3409 2.415322813747296 1.527339344206419 0
3410 2.460013786967656 1.528200947445096 0
3411 2.380654964177405 1.48494453530493 0
3412 2.470036910618126 1.486667741782283 0
3413 2.345987114607515 1.44254972640344 0
3414 2.390678087827875 1.443411329642117 0
3415 2.400701211478344 1.401878123979304 0
3416 2.435369061048235 1.444272932880794 0
3417 2.366033361908453 1.359483315077815 0
3418 2.410724335128814 1.360344918316491 0
3419 2.480060034268595 1.445134536119471 0
3420 2.311319265037624 1.400154917501951 0
3421 2.276651415467733 1.357760108600461 0
3422 2.321342388688093 1.358621711839138 0
3423 2.490083157919064 1.403601330456657 0
3424 2.455415308349174 1.361206521555168 0
3425 2.500106281569534 1.362068124793844 0
3426 0.3411907946402665 0.06763227624746054 0
3427 0.3620241279735968 0.1037166680717646 0
3428 0.3282149226147002 0.09918016067061702 0
3429 0.3828574613069272 0.1398010598960687 0
3430 0.3152390505891339 0.1307280450937735 0
3431 0.4036907946402576 0.1758854517203727 0
3432 0.3698815892813609 0.1713489443192251 0
3433 0.3569057172557947 0.2028968287423816 0
3434 0.3360723839224643 0.1668124369180776 0
3435 0.377739050589125 0.2389812205666857 0
3436 0.3439298452302284 0.2344447131655381 0
3437 0.3022631785635677 0.16227592951693 0
3438 0.424524127973588 0.2119698435446768 0
3439 0.4453574613069183 0.2480542353689809 0
3440 0.4115482559480217 0.2435177279678333 0
3441 0.2892873065380014 0.1938238139400865 0
3442 0.3101206398713318 0.2299082057643905 0
3443 0.2763114345124351 0.2253716983632429 0
3444 3.554642538692184 0.2480542353692476 0
3445 3.575475872025518 0.211969843544896 0
3446 3.588451744051036 0.2435177279680342 0
3447 3.596309205358851 0.1758854517205445 0
3448 3.622260949409888 0.2389812205668208 0
3449 3.617142538692185 0.1398010598961929 0
3450 3.630118410717703 0.1713489443193311 0
3451 3.663927616076555 0.1668124369181176 0
3452 3.643094282743222 0.2028968287424692 0
3453 3.684760949409889 0.1307280450937661 0
3454 3.697736821435407 0.1622759295169042 0
3455 3.656070154768741 0.2344447131656074 0
3456 3.637975872025518 0.1037166680718413 0
3457 3.658809205358852 0.06763227624748974 0
3458 3.67178507738437 0.0991801606706279 0
3459 3.689879360127593 0.229908205764394 0
3460 3.710712693460926 0.1938238139400424 0
3461 3.723688565486444 0.2253716983631806 0
3462 0.3414642236474104 1.316355613903655 0
3463 0.3413461824342711 1.270038543217455 0
3464 0.3720481648512783 1.292927567939835 0
3465 0.3412281412211318 1.223721472531255 0
3466 0.4026321060551462 1.269499521976014 0
3467 0.3411101000079924 1.177404401845055 0
3468 0.3718120824249996 1.200293426567435 0
3469 0.4023960236288676 1.176865380603614 0
3470 0.4025140648420069 1.223182451289814 0
3471 0.4022779824157282 1.130548309917415 0
3472 0.4329799648327355 1.153437334639794 0
3473 0.4332160472590141 1.246071476012194 0
3474 0.3409920587948531 1.131087331158855 0
3475 0.3408740175817137 1.084770260472655 0
3476 0.371575999998721 1.107659285195035 0
3477 0.3407559763685744 1.038453189786455 0
3478 0.4021599412025889 1.084231239231214 0
3479 0.4637999884628821 1.222643430048374 0
3480 0.4636819472497427 1.176326359362174 0
3481 0.49438392966675 1.199215384084553 0
3482 0.4635639060366034 1.130009288675974 0
3483 0.5249678708706179 1.175787338120733 0
3484 3.6591259820332 1.084770260562913 0
3485 3.659244023288853 1.03845318983086 0
3486 3.659007940777546 1.131087331294967 0
3487 3.628423999448415 1.107659285280538 0
3488 3.658889899521893 1.17740440202702 0
3489 3.59772201686363 1.130548309998162 0
3490 3.597840058119283 1.084231239266108 0
3491 3.65877185826624 1.223721472759074 0
3492 3.628187916937109 1.200293426744645 0
3493 3.597485934352324 1.223182451462269 0
3494 3.597603975607977 1.176865380730215 0
3495 3.597367893096671 1.269499522194322 0
3496 3.566783951767539 1.246071476179893 0
3497 3.567020034278846 1.153437334715786 0
3498 3.658653817010587 1.270038543491127 0
3499 3.658535775754935 1.316355614223181 0
3500 3.627951834425803 1.292927568208751 0
3501 3.536318051694061 1.17632635943341 0
3502 3.536436092949714 1.130009288701356 0
3503 3.536200010438408 1.222643430165463 0
3504 3.505616069109276 1.199215384151034 0
3505 3.475032127780144 1.175787338136605 0
3506 3.213398298243649 1.124400423048165 0
3507 3.24209778058799 1.089813960577887 0
3508 3.250488488143085 1.130070348381848 0
3509 3.270797262932331 1.055227498107609 0
3510 3.287578678042522 1.135740273715532 0
3511 3.299496745276672 1.020641035637332 0
3512 3.307887452831767 1.060897423441293 0
3513 3.344977642731203 1.066567348774977 0
3514 3.316278160386863 1.101153811245255 0
3515 3.373677125075544 1.031980886304699 0
3516 3.382067832630639 1.072237274108661 0
3517 3.324668867941957 1.141410199049216 0
3518 3.328196227621013 0.986054573167054 0
3519 3.356895709965354 0.9514681106967764 0
3520 3.365286417520449 0.9917244985007378 0
3521 3.385595192309695 0.9168816482264988 0
3522 3.402376607419884 0.9973944238344215 0
3523 3.361759057841393 1.1470801243829 0
3524 3.390458540185734 1.112493661912622 0
3525 3.398849247740829 1.152750049716583 0
3526 3.419158022530075 1.077907199442344 0
3527 3.435939437640265 1.158419975050267 0
3528 0.6431042894818886 0.9514681099618846 0
3529 0.6144048074728501 0.9168816477792043 0
3530 0.6718037714909273 0.9860545721445648 0
3531 0.6347135817411422 0.9917244978281572 0
3532 0.700503253499966 1.020641034327245 0
3533 0.6263228740003959 1.03198088569443 0
3534 0.5976233919913572 0.9973944235117496 0
3535 0.7292027355090045 1.055227496509926 0
3536 0.6921125457592195 1.060897422193518 0
3537 0.6837218380184731 1.101153810059791 0
3538 0.6550223560094345 1.06656734787711 0
3539 0.7124213200275118 1.135740272242471 0
3540 0.6753311302777267 1.141410197926063 0
3541 0.6179321662596494 1.072237273560703 0
3542 0.7579022175180432 1.089813958692606 0
3543 0.7866016995270818 1.124400420875286 0
3544 0.7495115097772967 1.130070346558879 0
3545 0.609541458518903 1.112493661426975 0
3546 0.5808419765098645 1.077907199244295 0
3547 0.6382409405279417 1.147080123609656 0
3548 0.6011507507781566 1.152750049293248 0
3549 0.5640605610283715 1.15841997497684 0
3550 0.6726000172461929 0.6252041087472981 0
3551 0.7084223532080376 0.6439035749126714 0
3552 0.6706025649503712 0.6637927683660134 0
3553 0.7442446891698823 0.6626030410780447 0
3554 0.6686051126545496 0.7023814279847287 0
3555 0.780067025131727 0.681302507243418 0
3556 0.7422472368740606 0.7011917006967598 0
3557 0.740249784578239 0.7397803603154751 0
3558 0.7044274486163942 0.7210808941501019 0
3559 0.7760721205400836 0.7584798264808483 0
3560 0.7382523322824173 0.7783690199341904 0
3561 0.6666076603587279 0.740970087603444 0
3562 0.8158893610935717 0.7000019734087912 0
3563 0.8517116970554164 0.7187014395741644 0
3564 0.81389190879775 0.7385906330275065 0
3565 0.6646102080629062 0.7795587472221591 0
3566 0.700432544024751 0.7982582133875324 0
3567 0.6626127557670846 0.8181474068408743 0
3568 3.148288301019785 0.7187014417424934 0
3569 3.184110637034283 0.7000019753601312 0
3570 3.186108089555401 0.7385906349278765 0
3571 3.21993297304878 0.681302508977769 0
3572 3.223927878091017 0.7584798281132595 0
3573 3.255755309063277 0.6626030425954068 0
3574 3.257752761584396 0.7011917021631522 0
3575 3.295572550120012 0.7210808953485353 0
3576 3.259750214105514 0.7397803617308973 0
3577 3.331394886134509 0.7023814289661732 0
3578 3.333392338655628 0.7409700885339183 0
3579 3.261747666626633 0.7783690212986427 0
3580 3.291577645077775 0.6439035762130447 0
3581 3.327399981092272 0.6252041098306825 0
3582 3.329397433613391 0.6637927693984278 0
3583 3.299567455162249 0.7982582144840258 0
3584 3.335389791176746 0.7795587481016637 0
3585 3.337387243697865 0.8181474076694089 0
3586 0.379848666526328 1.021085826642562 0
3587 0.4189413566840817 1.003718463498669 0
3588 0.4105506489433353 1.043974851364942 0
3589 0.4580340468418354 0.986351100354776 0
3590 0.4412526313603425 1.066863876087321 0
3591 0.497126736999589 0.9689837372108832 0
3592 0.4887360292588426 1.009240125077156 0
3593 0.5194380116758499 1.032129149799536 0
3594 0.4803453215180962 1.049496512943429 0
3595 0.5585307018336035 1.014761786655642 0
3596 0.5501399940928571 1.055018174521915 0
3597 0.4719546137773498 1.089752900809701 0
3598 0.5362194271573426 0.9516163740669902 0
3599 0.5753121173150963 0.9342490109230972 0
3600 0.56692140957435 0.9745053987893699 0
3601 0.502656596194357 1.112641925532081 0
3602 0.5417492863521107 1.095274562388188 0
3603 0.5333585786113644 1.135530950254461 0
3604 3.424687882449574 0.9342490113128361 0
3605 3.463780572589454 0.9516163743991733 0
3606 3.433078590004669 0.9745053991167973 0
3607 3.502873262729334 0.9689837374855106 0
3608 3.441469297559764 1.014761786920759 0
3609 3.541965952869213 0.9863511005718479 0
3610 3.511263970284428 1.009240125289472 0
3611 3.519654677839524 1.049496513093434 0
3612 3.480561987699644 1.032129150007096 0
3613 3.558747367979404 1.066863876179771 0
3614 3.528045385394619 1.089752900897395 0
3615 3.44986000511486 1.05501817472472 0
3616 3.581058643009093 1.003718463658185 0
3617 3.620151333148973 1.021085826744523 0
3618 3.589449350564188 1.043974851462147 0
3619 3.458250712669955 1.095274562528682 0
3620 3.497343402809834 1.112641925615019 0
3621 3.46664142022505 1.135530950332643 0
$EndNodes
$Elements
7240
1 1 2 10 1 1 7
2 1 2 10 1 7 8
3 1 2 10 1 8 9
4 1 2 10 1 9 10
5 1 2 10 1 10 11
6 1 2 10 1 11 12
7 1 2 10 1 12 13
8 1 2 10 1 13 14
9 1 2 10 1 14 15
10 1 2 10 1 15 16
11 1 2 10 1 16 17
12 1 2 10 1 17 18
13 1 2 10 1 18 19
14 1 2 10 1 19 20
15 1 2 10 1 20 21
16 1 2 10 1 21 22
17 1 2 10 1 22 23
18 1 2 10 1 23 24
19 1 2 10 1 24 25
20 1 2 10 1 25 26
21 1 2 10 1 26 27
22 1 2 10 1 27 28
23 1 2 10 1 28 29
24 1 2 10 1 29 2
25 1 2 10 2 3 30
26 1 2 10 2 30 31
27 1 2 10 2 31 32
28 1 2 10 2 32 33
29 1 2 10 2 33 34
30 1 2 10 2 34 35
31 1 2 10 2 35 36
32 1 2 10 2 36 37
33 1 2 10 2 37 38
34 1 2 10 2 38 39
35 1 2 10 2 39 40
36 1 2 10 2 40 41
37 1 2 10 2 41 42
38 1 2 10 2 42 43
39 1 2 10 2 43 44
40 1 2 10 2 44 45
41 1 2 10 2 45 46
42 1 2 10 2 46 47
43 1 2 10 2 47 48
44 1 2 10 2 48 49
45 1 2 10 2 49 50
46 1 2 10 2 50 51
47 1 2 10 2 51 52
48 1 2 10 2 52 4
49 1 2 1 3 4 53
50 1 2 1 3 53 54
51 1 2 1 3 54 55
52 1 2 1 3 55 56
53 1 2 1 3 56 57
54 1 2 1 3 57 58
55 1 2 1 3 58 59
56 1 2 1 3 59 60
57 1 2 1 3 60 61
58 1 2 1 3 61 62
59 1 2 1 3 62 63
60 1 2 1 3 63 64
61 1 2 1 3 64 65
62 1 2 1 3 65 66
63 1 2 1 3 66 67
64 1 2 1 3 67 68
65 1 2 1 3 68 69
66 1 2 1 3 69 70
67 1 2 1 3 70 71
68 1 2 1 3 71 72
69 1 2 1 3 72 73
70 1 2 1 3 73 74
71 1 2 1 3 74 75
72 1 2 1 3 75 76
73 1 2 1 3 76 77
74 1 2 1 3 77 78
75 1 2 1 3 78 79
76 1 2 1 3 79 80
77 1 2 1 3 80 81
78 1 2 1 3 81 82
79 1 2 1 3 82 83
80 1 2 1 3 83 84
81 1 2 1 3 84 85
82 1 2 1 3 85 86
83 1 2 1 3 86 87
84 1 2 1 3 87 88
85 1 2 1 3 88 89
86 1 2 1 3 89 90
87 1 2 1 3 90 91
88 1 2 1 3 91 5
89 1 2 1 4 5 92
90 1 2 1 4 92 93
91 1 2 1 4 93 94
92 1 2 1 4 94 95
93 1 2 1 4 95 96
94 1 2 1 4 96 97
95 1 2 1 4 97 98
96 1 2 1 4 98 99
97 1 2 1 4 99 100
98 1 2 1 4 100 101
99 1 2 1 4 101 102
100 1 2 1 4 102 103
101 1 2 1 4 103 104
102 1 2 1 4 104 105
103 1 2 1 4 105 106
104 1 2 1 4 106 107
105 1 2 1 4 107 108
106 1 2 1 4 108 109
107 1 2 1 4 109 110
108 1 2 1 4 110 111
109 1 2 1 4 111 112
110 1 2 1 4 112 113
111 1 2 1 4 113 114
112 1 2 1 4 114 115
113 1 2 1 4 115 116
114 1 2 1 4 116 117
115 1 2 1 4 117 118
116 1 2 1 4 118 119
117 1 2 1 4 119 120
118 1 2 1 4 120 121
119 1 2 1 4 121 122
120 1 2 1 4 122 123
121 1 2 1 4 123 124
122 1 2 1 4 124 125
123 1 2 1 4 125 126
124 1 2 1 4 126 127
125 1 2 1 4 127 128
126 1 2 1 4 128 129
127 1 2 1 4 129 130
128 1 2 1 4 130 131
129 1 2 1 4 131 132
130 1 2 1 4 132 133
131 1 2 1 4 133 134
132 1 2 1 4 134 135
133 1 2 1 4 135 136
134 1 2 1 4 136 137
135 1 2 1 4 137 138
136 1 2 1 4 138 139
137 1 2 1 4 139 140
138 1 2 1 4 140 141
139 1 2 1 4 141 142
140 1 2 1 4 142 143
141 1 2 1 4 143 144
142 1 2 1 4 144 145
143 1 2 1 4 145 146
144 1 2 1 4 146 147
145 1 2 1 4 147 148
146 1 2 1 4 148 149
147 1 2 1 4 149 150
148 1 2 1 4 150 151
149 1 2 1 4 151 152
150 1 2 1 4 152 153
151 1 2 1 4 153 154
152 1 2 1 4 154 155
153 1 2 1 4 155 156
154 1 2 1 4 156 157
155 1 2 1 4 157 158
156 1 2 1 4 158 159
157 1 2 1 4 159 160
158 1 2 1 4 160 161
159 1 2 1 4 161 162
160 1 2 1 4 162 6
161 1 2 1 5 6 163
162 1 2 1 5 163 164
163 1 2 1 5 164 165
164 1 2 1 5 165 166
165 1 2 1 5 166 167
166 1 2 1 5 167 168
167 1 2 1 5 168 169
168 1 2 1 5 169 170
169 1 2 1 5 170 171
170 1 2 1 5 171 172
171 1 2 1 5 172 173
172 1 2 1 5 173 174
173 1 2 1 5 174 175
174 1 2 1 5 175 176
175 1 2 1 5 176 177
176 1 2 1 5 177 178
177 1 2 1 5 178 179
178 1 2 1 5 179 180
179 1 2 1 5 180 181
180 1 2 1 5 181 182
181 1 2 1 5 182 183
182 1 2 1 5 183 184
183 1 2 1 5 184 185
184 1 2 1 5 185 186
185 1 2 1 5 186 187
186 1 2 1 5 187 188
187 1 2 1 5 188 189
188 1 2 1 5 189 190
189 1 2 1 5 190 191
190 1 2 1 5 191 192
191 1 2 1 5 192 193
192 1 2 1 5 193 194
193 1 2 1 5 194 195
194 1 2 1 5 195 196
195 1 2 1 5 196 197
196 1 2 1 5 197 198
197 1 2 1 5 198 199
198 1 2 1 5 199 200
199 1 2 1 5 200 201
200 1 2 1 5 201 1
201 1 2 10 6 202 3
202 1 2 10 6 203 202
203 1 2 10 6 204 203
204 1 2 10 6 205 204
205 1 2 10 6 206 205
206 1 2 10 6 207 206
207 1 2 10 6 208 207
208 1 2 10 6 209 208
209 1 2 10 6 210 209
210 1 2 10 6 211 210
211 1 2 10 6 212 211
212 1 2 10 6 213 212
213 1 2 10 6 214 213
214 1 2 10 6 215 214
215 1 2 10 6 216 215
216 1 2 10 6 217 216
217 1 2 10 6 218 217
218 1 2 10 6 219 218
219 1 2 10 6 220 219
220 1 2 10 6 221 220
221 1 2 10 6 222 221
222 1 2 10 6 223 222
223 1 2 10 6 224 223
224 1 2 10 6 225 224
225 1 2 10 6 226 225
226 1 2 10 6 227 226
227 1 2 10 6 228 227
228 1 2 10 6 229 228
229 1 2 10 6 230 229
230 1 2 10 6 231 230
231 1 2 10 6 232 231
232 1 2 10 6 233 232
233 1 2 10 6 234 233
234 1 2 10 6 235 234
235 1 2 10 6 236 235
236 1 2 10 6 237 236
237 1 2 10 6 238 237
238 1 2 10 6 239 238
239 1 2 10 6 240 239
240 1 2 10 6 241 240
241 1 2 10 6 242 241
242 1 2 10 6 243 242
243 1 2 10 6 244 243
244 1 2 10 6 245 244
245 1 2 10 6 246 245
246 1 2 10 6 247 246
247 1 2 10 6 248 247
248 1 2 10 6 249 248
249 1 2 10 6 250 249
250 1 2 10 6 251 250
251 1 2 10 6 252 251
252 1 2 10 6 253 252
253 1 2 10 6 254 253
254 1 2 10 6 255 254
255 1 2 10 6 256 255
256 1 2 10 6 257 256
257 1 2 10 6 258 257
258 1 2 10 6 259 258
259 1 2 10 6 260 259
260 1 2 10 6 261 260
261 1 2 10 6 262 261
262 1 2 10 6 263 262
263 1 2 10 6 264 263
264 1 2 10 6 2 264
265 2 2 5 1 268 1072 1074
266 2 2 5 1 1072 1073 1074
267 2 2 5 1 1072 451 1073
268 2 2 5 1 1074 1073 453
269 2 2 5 1 451 1075 1073
270 2 2 5 1 1075 1076 1073
271 2 2 5 1 1075 452 1076
272 2 2 5 1 1073 1076 453
273 2 2 5 1 451 1077 1075
274 2 2 5 1 1077 1078 1075
275 2 2 5 1 1077 304 1078
276 2 2 5 1 1075 1078 452
277 2 2 5 1 453 1076 1080
278 2 2 5 1 1076 1079 1080
279 2 2 5 1 1076 452 1079
280 2 2 5 1 1080 1079 306
281 2 2 5 1 304 1081 1078
282 2 2 5 1 1081 1082 1078
283 2 2 5 1 1081 454 1082
284 2 2 5 1 1078 1082 452
285 2 2 5 1 454 1083 1082
286 2 2 5 1 1083 1084 1082
287 2 2 5 1 1083 455 1084
288 2 2 5 1 1082 1084 452
289 2 2 5 1 454 1085 1083
290 2 2 5 1 1085 1086 1083
291 2 2 5 1 1085 305 1086
292 2 2 5 1 1083 1086 455
293 2 2 5 1 452 1084 1079
294 2 2 5 1 1084 1087 1079
295 2 2 5 1 1084 455 1087
296 2 2 5 1 1079 1087 306
297 2 2 5 1 304 1088 1081
298 2 2 5 1 1088 1089 1081
299 2 2 5 1 1088 456 1089
300 2 2 5 1 1081 1089 454
301 2 2 5 1 456 1090 1089
302 2 2 5 1 1090 1091 1089
303 2 2 5 1 1090 457 1091
304 2 2 5 1 1089 1091 454
305 2 2 5 1 456 1092 1090
306 2 2 5 1 1092 1093 1090
307 2 2 5 1 1092 276 1093
308 2 2 5 1 1090 1093 457
309 2 2 5 1 454 1091 1085
310 2 2 5 1 1091 1094 1085
311 2 2 5 1 1091 457 1094
312 2 2 5 1 1085 1094 305
313 2 2 5 1 306 1087 1096
314 2 2 5 1 1087 1095 1096
315 2 2 5 1 1087 455 1095
316 2 2 5 1 1096 1095 459
317 2 2 5 1 455 1097 1095
318 2 2 5 1 1097 1098 1095
319 2 2 5 1 1097 458 1098
320 2 2 5 1 1095 1098 459
321 2 2 5 1 455 1086 1097
322 2 2 5 1 1086 1099 1097
323 2 2 5 1 1086 305 1099
324 2 2 5 1 1097 1099 458
325 2 2 5 1 459 1098 1101
326 2 2 5 1 1098 1100 1101
327 2 2 5 1 1098 458 1100
328 2 2 5 1 1101 1100 278
329 2 2 5 1 275 1102 1104
330 2 2 5 1 1102 1103 1104
331 2 2 5 1 1102 460 1103
332 2 2 5 1 1104 1103 462
333 2 2 5 1 460 1105 1103
334 2 2 5 1 1105 1106 1103
335 2 2 5 1 1105 461 1106
336 2 2 5 1 1103 1106 462
337 2 2 5 1 460 1107 1105
338 2 2 5 1 1107 1108 1105
339 2 2 5 1 1107 307 1108
340 2 2 5 1 1105 1108 461
341 2 2 5 1 462 1106 1110
342 2 2 5 1 1106 1109 1110
343 2 2 5 1 1106 461 1109
344 2 2 5 1 1110 1109 309
345 2 2 5 1 307 1111 1108
346 2 2 5 1 1111 1112 1108
347 2 2 5 1 1111 463 1112
348 2 2 5 1 1108 1112 461
349 2 2 5 1 463 1113 1112
350 2 2 5 1 1113 1114 1112
351 2 2 5 1 1113 464 1114
352 2 2 5 1 1112 1114 461
353 2 2 5 1 463 1115 1113
354 2 2 5 1 1115 1116 1113
355 2 2 5 1 1115 308 1116
356 2 2 5 1 1113 1116 464
357 2 2 5 1 461 1114 1109
358 2 2 5 1 1114 1117 1109
359 2 2 5 1 1114 464 1117
360 2 2 5 1 1109 1117 309
361 2 2 5 1 307 1118 1111
362 2 2 5 1 1118 1119 1111
363 2 2 5 1 1118 465 1119
364 2 2 5 1 1111 1119 463
365 2 2 5 1 465 1120 1119
366 2 2 5 1 1120 1121 1119
367 2 2 5 1 1120 466 1121
368 2 2 5 1 1119 1121 463
369 2 2 5 1 465 1122 1120
370 2 2 5 1 1122 1123 1120
371 2 2 5 1 1122 267 1123
372 2 2 5 1 1120 1123 466
373 2 2 5 1 463 1121 1115
374 2 2 5 1 1121 1124 1115
375 2 2 5 1 1121 466 1124
376 2 2 5 1 1115 1124 308
377 2 2 5 1 309 1117 1126
378 2 2 5 1 1117 1125 1126
379 2 2 5 1 1117 464 1125
380 2 2 5 1 1126 1125 468
381 2 2 5 1 464 1127 1125
382 2 2 5 1 1127 1128 1125
383 2 2 5 1 1127 467 1128
384 2 2 5 1 1125 1128 468
385 2 2 5 1 464 1116 1127
386 2 2 5 1 1116 1129 1127
387 2 2 5 1 1116 308 1129
388 2 2 5 1 1127 1129 467
389 2 2 5 1 468 1128 1131
390 2 2 5 1 1128 1130 1131
391 2 2 5 1 1128 467 1130
392 2 2 5 1 1131 1130 277
393 2 2 5 1 268 1132 1072
394 2 2 5 1 1132 1133 1072
395 2 2 5 1 1132 469 1133
396 2 2 5 1 1072 1133 451
397 2 2 5 1 469 1134 1133
398 2 2 5 1 1134 1135 1133
399 2 2 5 1 1134 470 1135
400 2 2 5 1 1133 1135 451
401 2 2 5 1 469 1136 1134
402 2 2 5 1 1136 1137 1134
403 2 2 5 1 1136 310 1137
404 2 2 5 1 1134 1137 470
405 2 2 5 1 451 1135 1077
406 2 2 5 1 1135 1138 1077
407 2 2 5 1 1135 470 1138
408 2 2 5 1 1077 1138 304
409 2 2 5 1 310 1139 1137
410 2 2 5 1 1139 1140 1137
411 2 2 5 1 1139 471 1140
412 2 2 5 1 1137 1140 470
413 2 2 5 1 471 1141 1140
414 2 2 5 1 1141 1142 1140
415 2 2 5 1 1141 472 1142
416 2 2 5 1 1140 1142 470
417 2 2 5 1 471 1143 1141
418 2 2 5 1 1143 1144 1141
419 2 2 5 1 1143 311 1144
420 2 2 5 1 1141 1144 472
421 2 2 5 1 470 1142 1138
422 2 2 5 1 1142 1145 1138
423 2 2 5 1 1142 472 1145
424 2 2 5 1 1138 1145 304
425 2 2 5 1 310 1146 1139
426 2 2 5 1 1146 1147 1139
427 2 2 5 1 1146 473 1147
428 2 2 5 1 1139 1147 471
429 2 2 5 1 473 1148 1147
430 2 2 5 1 1148 1149 1147
431 2 2 5 1 1148 474 1149
432 2 2 5 1 1147 1149 471
433 2 2 5 1 473 1150 1148
434 2 2 5 1 1150 1151 1148
435 2 2 5 1 1150 217 1151
436 2 2 5 1 1148 1151 474
437 2 2 5 1 471 1149 1143
438 2 2 5 1 1149 1152 1143
439 2 2 5 1 1149 474 1152
440 2 2 5 1 1143 1152 311
441 2 2 5 1 304 1145 1088
442 2 2 5 1 1145 1153 1088
443 2 2 5 1 1145 472 1153
444 2 2 5 1 1088 1153 456
445 2 2 5 1 472 1154 1153
446 2 2 5 1 1154 1155 1153
447 2 2 5 1 1154 475 1155
448 2 2 5 1 1153 1155 456
449 2 2 5 1 472 1144 1154
450 2 2 5 1 1144 1156 1154
451 2 2 5 1 1144 311 1156
452 2 2 5 1 1154 1156 475
453 2 2 5 1 456 1155 1092
454 2 2 5 1 1155 1157 1092
455 2 2 5 1 1155 475 1157
456 2 2 5 1 1092 1157 276
457 2 2 5 1 249 1158 1160
458 2 2 5 1 1158 1159 1160
459 2 2 5 1 1158 476 1159
460 2 2 5 1 1160 1159 478
461 2 2 5 1 476 1161 1159
462 2 2 5 1 1161 1162 1159
463 2 2 5 1 1161 477 1162
464 2 2 5 1 1159 1162 478
465 2 2 5 1 476 1163 1161
466 2 2 5 1 1163 1164 1161
467 2 2 5 1 1163 312 1164
468 2 2 5 1 1161 1164 477
469 2 2 5 1 478 1162 1166
470 2 2 5 1 1162 1165 1166
471 2 2 5 1 1162 477 1165
472 2 2 5 1 1166 1165 313
473 2 2 5 1 312 1167 1164
474 2 2 5 1 1167 1168 1164
475 2 2 5 1 1167 479 1168
476 2 2 5 1 1164 1168 477
477 2 2 5 1 479 1169 1168
478 2 2 5 1 1169 1170 1168
479 2 2 5 1 1169 480 1170
480 2 2 5 1 1168 1170 477
481 2 2 5 1 479 1171 1169
482 2 2 5 1 1171 1172 1169
483 2 2 5 1 1171 307 1172
484 2 2 5 1 1169 1172 480
485 2 2 5 1 477 1170 1165
486 2 2 5 1 1170 1173 1165
487 2 2 5 1 1170 480 1173
488 2 2 5 1 1165 1173 313
489 2 2 5 1 312 1174 1167
490 2 2 5 1 1174 1175 1167
491 2 2 5 1 1174 481 1175
492 2 2 5 1 1167 1175 479
493 2 2 5 1 481 1176 1175
494 2 2 5 1 1176 1177 1175
495 2 2 5 1 1176 465 1177
496 2 2 5 1 1175 1177 479
497 2 2 5 1 481 1178 1176
498 2 2 5 1 1178 1122 1176
499 2 2 5 1 1178 267 1122
500 2 2 5 1 1176 1122 465
501 2 2 5 1 479 1177 1171
502 2 2 5 1 1177 1118 1171
503 2 2 5 1 1177 465 1118
504 2 2 5 1 1171 1118 307
505 2 2 5 1 313 1173 1180
506 2 2 5 1 1173 1179 1180
507 2 2 5 1 1173 480 1179
508 2 2 5 1 1180 1179 482
509 2 2 5 1 480 1181 1179
510 2 2 5 1 1181 1182 1179
511 2 2 5 1 1181 460 1182
512 2 2 5 1 1179 1182 482
513 2 2 5 1 480 1172 1181
514 2 2 5 1 1172 1107 1181
515 2 2 5 1 1172 307 1107
516 2 2 5 1 1181 1107 460
517 2 2 5 1 482 1182 1183
518 2 2 5 1 1182 1102 1183
519 2 2 5 1 1182 460 1102
520 2 2 5 1 1183 1102 275
521 2 2 5 1 273 1184 1186
522 2 2 5 1 1184 1185 1186
523 2 2 5 1 1184 483 1185
524 2 2 5 1 1186 1185 485
525 2 2 5 1 483 1187 1185
526 2 2 5 1 1187 1188 1185
527 2 2 5 1 1187 484 1188
528 2 2 5 1 1185 1188 485
529 2 2 5 1 483 1189 1187
530 2 2 5 1 1189 1190 1187
531 2 2 5 1 1189 314 1190
532 2 2 5 1 1187 1190 484
533 2 2 5 1 485 1188 1192
534 2 2 5 1 1188 1191 1192
535 2 2 5 1 1188 484 1191
536 2 2 5 1 1192 1191 316
537 2 2 5 1 314 1193 1190
538 2 2 5 1 1193 1194 1190
539 2 2 5 1 1193 486 1194
540 2 2 5 1 1190 1194 484
541 2 2 5 1 486 1195 1194
542 2 2 5 1 1195 1196 1194
543 2 2 5 1 1195 487 1196
544 2 2 5 1 1194 1196 484
545 2 2 5 1 486 1197 1195
546 2 2 5 1 1197 1198 1195
547 2 2 5 1 1197 315 1198
548 2 2 5 1 1195 1198 487
549 2 2 5 1 484 1196 1191
550 2 2 5 1 1196 1199 1191
551 2 2 5 1 1196 487 1199
552 2 2 5 1 1191 1199 316
553 2 2 5 1 314 1200 1193
554 2 2 5 1 1200 1201 1193
555 2 2 5 1 1200 488 1201
556 2 2 5 1 1193 1201 486
557 2 2 5 1 488 1202 1201
558 2 2 5 1 1202 1203 1201
559 2 2 5 1 1202 489 1203
560 2 2 5 1 1201 1203 486
561 2 2 5 1 488 1204 1202
562 2 2 5 1 1204 1205 1202
563 2 2 5 1 1204 274 1205
564 2 2 5 1 1202 1205 489
565 2 2 5 1 486 1203 1197
566 2 2 5 1 1203 1206 1197
567 2 2 5 1 1203 489 1206
568 2 2 5 1 1197 1206 315
569 2 2 5 1 316 1199 1208
570 2 2 5 1 1199 1207 1208
571 2 2 5 1 1199 487 1207
572 2 2 5 1 1208 1207 491
573 2 2 5 1 487 1209 1207
574 2 2 5 1 1209 1210 1207
575 2 2 5 1 1209 490 1210
576 2 2 5 1 1207 1210 491
577 2 2 5 1 487 1198 1209
578 2 2 5 1 1198 1211 1209
579 2 2 5 1 1198 315 1211
580 2 2 5 1 1209 1211 490
581 2 2 5 1 491 1210 1213
582 2 2 5 1 1210 1212 1213
583 2 2 5 1 1210 490 1212
584 2 2 5 1 1213 1212 281
585 2 2 5 1 273 1214 1184
586 2 2 5 1 1214 1215 1184
587 2 2 5 1 1214 492 1215
588 2 2 5 1 1184 1215 483
589 2 2 5 1 492 1216 1215
590 2 2 5 1 1216 1217 1215
591 2 2 5 1 1216 493 1217
592 2 2 5 1 1215 1217 483
593 2 2 5 1 492 1218 1216
594 2 2 5 1 1218 1219 1216
595 2 2 5 1 1218 317 1219
596 2 2 5 1 1216 1219 493
597 2 2 5 1 483 1217 1189
598 2 2 5 1 1217 1220 1189
599 2 2 5 1 1217 493 1220
600 2 2 5 1 1189 1220 314
601 2 2 5 1 317 1221 1219
602 2 2 5 1 1221 1222 1219
603 2 2 5 1 1221 494 1222
604 2 2 5 1 1219 1222 493
605 2 2 5 1 494 1223 1222
606 2 2 5 1 1223 1224 1222
607 2 2 5 1 1223 495 1224
608 2 2 5 1 1222 1224 493
609 2 2 5 1 494 1225 1223
610 2 2 5 1 1225 1226 1223
611 2 2 5 1 1225 318 1226
612 2 2 5 1 1223 1226 495
613 2 2 5 1 493 1224 1220
614 2 2 5 1 1224 1227 1220
615 2 2 5 1 1224 495 1227
616 2 2 5 1 1220 1227 314
617 2 2 5 1 317 1228 1221
618 2 2 5 1 1228 1229 1221
619 2 2 5 1 1228 496 1229
620 2 2 5 1 1221 1229 494
621 2 2 5 1 496 1230 1229
622 2 2 5 1 1230 1231 1229
623 2 2 5 1 1230 497 1231
624 2 2 5 1 1229 1231 494
625 2 2 5 1 496 1232 1230
626 2 2 5 1 1232 1233 1230
627 2 2 5 1 1232 233 1233
628 2 2 5 1 1230 1233 497
629 2 2 5 1 494 1231 1225
630 2 2 5 1 1231 1234 1225
631 2 2 5 1 1231 497 1234
632 2 2 5 1 1225 1234 318
633 2 2 5 1 314 1227 1200
634 2 2 5 1 1227 1235 1200
635 2 2 5 1 1227 495 1235
636 2 2 5 1 1200 1235 488
637 2 2 5 1 495 1236 1235
638 2 2 5 1 1236 1237 1235
639 2 2 5 1 1236 498 1237
640 2 2 5 1 1235 1237 488
641 2 2 5 1 495 1226 1236
642 2 2 5 1 1226 1238 1236
643 2 2 5 1 1226 318 1238
644 2 2 5 1 1236 1238 498
645 2 2 5 1 488 1237 1204
646 2 2 5 1 1237 1239 1204
647 2 2 5 1 1237 498 1239
648 2 2 5 1 1204 1239 274
649 2 2 5 1 271 1240 1242
650 2 2 5 1 1240 1241 1242
651 2 2 5 1 1240 499 1241
652 2 2 5 1 1242 1241 501
653 2 2 5 1 499 1243 1241
654 2 2 5 1 1243 1244 1241
655 2 2 5 1 1243 500 1244
656 2 2 5 1 1241 1244 501
657 2 2 5 1 499 1245 1243
658 2 2 5 1 1245 1246 1243
659 2 2 5 1 1245 319 1246
660 2 2 5 1 1243 1246 500
661 2 2 5 1 501 1244 1248
662 2 2 5 1 1244 1247 1248
663 2 2 5 1 1244 500 1247
664 2 2 5 1 1248 1247 321
665 2 2 5 1 319 1249 1246
666 2 2 5 1 1249 1250 1246
667 2 2 5 1 1249 502 1250
668 2 2 5 1 1246 1250 500
669 2 2 5 1 502 1251 1250
670 2 2 5 1 1251 1252 1250
671 2 2 5 1 1251 503 1252
672 2 2 5 1 1250 1252 500
673 2 2 5 1 502 1253 1251
674 2 2 5 1 1253 1254 1251
675 2 2 5 1 1253 320 1254
676 2 2 5 1 1251 1254 503
677 2 2 5 1 500 1252 1247
678 2 2 5 1 1252 1255 1247
679 2 2 5 1 1252 503 1255
680 2 2 5 1 1247 1255 321
681 2 2 5 1 319 1256 1249
682 2 2 5 1 1256 1257 1249
683 2 2 5 1 1256 504 1257
684 2 2 5 1 1249 1257 502
685 2 2 5 1 504 1258 1257
686 2 2 5 1 1258 1259 1257
687 2 2 5 1 1258 505 1259
688 2 2 5 1 1257 1259 502
689 2 2 5 1 504 1260 1258
690 2 2 5 1 1260 1261 1258
691 2 2 5 1 1260 277 1261
692 2 2 5 1 1258 1261 505
693 2 2 5 1 502 1259 1253
694 2 2 5 1 1259 1262 1253
695 2 2 5 1 1259 505 1262
696 2 2 5 1 1253 1262 320
697 2 2 5 1 321 1255 1264
698 2 2 5 1 1255 1263 1264
699 2 2 5 1 1255 503 1263
700 2 2 5 1 1264 1263 507
701 2 2 5 1 503 1265 1263
702 2 2 5 1 1265 1266 1263
703 2 2 5 1 1265 506 1266
704 2 2 5 1 1263 1266 507
705 2 2 5 1 503 1254 1265
706 2 2 5 1 1254 1267 1265
707 2 2 5 1 1254 320 1267
708 2 2 5 1 1265 1267 506
709 2 2 5 1 507 1266 1269
710 2 2 5 1 1266 1268 1269
711 2 2 5 1 1266 506 1268
712 2 2 5 1 1269 1268 280
713 2 2 5 1 278 1270 1272
714 2 2 5 1 1270 1271 1272
715 2 2 5 1 1270 508 1271
716 2 2 5 1 1272 1271 510
717 2 2 5 1 508 1273 1271
718 2 2 5 1 1273 1274 1271
719 2 2 5 1 1273 509 1274
720 2 2 5 1 1271 1274 510
721 2 2 5 1 508 1275 1273
722 2 2 5 1 1275 1276 1273
723 2 2 5 1 1275 322 1276
724 2 2 5 1 1273 1276 509
725 2 2 5 1 510 1274 1278
726 2 2 5 1 1274 1277 1278
727 2 2 5 1 1274 509 1277
728 2 2 5 1 1278 1277 324
729 2 2 5 1 322 1279 1276
730 2 2 5 1 1279 1280 1276
731 2 2 5 1 1279 511 1280
732 2 2 5 1 1276 1280 509
733 2 2 5 1 511 1281 1280
734 2 2 5 1 1281 1282 1280
735 2 2 5 1 1281 512 1282
736 2 2 5 1 1280 1282 509
737 2 2 5 1 511 1283 1281
738 2 2 5 1 1283 1284 1281
739 2 2 5 1 1283 323 1284
740 2 2 5 1 1281 1284 512
741 2 2 5 1 509 1282 1277
742 2 2 5 1 1282 1285 1277
743 2 2 5 1 1282 512 1285
744 2 2 5 1 1277 1285 324
745 2 2 5 1 322 1286 1279
746 2 2 5 1 1286 1287 1279
747 2 2 5 1 1286 513 1287
748 2 2 5 1 1279 1287 511
749 2 2 5 1 513 1288 1287
750 2 2 5 1 1288 1289 1287
751 2 2 5 1 1288 514 1289
752 2 2 5 1 1287 1289 511
753 2 2 5 1 513 1290 1288
754 2 2 5 1 1290 1291 1288
755 2 2 5 1 1290 272 1291
756 2 2 5 1 1288 1291 514
757 2 2 5 1 511 1289 1283
758 2 2 5 1 1289 1292 1283
759 2 2 5 1 1289 514 1292
760 2 2 5 1 1283 1292 323
761 2 2 5 1 324 1285 1294
762 2 2 5 1 1285 1293 1294
763 2 2 5 1 1285 512 1293
764 2 2 5 1 1294 1293 516
765 2 2 5 1 512 1295 1293
766 2 2 5 1 1295 1296 1293
767 2 2 5 1 1295 515 1296
768 2 2 5 1 1293 1296 516
769 2 2 5 1 512 1284 1295
770 2 2 5 1 1284 1297 1295
771 2 2 5 1 1284 323 1297
772 2 2 5 1 1295 1297 515
773 2 2 5 1 516 1296 1299
774 2 2 5 1 1296 1298 1299
775 2 2 5 1 1296 515 1298
776 2 2 5 1 1299 1298 279
777 2 2 5 1 276 1300 1302
778 2 2 5 1 1300 1301 1302
779 2 2 5 1 1300 517 1301
780 2 2 5 1 1302 1301 519
781 2 2 5 1 517 1303 1301
782 2 2 5 1 1303 1304 1301
783 2 2 5 1 1303 518 1304
784 2 2 5 1 1301 1304 519
785 2 2 5 1 517 1305 1303
786 2 2 5 1 1305 1306 1303
787 2 2 5 1 1305 325 1306
788 2 2 5 1 1303 1306 518
789 2 2 5 1 519 1304 1308
790 2 2 5 1 1304 1307 1308
791 2 2 5 1 1304 518 1307
792 2 2 5 1 1308 1307 327
793 2 2 5 1 325 1309 1306
794 2 2 5 1 1309 1310 1306
795 2 2 5 1 1309 520 1310
796 2 2 5 1 1306 1310 518
797 2 2 5 1 520 1311 1310
798 2 2 5 1 1311 1312 1310
799 2 2 5 1 1311 521 1312
800 2 2 5 1 1310 1312 518
801 2 2 5 1 520 1313 1311
802 2 2 5 1 1313 1314 1311
803 2 2 5 1 1313 326 1314
804 2 2 5 1 1311 1314 521
805 2 2 5 1 518 1312 1307
806 2 2 5 1 1312 1315 1307
807 2 2 5 1 1312 521 1315
808 2 2 5 1 1307 1315 327
809 2 2 5 1 325 1316 1309
810 2 2 5 1 1316 1317 1309
811 2 2 5 1 1316 522 1317
812 2 2 5 1 1309 1317 520
813 2 2 5 1 522 1318 1317
814 2 2 5 1 1318 1319 1317
815 2 2 5 1 1318 523 1319
816 2 2 5 1 1317 1319 520
817 2 2 5 1 522 1320 1318
818 2 2 5 1 1320 1321 1318
819 2 2 5 1 1320 288 1321
820 2 2 5 1 1318 1321 523
821 2 2 5 1 520 1319 1313
822 2 2 5 1 1319 1322 1313
823 2 2 5 1 1319 523 1322
824 2 2 5 1 1313 1322 326
825 2 2 5 1 327 1315 1324
826 2 2 5 1 1315 1323 1324
827 2 2 5 1 1315 521 1323
828 2 2 5 1 1324 1323 525
829 2 2 5 1 521 1325 1323
830 2 2 5 1 1325 1326 1323
831 2 2 5 1 1325 524 1326
832 2 2 5 1 1323 1326 525
833 2 2 5 1 521 1314 1325
834 2 2 5 1 1314 1327 1325
835 2 2 5 1 1314 326 1327
836 2 2 5 1 1325 1327 524
837 2 2 5 1 525 1326 1329
838 2 2 5 1 1326 1328 1329
839 2 2 5 1 1326 524 1328
840 2 2 5 1 1329 1328 290
841 2 2 5 1 289 1330 1332
842 2 2 5 1 1330 1331 1332
843 2 2 5 1 1330 526 1331
844 2 2 5 1 1332 1331 528
845 2 2 5 1 526 1333 1331
846 2 2 5 1 1333 1334 1331
847 2 2 5 1 1333 527 1334
848 2 2 5 1 1331 1334 528
849 2 2 5 1 526 1335 1333
850 2 2 5 1 1335 1336 1333
851 2 2 5 1 1335 328 1336
852 2 2 5 1 1333 1336 527
853 2 2 5 1 528 1334 1338
854 2 2 5 1 1334 1337 1338
855 2 2 5 1 1334 527 1337
856 2 2 5 1 1338 1337 330
857 2 2 5 1 328 1339 1336
858 2 2 5 1 1339 1340 1336
859 2 2 5 1 1339 529 1340
860 2 2 5 1 1336 1340 527
861 2 2 5 1 529 1341 1340
862 2 2 5 1 1341 1342 1340
863 2 2 5 1 1341 530 1342
864 2 2 5 1 1340 1342 527
865 2 2 5 1 529 1343 1341
866 2 2 5 1 1343 1344 1341
867 2 2 5 1 1343 329 1344
868 2 2 5 1 1341 1344 530
869 2 2 5 1 527 1342 1337
870 2 2 5 1 1342 1345 1337
871 2 2 5 1 1342 530 1345
872 2 2 5 1 1337 1345 330
873 2 2 5 1 328 1346 1339
874 2 2 5 1 1346 1347 1339
875 2 2 5 1 1346 531 1347
876 2 2 5 1 1339 1347 529
877 2 2 5 1 531 1348 1347
878 2 2 5 1 1348 1349 1347
879 2 2 5 1 1348 532 1349
880 2 2 5 1 1347 1349 529
881 2 2 5 1 531 1350 1348
882 2 2 5 1 1350 1351 1348
883 2 2 5 1 1350 275 1351
884 2 2 5 1 1348 1351 532
885 2 2 5 1 529 1349 1343
886 2 2 5 1 1349 1352 1343
887 2 2 5 1 1349 532 1352
888 2 2 5 1 1343 1352 329
889 2 2 5 1 330 1345 1354
890 2 2 5 1 1345 1353 1354
891 2 2 5 1 1345 530 1353
892 2 2 5 1 1354 1353 534
893 2 2 5 1 530 1355 1353
894 2 2 5 1 1355 1356 1353
895 2 2 5 1 1355 533 1356
896 2 2 5 1 1353 1356 534
897 2 2 5 1 530 1344 1355
898 2 2 5 1 1344 1357 1355
899 2 2 5 1 1344 329 1357
900 2 2 5 1 1355 1357 533
901 2 2 5 1 534 1356 1359
902 2 2 5 1 1356 1358 1359
903 2 2 5 1 1356 533 1358
904 2 2 5 1 1359 1358 291
905 2 2 5 1 276 1360 1300
906 2 2 5 1 1360 1361 1300
907 2 2 5 1 1360 535 1361
908 2 2 5 1 1300 1361 517
909 2 2 5 1 535 1362 1361
910 2 2 5 1 1362 1363 1361
911 2 2 5 1 1362 536 1363
912 2 2 5 1 1361 1363 517
913 2 2 5 1 535 1364 1362
914 2 2 5 1 1364 1365 1362
915 2 2 5 1 1364 331 1365
916 2 2 5 1 1362 1365 536
917 2 2 5 1 517 1363 1305
918 2 2 5 1 1363 1366 1305
919 2 2 5 1 1363 536 1366
920 2 2 5 1 1305 1366 325
921 2 2 5 1 331 1367 1365
922 2 2 5 1 1367 1368 1365
923 2 2 5 1 1367 537 1368
924 2 2 5 1 1365 1368 536
925 2 2 5 1 537 1369 1368
926 2 2 5 1 1369 1370 1368
927 2 2 5 1 1369 538 1370
928 2 2 5 1 1368 1370 536
929 2 2 5 1 537 1371 1369
930 2 2 5 1 1371 1372 1369
931 2 2 5 1 1371 332 1372
932 2 2 5 1 1369 1372 538
933 2 2 5 1 536 1370 1366
934 2 2 5 1 1370 1373 1366
935 2 2 5 1 1370 538 1373
936 2 2 5 1 1366 1373 325
937 2 2 5 1 331 1374 1367
938 2 2 5 1 1374 1375 1367
939 2 2 5 1 1374 539 1375
940 2 2 5 1 1367 1375 537
941 2 2 5 1 539 1376 1375
942 2 2 5 1 1376 1377 1375
943 2 2 5 1 1376 540 1377
944 2 2 5 1 1375 1377 537
945 2 2 5 1 539 1378 1376
946 2 2 5 1 1378 1379 1376
947 2 2 5 1 1378 209 1379
948 2 2 5 1 1376 1379 540
949 2 2 5 1 537 1377 1371
950 2 2 5 1 1377 1380 1371
951 2 2 5 1 1377 540 1380
952 2 2 5 1 1371 1380 332
953 2 2 5 1 325 1373 1316
954 2 2 5 1 1373 1381 1316
955 2 2 5 1 1373 538 1381
956 2 2 5 1 1316 1381 522
957 2 2 5 1 538 1382 1381
958 2 2 5 1 1382 1383 1381
959 2 2 5 1 1382 541 1383
960 2 2 5 1 1381 1383 522
961 2 2 5 1 538 1372 1382
962 2 2 5 1 1372 1384 1382
963 2 2 5 1 1372 332 1384
964 2 2 5 1 1382 1384 541
965 2 2 5 1 522 1383 1320
966 2 2 5 1 1383 1385 1320
967 2 2 5 1 1383 541 1385
968 2 2 5 1 1320 1385 288
969 2 2 5 1 257 1386 1388
970 2 2 5 1 1386 1387 1388
971 2 2 5 1 1386 542 1387
972 2 2 5 1 1388 1387 544
973 2 2 5 1 542 1389 1387
974 2 2 5 1 1389 1390 1387
975 2 2 5 1 1389 543 1390
976 2 2 5 1 1387 1390 544
977 2 2 5 1 542 1391 1389
978 2 2 5 1 1391 1392 1389
979 2 2 5 1 1391 333 1392
980 2 2 5 1 1389 1392 543
981 2 2 5 1 544 1390 1394
982 2 2 5 1 1390 1393 1394
983 2 2 5 1 1390 543 1393
984 2 2 5 1 1394 1393 334
985 2 2 5 1 333 1395 1392
986 2 2 5 1 1395 1396 1392
987 2 2 5 1 1395 545 1396
988 2 2 5 1 1392 1396 543
989 2 2 5 1 545 1397 1396
990 2 2 5 1 1397 1398 1396
991 2 2 5 1 1397 546 1398
992 2 2 5 1 1396 1398 543
993 2 2 5 1 545 1399 1397
994 2 2 5 1 1399 1400 1397
995 2 2 5 1 1399 328 1400
996 2 2 5 1 1397 1400 546
997 2 2 5 1 543 1398 1393
998 2 2 5 1 1398 1401 1393
999 2 2 5 1 1398 546 1401
1000 2 2 5 1 1393 1401 334
1001 2 2 5 1 333 1402 1395
1002 2 2 5 1 1402 1403 1395
1003 2 2 5 1 1402 547 1403
1004 2 2 5 1 1395 1403 545
1005 2 2 5 1 547 1404 1403
1006 2 2 5 1 1404 1405 1403
1007 2 2 5 1 1404 531 1405
1008 2 2 5 1 1403 1405 545
1009 2 2 5 1 547 1406 1404
1010 2 2 5 1 1406 1350 1404
1011 2 2 5 1 1406 275 1350
1012 2 2 5 1 1404 1350 531
1013 2 2 5 1 545 1405 1399
1014 2 2 5 1 1405 1346 1399
1015 2 2 5 1 1405 531 1346
1016 2 2 5 1 1399 1346 328
1017 2 2 5 1 334 1401 1408
1018 2 2 5 1 1401 1407 1408
1019 2 2 5 1 1401 546 1407
1020 2 2 5 1 1408 1407 548
1021 2 2 5 1 546 1409 1407
1022 2 2 5 1 1409 1410 1407
1023 2 2 5 1 1409 526 1410
1024 2 2 5 1 1407 1410 548
1025 2 2 5 1 546 1400 1409
1026 2 2 5 1 1400 1335 1409
1027 2 2 5 1 1400 328 1335
1028 2 2 5 1 1409 1335 526
1029 2 2 5 1 548 1410 1411
1030 2 2 5 1 1410 1330 1411
1031 2 2 5 1 1410 526 1330
1032 2 2 5 1 1411 1330 289
1033 2 2 5 1 267 1412 1414
1034 2 2 5 1 1412 1413 1414
1035 2 2 5 1 1412 549 1413
1036 2 2 5 1 1414 1413 551
1037 2 2 5 1 549 1415 1413
1038 2 2 5 1 1415 1416 1413
1039 2 2 5 1 1415 550 1416
1040 2 2 5 1 1413 1416 551
1041 2 2 5 1 549 1417 1415
1042 2 2 5 1 1417 1418 1415
1043 2 2 5 1 1417 335 1418
1044 2 2 5 1 1415 1418 550
1045 2 2 5 1 551 1416 1420
1046 2 2 5 1 1416 1419 1420
1047 2 2 5 1 1416 550 1419
1048 2 2 5 1 1420 1419 337
1049 2 2 5 1 335 1421 1418
1050 2 2 5 1 1421 1422 1418
1051 2 2 5 1 1421 552 1422
1052 2 2 5 1 1418 1422 550
1053 2 2 5 1 552 1423 1422
1054 2 2 5 1 1423 1424 1422
1055 2 2 5 1 1423 553 1424
1056 2 2 5 1 1422 1424 550
1057 2 2 5 1 552 1425 1423
1058 2 2 5 1 1425 1426 1423
1059 2 2 5 1 1425 336 1426
1060 2 2 5 1 1423 1426 553
1061 2 2 5 1 550 1424 1419
1062 2 2 5 1 1424 1427 1419
1063 2 2 5 1 1424 553 1427
1064 2 2 5 1 1419 1427 337
1065 2 2 5 1 335 1428 1421
1066 2 2 5 1 1428 1429 1421
1067 2 2 5 1 1428 554 1429
1068 2 2 5 1 1421 1429 552
1069 2 2 5 1 554 1430 1429
1070 2 2 5 1 1430 1431 1429
1071 2 2 5 1 1430 555 1431
1072 2 2 5 1 1429 1431 552
1073 2 2 5 1 554 1432 1430
1074 2 2 5 1 1432 1433 1430
1075 2 2 5 1 1432 241 1433
1076 2 2 5 1 1430 1433 555
1077 2 2 5 1 552 1431 1425
1078 2 2 5 1 1431 1434 1425
1079 2 2 5 1 1431 555 1434
1080 2 2 5 1 1425 1434 336
1081 2 2 5 1 337 1427 1436
1082 2 2 5 1 1427 1435 1436
1083 2 2 5 1 1427 553 1435
1084 2 2 5 1 1436 1435 557
1085 2 2 5 1 553 1437 1435
1086 2 2 5 1 1437 1438 1435
1087 2 2 5 1 1437 556 1438
1088 2 2 5 1 1435 1438 557
1089 2 2 5 1 553 1426 1437
1090 2 2 5 1 1426 1439 1437
1091 2 2 5 1 1426 336 1439
1092 2 2 5 1 1437 1439 556
1093 2 2 5 1 557 1438 1441
1094 2 2 5 1 1438 1440 1441
1095 2 2 5 1 1438 556 1440
1096 2 2 5 1 1441 1440 296
1097 2 2 5 1 225 1442 1444
1098 2 2 5 1 1442 1443 1444
1099 2 2 5 1 1442 558 1443
1100 2 2 5 1 1444 1443 560
1101 2 2 5 1 558 1445 1443
1102 2 2 5 1 1445 1446 1443
1103 2 2 5 1 1445 559 1446
1104 2 2 5 1 1443 1446 560
1105 2 2 5 1 558 1447 1445
1106 2 2 5 1 1447 1448 1445
1107 2 2 5 1 1447 338 1448
1108 2 2 5 1 1445 1448 559
1109 2 2 5 1 560 1446 1450
1110 2 2 5 1 1446 1449 1450
1111 2 2 5 1 1446 559 1449
1112 2 2 5 1 1450 1449 340
1113 2 2 5 1 338 1451 1448
1114 2 2 5 1 1451 1452 1448
1115 2 2 5 1 1451 561 1452
1116 2 2 5 1 1448 1452 559
1117 2 2 5 1 561 1453 1452
1118 2 2 5 1 1453 1454 1452
1119 2 2 5 1 1453 562 1454
1120 2 2 5 1 1452 1454 559
1121 2 2 5 1 561 1455 1453
1122 2 2 5 1 1455 1456 1453
1123 2 2 5 1 1455 339 1456
1124 2 2 5 1 1453 1456 562
1125 2 2 5 1 559 1454 1449
1126 2 2 5 1 1454 1457 1449
1127 2 2 5 1 1454 562 1457
1128 2 2 5 1 1449 1457 340
1129 2 2 5 1 338 1458 1451
1130 2 2 5 1 1458 1459 1451
1131 2 2 5 1 1458 563 1459
1132 2 2 5 1 1451 1459 561
1133 2 2 5 1 563 1460 1459
1134 2 2 5 1 1460 1461 1459
1135 2 2 5 1 1460 564 1461
1136 2 2 5 1 1459 1461 561
1137 2 2 5 1 563 1462 1460
1138 2 2 5 1 1462 1463 1460
1139 2 2 5 1 1462 268 1463
1140 2 2 5 1 1460 1463 564
1141 2 2 5 1 561 1461 1455
1142 2 2 5 1 1461 1464 1455
1143 2 2 5 1 1461 564 1464
1144 2 2 5 1 1455 1464 339
1145 2 2 5 1 340 1457 1466
1146 2 2 5 1 1457 1465 1466
1147 2 2 5 1 1457 562 1465
1148 2 2 5 1 1466 1465 566
1149 2 2 5 1 562 1467 1465
1150 2 2 5 1 1467 1468 1465
1151 2 2 5 1 1467 565 1468
1152 2 2 5 1 1465 1468 566
1153 2 2 5 1 562 1456 1467
1154 2 2 5 1 1456 1469 1467
1155 2 2 5 1 1456 339 1469
1156 2 2 5 1 1467 1469 565
1157 2 2 5 1 566 1468 1471
1158 2 2 5 1 1468 1470 1471
1159 2 2 5 1 1468 565 1470
1160 2 2 5 1 1471 1470 297
1161 2 2 5 1 277 1260 1473
1162 2 2 5 1 1260 1472 1473
1163 2 2 5 1 1260 504 1472
1164 2 2 5 1 1473 1472 568
1165 2 2 5 1 504 1474 1472
1166 2 2 5 1 1474 1475 1472
1167 2 2 5 1 1474 567 1475
1168 2 2 5 1 1472 1475 568
1169 2 2 5 1 504 1256 1474
1170 2 2 5 1 1256 1476 1474
1171 2 2 5 1 1256 319 1476
1172 2 2 5 1 1474 1476 567
1173 2 2 5 1 568 1475 1478
1174 2 2 5 1 1475 1477 1478
1175 2 2 5 1 1475 567 1477
1176 2 2 5 1 1478 1477 342
1177 2 2 5 1 319 1479 1476
1178 2 2 5 1 1479 1480 1476
1179 2 2 5 1 1479 569 1480
1180 2 2 5 1 1476 1480 567
1181 2 2 5 1 569 1481 1480
1182 2 2 5 1 1481 1482 1480
1183 2 2 5 1 1481 570 1482
1184 2 2 5 1 1480 1482 567
1185 2 2 5 1 569 1483 1481
1186 2 2 5 1 1483 1484 1481
1187 2 2 5 1 1483 341 1484
1188 2 2 5 1 1481 1484 570
1189 2 2 5 1 567 1482 1477
1190 2 2 5 1 1482 1485 1477
1191 2 2 5 1 1482 570 1485
1192 2 2 5 1 1477 1485 342
1193 2 2 5 1 319 1245 1479
1194 2 2 5 1 1245 1486 1479
1195 2 2 5 1 1245 499 1486
1196 2 2 5 1 1479 1486 569
1197 2 2 5 1 499 1487 1486
1198 2 2 5 1 1487 1488 1486
1199 2 2 5 1 1487 571 1488
1200 2 2 5 1 1486 1488 569
1201 2 2 5 1 499 1240 1487
1202 2 2 5 1 1240 1489 1487
1203 2 2 5 1 1240 271 1489
1204 2 2 5 1 1487 1489 571
1205 2 2 5 1 569 1488 1483
1206 2 2 5 1 1488 1490 1483
1207 2 2 5 1 1488 571 1490
1208 2 2 5 1 1483 1490 341
1209 2 2 5 1 342 1485 1492
1210 2 2 5 1 1485 1491 1492
1211 2 2 5 1 1485 570 1491
1212 2 2 5 1 1492 1491 573
1213 2 2 5 1 570 1493 1491
1214 2 2 5 1 1493 1494 1491
1215 2 2 5 1 1493 572 1494
1216 2 2 5 1 1491 1494 573
1217 2 2 5 1 570 1484 1493
1218 2 2 5 1 1484 1495 1493
1219 2 2 5 1 1484 341 1495
1220 2 2 5 1 1493 1495 572
1221 2 2 5 1 573 1494 1497
1222 2 2 5 1 1494 1496 1497
1223 2 2 5 1 1494 572 1496
1224 2 2 5 1 1497 1496 301
1225 2 2 5 1 272 1290 1499
1226 2 2 5 1 1290 1498 1499
1227 2 2 5 1 1290 513 1498
1228 2 2 5 1 1499 1498 575
1229 2 2 5 1 513 1500 1498
1230 2 2 5 1 1500 1501 1498
1231 2 2 5 1 1500 574 1501
1232 2 2 5 1 1498 1501 575
1233 2 2 5 1 513 1286 1500
1234 2 2 5 1 1286 1502 1500
1235 2 2 5 1 1286 322 1502
1236 2 2 5 1 1500 1502 574
1237 2 2 5 1 575 1501 1504
1238 2 2 5 1 1501 1503 1504
1239 2 2 5 1 1501 574 1503
1240 2 2 5 1 1504 1503 344
1241 2 2 5 1 322 1505 1502
1242 2 2 5 1 1505 1506 1502
1243 2 2 5 1 1505 576 1506
1244 2 2 5 1 1502 1506 574
1245 2 2 5 1 576 1507 1506
1246 2 2 5 1 1507 1508 1506
1247 2 2 5 1 1507 577 1508
1248 2 2 5 1 1506 1508 574
1249 2 2 5 1 576 1509 1507
1250 2 2 5 1 1509 1510 1507
1251 2 2 5 1 1509 343 1510
1252 2 2 5 1 1507 1510 577
1253 2 2 5 1 574 1508 1503
1254 2 2 5 1 1508 1511 1503
1255 2 2 5 1 1508 577 1511
1256 2 2 5 1 1503 1511 344
1257 2 2 5 1 322 1275 1505
1258 2 2 5 1 1275 1512 1505
1259 2 2 5 1 1275 508 1512
1260 2 2 5 1 1505 1512 576
1261 2 2 5 1 508 1513 1512
1262 2 2 5 1 1513 1514 1512
1263 2 2 5 1 1513 578 1514
1264 2 2 5 1 1512 1514 576
1265 2 2 5 1 508 1270 1513
1266 2 2 5 1 1270 1515 1513
1267 2 2 5 1 1270 278 1515
1268 2 2 5 1 1513 1515 578
1269 2 2 5 1 576 1514 1509
1270 2 2 5 1 1514 1516 1509
1271 2 2 5 1 1514 578 1516
1272 2 2 5 1 1509 1516 343
1273 2 2 5 1 344 1511 1518
1274 2 2 5 1 1511 1517 1518
1275 2 2 5 1 1511 577 1517
1276 2 2 5 1 1518 1517 580
1277 2 2 5 1 577 1519 1517
1278 2 2 5 1 1519 1520 1517
1279 2 2 5 1 1519 579 1520
1280 2 2 5 1 1517 1520 580
1281 2 2 5 1 577 1510 1519
1282 2 2 5 1 1510 1521 1519
1283 2 2 5 1 1510 343 1521
1284 2 2 5 1 1519 1521 579
1285 2 2 5 1 580 1520 1523
1286 2 2 5 1 1520 1522 1523
1287 2 2 5 1 1520 579 1522
1288 2 2 5 1 1523 1522 300
1289 2 2 5 1 241 1524 1433
1290 2 2 5 1 1524 1525 1433
1291 2 2 5 1 1524 581 1525
1292 2 2 5 1 1433 1525 555
1293 2 2 5 1 581 1526 1525
1294 2 2 5 1 1526 1527 1525
1295 2 2 5 1 1526 582 1527
1296 2 2 5 1 1525 1527 555
1297 2 2 5 1 581 1528 1526
1298 2 2 5 1 1528 1529 1526
1299 2 2 5 1 1528 345 1529
1300 2 2 5 1 1526 1529 582
1301 2 2 5 1 555 1527 1434
1302 2 2 5 1 1527 1530 1434
1303 2 2 5 1 1527 582 1530
1304 2 2 5 1 1434 1530 336
1305 2 2 5 1 345 1531 1529
1306 2 2 5 1 1531 1532 1529
1307 2 2 5 1 1531 583 1532
1308 2 2 5 1 1529 1532 582
1309 2 2 5 1 583 1533 1532
1310 2 2 5 1 1533 1534 1532
1311 2 2 5 1 1533 584 1534
1312 2 2 5 1 1532 1534 582
1313 2 2 5 1 583 1535 1533
1314 2 2 5 1 1535 1536 1533
1315 2 2 5 1 1535 346 1536
1316 2 2 5 1 1533 1536 584
1317 2 2 5 1 582 1534 1530
1318 2 2 5 1 1534 1537 1530
1319 2 2 5 1 1534 584 1537
1320 2 2 5 1 1530 1537 336
1321 2 2 5 1 345 1538 1531
1322 2 2 5 1 1538 1539 1531
1323 2 2 5 1 1538 585 1539
1324 2 2 5 1 1531 1539 583
1325 2 2 5 1 585 1540 1539
1326 2 2 5 1 1540 1541 1539
1327 2 2 5 1 1540 586 1541
1328 2 2 5 1 1539 1541 583
1329 2 2 5 1 585 1542 1540
1330 2 2 5 1 1542 1543 1540
1331 2 2 5 1 1542 273 1543
1332 2 2 5 1 1540 1543 586
1333 2 2 5 1 583 1541 1535
1334 2 2 5 1 1541 1544 1535
1335 2 2 5 1 1541 586 1544
1336 2 2 5 1 1535 1544 346
1337 2 2 5 1 336 1537 1439
1338 2 2 5 1 1537 1545 1439
1339 2 2 5 1 1537 584 1545
1340 2 2 5 1 1439 1545 556
1341 2 2 5 1 584 1546 1545
1342 2 2 5 1 1546 1547 1545
1343 2 2 5 1 1546 587 1547
1344 2 2 5 1 1545 1547 556
1345 2 2 5 1 584 1536 1546
1346 2 2 5 1 1536 1548 1546
1347 2 2 5 1 1536 346 1548
1348 2 2 5 1 1546 1548 587
1349 2 2 5 1 556 1547 1440
1350 2 2 5 1 1547 1549 1440
1351 2 2 5 1 1547 587 1549
1352 2 2 5 1 1440 1549 296
1353 2 2 5 1 274 1550 1552
1354 2 2 5 1 1550 1551 1552
1355 2 2 5 1 1550 588 1551
1356 2 2 5 1 1552 1551 590
1357 2 2 5 1 588 1553 1551
1358 2 2 5 1 1553 1554 1551
1359 2 2 5 1 1553 589 1554
1360 2 2 5 1 1551 1554 590
1361 2 2 5 1 588 1555 1553
1362 2 2 5 1 1555 1556 1553
1363 2 2 5 1 1555 347 1556
1364 2 2 5 1 1553 1556 589
1365 2 2 5 1 590 1554 1558
1366 2 2 5 1 1554 1557 1558
1367 2 2 5 1 1554 589 1557
1368 2 2 5 1 1558 1557 348
1369 2 2 5 1 347 1559 1556
1370 2 2 5 1 1559 1560 1556
1371 2 2 5 1 1559 591 1560
1372 2 2 5 1 1556 1560 589
1373 2 2 5 1 591 1561 1560
1374 2 2 5 1 1561 1562 1560
1375 2 2 5 1 1561 592 1562
1376 2 2 5 1 1560 1562 589
1377 2 2 5 1 591 1563 1561
1378 2 2 5 1 1563 1564 1561
1379 2 2 5 1 1563 340 1564
1380 2 2 5 1 1561 1564 592
1381 2 2 5 1 589 1562 1557
1382 2 2 5 1 1562 1565 1557
1383 2 2 5 1 1562 592 1565
1384 2 2 5 1 1557 1565 348
1385 2 2 5 1 347 1566 1559
1386 2 2 5 1 1566 1567 1559
1387 2 2 5 1 1566 593 1567
1388 2 2 5 1 1559 1567 591
1389 2 2 5 1 593 1568 1567
1390 2 2 5 1 1568 1569 1567
1391 2 2 5 1 1568 560 1569
1392 2 2 5 1 1567 1569 591
1393 2 2 5 1 593 1570 1568
1394 2 2 5 1 1570 1444 1568
1395 2 2 5 1 1570 225 1444
1396 2 2 5 1 1568 1444 560
1397 2 2 5 1 591 1569 1563
1398 2 2 5 1 1569 1450 1563
1399 2 2 5 1 1569 560 1450
1400 2 2 5 1 1563 1450 340
1401 2 2 5 1 348 1565 1572
1402 2 2 5 1 1565 1571 1572
1403 2 2 5 1 1565 592 1571
1404 2 2 5 1 1572 1571 594
1405 2 2 5 1 592 1573 1571
1406 2 2 5 1 1573 1574 1571
1407 2 2 5 1 1573 566 1574
1408 2 2 5 1 1571 1574 594
1409 2 2 5 1 592 1564 1573
1410 2 2 5 1 1564 1466 1573
1411 2 2 5 1 1564 340 1466
1412 2 2 5 1 1573 1466 566
1413 2 2 5 1 594 1574 1575
1414 2 2 5 1 1574 1471 1575
1415 2 2 5 1 1574 566 1471
1416 2 2 5 1 1575 1471 297
1417 2 2 5 1 268 1074 1577
1418 2 2 5 1 1074 1576 1577
1419 2 2 5 1 1074 453 1576
1420 2 2 5 1 1577 1576 596
1421 2 2 5 1 453 1578 1576
1422 2 2 5 1 1578 1579 1576
1423 2 2 5 1 1578 595 1579
1424 2 2 5 1 1576 1579 596
1425 2 2 5 1 453 1080 1578
1426 2 2 5 1 1080 1580 1578
1427 2 2 5 1 1080 306 1580
1428 2 2 5 1 1578 1580 595
1429 2 2 5 1 596 1579 1582
1430 2 2 5 1 1579 1581 1582
1431 2 2 5 1 1579 595 1581
1432 2 2 5 1 1582 1581 349
1433 2 2 5 1 306 1583 1580
1434 2 2 5 1 1583 1584 1580
1435 2 2 5 1 1583 597 1584
1436 2 2 5 1 1580 1584 595
1437 2 2 5 1 597 1585 1584
1438 2 2 5 1 1585 1586 1584
1439 2 2 5 1 1585 598 1586
1440 2 2 5 1 1584 1586 595
1441 2 2 5 1 597 1587 1585
1442 2 2 5 1 1587 1588 1585
1443 2 2 5 1 1587 324 1588
1444 2 2 5 1 1585 1588 598
1445 2 2 5 1 595 1586 1581
1446 2 2 5 1 1586 1589 1581
1447 2 2 5 1 1586 598 1589
1448 2 2 5 1 1581 1589 349
1449 2 2 5 1 306 1096 1583
1450 2 2 5 1 1096 1590 1583
1451 2 2 5 1 1096 459 1590
1452 2 2 5 1 1583 1590 597
1453 2 2 5 1 459 1591 1590
1454 2 2 5 1 1591 1592 1590
1455 2 2 5 1 1591 510 1592
1456 2 2 5 1 1590 1592 597
1457 2 2 5 1 459 1101 1591
1458 2 2 5 1 1101 1272 1591
1459 2 2 5 1 1101 278 1272
1460 2 2 5 1 1591 1272 510
1461 2 2 5 1 597 1592 1587
1462 2 2 5 1 1592 1278 1587
1463 2 2 5 1 1592 510 1278
1464 2 2 5 1 1587 1278 324
1465 2 2 5 1 349 1589 1594
1466 2 2 5 1 1589 1593 1594
1467 2 2 5 1 1589 598 1593
1468 2 2 5 1 1594 1593 599
1469 2 2 5 1 598 1595 1593
1470 2 2 5 1 1595 1596 1593
1471 2 2 5 1 1595 516 1596
1472 2 2 5 1 1593 1596 599
1473 2 2 5 1 598 1588 1595
1474 2 2 5 1 1588 1294 1595
1475 2 2 5 1 1588 324 1294
1476 2 2 5 1 1595 1294 516
1477 2 2 5 1 599 1596 1597
1478 2 2 5 1 1596 1299 1597
1479 2 2 5 1 1596 516 1299
1480 2 2 5 1 1597 1299 279
1481 2 2 5 1 277 1130 1261
1482 2 2 5 1 1130 1598 1261
1483 2 2 5 1 1130 467 1598
1484 2 2 5 1 1261 1598 505
1485 2 2 5 1 467 1599 1598
1486 2 2 5 1 1599 1600 1598
1487 2 2 5 1 1599 600 1600
1488 2 2 5 1 1598 1600 505
1489 2 2 5 1 467 1129 1599
1490 2 2 5 1 1129 1601 1599
1491 2 2 5 1 1129 308 1601
1492 2 2 5 1 1599 1601 600
1493 2 2 5 1 505 1600 1262
1494 2 2 5 1 1600 1602 1262
1495 2 2 5 1 1600 600 1602
1496 2 2 5 1 1262 1602 320
1497 2 2 5 1 308 1603 1601
1498 2 2 5 1 1603 1604 1601
1499 2 2 5 1 1603 601 1604
1500 2 2 5 1 1601 1604 600
1501 2 2 5 1 601 1605 1604
1502 2 2 5 1 1605 1606 1604
1503 2 2 5 1 1605 602 1606
1504 2 2 5 1 1604 1606 600
1505 2 2 5 1 601 1607 1605
1506 2 2 5 1 1607 1608 1605
1507 2 2 5 1 1607 350 1608
1508 2 2 5 1 1605 1608 602
1509 2 2 5 1 600 1606 1602
1510 2 2 5 1 1606 1609 1602
1511 2 2 5 1 1606 602 1609
1512 2 2 5 1 1602 1609 320
1513 2 2 5 1 308 1124 1603
1514 2 2 5 1 1124 1610 1603
1515 2 2 5 1 1124 466 1610
1516 2 2 5 1 1603 1610 601
1517 2 2 5 1 466 1611 1610
1518 2 2 5 1 1611 1612 1610
1519 2 2 5 1 1611 603 1612
1520 2 2 5 1 1610 1612 601
1521 2 2 5 1 466 1123 1611
1522 2 2 5 1 1123 1613 1611
1523 2 2 5 1 1123 267 1613
1524 2 2 5 1 1611 1613 603
1525 2 2 5 1 601 1612 1607
1526 2 2 5 1 1612 1614 1607
1527 2 2 5 1 1612 603 1614
1528 2 2 5 1 1607 1614 350
1529 2 2 5 1 320 1609 1267
1530 2 2 5 1 1609 1615 1267
1531 2 2 5 1 1609 602 1615
1532 2 2 5 1 1267 1615 506
1533 2 2 5 1 602 1616 1615
1534 2 2 5 1 1616 1617 1615
1535 2 2 5 1 1616 604 1617
1536 2 2 5 1 1615 1617 506
1537 2 2 5 1 602 1608 1616
1538 2 2 5 1 1608 1618 1616
1539 2 2 5 1 1608 350 1618
1540 2 2 5 1 1616 1618 604
1541 2 2 5 1 506 1617 1268
1542 2 2 5 1 1617 1619 1268
1543 2 2 5 1 1617 604 1619
1544 2 2 5 1 1268 1619 280
1545 2 2 5 1 281 1212 1621
1546 2 2 5 1 1212 1620 1621
1547 2 2 5 1 1212 490 1620
1548 2 2 5 1 1621 1620 606
1549 2 2 5 1 490 1622 1620
1550 2 2 5 1 1622 1623 1620
1551 2 2 5 1 1622 605 1623
1552 2 2 5 1 1620 1623 606
1553 2 2 5 1 490 1211 1622
1554 2 2 5 1 1211 1624 1622
1555 2 2 5 1 1211 315 1624
1556 2 2 5 1 1622 1624 605
1557 2 2 5 1 606 1623 1626
1558 2 2 5 1 1623 1625 1626
1559 2 2 5 1 1623 605 1625
1560 2 2 5 1 1626 1625 352
1561 2 2 5 1 315 1627 1624
1562 2 2 5 1 1627 1628 1624
1563 2 2 5 1 1627 607 1628
1564 2 2 5 1 1624 1628 605
1565 2 2 5 1 607 1629 1628
1566 2 2 5 1 1629 1630 1628
1567 2 2 5 1 1629 608 1630
1568 2 2 5 1 1628 1630 605
1569 2 2 5 1 607 1631 1629
1570 2 2 5 1 1631 1632 1629
1571 2 2 5 1 1631 351 1632
1572 2 2 5 1 1629 1632 608
1573 2 2 5 1 605 1630 1625
1574 2 2 5 1 1630 1633 1625
1575 2 2 5 1 1630 608 1633
1576 2 2 5 1 1625 1633 352
1577 2 2 5 1 315 1206 1627
1578 2 2 5 1 1206 1634 1627
1579 2 2 5 1 1206 489 1634
1580 2 2 5 1 1627 1634 607
1581 2 2 5 1 489 1635 1634
1582 2 2 5 1 1635 1636 1634
1583 2 2 5 1 1635 609 1636
1584 2 2 5 1 1634 1636 607
1585 2 2 5 1 489 1205 1635
1586 2 2 5 1 1205 1637 1635
1587 2 2 5 1 1205 274 1637
1588 2 2 5 1 1635 1637 609
1589 2 2 5 1 607 1636 1631
1590 2 2 5 1 1636 1638 1631
1591 2 2 5 1 1636 609 1638
1592 2 2 5 1 1631 1638 351
1593 2 2 5 1 352 1633 1640
1594 2 2 5 1 1633 1639 1640
1595 2 2 5 1 1633 608 1639
1596 2 2 5 1 1640 1639 611
1597 2 2 5 1 608 1641 1639
1598 2 2 5 1 1641 1642 1639
1599 2 2 5 1 1641 610 1642
1600 2 2 5 1 1639 1642 611
1601 2 2 5 1 608 1632 1641
1602 2 2 5 1 1632 1643 1641
1603 2 2 5 1 1632 351 1643
1604 2 2 5 1 1641 1643 610
1605 2 2 5 1 611 1642 1645
1606 2 2 5 1 1642 1644 1645
1607 2 2 5 1 1642 610 1644
1608 2 2 5 1 1645 1644 286
1609 2 2 5 1 273 1186 1647
1610 2 2 5 1 1186 1646 1647
1611 2 2 5 1 1186 485 1646
1612 2 2 5 1 1647 1646 613
1613 2 2 5 1 485 1648 1646
1614 2 2 5 1 1648 1649 1646
1615 2 2 5 1 1648 612 1649
1616 2 2 5 1 1646 1649 613
1617 2 2 5 1 485 1192 1648
1618 2 2 5 1 1192 1650 1648
1619 2 2 5 1 1192 316 1650
1620 2 2 5 1 1648 1650 612
1621 2 2 5 1 613 1649 1652
1622 2 2 5 1 1649 1651 1652
1623 2 2 5 1 1649 612 1651
1624 2 2 5 1 1652 1651 354
1625 2 2 5 1 316 1653 1650
1626 2 2 5 1 1653 1654 1650
1627 2 2 5 1 1653 614 1654
1628 2 2 5 1 1650 1654 612
1629 2 2 5 1 614 1655 1654
1630 2 2 5 1 1655 1656 1654
1631 2 2 5 1 1655 615 1656
1632 2 2 5 1 1654 1656 612
1633 2 2 5 1 614 1657 1655
1634 2 2 5 1 1657 1658 1655
1635 2 2 5 1 1657 353 1658
1636 2 2 5 1 1655 1658 615
1637 2 2 5 1 612 1656 1651
1638 2 2 5 1 1656 1659 1651
1639 2 2 5 1 1656 615 1659
1640 2 2 5 1 1651 1659 354
1641 2 2 5 1 316 1208 1653
1642 2 2 5 1 1208 1660 1653
1643 2 2 5 1 1208 491 1660
1644 2 2 5 1 1653 1660 614
1645 2 2 5 1 491 1661 1660
1646 2 2 5 1 1661 1662 1660
1647 2 2 5 1 1661 616 1662
1648 2 2 5 1 1660 1662 614
1649 2 2 5 1 491 1213 1661
1650 2 2 5 1 1213 1663 1661
1651 2 2 5 1 1213 281 1663
1652 2 2 5 1 1661 1663 616
1653 2 2 5 1 614 1662 1657
1654 2 2 5 1 1662 1664 1657
1655 2 2 5 1 1662 616 1664
1656 2 2 5 1 1657 1664 353
1657 2 2 5 1 354 1659 1666
1658 2 2 5 1 1659 1665 1666
1659 2 2 5 1 1659 615 1665
1660 2 2 5 1 1666 1665 618
1661 2 2 5 1 615 1667 1665
1662 2 2 5 1 1667 1668 1665
1663 2 2 5 1 1667 617 1668
1664 2 2 5 1 1665 1668 618
1665 2 2 5 1 615 1658 1667
1666 2 2 5 1 1658 1669 1667
1667 2 2 5 1 1658 353 1669
1668 2 2 5 1 1667 1669 617
1669 2 2 5 1 618 1668 1671
1670 2 2 5 1 1668 1670 1671
1671 2 2 5 1 1668 617 1670
1672 2 2 5 1 1671 1670 287
1673 2 2 5 1 280 1672 1674
1674 2 2 5 1 1672 1673 1674
1675 2 2 5 1 1672 619 1673
1676 2 2 5 1 1674 1673 621
1677 2 2 5 1 619 1675 1673
1678 2 2 5 1 1675 1676 1673
1679 2 2 5 1 1675 620 1676
1680 2 2 5 1 1673 1676 621
1681 2 2 5 1 619 1677 1675
1682 2 2 5 1 1677 1678 1675
1683 2 2 5 1 1677 355 1678
1684 2 2 5 1 1675 1678 620
1685 2 2 5 1 621 1676 1680
1686 2 2 5 1 1676 1679 1680
1687 2 2 5 1 1676 620 1679
1688 2 2 5 1 1680 1679 357
1689 2 2 5 1 355 1681 1678
1690 2 2 5 1 1681 1682 1678
1691 2 2 5 1 1681 622 1682
1692 2 2 5 1 1678 1682 620
1693 2 2 5 1 622 1683 1682
1694 2 2 5 1 1683 1684 1682
1695 2 2 5 1 1683 623 1684
1696 2 2 5 1 1682 1684 620
1697 2 2 5 1 622 1685 1683
1698 2 2 5 1 1685 1686 1683
1699 2 2 5 1 1685 356 1686
1700 2 2 5 1 1683 1686 623
1701 2 2 5 1 620 1684 1679
1702 2 2 5 1 1684 1687 1679
1703 2 2 5 1 1684 623 1687
1704 2 2 5 1 1679 1687 357
1705 2 2 5 1 355 1688 1681
1706 2 2 5 1 1688 1689 1681
1707 2 2 5 1 1688 624 1689
1708 2 2 5 1 1681 1689 622
1709 2 2 5 1 624 1690 1689
1710 2 2 5 1 1690 1691 1689
1711 2 2 5 1 1690 625 1691
1712 2 2 5 1 1689 1691 622
1713 2 2 5 1 624 1692 1690
1714 2 2 5 1 1692 1693 1690
1715 2 2 5 1 1692 287 1693
1716 2 2 5 1 1690 1693 625
1717 2 2 5 1 622 1691 1685
1718 2 2 5 1 1691 1694 1685
1719 2 2 5 1 1691 625 1694
1720 2 2 5 1 1685 1694 356
1721 2 2 5 1 357 1687 1696
1722 2 2 5 1 1687 1695 1696
1723 2 2 5 1 1687 623 1695
1724 2 2 5 1 1696 1695 627
1725 2 2 5 1 623 1697 1695
1726 2 2 5 1 1697 1698 1695
1727 2 2 5 1 1697 626 1698
1728 2 2 5 1 1695 1698 627
1729 2 2 5 1 623 1686 1697
1730 2 2 5 1 1686 1699 1697
1731 2 2 5 1 1686 356 1699
1732 2 2 5 1 1697 1699 626
1733 2 2 5 1 627 1698 1701
1734 2 2 5 1 1698 1700 1701
1735 2 2 5 1 1698 626 1700
1736 2 2 5 1 1701 1700 302
1737 2 2 5 1 286 1702 1704
1738 2 2 5 1 1702 1703 1704
1739 2 2 5 1 1702 628 1703
1740 2 2 5 1 1704 1703 630
1741 2 2 5 1 628 1705 1703
1742 2 2 5 1 1705 1706 1703
1743 2 2 5 1 1705 629 1706
1744 2 2 5 1 1703 1706 630
1745 2 2 5 1 628 1707 1705
1746 2 2 5 1 1707 1708 1705
1747 2 2 5 1 1707 358 1708
1748 2 2 5 1 1705 1708 629
1749 2 2 5 1 630 1706 1710
1750 2 2 5 1 1706 1709 1710
1751 2 2 5 1 1706 629 1709
1752 2 2 5 1 1710 1709 360
1753 2 2 5 1 358 1711 1708
1754 2 2 5 1 1711 1712 1708
1755 2 2 5 1 1711 631 1712
1756 2 2 5 1 1708 1712 629
1757 2 2 5 1 631 1713 1712
1758 2 2 5 1 1713 1714 1712
1759 2 2 5 1 1713 632 1714
1760 2 2 5 1 1712 1714 629
1761 2 2 5 1 631 1715 1713
1762 2 2 5 1 1715 1716 1713
1763 2 2 5 1 1715 359 1716
1764 2 2 5 1 1713 1716 632
1765 2 2 5 1 629 1714 1709
1766 2 2 5 1 1714 1717 1709
1767 2 2 5 1 1714 632 1717
1768 2 2 5 1 1709 1717 360
1769 2 2 5 1 358 1718 1711
1770 2 2 5 1 1718 1719 1711
1771 2 2 5 1 1718 633 1719
1772 2 2 5 1 1711 1719 631
1773 2 2 5 1 633 1720 1719
1774 2 2 5 1 1720 1721 1719
1775 2 2 5 1 1720 634 1721
1776 2 2 5 1 1719 1721 631
1777 2 2 5 1 633 1722 1720
1778 2 2 5 1 1722 1723 1720
1779 2 2 5 1 1722 279 1723
1780 2 2 5 1 1720 1723 634
1781 2 2 5 1 631 1721 1715
1782 2 2 5 1 1721 1724 1715
1783 2 2 5 1 1721 634 1724
1784 2 2 5 1 1715 1724 359
1785 2 2 5 1 360 1717 1726
1786 2 2 5 1 1717 1725 1726
1787 2 2 5 1 1717 632 1725
1788 2 2 5 1 1726 1725 636
1789 2 2 5 1 632 1727 1725
1790 2 2 5 1 1727 1728 1725
1791 2 2 5 1 1727 635 1728
1792 2 2 5 1 1725 1728 636
1793 2 2 5 1 632 1716 1727
1794 2 2 5 1 1716 1729 1727
1795 2 2 5 1 1716 359 1729
1796 2 2 5 1 1727 1729 635
1797 2 2 5 1 636 1728 1731
1798 2 2 5 1 1728 1730 1731
1799 2 2 5 1 1728 635 1730
1800 2 2 5 1 1731 1730 303
1801 2 2 5 1 147 148 1733
1802 2 2 5 1 148 1732 1733
1803 2 2 5 1 148 149 1732
1804 2 2 5 1 1733 1732 638
1805 2 2 5 1 149 1734 1732
1806 2 2 5 1 1734 1735 1732
1807 2 2 5 1 1734 637 1735
1808 2 2 5 1 1732 1735 638
1809 2 2 5 1 149 150 1734
1810 2 2 5 1 150 1736 1734
1811 2 2 5 1 150 151 1736
1812 2 2 5 1 1734 1736 637
1813 2 2 5 1 638 1735 1738
1814 2 2 5 1 1735 1737 1738
1815 2 2 5 1 1735 637 1737
1816 2 2 5 1 1738 1737 362
1817 2 2 5 1 151 1739 1736
1818 2 2 5 1 1739 1740 1736
1819 2 2 5 1 1739 639 1740
1820 2 2 5 1 1736 1740 637
1821 2 2 5 1 639 1741 1740
1822 2 2 5 1 1741 1742 1740
1823 2 2 5 1 1741 640 1742
1824 2 2 5 1 1740 1742 637
1825 2 2 5 1 639 1743 1741
1826 2 2 5 1 1743 1744 1741
1827 2 2 5 1 1743 361 1744
1828 2 2 5 1 1741 1744 640
1829 2 2 5 1 637 1742 1737
1830 2 2 5 1 1742 1745 1737
1831 2 2 5 1 1742 640 1745
1832 2 2 5 1 1737 1745 362
1833 2 2 5 1 151 152 1739
1834 2 2 5 1 152 1746 1739
1835 2 2 5 1 152 153 1746
1836 2 2 5 1 1739 1746 639
1837 2 2 5 1 153 1747 1746
1838 2 2 5 1 1747 1748 1746
1839 2 2 5 1 1747 641 1748
1840 2 2 5 1 1746 1748 639
1841 2 2 5 1 153 154 1747
1842 2 2 5 1 154 1749 1747
1843 2 2 5 1 154 155 1749
1844 2 2 5 1 1747 1749 641
1845 2 2 5 1 639 1748 1743
1846 2 2 5 1 1748 1750 1743
1847 2 2 5 1 1748 641 1750
1848 2 2 5 1 1743 1750 361
1849 2 2 5 1 362 1745 1752
1850 2 2 5 1 1745 1751 1752
1851 2 2 5 1 1745 640 1751
1852 2 2 5 1 1752 1751 643
1853 2 2 5 1 640 1753 1751
1854 2 2 5 1 1753 1754 1751
1855 2 2 5 1 1753 642 1754
1856 2 2 5 1 1751 1754 643
1857 2 2 5 1 640 1744 1753
1858 2 2 5 1 1744 1755 1753
1859 2 2 5 1 1744 361 1755
1860 2 2 5 1 1753 1755 642
1861 2 2 5 1 643 1754 1757
1862 2 2 5 1 1754 1756 1757
1863 2 2 5 1 1754 642 1756
1864 2 2 5 1 1757 1756 271
1865 2 2 5 1 99 100 1759
1866 2 2 5 1 100 1758 1759
1867 2 2 5 1 100 101 1758
1868 2 2 5 1 1759 1758 645
1869 2 2 5 1 101 1760 1758
1870 2 2 5 1 1760 1761 1758
1871 2 2 5 1 1760 644 1761
1872 2 2 5 1 1758 1761 645
1873 2 2 5 1 101 102 1760
1874 2 2 5 1 102 1762 1760
1875 2 2 5 1 102 103 1762
1876 2 2 5 1 1760 1762 644
1877 2 2 5 1 645 1761 1764
1878 2 2 5 1 1761 1763 1764
1879 2 2 5 1 1761 644 1763
1880 2 2 5 1 1764 1763 364
1881 2 2 5 1 103 1765 1762
1882 2 2 5 1 1765 1766 1762
1883 2 2 5 1 1765 646 1766
1884 2 2 5 1 1762 1766 644
1885 2 2 5 1 646 1767 1766
1886 2 2 5 1 1767 1768 1766
1887 2 2 5 1 1767 647 1768
1888 2 2 5 1 1766 1768 644
1889 2 2 5 1 646 1769 1767
1890 2 2 5 1 1769 1770 1767
1891 2 2 5 1 1769 363 1770
1892 2 2 5 1 1767 1770 647
1893 2 2 5 1 644 1768 1763
1894 2 2 5 1 1768 1771 1763
1895 2 2 5 1 1768 647 1771
1896 2 2 5 1 1763 1771 364
1897 2 2 5 1 103 104 1765
1898 2 2 5 1 104 1772 1765
1899 2 2 5 1 104 105 1772
1900 2 2 5 1 1765 1772 646
1901 2 2 5 1 105 1773 1772
1902 2 2 5 1 1773 1774 1772
1903 2 2 5 1 1773 648 1774
1904 2 2 5 1 1772 1774 646
1905 2 2 5 1 105 106 1773
1906 2 2 5 1 106 1775 1773
1907 2 2 5 1 106 107 1775
1908 2 2 5 1 1773 1775 648
1909 2 2 5 1 646 1774 1769
1910 2 2 5 1 1774 1776 1769
1911 2 2 5 1 1774 648 1776
1912 2 2 5 1 1769 1776 363
1913 2 2 5 1 364 1771 1778
1914 2 2 5 1 1771 1777 1778
1915 2 2 5 1 1771 647 1777
1916 2 2 5 1 1778 1777 650
1917 2 2 5 1 647 1779 1777
1918 2 2 5 1 1779 1780 1777
1919 2 2 5 1 1779 649 1780
1920 2 2 5 1 1777 1780 650
1921 2 2 5 1 647 1770 1779
1922 2 2 5 1 1770 1781 1779
1923 2 2 5 1 1770 363 1781
1924 2 2 5 1 1779 1781 649
1925 2 2 5 1 650 1780 1783
1926 2 2 5 1 1780 1782 1783
1927 2 2 5 1 1780 649 1782
1928 2 2 5 1 1783 1782 272
1929 2 2 5 1 279 1298 1723
1930 2 2 5 1 1298 1784 1723
1931 2 2 5 1 1298 515 1784
1932 2 2 5 1 1723 1784 634
1933 2 2 5 1 515 1785 1784
1934 2 2 5 1 1785 1786 1784
1935 2 2 5 1 1785 651 1786
1936 2 2 5 1 1784 1786 634
1937 2 2 5 1 515 1297 1785
1938 2 2 5 1 1297 1787 1785
1939 2 2 5 1 1297 323 1787
1940 2 2 5 1 1785 1787 651
1941 2 2 5 1 634 1786 1724
1942 2 2 5 1 1786 1788 1724
1943 2 2 5 1 1786 651 1788
1944 2 2 5 1 1724 1788 359
1945 2 2 5 1 323 1789 1787
1946 2 2 5 1 1789 1790 1787
1947 2 2 5 1 1789 652 1790
1948 2 2 5 1 1787 1790 651
1949 2 2 5 1 652 1791 1790
1950 2 2 5 1 1791 1792 1790
1951 2 2 5 1 1791 653 1792
1952 2 2 5 1 1790 1792 651
1953 2 2 5 1 652 1793 1791
1954 2 2 5 1 1793 1794 1791
1955 2 2 5 1 1793 365 1794
1956 2 2 5 1 1791 1794 653
1957 2 2 5 1 651 1792 1788
1958 2 2 5 1 1792 1795 1788
1959 2 2 5 1 1792 653 1795
1960 2 2 5 1 1788 1795 359
1961 2 2 5 1 323 1292 1789
1962 2 2 5 1 1292 1796 1789
1963 2 2 5 1 1292 514 1796
1964 2 2 5 1 1789 1796 652
1965 2 2 5 1 514 1797 1796
1966 2 2 5 1 1797 1798 1796
1967 2 2 5 1 1797 654 1798
1968 2 2 5 1 1796 1798 652
1969 2 2 5 1 514 1291 1797
1970 2 2 5 1 1291 1799 1797
1971 2 2 5 1 1291 272 1799
1972 2 2 5 1 1797 1799 654
1973 2 2 5 1 652 1798 1793
1974 2 2 5 1 1798 1800 1793
1975 2 2 5 1 1798 654 1800
1976 2 2 5 1 1793 1800 365
1977 2 2 5 1 359 1795 1729
1978 2 2 5 1 1795 1801 1729
1979 2 2 5 1 1795 653 1801
1980 2 2 5 1 1729 1801 635
1981 2 2 5 1 653 1802 1801
1982 2 2 5 1 1802 1803 1801
1983 2 2 5 1 1802 655 1803
1984 2 2 5 1 1801 1803 635
1985 2 2 5 1 653 1794 1802
1986 2 2 5 1 1794 1804 1802
1987 2 2 5 1 1794 365 1804
1988 2 2 5 1 1802 1804 655
1989 2 2 5 1 635 1803 1730
1990 2 2 5 1 1803 1805 1730
1991 2 2 5 1 1803 655 1805
1992 2 2 5 1 1730 1805 303
1993 2 2 5 1 271 1242 1807
1994 2 2 5 1 1242 1806 1807
1995 2 2 5 1 1242 501 1806
1996 2 2 5 1 1807 1806 657
1997 2 2 5 1 501 1808 1806
1998 2 2 5 1 1808 1809 1806
1999 2 2 5 1 1808 656 1809
2000 2 2 5 1 1806 1809 657
2001 2 2 5 1 501 1248 1808
2002 2 2 5 1 1248 1810 1808
2003 2 2 5 1 1248 321 1810
2004 2 2 5 1 1808 1810 656
2005 2 2 5 1 657 1809 1812
2006 2 2 5 1 1809 1811 1812
2007 2 2 5 1 1809 656 1811
2008 2 2 5 1 1812 1811 366
2009 2 2 5 1 321 1813 1810
2010 2 2 5 1 1813 1814 1810
2011 2 2 5 1 1813 658 1814
2012 2 2 5 1 1810 1814 656
2013 2 2 5 1 658 1815 1814
2014 2 2 5 1 1815 1816 1814
2015 2 2 5 1 1815 659 1816
2016 2 2 5 1 1814 1816 656
2017 2 2 5 1 658 1817 1815
2018 2 2 5 1 1817 1818 1815
2019 2 2 5 1 1817 357 1818
2020 2 2 5 1 1815 1818 659
2021 2 2 5 1 656 1816 1811
2022 2 2 5 1 1816 1819 1811
2023 2 2 5 1 1816 659 1819
2024 2 2 5 1 1811 1819 366
2025 2 2 5 1 321 1264 1813
2026 2 2 5 1 1264 1820 1813
2027 2 2 5 1 1264 507 1820
2028 2 2 5 1 1813 1820 658
2029 2 2 5 1 507 1821 1820
2030 2 2 5 1 1821 1822 1820
2031 2 2 5 1 1821 621 1822
2032 2 2 5 1 1820 1822 658
2033 2 2 5 1 507 1269 1821
2034 2 2 5 1 1269 1674 1821
2035 2 2 5 1 1269 280 1674
2036 2 2 5 1 1821 1674 621
2037 2 2 5 1 658 1822 1817
2038 2 2 5 1 1822 1680 1817
2039 2 2 5 1 1822 621 1680
2040 2 2 5 1 1817 1680 357
2041 2 2 5 1 366 1819 1824
2042 2 2 5 1 1819 1823 1824
2043 2 2 5 1 1819 659 1823
2044 2 2 5 1 1824 1823 660
2045 2 2 5 1 659 1825 1823
2046 2 2 5 1 1825 1826 1823
2047 2 2 5 1 1825 627 1826
2048 2 2 5 1 1823 1826 660
2049 2 2 5 1 659 1818 1825
2050 2 2 5 1 1818 1696 1825
2051 2 2 5 1 1818 357 1696
2052 2 2 5 1 1825 1696 627
2053 2 2 5 1 660 1826 1827
2054 2 2 5 1 1826 1701 1827
2055 2 2 5 1 1826 627 1701
2056 2 2 5 1 1827 1701 302
2057 2 2 5 1 178 179 1829
2058 2 2 5 1 179 1828 1829
2059 2 2 5 1 179 180 1828
2060 2 2 5 1 1829 1828 662
2061 2 2 5 1 180 1830 1828
2062 2 2 5 1 1830 1831 1828
2063 2 2 5 1 1830 661 1831
2064 2 2 5 1 1828 1831 662
2065 2 2 5 1 180 181 1830
2066 2 2 5 1 181 1832 1830
2067 2 2 5 1 181 182 1832
2068 2 2 5 1 1830 1832 661
2069 2 2 5 1 662 1831 1834
2070 2 2 5 1 1831 1833 1834
2071 2 2 5 1 1831 661 1833
2072 2 2 5 1 1834 1833 368
2073 2 2 5 1 182 1835 1832
2074 2 2 5 1 1835 1836 1832
2075 2 2 5 1 1835 663 1836
2076 2 2 5 1 1832 1836 661
2077 2 2 5 1 663 1837 1836
2078 2 2 5 1 1837 1838 1836
2079 2 2 5 1 1837 664 1838
2080 2 2 5 1 1836 1838 661
2081 2 2 5 1 663 1839 1837
2082 2 2 5 1 1839 1840 1837
2083 2 2 5 1 1839 367 1840
2084 2 2 5 1 1837 1840 664
2085 2 2 5 1 661 1838 1833
2086 2 2 5 1 1838 1841 1833
2087 2 2 5 1 1838 664 1841
2088 2 2 5 1 1833 1841 368
2089 2 2 5 1 182 183 1835
2090 2 2 5 1 183 1842 1835
2091 2 2 5 1 183 184 1842
2092 2 2 5 1 1835 1842 663
2093 2 2 5 1 184 1843 1842
2094 2 2 5 1 1843 1844 1842
2095 2 2 5 1 1843 665 1844
2096 2 2 5 1 1842 1844 663
2097 2 2 5 1 184 185 1843
2098 2 2 5 1 185 1845 1843
2099 2 2 5 1 185 186 1845
2100 2 2 5 1 1843 1845 665
2101 2 2 5 1 663 1844 1839
2102 2 2 5 1 1844 1846 1839
2103 2 2 5 1 1844 665 1846
2104 2 2 5 1 1839 1846 367
2105 2 2 5 1 368 1841 1848
2106 2 2 5 1 1841 1847 1848
2107 2 2 5 1 1841 664 1847
2108 2 2 5 1 1848 1847 667
2109 2 2 5 1 664 1849 1847
2110 2 2 5 1 1849 1850 1847
2111 2 2 5 1 1849 666 1850
2112 2 2 5 1 1847 1850 667
2113 2 2 5 1 664 1840 1849
2114 2 2 5 1 1840 1851 1849
2115 2 2 5 1 1840 367 1851
2116 2 2 5 1 1849 1851 666
2117 2 2 5 1 667 1850 1853
2118 2 2 5 1 1850 1852 1853
2119 2 2 5 1 1850 666 1852
2120 2 2 5 1 1853 1852 265
2121 2 2 5 1 68 69 1855
2122 2 2 5 1 69 1854 1855
2123 2 2 5 1 69 70 1854
2124 2 2 5 1 1855 1854 669
2125 2 2 5 1 70 1856 1854
2126 2 2 5 1 1856 1857 1854
2127 2 2 5 1 1856 668 1857
2128 2 2 5 1 1854 1857 669
2129 2 2 5 1 70 71 1856
2130 2 2 5 1 71 1858 1856
2131 2 2 5 1 71 72 1858
2132 2 2 5 1 1856 1858 668
2133 2 2 5 1 669 1857 1860
2134 2 2 5 1 1857 1859 1860
2135 2 2 5 1 1857 668 1859
2136 2 2 5 1 1860 1859 370
2137 2 2 5 1 72 1861 1858
2138 2 2 5 1 1861 1862 1858
2139 2 2 5 1 1861 670 1862
2140 2 2 5 1 1858 1862 668
2141 2 2 5 1 670 1863 1862
2142 2 2 5 1 1863 1864 1862
2143 2 2 5 1 1863 671 1864
2144 2 2 5 1 1862 1864 668
2145 2 2 5 1 670 1865 1863
2146 2 2 5 1 1865 1866 1863
2147 2 2 5 1 1865 369 1866
2148 2 2 5 1 1863 1866 671
2149 2 2 5 1 668 1864 1859
2150 2 2 5 1 1864 1867 1859
2151 2 2 5 1 1864 671 1867
2152 2 2 5 1 1859 1867 370
2153 2 2 5 1 72 73 1861
2154 2 2 5 1 73 1868 1861
2155 2 2 5 1 73 74 1868
2156 2 2 5 1 1861 1868 670
2157 2 2 5 1 74 1869 1868
2158 2 2 5 1 1869 1870 1868
2159 2 2 5 1 1869 672 1870
2160 2 2 5 1 1868 1870 670
2161 2 2 5 1 74 75 1869
2162 2 2 5 1 75 1871 1869
2163 2 2 5 1 75 76 1871
2164 2 2 5 1 1869 1871 672
2165 2 2 5 1 670 1870 1865
2166 2 2 5 1 1870 1872 1865
2167 2 2 5 1 1870 672 1872
2168 2 2 5 1 1865 1872 369
2169 2 2 5 1 370 1867 1874
2170 2 2 5 1 1867 1873 1874
2171 2 2 5 1 1867 671 1873
2172 2 2 5 1 1874 1873 674
2173 2 2 5 1 671 1875 1873
2174 2 2 5 1 1875 1876 1873
2175 2 2 5 1 1875 673 1876
2176 2 2 5 1 1873 1876 674
2177 2 2 5 1 671 1866 1875
2178 2 2 5 1 1866 1877 1875
2179 2 2 5 1 1866 369 1877
2180 2 2 5 1 1875 1877 673
2181 2 2 5 1 674 1876 1879
2182 2 2 5 1 1876 1878 1879
2183 2 2 5 1 1876 673 1878
2184 2 2 5 1 1879 1878 266
2185 2 2 5 1 287 1692 1881
2186 2 2 5 1 1692 1880 1881
2187 2 2 5 1 1692 624 1880
2188 2 2 5 1 1881 1880 676
2189 2 2 5 1 624 1882 1880
2190 2 2 5 1 1882 1883 1880
2191 2 2 5 1 1882 675 1883
2192 2 2 5 1 1880 1883 676
2193 2 2 5 1 624 1688 1882
2194 2 2 5 1 1688 1884 1882
2195 2 2 5 1 1688 355 1884
2196 2 2 5 1 1882 1884 675
2197 2 2 5 1 676 1883 1886
2198 2 2 5 1 1883 1885 1886
2199 2 2 5 1 1883 675 1885
2200 2 2 5 1 1886 1885 372
2201 2 2 5 1 355 1887 1884
2202 2 2 5 1 1887 1888 1884
2203 2 2 5 1 1887 677 1888
2204 2 2 5 1 1884 1888 675
2205 2 2 5 1 677 1889 1888
2206 2 2 5 1 1889 1890 1888
2207 2 2 5 1 1889 678 1890
2208 2 2 5 1 1888 1890 675
2209 2 2 5 1 677 1891 1889
2210 2 2 5 1 1891 1892 1889
2211 2 2 5 1 1891 371 1892
2212 2 2 5 1 1889 1892 678
2213 2 2 5 1 675 1890 1885
2214 2 2 5 1 1890 1893 1885
2215 2 2 5 1 1890 678 1893
2216 2 2 5 1 1885 1893 372
2217 2 2 5 1 355 1677 1887
2218 2 2 5 1 1677 1894 1887
2219 2 2 5 1 1677 619 1894
2220 2 2 5 1 1887 1894 677
2221 2 2 5 1 619 1895 1894
2222 2 2 5 1 1895 1896 1894
2223 2 2 5 1 1895 679 1896
2224 2 2 5 1 1894 1896 677
2225 2 2 5 1 619 1672 1895
2226 2 2 5 1 1672 1897 1895
2227 2 2 5 1 1672 280 1897
2228 2 2 5 1 1895 1897 679
2229 2 2 5 1 677 1896 1891
2230 2 2 5 1 1896 1898 1891
2231 2 2 5 1 1896 679 1898
2232 2 2 5 1 1891 1898 371
2233 2 2 5 1 372 1893 1900
2234 2 2 5 1 1893 1899 1900
2235 2 2 5 1 1893 678 1899
2236 2 2 5 1 1900 1899 681
2237 2 2 5 1 678 1901 1899
2238 2 2 5 1 1901 1902 1899
2239 2 2 5 1 1901 680 1902
2240 2 2 5 1 1899 1902 681
2241 2 2 5 1 678 1892 1901
2242 2 2 5 1 1892 1903 1901
2243 2 2 5 1 1892 371 1903
2244 2 2 5 1 1901 1903 680
2245 2 2 5 1 681 1902 1905
2246 2 2 5 1 1902 1904 1905
2247 2 2 5 1 1902 680 1904
2248 2 2 5 1 1905 1904 296
2249 2 2 5 1 279 1722 1907
2250 2 2 5 1 1722 1906 1907
2251 2 2 5 1 1722 633 1906
2252 2 2 5 1 1907 1906 683
2253 2 2 5 1 633 1908 1906
2254 2 2 5 1 1908 1909 1906
2255 2 2 5 1 1908 682 1909
2256 2 2 5 1 1906 1909 683
2257 2 2 5 1 633 1718 1908
2258 2 2 5 1 1718 1910 1908
2259 2 2 5 1 1718 358 1910
2260 2 2 5 1 1908 1910 682
2261 2 2 5 1 683 1909 1912
2262 2 2 5 1 1909 1911 1912
2263 2 2 5 1 1909 682 1911
2264 2 2 5 1 1912 1911 374
2265 2 2 5 1 358 1913 1910
2266 2 2 5 1 1913 1914 1910
2267 2 2 5 1 1913 684 1914
2268 2 2 5 1 1910 1914 682
2269 2 2 5 1 684 1915 1914
2270 2 2 5 1 1915 1916 1914
2271 2 2 5 1 1915 685 1916
2272 2 2 5 1 1914 1916 682
2273 2 2 5 1 684 1917 1915
2274 2 2 5 1 1917 1918 1915
2275 2 2 5 1 1917 373 1918
2276 2 2 5 1 1915 1918 685
2277 2 2 5 1 682 1916 1911
2278 2 2 5 1 1916 1919 1911
2279 2 2 5 1 1916 685 1919
2280 2 2 5 1 1911 1919 374
2281 2 2 5 1 358 1707 1913
2282 2 2 5 1 1707 1920 1913
2283 2 2 5 1 1707 628 1920
2284 2 2 5 1 1913 1920 684
2285 2 2 5 1 628 1921 1920
2286 2 2 5 1 1921 1922 1920
2287 2 2 5 1 1921 686 1922
2288 2 2 5 1 1920 1922 684
2289 2 2 5 1 628 1702 1921
2290 2 2 5 1 1702 1923 1921
2291 2 2 5 1 1702 286 1923
2292 2 2 5 1 1921 1923 686
2293 2 2 5 1 684 1922 1917
2294 2 2 5 1 1922 1924 1917
2295 2 2 5 1 1922 686 1924
2296 2 2 5 1 1917 1924 373
2297 2 2 5 1 374 1919 1926
2298 2 2 5 1 1919 1925 1926
2299 2 2 5 1 1919 685 1925
2300 2 2 5 1 1926 1925 688
2301 2 2 5 1 685 1927 1925
2302 2 2 5 1 1927 1928 1925
2303 2 2 5 1 1927 687 1928
2304 2 2 5 1 1925 1928 688
2305 2 2 5 1 685 1918 1927
2306 2 2 5 1 1918 1929 1927
2307 2 2 5 1 1918 373 1929
2308 2 2 5 1 1927 1929 687
2309 2 2 5 1 688 1928 1931
2310 2 2 5 1 1928 1930 1931
2311 2 2 5 1 1928 687 1930
2312 2 2 5 1 1931 1930 297
2313 2 2 5 1 186 187 1933
2314 2 2 5 1 187 1932 1933
2315 2 2 5 1 187 188 1932
2316 2 2 5 1 1933 1932 690
2317 2 2 5 1 188 1934 1932
2318 2 2 5 1 1934 1935 1932
2319 2 2 5 1 1934 689 1935
2320 2 2 5 1 1932 1935 690
2321 2 2 5 1 188 189 1934
2322 2 2 5 1 189 1936 1934
2323 2 2 5 1 189 190 1936
2324 2 2 5 1 1934 1936 689
2325 2 2 5 1 690 1935 1938
2326 2 2 5 1 1935 1937 1938
2327 2 2 5 1 1935 689 1937
2328 2 2 5 1 1938 1937 376
2329 2 2 5 1 190 1939 1936
2330 2 2 5 1 1939 1940 1936
2331 2 2 5 1 1939 691 1940
2332 2 2 5 1 1936 1940 689
2333 2 2 5 1 691 1941 1940
2334 2 2 5 1 1941 1942 1940
2335 2 2 5 1 1941 692 1942
2336 2 2 5 1 1940 1942 689
2337 2 2 5 1 691 1943 1941
2338 2 2 5 1 1943 1944 1941
2339 2 2 5 1 1943 375 1944
2340 2 2 5 1 1941 1944 692
2341 2 2 5 1 689 1942 1937
2342 2 2 5 1 1942 1945 1937
2343 2 2 5 1 1942 692 1945
2344 2 2 5 1 1937 1945 376
2345 2 2 5 1 190 191 1939
2346 2 2 5 1 191 1946 1939
2347 2 2 5 1 191 192 1946
2348 2 2 5 1 1939 1946 691
2349 2 2 5 1 192 1947 1946
2350 2 2 5 1 1947 1948 1946
2351 2 2 5 1 1947 693 1948
2352 2 2 5 1 1946 1948 691
2353 2 2 5 1 192 193 1947
2354 2 2 5 1 193 1949 1947
2355 2 2 5 1 193 194 1949
2356 2 2 5 1 1947 1949 693
2357 2 2 5 1 691 1948 1943
2358 2 2 5 1 1948 1950 1943
2359 2 2 5 1 1948 693 1950
2360 2 2 5 1 1943 1950 375
2361 2 2 5 1 376 1945 1952
2362 2 2 5 1 1945 1951 1952
2363 2 2 5 1 1945 692 1951
2364 2 2 5 1 1952 1951 695
2365 2 2 5 1 692 1953 1951
2366 2 2 5 1 1953 1954 1951
2367 2 2 5 1 1953 694 1954
2368 2 2 5 1 1951 1954 695
2369 2 2 5 1 692 1944 1953
2370 2 2 5 1 1944 1955 1953
2371 2 2 5 1 1944 375 1955
2372 2 2 5 1 1953 1955 694
2373 2 2 5 1 695 1954 1957
2374 2 2 5 1 1954 1956 1957
2375 2 2 5 1 1954 694 1956
2376 2 2 5 1 1957 1956 282
2377 2 2 5 1 60 61 1959
2378 2 2 5 1 61 1958 1959
2379 2 2 5 1 61 62 1958
2380 2 2 5 1 1959 1958 697
2381 2 2 5 1 62 1960 1958
2382 2 2 5 1 1960 1961 1958
2383 2 2 5 1 1960 696 1961
2384 2 2 5 1 1958 1961 697
2385 2 2 5 1 62 63 1960
2386 2 2 5 1 63 1962 1960
2387 2 2 5 1 63 64 1962
2388 2 2 5 1 1960 1962 696
2389 2 2 5 1 697 1961 1964
2390 2 2 5 1 1961 1963 1964
2391 2 2 5 1 1961 696 1963
2392 2 2 5 1 1964 1963 378
2393 2 2 5 1 64 1965 1962
2394 2 2 5 1 1965 1966 1962
2395 2 2 5 1 1965 698 1966
2396 2 2 5 1 1962 1966 696
2397 2 2 5 1 698 1967 1966
2398 2 2 5 1 1967 1968 1966
2399 2 2 5 1 1967 699 1968
2400 2 2 5 1 1966 1968 696
2401 2 2 5 1 698 1969 1967
2402 2 2 5 1 1969 1970 1967
2403 2 2 5 1 1969 377 1970
2404 2 2 5 1 1967 1970 699
2405 2 2 5 1 696 1968 1963
2406 2 2 5 1 1968 1971 1963
2407 2 2 5 1 1968 699 1971
2408 2 2 5 1 1963 1971 378
2409 2 2 5 1 64 65 1965
2410 2 2 5 1 65 1972 1965
2411 2 2 5 1 65 66 1972
2412 2 2 5 1 1965 1972 698
2413 2 2 5 1 66 1973 1972
2414 2 2 5 1 1973 1974 1972
2415 2 2 5 1 1973 700 1974
2416 2 2 5 1 1972 1974 698
2417 2 2 5 1 66 67 1973
2418 2 2 5 1 67 1975 1973
2419 2 2 5 1 67 68 1975
2420 2 2 5 1 1973 1975 700
2421 2 2 5 1 698 1974 1969
2422 2 2 5 1 1974 1976 1969
2423 2 2 5 1 1974 700 1976
2424 2 2 5 1 1969 1976 377
2425 2 2 5 1 378 1971 1978
2426 2 2 5 1 1971 1977 1978
2427 2 2 5 1 1971 699 1977
2428 2 2 5 1 1978 1977 702
2429 2 2 5 1 699 1979 1977
2430 2 2 5 1 1979 1980 1977
2431 2 2 5 1 1979 701 1980
2432 2 2 5 1 1977 1980 702
2433 2 2 5 1 699 1970 1979
2434 2 2 5 1 1970 1981 1979
2435 2 2 5 1 1970 377 1981
2436 2 2 5 1 1979 1981 701
2437 2 2 5 1 702 1980 1983
2438 2 2 5 1 1980 1982 1983
2439 2 2 5 1 1980 701 1982
2440 2 2 5 1 1983 1982 283
2441 2 2 5 1 217 216 1151
2442 2 2 5 1 216 1984 1151
2443 2 2 5 1 216 215 1984
2444 2 2 5 1 1151 1984 474
2445 2 2 5 1 215 1985 1984
2446 2 2 5 1 1985 1986 1984
2447 2 2 5 1 1985 703 1986
2448 2 2 5 1 1984 1986 474
2449 2 2 5 1 215 214 1985
2450 2 2 5 1 214 1987 1985
2451 2 2 5 1 214 213 1987
2452 2 2 5 1 1985 1987 703
2453 2 2 5 1 474 1986 1152
2454 2 2 5 1 1986 1988 1152
2455 2 2 5 1 1986 703 1988
2456 2 2 5 1 1152 1988 311
2457 2 2 5 1 213 1989 1987
2458 2 2 5 1 1989 1990 1987
2459 2 2 5 1 1989 704 1990
2460 2 2 5 1 1987 1990 703
2461 2 2 5 1 704 1991 1990
2462 2 2 5 1 1991 1992 1990
2463 2 2 5 1 1991 705 1992
2464 2 2 5 1 1990 1992 703
2465 2 2 5 1 704 1993 1991
2466 2 2 5 1 1993 1994 1991
2467 2 2 5 1 1993 331 1994
2468 2 2 5 1 1991 1994 705
2469 2 2 5 1 703 1992 1988
2470 2 2 5 1 1992 1995 1988
2471 2 2 5 1 1992 705 1995
2472 2 2 5 1 1988 1995 311
2473 2 2 5 1 213 212 1989
2474 2 2 5 1 212 1996 1989
2475 2 2 5 1 212 211 1996
2476 2 2 5 1 1989 1996 704
2477 2 2 5 1 211 1997 1996
2478 2 2 5 1 1997 1998 1996
2479 2 2 5 1 1997 539 1998
2480 2 2 5 1 1996 1998 704
2481 2 2 5 1 211 210 1997
2482 2 2 5 1 210 1378 1997
2483 2 2 5 1 210 209 1378
2484 2 2 5 1 1997 1378 539
2485 2 2 5 1 704 1998 1993
2486 2 2 5 1 1998 1374 1993
2487 2 2 5 1 1998 539 1374
2488 2 2 5 1 1993 1374 331
2489 2 2 5 1 311 1995 1156
2490 2 2 5 1 1995 1999 1156
2491 2 2 5 1 1995 705 1999
2492 2 2 5 1 1156 1999 475
2493 2 2 5 1 705 2000 1999
2494 2 2 5 1 2000 2001 1999
2495 2 2 5 1 2000 535 2001
2496 2 2 5 1 1999 2001 475
2497 2 2 5 1 705 1994 2000
2498 2 2 5 1 1994 1364 2000
2499 2 2 5 1 1994 331 1364
2500 2 2 5 1 2000 1364 535
2501 2 2 5 1 475 2001 1157
2502 2 2 5 1 2001 1360 1157
2503 2 2 5 1 2001 535 1360
2504 2 2 5 1 1157 1360 276
2505 2 2 5 1 257 256 1386
2506 2 2 5 1 256 2002 1386
2507 2 2 5 1 256 255 2002
2508 2 2 5 1 1386 2002 542
2509 2 2 5 1 255 2003 2002
2510 2 2 5 1 2003 2004 2002
2511 2 2 5 1 2003 706 2004
2512 2 2 5 1 2002 2004 542
2513 2 2 5 1 255 254 2003
2514 2 2 5 1 254 2005 2003
2515 2 2 5 1 254 253 2005
2516 2 2 5 1 2003 2005 706
2517 2 2 5 1 542 2004 1391
2518 2 2 5 1 2004 2006 1391
2519 2 2 5 1 2004 706 2006
2520 2 2 5 1 1391 2006 333
2521 2 2 5 1 253 2007 2005
2522 2 2 5 1 2007 2008 2005
2523 2 2 5 1 2007 707 2008
2524 2 2 5 1 2005 2008 706
2525 2 2 5 1 707 2009 2008
2526 2 2 5 1 2009 2010 2008
2527 2 2 5 1 2009 708 2010
2528 2 2 5 1 2008 2010 706
2529 2 2 5 1 707 2011 2009
2530 2 2 5 1 2011 2012 2009
2531 2 2 5 1 2011 313 2012
2532 2 2 5 1 2009 2012 708
2533 2 2 5 1 706 2010 2006
2534 2 2 5 1 2010 2013 2006
2535 2 2 5 1 2010 708 2013
2536 2 2 5 1 2006 2013 333
2537 2 2 5 1 253 252 2007
2538 2 2 5 1 252 2014 2007
2539 2 2 5 1 252 251 2014
2540 2 2 5 1 2007 2014 707
2541 2 2 5 1 251 2015 2014
2542 2 2 5 1 2015 2016 2014
2543 2 2 5 1 2015 478 2016
2544 2 2 5 1 2014 2016 707
2545 2 2 5 1 251 250 2015
2546 2 2 5 1 250 1160 2015
2547 2 2 5 1 250 249 1160
2548 2 2 5 1 2015 1160 478
2549 2 2 5 1 707 2016 2011
2550 2 2 5 1 2016 1166 2011
2551 2 2 5 1 2016 478 1166
2552 2 2 5 1 2011 1166 313
2553 2 2 5 1 333 2013 1402
2554 2 2 5 1 2013 2017 1402
2555 2 2 5 1 2013 708 2017
2556 2 2 5 1 1402 2017 547
2557 2 2 5 1 708 2018 2017
2558 2 2 5 1 2018 2019 2017
2559 2 2 5 1 2018 482 2019
2560 2 2 5 1 2017 2019 547
2561 2 2 5 1 708 2012 2018
2562 2 2 5 1 2012 1180 2018
2563 2 2 5 1 2012 313 1180
2564 2 2 5 1 2018 1180 482
2565 2 2 5 1 547 2019 1406
2566 2 2 5 1 2019 1183 1406
2567 2 2 5 1 2019 482 1183
2568 2 2 5 1 1406 1183 275
2569 2 2 5 1 123 2020 2022
2570 2 2 5 1 2020 2021 2022
2571 2 2 5 1 2020 709 2021
2572 2 2 5 1 2022 2021 711
2573 2 2 5 1 709 2023 2021
2574 2 2 5 1 2023 2024 2021
2575 2 2 5 1 2023 710 2024
2576 2 2 5 1 2021 2024 711
2577 2 2 5 1 709 2025 2023
2578 2 2 5 1 2025 2026 2023
2579 2 2 5 1 2025 379 2026
2580 2 2 5 1 2023 2026 710
2581 2 2 5 1 711 2024 2028
2582 2 2 5 1 2024 2027 2028
2583 2 2 5 1 2024 710 2027
2584 2 2 5 1 2028 2027 380
2585 2 2 5 1 379 2029 2026
2586 2 2 5 1 2029 2030 2026
2587 2 2 5 1 2029 712 2030
2588 2 2 5 1 2026 2030 710
2589 2 2 5 1 712 2031 2030
2590 2 2 5 1 2031 2032 2030
2591 2 2 5 1 2031 713 2032
2592 2 2 5 1 2030 2032 710
2593 2 2 5 1 712 2033 2031
2594 2 2 5 1 2033 2034 2031
2595 2 2 5 1 2033 352 2034
2596 2 2 5 1 2031 2034 713
2597 2 2 5 1 710 2032 2027
2598 2 2 5 1 2032 2035 2027
2599 2 2 5 1 2032 713 2035
2600 2 2 5 1 2027 2035 380
2601 2 2 5 1 379 2036 2029
2602 2 2 5 1 2036 2037 2029
2603 2 2 5 1 2036 714 2037
2604 2 2 5 1 2029 2037 712
2605 2 2 5 1 714 2038 2037
2606 2 2 5 1 2038 2039 2037
2607 2 2 5 1 2038 606 2039
2608 2 2 5 1 2037 2039 712
2609 2 2 5 1 714 2040 2038
2610 2 2 5 1 2040 1621 2038
2611 2 2 5 1 2040 281 1621
2612 2 2 5 1 2038 1621 606
2613 2 2 5 1 712 2039 2033
2614 2 2 5 1 2039 1626 2033
2615 2 2 5 1 2039 606 1626
2616 2 2 5 1 2033 1626 352
2617 2 2 5 1 380 2035 2042
2618 2 2 5 1 2035 2041 2042
2619 2 2 5 1 2035 713 2041
2620 2 2 5 1 2042 2041 715
2621 2 2 5 1 713 2043 2041
2622 2 2 5 1 2043 2044 2041
2623 2 2 5 1 2043 611 2044
2624 2 2 5 1 2041 2044 715
2625 2 2 5 1 713 2034 2043
2626 2 2 5 1 2034 1640 2043
2627 2 2 5 1 2034 352 1640
2628 2 2 5 1 2043 1640 611
2629 2 2 5 1 715 2044 2045
2630 2 2 5 1 2044 1645 2045
2631 2 2 5 1 2044 611 1645
2632 2 2 5 1 2045 1645 286
2633 2 2 5 1 281 2046 1663
2634 2 2 5 1 2046 2047 1663
2635 2 2 5 1 2046 716 2047
2636 2 2 5 1 1663 2047 616
2637 2 2 5 1 716 2048 2047
2638 2 2 5 1 2048 2049 2047
2639 2 2 5 1 2048 717 2049
2640 2 2 5 1 2047 2049 616
2641 2 2 5 1 716 2050 2048
2642 2 2 5 1 2050 2051 2048
2643 2 2 5 1 2050 381 2051
2644 2 2 5 1 2048 2051 717
2645 2 2 5 1 616 2049 1664
2646 2 2 5 1 2049 2052 1664
2647 2 2 5 1 2049 717 2052
2648 2 2 5 1 1664 2052 353
2649 2 2 5 1 381 2053 2051
2650 2 2 5 1 2053 2054 2051
2651 2 2 5 1 2053 718 2054
2652 2 2 5 1 2051 2054 717
2653 2 2 5 1 718 2055 2054
2654 2 2 5 1 2055 2056 2054
2655 2 2 5 1 2055 719 2056
2656 2 2 5 1 2054 2056 717
2657 2 2 5 1 718 2057 2055
2658 2 2 5 1 2057 2058 2055
2659 2 2 5 1 2057 382 2058
2660 2 2 5 1 2055 2058 719
2661 2 2 5 1 717 2056 2052
2662 2 2 5 1 2056 2059 2052
2663 2 2 5 1 2056 719 2059
2664 2 2 5 1 2052 2059 353
2665 2 2 5 1 381 2060 2053
2666 2 2 5 1 2060 2061 2053
2667 2 2 5 1 2060 720 2061
2668 2 2 5 1 2053 2061 718
2669 2 2 5 1 720 2062 2061
2670 2 2 5 1 2062 2063 2061
2671 2 2 5 1 2062 721 2063
2672 2 2 5 1 2061 2063 718
2673 2 2 5 1 720 2064 2062
2674 2 2 5 1 2064 2065 2062
2675 2 2 5 1 2064 131 2065
2676 2 2 5 1 2062 2065 721
2677 2 2 5 1 718 2063 2057
2678 2 2 5 1 2063 2066 2057
2679 2 2 5 1 2063 721 2066
2680 2 2 5 1 2057 2066 382
2681 2 2 5 1 353 2059 1669
2682 2 2 5 1 2059 2067 1669
2683 2 2 5 1 2059 719 2067
2684 2 2 5 1 1669 2067 617
2685 2 2 5 1 719 2068 2067
2686 2 2 5 1 2068 2069 2067
2687 2 2 5 1 2068 722 2069
2688 2 2 5 1 2067 2069 617
2689 2 2 5 1 719 2058 2068
2690 2 2 5 1 2058 2070 2068
2691 2 2 5 1 2058 382 2070
2692 2 2 5 1 2068 2070 722
2693 2 2 5 1 617 2069 1670
2694 2 2 5 1 2069 2071 1670
2695 2 2 5 1 2069 722 2071
2696 2 2 5 1 1670 2071 287
2697 2 2 5 1 123 124 2020
2698 2 2 5 1 124 2072 2020
2699 2 2 5 1 124 125 2072
2700 2 2 5 1 2020 2072 709
2701 2 2 5 1 125 2073 2072
2702 2 2 5 1 2073 2074 2072
2703 2 2 5 1 2073 723 2074
2704 2 2 5 1 2072 2074 709
2705 2 2 5 1 125 126 2073
2706 2 2 5 1 126 2075 2073
2707 2 2 5 1 126 127 2075
2708 2 2 5 1 2073 2075 723
2709 2 2 5 1 709 2074 2025
2710 2 2 5 1 2074 2076 2025
2711 2 2 5 1 2074 723 2076
2712 2 2 5 1 2025 2076 379
2713 2 2 5 1 127 2077 2075
2714 2 2 5 1 2077 2078 2075
2715 2 2 5 1 2077 724 2078
2716 2 2 5 1 2075 2078 723
2717 2 2 5 1 724 2079 2078
2718 2 2 5 1 2079 2080 2078
2719 2 2 5 1 2079 725 2080
2720 2 2 5 1 2078 2080 723
2721 2 2 5 1 724 2081 2079
2722 2 2 5 1 2081 2082 2079
2723 2 2 5 1 2081 381 2082
2724 2 2 5 1 2079 2082 725
2725 2 2 5 1 723 2080 2076
2726 2 2 5 1 2080 2083 2076
2727 2 2 5 1 2080 725 2083
2728 2 2 5 1 2076 2083 379
2729 2 2 5 1 127 128 2077
2730 2 2 5 1 128 2084 2077
2731 2 2 5 1 128 129 2084
2732 2 2 5 1 2077 2084 724
2733 2 2 5 1 129 2085 2084
2734 2 2 5 1 2085 2086 2084
2735 2 2 5 1 2085 720 2086
2736 2 2 5 1 2084 2086 724
2737 2 2 5 1 129 130 2085
2738 2 2 5 1 130 2064 2085
2739 2 2 5 1 130 131 2064
2740 2 2 5 1 2085 2064 720
2741 2 2 5 1 724 2086 2081
2742 2 2 5 1 2086 2060 2081
2743 2 2 5 1 2086 720 2060
2744 2 2 5 1 2081 2060 381
2745 2 2 5 1 379 2083 2036
2746 2 2 5 1 2083 2087 2036
2747 2 2 5 1 2083 725 2087
2748 2 2 5 1 2036 2087 714
2749 2 2 5 1 725 2088 2087
2750 2 2 5 1 2088 2089 2087
2751 2 2 5 1 2088 716 2089
2752 2 2 5 1 2087 2089 714
2753 2 2 5 1 725 2082 2088
2754 2 2 5 1 2082 2050 2088
2755 2 2 5 1 2082 381 2050
2756 2 2 5 1 2088 2050 716
2757 2 2 5 1 714 2089 2040
2758 2 2 5 1 2089 2046 2040
2759 2 2 5 1 2089 716 2046
2760 2 2 5 1 2040 2046 281
2761 2 2 5 1 225 224 1442
2762 2 2 5 1 224 2090 1442
2763 2 2 5 1 224 223 2090
2764 2 2 5 1 1442 2090 558
2765 2 2 5 1 223 2091 2090
2766 2 2 5 1 2091 2092 2090
2767 2 2 5 1 2091 726 2092
2768 2 2 5 1 2090 2092 558
2769 2 2 5 1 223 222 2091
2770 2 2 5 1 222 2093 2091
2771 2 2 5 1 222 221 2093
2772 2 2 5 1 2091 2093 726
2773 2 2 5 1 558 2092 1447
2774 2 2 5 1 2092 2094 1447
2775 2 2 5 1 2092 726 2094
2776 2 2 5 1 1447 2094 338
2777 2 2 5 1 221 2095 2093
2778 2 2 5 1 2095 2096 2093
2779 2 2 5 1 2095 727 2096
2780 2 2 5 1 2093 2096 726
2781 2 2 5 1 727 2097 2096
2782 2 2 5 1 2097 2098 2096
2783 2 2 5 1 2097 728 2098
2784 2 2 5 1 2096 2098 726
2785 2 2 5 1 727 2099 2097
2786 2 2 5 1 2099 2100 2097
2787 2 2 5 1 2099 310 2100
2788 2 2 5 1 2097 2100 728
2789 2 2 5 1 726 2098 2094
2790 2 2 5 1 2098 2101 2094
2791 2 2 5 1 2098 728 2101
2792 2 2 5 1 2094 2101 338
2793 2 2 5 1 221 220 2095
2794 2 2 5 1 220 2102 2095
2795 2 2 5 1 220 219 2102
2796 2 2 5 1 2095 2102 727
2797 2 2 5 1 219 2103 2102
2798 2 2 5 1 2103 2104 2102
2799 2 2 5 1 2103 473 2104
2800 2 2 5 1 2102 2104 727
2801 2 2 5 1 219 218 2103
2802 2 2 5 1 218 1150 2103
2803 2 2 5 1 218 217 1150
2804 2 2 5 1 2103 1150 473
2805 2 2 5 1 727 2104 2099
2806 2 2 5 1 2104 1146 2099
2807 2 2 5 1 2104 473 1146
2808 2 2 5 1 2099 1146 310
2809 2 2 5 1 338 2101 1458
2810 2 2 5 1 2101 2105 1458
2811 2 2 5 1 2101 728 2105
2812 2 2 5 1 1458 2105 563
2813 2 2 5 1 728 2106 2105
2814 2 2 5 1 2106 2107 2105
2815 2 2 5 1 2106 469 2107
2816 2 2 5 1 2105 2107 563
2817 2 2 5 1 728 2100 2106
2818 2 2 5 1 2100 1136 2106
2819 2 2 5 1 2100 310 1136
2820 2 2 5 1 2106 1136 469
2821 2 2 5 1 563 2107 1462
2822 2 2 5 1 2107 1132 1462
2823 2 2 5 1 2107 469 1132
2824 2 2 5 1 1462 1132 268
2825 2 2 5 1 249 248 1158
2826 2 2 5 1 248 2108 1158
2827 2 2 5 1 248 247 2108
2828 2 2 5 1 1158 2108 476
2829 2 2 5 1 247 2109 2108
2830 2 2 5 1 2109 2110 2108
2831 2 2 5 1 2109 729 2110
2832 2 2 5 1 2108 2110 476
2833 2 2 5 1 247 246 2109
2834 2 2 5 1 246 2111 2109
2835 2 2 5 1 246 245 2111
2836 2 2 5 1 2109 2111 729
2837 2 2 5 1 476 2110 1163
2838 2 2 5 1 2110 2112 1163
2839 2 2 5 1 2110 729 2112
2840 2 2 5 1 1163 2112 312
2841 2 2 5 1 245 2113 2111
2842 2 2 5 1 2113 2114 2111
2843 2 2 5 1 2113 730 2114
2844 2 2 5 1 2111 2114 729
2845 2 2 5 1 730 2115 2114
2846 2 2 5 1 2115 2116 2114
2847 2 2 5 1 2115 731 2116
2848 2 2 5 1 2114 2116 729
2849 2 2 5 1 730 2117 2115
2850 2 2 5 1 2117 2118 2115
2851 2 2 5 1 2117 335 2118
2852 2 2 5 1 2115 2118 731
2853 2 2 5 1 729 2116 2112
2854 2 2 5 1 2116 2119 2112
2855 2 2 5 1 2116 731 2119
2856 2 2 5 1 2112 2119 312
2857 2 2 5 1 245 244 2113
2858 2 2 5 1 244 2120 2113
2859 2 2 5 1 244 243 2120
2860 2 2 5 1 2113 2120 730
2861 2 2 5 1 243 2121 2120
2862 2 2 5 1 2121 2122 2120
2863 2 2 5 1 2121 554 2122
2864 2 2 5 1 2120 2122 730
2865 2 2 5 1 243 242 2121
2866 2 2 5 1 242 1432 2121
2867 2 2 5 1 242 241 1432
2868 2 2 5 1 2121 1432 554
2869 2 2 5 1 730 2122 2117
2870 2 2 5 1 2122 1428 2117
2871 2 2 5 1 2122 554 1428
2872 2 2 5 1 2117 1428 335
2873 2 2 5 1 312 2119 1174
2874 2 2 5 1 2119 2123 1174
2875 2 2 5 1 2119 731 2123
2876 2 2 5 1 1174 2123 481
2877 2 2 5 1 731 2124 2123
2878 2 2 5 1 2124 2125 2123
2879 2 2 5 1 2124 549 2125
2880 2 2 5 1 2123 2125 481
2881 2 2 5 1 731 2118 2124
2882 2 2 5 1 2118 1417 2124
2883 2 2 5 1 2118 335 1417
2884 2 2 5 1 2124 1417 549
2885 2 2 5 1 481 2125 1178
2886 2 2 5 1 2125 1412 1178
2887 2 2 5 1 2125 549 1412
2888 2 2 5 1 1178 1412 267
2889 2 2 5 1 233 232 1233
2890 2 2 5 1 232 2126 1233
2891 2 2 5 1 232 231 2126
2892 2 2 5 1 1233 2126 497
2893 2 2 5 1 231 2127 2126
2894 2 2 5 1 2127 2128 2126
2895 2 2 5 1 2127 732 2128
2896 2 2 5 1 2126 2128 497
2897 2 2 5 1 231 230 2127
2898 2 2 5 1 230 2129 2127
2899 2 2 5 1 230 229 2129
2900 2 2 5 1 2127 2129 732
2901 2 2 5 1 497 2128 1234
2902 2 2 5 1 2128 2130 1234
2903 2 2 5 1 2128 732 2130
2904 2 2 5 1 1234 2130 318
2905 2 2 5 1 229 2131 2129
2906 2 2 5 1 2131 2132 2129
2907 2 2 5 1 2131 733 2132
2908 2 2 5 1 2129 2132 732
2909 2 2 5 1 733 2133 2132
2910 2 2 5 1 2133 2134 2132
2911 2 2 5 1 2133 734 2134
2912 2 2 5 1 2132 2134 732
2913 2 2 5 1 733 2135 2133
2914 2 2 5 1 2135 2136 2133
2915 2 2 5 1 2135 347 2136
2916 2 2 5 1 2133 2136 734
2917 2 2 5 1 732 2134 2130
2918 2 2 5 1 2134 2137 2130
2919 2 2 5 1 2134 734 2137
2920 2 2 5 1 2130 2137 318
2921 2 2 5 1 229 228 2131
2922 2 2 5 1 228 2138 2131
2923 2 2 5 1 228 227 2138
2924 2 2 5 1 2131 2138 733
2925 2 2 5 1 227 2139 2138
2926 2 2 5 1 2139 2140 2138
2927 2 2 5 1 2139 593 2140
2928 2 2 5 1 2138 2140 733
2929 2 2 5 1 227 226 2139
2930 2 2 5 1 226 1570 2139
2931 2 2 5 1 226 225 1570
2932 2 2 5 1 2139 1570 593
2933 2 2 5 1 733 2140 2135
2934 2 2 5 1 2140 1566 2135
2935 2 2 5 1 2140 593 1566
2936 2 2 5 1 2135 1566 347
2937 2 2 5 1 318 2137 1238
2938 2 2 5 1 2137 2141 1238
2939 2 2 5 1 2137 734 2141
2940 2 2 5 1 1238 2141 498
2941 2 2 5 1 734 2142 2141
2942 2 2 5 1 2142 2143 2141
2943 2 2 5 1 2142 588 2143
2944 2 2 5 1 2141 2143 498
2945 2 2 5 1 734 2136 2142
2946 2 2 5 1 2136 1555 2142
2947 2 2 5 1 2136 347 1555
2948 2 2 5 1 2142 1555 588
2949 2 2 5 1 498 2143 1239
2950 2 2 5 1 2143 1550 1239
2951 2 2 5 1 2143 588 1550
2952 2 2 5 1 1239 1550 274
2953 2 2 5 1 241 240 1524
2954 2 2 5 1 240 2144 1524
2955 2 2 5 1 240 239 2144
2956 2 2 5 1 1524 2144 581
2957 2 2 5 1 239 2145 2144
2958 2 2 5 1 2145 2146 2144
2959 2 2 5 1 2145 735 2146
2960 2 2 5 1 2144 2146 581
2961 2 2 5 1 239 238 2145
2962 2 2 5 1 238 2147 2145
2963 2 2 5 1 238 237 2147
2964 2 2 5 1 2145 2147 735
2965 2 2 5 1 581 2146 1528
2966 2 2 5 1 2146 2148 1528
2967 2 2 5 1 2146 735 2148
2968 2 2 5 1 1528 2148 345
2969 2 2 5 1 237 2149 2147
2970 2 2 5 1 2149 2150 2147
2971 2 2 5 1 2149 736 2150
2972 2 2 5 1 2147 2150 735
2973 2 2 5 1 736 2151 2150
2974 2 2 5 1 2151 2152 2150
2975 2 2 5 1 2151 737 2152
2976 2 2 5 1 2150 2152 735
2977 2 2 5 1 736 2153 2151
2978 2 2 5 1 2153 2154 2151
2979 2 2 5 1 2153 317 2154
2980 2 2 5 1 2151 2154 737
2981 2 2 5 1 735 2152 2148
2982 2 2 5 1 2152 2155 2148
2983 2 2 5 1 2152 737 2155
2984 2 2 5 1 2148 2155 345
2985 2 2 5 1 237 236 2149
2986 2 2 5 1 236 2156 2149
2987 2 2 5 1 236 235 2156
2988 2 2 5 1 2149 2156 736
2989 2 2 5 1 235 2157 2156
2990 2 2 5 1 2157 2158 2156
2991 2 2 5 1 2157 496 2158
2992 2 2 5 1 2156 2158 736
2993 2 2 5 1 235 234 2157
2994 2 2 5 1 234 1232 2157
2995 2 2 5 1 234 233 1232
2996 2 2 5 1 2157 1232 496
2997 2 2 5 1 736 2158 2153
2998 2 2 5 1 2158 1228 2153
2999 2 2 5 1 2158 496 1228
3000 2 2 5 1 2153 1228 317
3001 2 2 5 1 345 2155 1538
3002 2 2 5 1 2155 2159 1538
3003 2 2 5 1 2155 737 2159
3004 2 2 5 1 1538 2159 585
3005 2 2 5 1 737 2160 2159
3006 2 2 5 1 2160 2161 2159
3007 2 2 5 1 2160 492 2161
3008 2 2 5 1 2159 2161 585
3009 2 2 5 1 737 2154 2160
3010 2 2 5 1 2154 1218 2160
3011 2 2 5 1 2154 317 1218
3012 2 2 5 1 2160 1218 492
3013 2 2 5 1 585 2161 1542
3014 2 2 5 1 2161 1214 1542
3015 2 2 5 1 2161 492 1214
3016 2 2 5 1 1542 1214 273
3017 2 2 5 1 170 171 2163
3018 2 2 5 1 171 2162 2163
3019 2 2 5 1 171 172 2162
3020 2 2 5 1 2163 2162 739
3021 2 2 5 1 172 2164 2162
3022 2 2 5 1 2164 2165 2162
3023 2 2 5 1 2164 738 2165
3024 2 2 5 1 2162 2165 739
3025 2 2 5 1 172 173 2164
3026 2 2 5 1 173 2166 2164
3027 2 2 5 1 173 174 2166
3028 2 2 5 1 2164 2166 738
3029 2 2 5 1 739 2165 2168
3030 2 2 5 1 2165 2167 2168
3031 2 2 5 1 2165 738 2167
3032 2 2 5 1 2168 2167 384
3033 2 2 5 1 174 2169 2166
3034 2 2 5 1 2169 2170 2166
3035 2 2 5 1 2169 740 2170
3036 2 2 5 1 2166 2170 738
3037 2 2 5 1 740 2171 2170
3038 2 2 5 1 2171 2172 2170
3039 2 2 5 1 2171 741 2172
3040 2 2 5 1 2170 2172 738
3041 2 2 5 1 740 2173 2171
3042 2 2 5 1 2173 2174 2171
3043 2 2 5 1 2173 383 2174
3044 2 2 5 1 2171 2174 741
3045 2 2 5 1 738 2172 2167
3046 2 2 5 1 2172 2175 2167
3047 2 2 5 1 2172 741 2175
3048 2 2 5 1 2167 2175 384
3049 2 2 5 1 174 175 2169
3050 2 2 5 1 175 2176 2169
3051 2 2 5 1 175 176 2176
3052 2 2 5 1 2169 2176 740
3053 2 2 5 1 176 2177 2176
3054 2 2 5 1 2177 2178 2176
3055 2 2 5 1 2177 742 2178
3056 2 2 5 1 2176 2178 740
3057 2 2 5 1 176 177 2177
3058 2 2 5 1 177 2179 2177
3059 2 2 5 1 177 178 2179
3060 2 2 5 1 2177 2179 742
3061 2 2 5 1 740 2178 2173
3062 2 2 5 1 2178 2180 2173
3063 2 2 5 1 2178 742 2180
3064 2 2 5 1 2173 2180 383
3065 2 2 5 1 384 2175 2182
3066 2 2 5 1 2175 2181 2182
3067 2 2 5 1 2175 741 2181
3068 2 2 5 1 2182 2181 744
3069 2 2 5 1 741 2183 2181
3070 2 2 5 1 2183 2184 2181
3071 2 2 5 1 2183 743 2184
3072 2 2 5 1 2181 2184 744
3073 2 2 5 1 741 2174 2183
3074 2 2 5 1 2174 2185 2183
3075 2 2 5 1 2174 383 2185
3076 2 2 5 1 2183 2185 743
3077 2 2 5 1 744 2184 2187
3078 2 2 5 1 2184 2186 2187
3079 2 2 5 1 2184 743 2186
3080 2 2 5 1 2187 2186 284
3081 2 2 5 1 76 77 2189
3082 2 2 5 1 77 2188 2189
3083 2 2 5 1 77 78 2188
3084 2 2 5 1 2189 2188 746
3085 2 2 5 1 78 2190 2188
3086 2 2 5 1 2190 2191 2188
3087 2 2 5 1 2190 745 2191
3088 2 2 5 1 2188 2191 746
3089 2 2 5 1 78 79 2190
3090 2 2 5 1 79 2192 2190
3091 2 2 5 1 79 80 2192
3092 2 2 5 1 2190 2192 745
3093 2 2 5 1 746 2191 2194
3094 2 2 5 1 2191 2193 2194
3095 2 2 5 1 2191 745 2193
3096 2 2 5 1 2194 2193 386
3097 2 2 5 1 80 2195 2192
3098 2 2 5 1 2195 2196 2192
3099 2 2 5 1 2195 747 2196
3100 2 2 5 1 2192 2196 745
3101 2 2 5 1 747 2197 2196
3102 2 2 5 1 2197 2198 2196
3103 2 2 5 1 2197 748 2198
3104 2 2 5 1 2196 2198 745
3105 2 2 5 1 747 2199 2197
3106 2 2 5 1 2199 2200 2197
3107 2 2 5 1 2199 385 2200
3108 2 2 5 1 2197 2200 748
3109 2 2 5 1 745 2198 2193
3110 2 2 5 1 2198 2201 2193
3111 2 2 5 1 2198 748 2201
3112 2 2 5 1 2193 2201 386
3113 2 2 5 1 80 81 2195
3114 2 2 5 1 81 2202 2195
3115 2 2 5 1 81 82 2202
3116 2 2 5 1 2195 2202 747
3117 2 2 5 1 82 2203 2202
3118 2 2 5 1 2203 2204 2202
3119 2 2 5 1 2203 749 2204
3120 2 2 5 1 2202 2204 747
3121 2 2 5 1 82 83 2203
3122 2 2 5 1 83 2205 2203
3123 2 2 5 1 83 84 2205
3124 2 2 5 1 2203 2205 749
3125 2 2 5 1 747 2204 2199
3126 2 2 5 1 2204 2206 2199
3127 2 2 5 1 2204 749 2206
3128 2 2 5 1 2199 2206 385
3129 2 2 5 1 386 2201 2208
3130 2 2 5 1 2201 2207 2208
3131 2 2 5 1 2201 748 2207
3132 2 2 5 1 2208 2207 751
3133 2 2 5 1 748 2209 2207
3134 2 2 5 1 2209 2210 2207
3135 2 2 5 1 2209 750 2210
3136 2 2 5 1 2207 2210 751
3137 2 2 5 1 748 2200 2209
3138 2 2 5 1 2200 2211 2209
3139 2 2 5 1 2200 385 2211
3140 2 2 5 1 2209 2211 750
3141 2 2 5 1 751 2210 2213
3142 2 2 5 1 2210 2212 2213
3143 2 2 5 1 2210 750 2212
3144 2 2 5 1 2213 2212 285
3145 2 2 5 1 178 1829 2179
3146 2 2 5 1 1829 2214 2179
3147 2 2 5 1 1829 662 2214
3148 2 2 5 1 2179 2214 742
3149 2 2 5 1 662 2215 2214
3150 2 2 5 1 2215 2216 2214
3151 2 2 5 1 2215 752 2216
3152 2 2 5 1 2214 2216 742
3153 2 2 5 1 662 1834 2215
3154 2 2 5 1 1834 2217 2215
3155 2 2 5 1 1834 368 2217
3156 2 2 5 1 2215 2217 752
3157 2 2 5 1 742 2216 2180
3158 2 2 5 1 2216 2218 2180
3159 2 2 5 1 2216 752 2218
3160 2 2 5 1 2180 2218 383
3161 2 2 5 1 368 2219 2217
3162 2 2 5 1 2219 2220 2217
3163 2 2 5 1 2219 753 2220
3164 2 2 5 1 2217 2220 752
3165 2 2 5 1 753 2221 2220
3166 2 2 5 1 2221 2222 2220
3167 2 2 5 1 2221 754 2222
3168 2 2 5 1 2220 2222 752
3169 2 2 5 1 753 2223 2221
3170 2 2 5 1 2223 2224 2221
3171 2 2 5 1 2223 387 2224
3172 2 2 5 1 2221 2224 754
3173 2 2 5 1 752 2222 2218
3174 2 2 5 1 2222 2225 2218
3175 2 2 5 1 2222 754 2225
3176 2 2 5 1 2218 2225 383
3177 2 2 5 1 368 1848 2219
3178 2 2 5 1 1848 2226 2219
3179 2 2 5 1 1848 667 2226
3180 2 2 5 1 2219 2226 753
3181 2 2 5 1 667 2227 2226
3182 2 2 5 1 2227 2228 2226
3183 2 2 5 1 2227 755 2228
3184 2 2 5 1 2226 2228 753
3185 2 2 5 1 667 1853 2227
3186 2 2 5 1 1853 2229 2227
3187 2 2 5 1 1853 265 2229
3188 2 2 5 1 2227 2229 755
3189 2 2 5 1 753 2228 2223
3190 2 2 5 1 2228 2230 2223
3191 2 2 5 1 2228 755 2230
3192 2 2 5 1 2223 2230 387
3193 2 2 5 1 383 2225 2185
3194 2 2 5 1 2225 2231 2185
3195 2 2 5 1 2225 754 2231
3196 2 2 5 1 2185 2231 743
3197 2 2 5 1 754 2232 2231
3198 2 2 5 1 2232 2233 2231
3199 2 2 5 1 2232 756 2233
3200 2 2 5 1 2231 2233 743
3201 2 2 5 1 754 2224 2232
3202 2 2 5 1 2224 2234 2232
3203 2 2 5 1 2224 387 2234
3204 2 2 5 1 2232 2234 756
3205 2 2 5 1 743 2233 2186
3206 2 2 5 1 2233 2235 2186
3207 2 2 5 1 2233 756 2235
3208 2 2 5 1 2186 2235 284
3209 2 2 5 1 266 1878 2237
3210 2 2 5 1 1878 2236 2237
3211 2 2 5 1 1878 673 2236
3212 2 2 5 1 2237 2236 758
3213 2 2 5 1 673 2238 2236
3214 2 2 5 1 2238 2239 2236
3215 2 2 5 1 2238 757 2239
3216 2 2 5 1 2236 2239 758
3217 2 2 5 1 673 1877 2238
3218 2 2 5 1 1877 2240 2238
3219 2 2 5 1 1877 369 2240
3220 2 2 5 1 2238 2240 757
3221 2 2 5 1 758 2239 2242
3222 2 2 5 1 2239 2241 2242
3223 2 2 5 1 2239 757 2241
3224 2 2 5 1 2242 2241 388
3225 2 2 5 1 369 2243 2240
3226 2 2 5 1 2243 2244 2240
3227 2 2 5 1 2243 759 2244
3228 2 2 5 1 2240 2244 757
3229 2 2 5 1 759 2245 2244
3230 2 2 5 1 2245 2246 2244
3231 2 2 5 1 2245 760 2246
3232 2 2 5 1 2244 2246 757
3233 2 2 5 1 759 2247 2245
3234 2 2 5 1 2247 2248 2245
3235 2 2 5 1 2247 386 2248
3236 2 2 5 1 2245 2248 760
3237 2 2 5 1 757 2246 2241
3238 2 2 5 1 2246 2249 2241
3239 2 2 5 1 2246 760 2249
3240 2 2 5 1 2241 2249 388
3241 2 2 5 1 369 1872 2243
3242 2 2 5 1 1872 2250 2243
3243 2 2 5 1 1872 672 2250
3244 2 2 5 1 2243 2250 759
3245 2 2 5 1 672 2251 2250
3246 2 2 5 1 2251 2252 2250
3247 2 2 5 1 2251 746 2252
3248 2 2 5 1 2250 2252 759
3249 2 2 5 1 672 1871 2251
3250 2 2 5 1 1871 2189 2251
3251 2 2 5 1 1871 76 2189
3252 2 2 5 1 2251 2189 746
3253 2 2 5 1 759 2252 2247
3254 2 2 5 1 2252 2194 2247
3255 2 2 5 1 2252 746 2194
3256 2 2 5 1 2247 2194 386
3257 2 2 5 1 388 2249 2254
3258 2 2 5 1 2249 2253 2254
3259 2 2 5 1 2249 760 2253
3260 2 2 5 1 2254 2253 761
3261 2 2 5 1 760 2255 2253
3262 2 2 5 1 2255 2256 2253
3263 2 2 5 1 2255 751 2256
3264 2 2 5 1 2253 2256 761
3265 2 2 5 1 760 2248 2255
3266 2 2 5 1 2248 2208 2255
3267 2 2 5 1 2248 386 2208
3268 2 2 5 1 2255 2208 751
3269 2 2 5 1 761 2256 2257
3270 2 2 5 1 2256 2213 2257
3271 2 2 5 1 2256 751 2213
3272 2 2 5 1 2257 2213 285
3273 2 2 5 1 265 1852 2259
3274 2 2 5 1 1852 2258 2259
3275 2 2 5 1 1852 666 2258
3276 2 2 5 1 2259 2258 763
3277 2 2 5 1 666 2260 2258
3278 2 2 5 1 2260 2261 2258
3279 2 2 5 1 2260 762 2261
3280 2 2 5 1 2258 2261 763
3281 2 2 5 1 666 1851 2260
3282 2 2 5 1 1851 2262 2260
3283 2 2 5 1 1851 367 2262
3284 2 2 5 1 2260 2262 762
3285 2 2 5 1 763 2261 2264
3286 2 2 5 1 2261 2263 2264
3287 2 2 5 1 2261 762 2263
3288 2 2 5 1 2264 2263 389
3289 2 2 5 1 367 2265 2262
3290 2 2 5 1 2265 2266 2262
3291 2 2 5 1 2265 764 2266
3292 2 2 5 1 2262 2266 762
3293 2 2 5 1 764 2267 2266
3294 2 2 5 1 2267 2268 2266
3295 2 2 5 1 2267 765 2268
3296 2 2 5 1 2266 2268 762
3297 2 2 5 1 764 2269 2267
3298 2 2 5 1 2269 2270 2267
3299 2 2 5 1 2269 376 2270
3300 2 2 5 1 2267 2270 765
3301 2 2 5 1 762 2268 2263
3302 2 2 5 1 2268 2271 2263
3303 2 2 5 1 2268 765 2271
3304 2 2 5 1 2263 2271 389
3305 2 2 5 1 367 1846 2265
3306 2 2 5 1 1846 2272 2265
3307 2 2 5 1 1846 665 2272
3308 2 2 5 1 2265 2272 764
3309 2 2 5 1 665 2273 2272
3310 2 2 5 1 2273 2274 2272
3311 2 2 5 1 2273 690 2274
3312 2 2 5 1 2272 2274 764
3313 2 2 5 1 665 1845 2273
3314 2 2 5 1 1845 1933 2273
3315 2 2 5 1 1845 186 1933
3316 2 2 5 1 2273 1933 690
3317 2 2 5 1 764 2274 2269
3318 2 2 5 1 2274 1938 2269
3319 2 2 5 1 2274 690 1938
3320 2 2 5 1 2269 1938 376
3321 2 2 5 1 389 2271 2276
3322 2 2 5 1 2271 2275 2276
3323 2 2 5 1 2271 765 2275
3324 2 2 5 1 2276 2275 766
3325 2 2 5 1 765 2277 2275
3326 2 2 5 1 2277 2278 2275
3327 2 2 5 1 2277 695 2278
3328 2 2 5 1 2275 2278 766
3329 2 2 5 1 765 2270 2277
3330 2 2 5 1 2270 1952 2277
3331 2 2 5 1 2270 376 1952
3332 2 2 5 1 2277 1952 695
3333 2 2 5 1 766 2278 2279
3334 2 2 5 1 2278 1957 2279
3335 2 2 5 1 2278 695 1957
3336 2 2 5 1 2279 1957 282
3337 2 2 5 1 68 1855 1975
3338 2 2 5 1 1855 2280 1975
3339 2 2 5 1 1855 669 2280
3340 2 2 5 1 1975 2280 700
3341 2 2 5 1 669 2281 2280
3342 2 2 5 1 2281 2282 2280
3343 2 2 5 1 2281 767 2282
3344 2 2 5 1 2280 2282 700
3345 2 2 5 1 669 1860 2281
3346 2 2 5 1 1860 2283 2281
3347 2 2 5 1 1860 370 2283
3348 2 2 5 1 2281 2283 767
3349 2 2 5 1 700 2282 1976
3350 2 2 5 1 2282 2284 1976
3351 2 2 5 1 2282 767 2284
3352 2 2 5 1 1976 2284 377
3353 2 2 5 1 370 2285 2283
3354 2 2 5 1 2285 2286 2283
3355 2 2 5 1 2285 768 2286
3356 2 2 5 1 2283 2286 767
3357 2 2 5 1 768 2287 2286
3358 2 2 5 1 2287 2288 2286
3359 2 2 5 1 2287 769 2288
3360 2 2 5 1 2286 2288 767
3361 2 2 5 1 768 2289 2287
3362 2 2 5 1 2289 2290 2287
3363 2 2 5 1 2289 390 2290
3364 2 2 5 1 2287 2290 769
3365 2 2 5 1 767 2288 2284
3366 2 2 5 1 2288 2291 2284
3367 2 2 5 1 2288 769 2291
3368 2 2 5 1 2284 2291 377
3369 2 2 5 1 370 1874 2285
3370 2 2 5 1 1874 2292 2285
3371 2 2 5 1 1874 674 2292
3372 2 2 5 1 2285 2292 768
3373 2 2 5 1 674 2293 2292
3374 2 2 5 1 2293 2294 2292
3375 2 2 5 1 2293 770 2294
3376 2 2 5 1 2292 2294 768
3377 2 2 5 1 674 1879 2293
3378 2 2 5 1 1879 2295 2293
3379 2 2 5 1 1879 266 2295
3380 2 2 5 1 2293 2295 770
3381 2 2 5 1 768 2294 2289
3382 2 2 5 1 2294 2296 2289
3383 2 2 5 1 2294 770 2296
3384 2 2 5 1 2289 2296 390
3385 2 2 5 1 377 2291 1981
3386 2 2 5 1 2291 2297 1981
3387 2 2 5 1 2291 769 2297
3388 2 2 5 1 1981 2297 701
3389 2 2 5 1 769 2298 2297
3390 2 2 5 1 2298 2299 2297
3391 2 2 5 1 2298 771 2299
3392 2 2 5 1 2297 2299 701
3393 2 2 5 1 769 2290 2298
3394 2 2 5 1 2290 2300 2298
3395 2 2 5 1 2290 390 2300
3396 2 2 5 1 2298 2300 771
3397 2 2 5 1 701 2299 1982
3398 2 2 5 1 2299 2301 1982
3399 2 2 5 1 2299 771 2301
3400 2 2 5 1 1982 2301 283
3401 2 2 5 1 14 15 2303
3402 2 2 5 1 15 2302 2303
3403 2 2 5 1 15 16 2302
3404 2 2 5 1 2303 2302 773
3405 2 2 5 1 16 2304 2302
3406 2 2 5 1 2304 2305 2302
3407 2 2 5 1 2304 772 2305
3408 2 2 5 1 2302 2305 773
3409 2 2 5 1 16 17 2304
3410 2 2 5 1 17 2306 2304
3411 2 2 5 1 17 18 2306
3412 2 2 5 1 2304 2306 772
3413 2 2 5 1 773 2305 2308
3414 2 2 5 1 2305 2307 2308
3415 2 2 5 1 2305 772 2307
3416 2 2 5 1 2308 2307 392
3417 2 2 5 1 18 2309 2306
3418 2 2 5 1 2309 2310 2306
3419 2 2 5 1 2309 774 2310
3420 2 2 5 1 2306 2310 772
3421 2 2 5 1 774 2311 2310
3422 2 2 5 1 2311 2312 2310
3423 2 2 5 1 2311 775 2312
3424 2 2 5 1 2310 2312 772
3425 2 2 5 1 774 2313 2311
3426 2 2 5 1 2313 2314 2311
3427 2 2 5 1 2313 391 2314
3428 2 2 5 1 2311 2314 775
3429 2 2 5 1 772 2312 2307
3430 2 2 5 1 2312 2315 2307
3431 2 2 5 1 2312 775 2315
3432 2 2 5 1 2307 2315 392
3433 2 2 5 1 18 19 2309
3434 2 2 5 1 19 2316 2309
3435 2 2 5 1 19 20 2316
3436 2 2 5 1 2309 2316 774
3437 2 2 5 1 20 2317 2316
3438 2 2 5 1 2317 2318 2316
3439 2 2 5 1 2317 776 2318
3440 2 2 5 1 2316 2318 774
3441 2 2 5 1 20 21 2317
3442 2 2 5 1 21 2319 2317
3443 2 2 5 1 21 22 2319
3444 2 2 5 1 2317 2319 776
3445 2 2 5 1 774 2318 2313
3446 2 2 5 1 2318 2320 2313
3447 2 2 5 1 2318 776 2320
3448 2 2 5 1 2313 2320 391
3449 2 2 5 1 392 2315 2322
3450 2 2 5 1 2315 2321 2322
3451 2 2 5 1 2315 775 2321
3452 2 2 5 1 2322 2321 778
3453 2 2 5 1 775 2323 2321
3454 2 2 5 1 2323 2324 2321
3455 2 2 5 1 2323 777 2324
3456 2 2 5 1 2321 2324 778
3457 2 2 5 1 775 2314 2323
3458 2 2 5 1 2314 2325 2323
3459 2 2 5 1 2314 391 2325
3460 2 2 5 1 2323 2325 777
3461 2 2 5 1 778 2324 2327
3462 2 2 5 1 2324 2326 2327
3463 2 2 5 1 2324 777 2326
3464 2 2 5 1 2327 2326 270
3465 2 2 5 1 37 38 2329
3466 2 2 5 1 38 2328 2329
3467 2 2 5 1 38 39 2328
3468 2 2 5 1 2329 2328 780
3469 2 2 5 1 39 2330 2328
3470 2 2 5 1 2330 2331 2328
3471 2 2 5 1 2330 779 2331
3472 2 2 5 1 2328 2331 780
3473 2 2 5 1 39 40 2330
3474 2 2 5 1 40 2332 2330
3475 2 2 5 1 40 41 2332
3476 2 2 5 1 2330 2332 779
3477 2 2 5 1 780 2331 2334
3478 2 2 5 1 2331 2333 2334
3479 2 2 5 1 2331 779 2333
3480 2 2 5 1 2334 2333 394
3481 2 2 5 1 41 2335 2332
3482 2 2 5 1 2335 2336 2332
3483 2 2 5 1 2335 781 2336
3484 2 2 5 1 2332 2336 779
3485 2 2 5 1 781 2337 2336
3486 2 2 5 1 2337 2338 2336
3487 2 2 5 1 2337 782 2338
3488 2 2 5 1 2336 2338 779
3489 2 2 5 1 781 2339 2337
3490 2 2 5 1 2339 2340 2337
3491 2 2 5 1 2339 393 2340
3492 2 2 5 1 2337 2340 782
3493 2 2 5 1 779 2338 2333
3494 2 2 5 1 2338 2341 2333
3495 2 2 5 1 2338 782 2341
3496 2 2 5 1 2333 2341 394
3497 2 2 5 1 41 42 2335
3498 2 2 5 1 42 2342 2335
3499 2 2 5 1 42 43 2342
3500 2 2 5 1 2335 2342 781
3501 2 2 5 1 43 2343 2342
3502 2 2 5 1 2343 2344 2342
3503 2 2 5 1 2343 783 2344
3504 2 2 5 1 2342 2344 781
3505 2 2 5 1 43 44 2343
3506 2 2 5 1 44 2345 2343
3507 2 2 5 1 44 45 2345
3508 2 2 5 1 2343 2345 783
3509 2 2 5 1 781 2344 2339
3510 2 2 5 1 2344 2346 2339
3511 2 2 5 1 2344 783 2346
3512 2 2 5 1 2339 2346 393
3513 2 2 5 1 394 2341 2348
3514 2 2 5 1 2341 2347 2348
3515 2 2 5 1 2341 782 2347
3516 2 2 5 1 2348 2347 785
3517 2 2 5 1 782 2349 2347
3518 2 2 5 1 2349 2350 2347
3519 2 2 5 1 2349 784 2350
3520 2 2 5 1 2347 2350 785
3521 2 2 5 1 782 2340 2349
3522 2 2 5 1 2340 2351 2349
3523 2 2 5 1 2340 393 2351
3524 2 2 5 1 2349 2351 784
3525 2 2 5 1 785 2350 2353
3526 2 2 5 1 2350 2352 2353
3527 2 2 5 1 2350 784 2352
3528 2 2 5 1 2353 2352 269
3529 2 2 5 1 272 1782 1799
3530 2 2 5 1 1782 2354 1799
3531 2 2 5 1 1782 649 2354
3532 2 2 5 1 1799 2354 654
3533 2 2 5 1 649 2355 2354
3534 2 2 5 1 2355 2356 2354
3535 2 2 5 1 2355 786 2356
3536 2 2 5 1 2354 2356 654
3537 2 2 5 1 649 1781 2355
3538 2 2 5 1 1781 2357 2355
3539 2 2 5 1 1781 363 2357
3540 2 2 5 1 2355 2357 786
3541 2 2 5 1 654 2356 1800
3542 2 2 5 1 2356 2358 1800
3543 2 2 5 1 2356 786 2358
3544 2 2 5 1 1800 2358 365
3545 2 2 5 1 363 2359 2357
3546 2 2 5 1 2359 2360 2357
3547 2 2 5 1 2359 787 2360
3548 2 2 5 1 2357 2360 786
3549 2 2 5 1 787 2361 2360
3550 2 2 5 1 2361 2362 2360
3551 2 2 5 1 2361 788 2362
3552 2 2 5 1 2360 2362 786
3553 2 2 5 1 787 2363 2361
3554 2 2 5 1 2363 2364 2361
3555 2 2 5 1 2363 395 2364
3556 2 2 5 1 2361 2364 788
3557 2 2 5 1 786 2362 2358
3558 2 2 5 1 2362 2365 2358
3559 2 2 5 1 2362 788 2365
3560 2 2 5 1 2358 2365 365
3561 2 2 5 1 363 1776 2359
3562 2 2 5 1 1776 2366 2359
3563 2 2 5 1 1776 648 2366
3564 2 2 5 1 2359 2366 787
3565 2 2 5 1 648 2367 2366
3566 2 2 5 1 2367 2368 2366
3567 2 2 5 1 2367 789 2368
3568 2 2 5 1 2366 2368 787
3569 2 2 5 1 648 1775 2367
3570 2 2 5 1 1775 2369 2367
3571 2 2 5 1 1775 107 2369
3572 2 2 5 1 2367 2369 789
3573 2 2 5 1 787 2368 2363
3574 2 2 5 1 2368 2370 2363
3575 2 2 5 1 2368 789 2370
3576 2 2 5 1 2363 2370 395
3577 2 2 5 1 365 2365 1804
3578 2 2 5 1 2365 2371 1804
3579 2 2 5 1 2365 788 2371
3580 2 2 5 1 1804 2371 655
3581 2 2 5 1 788 2372 2371
3582 2 2 5 1 2372 2373 2371
3583 2 2 5 1 2372 790 2373
3584 2 2 5 1 2371 2373 655
3585 2 2 5 1 788 2364 2372
3586 2 2 5 1 2364 2374 2372
3587 2 2 5 1 2364 395 2374
3588 2 2 5 1 2372 2374 790
3589 2 2 5 1 655 2373 1805
3590 2 2 5 1 2373 2375 1805
3591 2 2 5 1 2373 790 2375
3592 2 2 5 1 1805 2375 303
3593 2 2 5 1 147 1733 2377
3594 2 2 5 1 1733 2376 2377
3595 2 2 5 1 1733 638 2376
3596 2 2 5 1 2377 2376 792
3597 2 2 5 1 638 2378 2376
3598 2 2 5 1 2378 2379 2376
3599 2 2 5 1 2378 791 2379
3600 2 2 5 1 2376 2379 792
3601 2 2 5 1 638 1738 2378
3602 2 2 5 1 1738 2380 2378
3603 2 2 5 1 1738 362 2380
3604 2 2 5 1 2378 2380 791
3605 2 2 5 1 792 2379 2382
3606 2 2 5 1 2379 2381 2382
3607 2 2 5 1 2379 791 2381
3608 2 2 5 1 2382 2381 396
3609 2 2 5 1 362 2383 2380
3610 2 2 5 1 2383 2384 2380
3611 2 2 5 1 2383 793 2384
3612 2 2 5 1 2380 2384 791
3613 2 2 5 1 793 2385 2384
3614 2 2 5 1 2385 2386 2384
3615 2 2 5 1 2385 794 2386
3616 2 2 5 1 2384 2386 791
3617 2 2 5 1 793 2387 2385
3618 2 2 5 1 2387 2388 2385
3619 2 2 5 1 2387 366 2388
3620 2 2 5 1 2385 2388 794
3621 2 2 5 1 791 2386 2381
3622 2 2 5 1 2386 2389 2381
3623 2 2 5 1 2386 794 2389
3624 2 2 5 1 2381 2389 396
3625 2 2 5 1 362 1752 2383
3626 2 2 5 1 1752 2390 2383
3627 2 2 5 1 1752 643 2390
3628 2 2 5 1 2383 2390 793
3629 2 2 5 1 643 2391 2390
3630 2 2 5 1 2391 2392 2390
3631 2 2 5 1 2391 657 2392
3632 2 2 5 1 2390 2392 793
3633 2 2 5 1 643 1757 2391
3634 2 2 5 1 1757 1807 2391
3635 2 2 5 1 1757 271 1807
3636 2 2 5 1 2391 1807 657
3637 2 2 5 1 793 2392 2387
3638 2 2 5 1 2392 1812 2387
3639 2 2 5 1 2392 657 1812
3640 2 2 5 1 2387 1812 366
3641 2 2 5 1 396 2389 2394
3642 2 2 5 1 2389 2393 2394
3643 2 2 5 1 2389 794 2393
3644 2 2 5 1 2394 2393 795
3645 2 2 5 1 794 2395 2393
3646 2 2 5 1 2395 2396 2393
3647 2 2 5 1 2395 660 2396
3648 2 2 5 1 2393 2396 795
3649 2 2 5 1 794 2388 2395
3650 2 2 5 1 2388 1824 2395
3651 2 2 5 1 2388 366 1824
3652 2 2 5 1 2395 1824 660
3653 2 2 5 1 795 2396 2397
3654 2 2 5 1 2396 1827 2397
3655 2 2 5 1 2396 660 1827
3656 2 2 5 1 2397 1827 302
3657 2 2 5 1 115 116 2399
3658 2 2 5 1 116 2398 2399
3659 2 2 5 1 116 117 2398
3660 2 2 5 1 2399 2398 797
3661 2 2 5 1 117 2400 2398
3662 2 2 5 1 2400 2401 2398
3663 2 2 5 1 2400 796 2401
3664 2 2 5 1 2398 2401 797
3665 2 2 5 1 117 118 2400
3666 2 2 5 1 118 2402 2400
3667 2 2 5 1 118 119 2402
3668 2 2 5 1 2400 2402 796
3669 2 2 5 1 797 2401 2404
3670 2 2 5 1 2401 2403 2404
3671 2 2 5 1 2401 796 2403
3672 2 2 5 1 2404 2403 397
3673 2 2 5 1 119 2405 2402
3674 2 2 5 1 2405 2406 2402
3675 2 2 5 1 2405 798 2406
3676 2 2 5 1 2402 2406 796
3677 2 2 5 1 798 2407 2406
3678 2 2 5 1 2407 2408 2406
3679 2 2 5 1 2407 799 2408
3680 2 2 5 1 2406 2408 796
3681 2 2 5 1 798 2409 2407
3682 2 2 5 1 2409 2410 2407
3683 2 2 5 1 2409 380 2410
3684 2 2 5 1 2407 2410 799
3685 2 2 5 1 796 2408 2403
3686 2 2 5 1 2408 2411 2403
3687 2 2 5 1 2408 799 2411
3688 2 2 5 1 2403 2411 397
3689 2 2 5 1 119 120 2405
3690 2 2 5 1 120 2412 2405
3691 2 2 5 1 120 121 2412
3692 2 2 5 1 2405 2412 798
3693 2 2 5 1 121 2413 2412
3694 2 2 5 1 2413 2414 2412
3695 2 2 5 1 2413 711 2414
3696 2 2 5 1 2412 2414 798
3697 2 2 5 1 121 122 2413
3698 2 2 5 1 122 2022 2413
3699 2 2 5 1 122 123 2022
3700 2 2 5 1 2413 2022 711
3701 2 2 5 1 798 2414 2409
3702 2 2 5 1 2414 2028 2409
3703 2 2 5 1 2414 711 2028
3704 2 2 5 1 2409 2028 380
3705 2 2 5 1 397 2411 2416
3706 2 2 5 1 2411 2415 2416
3707 2 2 5 1 2411 799 2415
3708 2 2 5 1 2416 2415 800
3709 2 2 5 1 799 2417 2415
3710 2 2 5 1 2417 2418 2415
3711 2 2 5 1 2417 715 2418
3712 2 2 5 1 2415 2418 800
3713 2 2 5 1 799 2410 2417
3714 2 2 5 1 2410 2042 2417
3715 2 2 5 1 2410 380 2042
3716 2 2 5 1 2417 2042 715
3717 2 2 5 1 800 2418 2419
3718 2 2 5 1 2418 2045 2419
3719 2 2 5 1 2418 715 2045
3720 2 2 5 1 2419 2045 286
3721 2 2 5 1 131 132 2065
3722 2 2 5 1 132 2420 2065
3723 2 2 5 1 132 133 2420
3724 2 2 5 1 2065 2420 721
3725 2 2 5 1 133 2421 2420
3726 2 2 5 1 2421 2422 2420
3727 2 2 5 1 2421 801 2422
3728 2 2 5 1 2420 2422 721
3729 2 2 5 1 133 134 2421
3730 2 2 5 1 134 2423 2421
3731 2 2 5 1 134 135 2423
3732 2 2 5 1 2421 2423 801
3733 2 2 5 1 721 2422 2066
3734 2 2 5 1 2422 2424 2066
3735 2 2 5 1 2422 801 2424
3736 2 2 5 1 2066 2424 382
3737 2 2 5 1 135 2425 2423
3738 2 2 5 1 2425 2426 2423
3739 2 2 5 1 2425 802 2426
3740 2 2 5 1 2423 2426 801
3741 2 2 5 1 802 2427 2426
3742 2 2 5 1 2427 2428 2426
3743 2 2 5 1 2427 803 2428
3744 2 2 5 1 2426 2428 801
3745 2 2 5 1 802 2429 2427
3746 2 2 5 1 2429 2430 2427
3747 2 2 5 1 2429 398 2430
3748 2 2 5 1 2427 2430 803
3749 2 2 5 1 801 2428 2424
3750 2 2 5 1 2428 2431 2424
3751 2 2 5 1 2428 803 2431
3752 2 2 5 1 2424 2431 382
3753 2 2 5 1 135 136 2425
3754 2 2 5 1 136 2432 2425
3755 2 2 5 1 136 137 2432
3756 2 2 5 1 2425 2432 802
3757 2 2 5 1 137 2433 2432
3758 2 2 5 1 2433 2434 2432
3759 2 2 5 1 2433 804 2434
3760 2 2 5 1 2432 2434 802
3761 2 2 5 1 137 138 2433
3762 2 2 5 1 138 2435 2433
3763 2 2 5 1 138 139 2435
3764 2 2 5 1 2433 2435 804
3765 2 2 5 1 802 2434 2429
3766 2 2 5 1 2434 2436 2429
3767 2 2 5 1 2434 804 2436
3768 2 2 5 1 2429 2436 398
3769 2 2 5 1 382 2431 2070
3770 2 2 5 1 2431 2437 2070
3771 2 2 5 1 2431 803 2437
3772 2 2 5 1 2070 2437 722
3773 2 2 5 1 803 2438 2437
3774 2 2 5 1 2438 2439 2437
3775 2 2 5 1 2438 805 2439
3776 2 2 5 1 2437 2439 722
3777 2 2 5 1 803 2430 2438
3778 2 2 5 1 2430 2440 2438
3779 2 2 5 1 2430 398 2440
3780 2 2 5 1 2438 2440 805
3781 2 2 5 1 722 2439 2071
3782 2 2 5 1 2439 2441 2071
3783 2 2 5 1 2439 805 2441
3784 2 2 5 1 2071 2441 287
3785 2 2 5 1 209 208 1379
3786 2 2 5 1 208 2442 1379
3787 2 2 5 1 208 207 2442
3788 2 2 5 1 1379 2442 540
3789 2 2 5 1 207 2443 2442
3790 2 2 5 1 2443 2444 2442
3791 2 2 5 1 2443 806 2444
3792 2 2 5 1 2442 2444 540
3793 2 2 5 1 207 206 2443
3794 2 2 5 1 206 2445 2443
3795 2 2 5 1 206 205 2445
3796 2 2 5 1 2443 2445 806
3797 2 2 5 1 540 2444 1380
3798 2 2 5 1 2444 2446 1380
3799 2 2 5 1 2444 806 2446
3800 2 2 5 1 1380 2446 332
3801 2 2 5 1 205 2447 2445
3802 2 2 5 1 2447 2448 2445
3803 2 2 5 1 2447 807 2448
3804 2 2 5 1 2445 2448 806
3805 2 2 5 1 807 2449 2448
3806 2 2 5 1 2449 2450 2448
3807 2 2 5 1 2449 808 2450
3808 2 2 5 1 2448 2450 806
3809 2 2 5 1 807 2451 2449
3810 2 2 5 1 2451 2452 2449
3811 2 2 5 1 2451 399 2452
3812 2 2 5 1 2449 2452 808
3813 2 2 5 1 806 2450 2446
3814 2 2 5 1 2450 2453 2446
3815 2 2 5 1 2450 808 2453
3816 2 2 5 1 2446 2453 332
3817 2 2 5 1 205 204 2447
3818 2 2 5 1 204 2454 2447
3819 2 2 5 1 204 203 2454
3820 2 2 5 1 2447 2454 807
3821 2 2 5 1 203 2455 2454
3822 2 2 5 1 2455 2456 2454
3823 2 2 5 1 2455 809 2456
3824 2 2 5 1 2454 2456 807
3825 2 2 5 1 203 202 2455
3826 2 2 5 1 202 2457 2455
3827 2 2 5 1 202 3 2457
3828 2 2 5 1 2455 2457 809
3829 2 2 5 1 807 2456 2451
3830 2 2 5 1 2456 2458 2451
3831 2 2 5 1 2456 809 2458
3832 2 2 5 1 2451 2458 399
3833 2 2 5 1 332 2453 1384
3834 2 2 5 1 2453 2459 1384
3835 2 2 5 1 2453 808 2459
3836 2 2 5 1 1384 2459 541
3837 2 2 5 1 808 2460 2459
3838 2 2 5 1 2460 2461 2459
3839 2 2 5 1 2460 810 2461
3840 2 2 5 1 2459 2461 541
3841 2 2 5 1 808 2452 2460
3842 2 2 5 1 2452 2462 2460
3843 2 2 5 1 2452 399 2462
3844 2 2 5 1 2460 2462 810
3845 2 2 5 1 541 2461 1385
3846 2 2 5 1 2461 2463 1385
3847 2 2 5 1 2461 810 2463
3848 2 2 5 1 1385 2463 288
3849 2 2 5 1 2 264 2465
3850 2 2 5 1 264 2464 2465
3851 2 2 5 1 264 263 2464
3852 2 2 5 1 2465 2464 812
3853 2 2 5 1 263 2466 2464
3854 2 2 5 1 2466 2467 2464
3855 2 2 5 1 2466 811 2467
3856 2 2 5 1 2464 2467 812
3857 2 2 5 1 263 262 2466
3858 2 2 5 1 262 2468 2466
3859 2 2 5 1 262 261 2468
3860 2 2 5 1 2466 2468 811
3861 2 2 5 1 812 2467 2470
3862 2 2 5 1 2467 2469 2470
3863 2 2 5 1 2467 811 2469
3864 2 2 5 1 2470 2469 400
3865 2 2 5 1 261 2471 2468
3866 2 2 5 1 2471 2472 2468
3867 2 2 5 1 2471 813 2472
3868 2 2 5 1 2468 2472 811
3869 2 2 5 1 813 2473 2472
3870 2 2 5 1 2473 2474 2472
3871 2 2 5 1 2473 814 2474
3872 2 2 5 1 2472 2474 811
3873 2 2 5 1 813 2475 2473
3874 2 2 5 1 2475 2476 2473
3875 2 2 5 1 2475 334 2476
3876 2 2 5 1 2473 2476 814
3877 2 2 5 1 811 2474 2469
3878 2 2 5 1 2474 2477 2469
3879 2 2 5 1 2474 814 2477
3880 2 2 5 1 2469 2477 400
3881 2 2 5 1 261 260 2471
3882 2 2 5 1 260 2478 2471
3883 2 2 5 1 260 259 2478
3884 2 2 5 1 2471 2478 813
3885 2 2 5 1 259 2479 2478
3886 2 2 5 1 2479 2480 2478
3887 2 2 5 1 2479 544 2480
3888 2 2 5 1 2478 2480 813
3889 2 2 5 1 259 258 2479
3890 2 2 5 1 258 1388 2479
3891 2 2 5 1 258 257 1388
3892 2 2 5 1 2479 1388 544
3893 2 2 5 1 813 2480 2475
3894 2 2 5 1 2480 1394 2475
3895 2 2 5 1 2480 544 1394
3896 2 2 5 1 2475 1394 334
3897 2 2 5 1 400 2477 2482
3898 2 2 5 1 2477 2481 2482
3899 2 2 5 1 2477 814 2481
3900 2 2 5 1 2482 2481 815
3901 2 2 5 1 814 2483 2481
3902 2 2 5 1 2483 2484 2481
3903 2 2 5 1 2483 548 2484
3904 2 2 5 1 2481 2484 815
3905 2 2 5 1 814 2476 2483
3906 2 2 5 1 2476 1408 2483
3907 2 2 5 1 2476 334 1408
3908 2 2 5 1 2483 1408 548
3909 2 2 5 1 815 2484 2485
3910 2 2 5 1 2484 1411 2485
3911 2 2 5 1 2484 548 1411
3912 2 2 5 1 2485 1411 289
3913 2 2 5 1 270 2486 2488
3914 2 2 5 1 2486 2487 2488
3915 2 2 5 1 2486 816 2487
3916 2 2 5 1 2488 2487 818
3917 2 2 5 1 816 2489 2487
3918 2 2 5 1 2489 2490 2487
3919 2 2 5 1 2489 817 2490
3920 2 2 5 1 2487 2490 818
3921 2 2 5 1 816 2491 2489
3922 2 2 5 1 2491 2492 2489
3923 2 2 5 1 2491 401 2492
3924 2 2 5 1 2489 2492 817
3925 2 2 5 1 818 2490 2494
3926 2 2 5 1 2490 2493 2494
3927 2 2 5 1 2490 817 2493
3928 2 2 5 1 2494 2493 403
3929 2 2 5 1 401 2495 2492
3930 2 2 5 1 2495 2496 2492
3931 2 2 5 1 2495 819 2496
3932 2 2 5 1 2492 2496 817
3933 2 2 5 1 819 2497 2496
3934 2 2 5 1 2497 2498 2496
3935 2 2 5 1 2497 820 2498
3936 2 2 5 1 2496 2498 817
3937 2 2 5 1 819 2499 2497
3938 2 2 5 1 2499 2500 2497
3939 2 2 5 1 2499 402 2500
3940 2 2 5 1 2497 2500 820
3941 2 2 5 1 817 2498 2493
3942 2 2 5 1 2498 2501 2493
3943 2 2 5 1 2498 820 2501
3944 2 2 5 1 2493 2501 403
3945 2 2 5 1 401 2502 2495
3946 2 2 5 1 2502 2503 2495
3947 2 2 5 1 2502 821 2503
3948 2 2 5 1 2495 2503 819
3949 2 2 5 1 821 2504 2503
3950 2 2 5 1 2504 2505 2503
3951 2 2 5 1 2504 822 2505
3952 2 2 5 1 2503 2505 819
3953 2 2 5 1 821 2506 2504
3954 2 2 5 1 2506 2507 2504
3955 2 2 5 1 2506 282 2507
3956 2 2 5 1 2504 2507 822
3957 2 2 5 1 819 2505 2499
3958 2 2 5 1 2505 2508 2499
3959 2 2 5 1 2505 822 2508
3960 2 2 5 1 2499 2508 402
3961 2 2 5 1 403 2501 2510
3962 2 2 5 1 2501 2509 2510
3963 2 2 5 1 2501 820 2509
3964 2 2 5 1 2510 2509 824
3965 2 2 5 1 820 2511 2509
3966 2 2 5 1 2511 2512 2509
3967 2 2 5 1 2511 823 2512
3968 2 2 5 1 2509 2512 824
3969 2 2 5 1 820 2500 2511
3970 2 2 5 1 2500 2513 2511
3971 2 2 5 1 2500 402 2513
3972 2 2 5 1 2511 2513 823
3973 2 2 5 1 824 2512 2515
3974 2 2 5 1 2512 2514 2515
3975 2 2 5 1 2512 823 2514
3976 2 2 5 1 2515 2514 298
3977 2 2 5 1 283 2516 2518
3978 2 2 5 1 2516 2517 2518
3979 2 2 5 1 2516 825 2517
3980 2 2 5 1 2518 2517 827
3981 2 2 5 1 825 2519 2517
3982 2 2 5 1 2519 2520 2517
3983 2 2 5 1 2519 826 2520
3984 2 2 5 1 2517 2520 827
3985 2 2 5 1 825 2521 2519
3986 2 2 5 1 2521 2522 2519
3987 2 2 5 1 2521 404 2522
3988 2 2 5 1 2519 2522 826
3989 2 2 5 1 827 2520 2524
3990 2 2 5 1 2520 2523 2524
3991 2 2 5 1 2520 826 2523
3992 2 2 5 1 2524 2523 406
3993 2 2 5 1 404 2525 2522
3994 2 2 5 1 2525 2526 2522
3995 2 2 5 1 2525 828 2526
3996 2 2 5 1 2522 2526 826
3997 2 2 5 1 828 2527 2526
3998 2 2 5 1 2527 2528 2526
3999 2 2 5 1 2527 829 2528
4000 2 2 5 1 2526 2528 826
4001 2 2 5 1 828 2529 2527
4002 2 2 5 1 2529 2530 2527
4003 2 2 5 1 2529 405 2530
4004 2 2 5 1 2527 2530 829
4005 2 2 5 1 826 2528 2523
4006 2 2 5 1 2528 2531 2523
4007 2 2 5 1 2528 829 2531
4008 2 2 5 1 2523 2531 406
4009 2 2 5 1 404 2532 2525
4010 2 2 5 1 2532 2533 2525
4011 2 2 5 1 2532 830 2533
4012 2 2 5 1 2525 2533 828
4013 2 2 5 1 830 2534 2533
4014 2 2 5 1 2534 2535 2533
4015 2 2 5 1 2534 831 2535
4016 2 2 5 1 2533 2535 828
4017 2 2 5 1 830 2536 2534
4018 2 2 5 1 2536 2537 2534
4019 2 2 5 1 2536 269 2537
4020 2 2 5 1 2534 2537 831
4021 2 2 5 1 828 2535 2529
4022 2 2 5 1 2535 2538 2529
4023 2 2 5 1 2535 831 2538
4024 2 2 5 1 2529 2538 405
4025 2 2 5 1 406 2531 2540
4026 2 2 5 1 2531 2539 2540
4027 2 2 5 1 2531 829 2539
4028 2 2 5 1 2540 2539 833
4029 2 2 5 1 829 2541 2539
4030 2 2 5 1 2541 2542 2539
4031 2 2 5 1 2541 832 2542
4032 2 2 5 1 2539 2542 833
4033 2 2 5 1 829 2530 2541
4034 2 2 5 1 2530 2543 2541
4035 2 2 5 1 2530 405 2543
4036 2 2 5 1 2541 2543 832
4037 2 2 5 1 833 2542 2545
4038 2 2 5 1 2542 2544 2545
4039 2 2 5 1 2542 832 2544
4040 2 2 5 1 2545 2544 299
4041 2 2 5 1 194 195 2547
4042 2 2 5 1 195 2546 2547
4043 2 2 5 1 195 196 2546
4044 2 2 5 1 2547 2546 835
4045 2 2 5 1 196 2548 2546
4046 2 2 5 1 2548 2549 2546
4047 2 2 5 1 2548 834 2549
4048 2 2 5 1 2546 2549 835
4049 2 2 5 1 196 197 2548
4050 2 2 5 1 197 2550 2548
4051 2 2 5 1 197 198 2550
4052 2 2 5 1 2548 2550 834
4053 2 2 5 1 835 2549 2552
4054 2 2 5 1 2549 2551 2552
4055 2 2 5 1 2549 834 2551
4056 2 2 5 1 2552 2551 408
4057 2 2 5 1 198 2553 2550
4058 2 2 5 1 2553 2554 2550
4059 2 2 5 1 2553 836 2554
4060 2 2 5 1 2550 2554 834
4061 2 2 5 1 836 2555 2554
4062 2 2 5 1 2555 2556 2554
4063 2 2 5 1 2555 837 2556
4064 2 2 5 1 2554 2556 834
4065 2 2 5 1 836 2557 2555
4066 2 2 5 1 2557 2558 2555
4067 2 2 5 1 2557 407 2558
4068 2 2 5 1 2555 2558 837
4069 2 2 5 1 834 2556 2551
4070 2 2 5 1 2556 2559 2551
4071 2 2 5 1 2556 837 2559
4072 2 2 5 1 2551 2559 408
4073 2 2 5 1 198 199 2553
4074 2 2 5 1 199 2560 2553
4075 2 2 5 1 199 200 2560
4076 2 2 5 1 2553 2560 836
4077 2 2 5 1 200 2561 2560
4078 2 2 5 1 2561 2562 2560
4079 2 2 5 1 2561 838 2562
4080 2 2 5 1 2560 2562 836
4081 2 2 5 1 200 201 2561
4082 2 2 5 1 201 2563 2561
4083 2 2 5 1 201 1 2563
4084 2 2 5 1 2561 2563 838
4085 2 2 5 1 836 2562 2557
4086 2 2 5 1 2562 2564 2557
4087 2 2 5 1 2562 838 2564
4088 2 2 5 1 2557 2564 407
4089 2 2 5 1 408 2559 2566
4090 2 2 5 1 2559 2565 2566
4091 2 2 5 1 2559 837 2565
4092 2 2 5 1 2566 2565 840
4093 2 2 5 1 837 2567 2565
4094 2 2 5 1 2567 2568 2565
4095 2 2 5 1 2567 839 2568
4096 2 2 5 1 2565 2568 840
4097 2 2 5 1 837 2558 2567
4098 2 2 5 1 2558 2569 2567
4099 2 2 5 1 2558 407 2569
4100 2 2 5 1 2567 2569 839
4101 2 2 5 1 840 2568 2571
4102 2 2 5 1 2568 2570 2571
4103 2 2 5 1 2568 839 2570
4104 2 2 5 1 2571 2570 298
4105 2 2 5 1 4 53 2573
4106 2 2 5 1 53 2572 2573
4107 2 2 5 1 53 54 2572
4108 2 2 5 1 2573 2572 842
4109 2 2 5 1 54 2574 2572
4110 2 2 5 1 2574 2575 2572
4111 2 2 5 1 2574 841 2575
4112 2 2 5 1 2572 2575 842
4113 2 2 5 1 54 55 2574
4114 2 2 5 1 55 2576 2574
4115 2 2 5 1 55 56 2576
4116 2 2 5 1 2574 2576 841
4117 2 2 5 1 842 2575 2578
4118 2 2 5 1 2575 2577 2578
4119 2 2 5 1 2575 841 2577
4120 2 2 5 1 2578 2577 410
4121 2 2 5 1 56 2579 2576
4122 2 2 5 1 2579 2580 2576
4123 2 2 5 1 2579 843 2580
4124 2 2 5 1 2576 2580 841
4125 2 2 5 1 843 2581 2580
4126 2 2 5 1 2581 2582 2580
4127 2 2 5 1 2581 844 2582
4128 2 2 5 1 2580 2582 841
4129 2 2 5 1 843 2583 2581
4130 2 2 5 1 2583 2584 2581
4131 2 2 5 1 2583 409 2584
4132 2 2 5 1 2581 2584 844
4133 2 2 5 1 841 2582 2577
4134 2 2 5 1 2582 2585 2577
4135 2 2 5 1 2582 844 2585
4136 2 2 5 1 2577 2585 410
4137 2 2 5 1 56 57 2579
4138 2 2 5 1 57 2586 2579
4139 2 2 5 1 57 58 2586
4140 2 2 5 1 2579 2586 843
4141 2 2 5 1 58 2587 2586
4142 2 2 5 1 2587 2588 2586
4143 2 2 5 1 2587 845 2588
4144 2 2 5 1 2586 2588 843
4145 2 2 5 1 58 59 2587
4146 2 2 5 1 59 2589 2587
4147 2 2 5 1 59 60 2589
4148 2 2 5 1 2587 2589 845
4149 2 2 5 1 843 2588 2583
4150 2 2 5 1 2588 2590 2583
4151 2 2 5 1 2588 845 2590
4152 2 2 5 1 2583 2590 409
4153 2 2 5 1 410 2585 2592
4154 2 2 5 1 2585 2591 2592
4155 2 2 5 1 2585 844 2591
4156 2 2 5 1 2592 2591 847
4157 2 2 5 1 844 2593 2591
4158 2 2 5 1 2593 2594 2591
4159 2 2 5 1 2593 846 2594
4160 2 2 5 1 2591 2594 847
4161 2 2 5 1 844 2584 2593
4162 2 2 5 1 2584 2595 2593
4163 2 2 5 1 2584 409 2595
4164 2 2 5 1 2593 2595 846
4165 2 2 5 1 847 2594 2597
4166 2 2 5 1 2594 2596 2597
4167 2 2 5 1 2594 846 2596
4168 2 2 5 1 2597 2596 299
4169 2 2 5 1 155 156 2599
4170 2 2 5 1 156 2598 2599
4171 2 2 5 1 156 157 2598
4172 2 2 5 1 2599 2598 849
4173 2 2 5 1 157 2600 2598
4174 2 2 5 1 2600 2601 2598
4175 2 2 5 1 2600 848 2601
4176 2 2 5 1 2598 2601 849
4177 2 2 5 1 157 158 2600
4178 2 2 5 1 158 2602 2600
4179 2 2 5 1 158 159 2602
4180 2 2 5 1 2600 2602 848
4181 2 2 5 1 849 2601 2604
4182 2 2 5 1 2601 2603 2604
4183 2 2 5 1 2601 848 2603
4184 2 2 5 1 2604 2603 412
4185 2 2 5 1 159 2605 2602
4186 2 2 5 1 2605 2606 2602
4187 2 2 5 1 2605 850 2606
4188 2 2 5 1 2602 2606 848
4189 2 2 5 1 850 2607 2606
4190 2 2 5 1 2607 2608 2606
4191 2 2 5 1 2607 851 2608
4192 2 2 5 1 2606 2608 848
4193 2 2 5 1 850 2609 2607
4194 2 2 5 1 2609 2610 2607
4195 2 2 5 1 2609 411 2610
4196 2 2 5 1 2607 2610 851
4197 2 2 5 1 848 2608 2603
4198 2 2 5 1 2608 2611 2603
4199 2 2 5 1 2608 851 2611
4200 2 2 5 1 2603 2611 412
4201 2 2 5 1 159 160 2605
4202 2 2 5 1 160 2612 2605
4203 2 2 5 1 160 161 2612
4204 2 2 5 1 2605 2612 850
4205 2 2 5 1 161 2613 2612
4206 2 2 5 1 2613 2614 2612
4207 2 2 5 1 2613 852 2614
4208 2 2 5 1 2612 2614 850
4209 2 2 5 1 161 162 2613
4210 2 2 5 1 162 2615 2613
4211 2 2 5 1 162 6 2615
4212 2 2 5 1 2613 2615 852
4213 2 2 5 1 850 2614 2609
4214 2 2 5 1 2614 2616 2609
4215 2 2 5 1 2614 852 2616
4216 2 2 5 1 2609 2616 411
4217 2 2 5 1 412 2611 2618
4218 2 2 5 1 2611 2617 2618
4219 2 2 5 1 2611 851 2617
4220 2 2 5 1 2618 2617 854
4221 2 2 5 1 851 2619 2617
4222 2 2 5 1 2619 2620 2617
4223 2 2 5 1 2619 853 2620
4224 2 2 5 1 2617 2620 854
4225 2 2 5 1 851 2610 2619
4226 2 2 5 1 2610 2621 2619
4227 2 2 5 1 2610 411 2621
4228 2 2 5 1 2619 2621 853
4229 2 2 5 1 854 2620 2623
4230 2 2 5 1 2620 2622 2623
4231 2 2 5 1 2620 853 2622
4232 2 2 5 1 2623 2622 294
4233 2 2 5 1 5 92 2625
4234 2 2 5 1 92 2624 2625
4235 2 2 5 1 92 93 2624
4236 2 2 5 1 2625 2624 856
4237 2 2 5 1 93 2626 2624
4238 2 2 5 1 2626 2627 2624
4239 2 2 5 1 2626 855 2627
4240 2 2 5 1 2624 2627 856
4241 2 2 5 1 93 94 2626
4242 2 2 5 1 94 2628 2626
4243 2 2 5 1 94 95 2628
4244 2 2 5 1 2626 2628 855
4245 2 2 5 1 856 2627 2630
4246 2 2 5 1 2627 2629 2630
4247 2 2 5 1 2627 855 2629
4248 2 2 5 1 2630 2629 414
4249 2 2 5 1 95 2631 2628
4250 2 2 5 1 2631 2632 2628
4251 2 2 5 1 2631 857 2632
4252 2 2 5 1 2628 2632 855
4253 2 2 5 1 857 2633 2632
4254 2 2 5 1 2633 2634 2632
4255 2 2 5 1 2633 858 2634
4256 2 2 5 1 2632 2634 855
4257 2 2 5 1 857 2635 2633
4258 2 2 5 1 2635 2636 2633
4259 2 2 5 1 2635 413 2636
4260 2 2 5 1 2633 2636 858
4261 2 2 5 1 855 2634 2629
4262 2 2 5 1 2634 2637 2629
4263 2 2 5 1 2634 858 2637
4264 2 2 5 1 2629 2637 414
4265 2 2 5 1 95 96 2631
4266 2 2 5 1 96 2638 2631
4267 2 2 5 1 96 97 2638
4268 2 2 5 1 2631 2638 857
4269 2 2 5 1 97 2639 2638
4270 2 2 5 1 2639 2640 2638
4271 2 2 5 1 2639 859 2640
4272 2 2 5 1 2638 2640 857
4273 2 2 5 1 97 98 2639
4274 2 2 5 1 98 2641 2639
4275 2 2 5 1 98 99 2641
4276 2 2 5 1 2639 2641 859
4277 2 2 5 1 857 2640 2635
4278 2 2 5 1 2640 2642 2635
4279 2 2 5 1 2640 859 2642
4280 2 2 5 1 2635 2642 413
4281 2 2 5 1 414 2637 2644
4282 2 2 5 1 2637 2643 2644
4283 2 2 5 1 2637 858 2643
4284 2 2 5 1 2644 2643 861
4285 2 2 5 1 858 2645 2643
4286 2 2 5 1 2645 2646 2643
4287 2 2 5 1 2645 860 2646
4288 2 2 5 1 2643 2646 861
4289 2 2 5 1 858 2636 2645
4290 2 2 5 1 2636 2647 2645
4291 2 2 5 1 2636 413 2647
4292 2 2 5 1 2645 2647 860
4293 2 2 5 1 861 2646 2649
4294 2 2 5 1 2646 2648 2649
4295 2 2 5 1 2646 860 2648
4296 2 2 5 1 2649 2648 295
4297 2 2 5 1 282 1956 2507
4298 2 2 5 1 1956 2650 2507
4299 2 2 5 1 1956 694 2650
4300 2 2 5 1 2507 2650 822
4301 2 2 5 1 694 2651 2650
4302 2 2 5 1 2651 2652 2650
4303 2 2 5 1 2651 862 2652
4304 2 2 5 1 2650 2652 822
4305 2 2 5 1 694 1955 2651
4306 2 2 5 1 1955 2653 2651
4307 2 2 5 1 1955 375 2653
4308 2 2 5 1 2651 2653 862
4309 2 2 5 1 822 2652 2508
4310 2 2 5 1 2652 2654 2508
4311 2 2 5 1 2652 862 2654
4312 2 2 5 1 2508 2654 402
4313 2 2 5 1 375 2655 2653
4314 2 2 5 1 2655 2656 2653
4315 2 2 5 1 2655 863 2656
4316 2 2 5 1 2653 2656 862
4317 2 2 5 1 863 2657 2656
4318 2 2 5 1 2657 2658 2656
4319 2 2 5 1 2657 864 2658
4320 2 2 5 1 2656 2658 862
4321 2 2 5 1 863 2659 2657
4322 2 2 5 1 2659 2660 2657
4323 2 2 5 1 2659 408 2660
4324 2 2 5 1 2657 2660 864
4325 2 2 5 1 862 2658 2654
4326 2 2 5 1 2658 2661 2654
4327 2 2 5 1 2658 864 2661
4328 2 2 5 1 2654 2661 402
4329 2 2 5 1 375 1950 2655
4330 2 2 5 1 1950 2662 2655
4331 2 2 5 1 1950 693 2662
4332 2 2 5 1 2655 2662 863
4333 2 2 5 1 693 2663 2662
4334 2 2 5 1 2663 2664 2662
4335 2 2 5 1 2663 835 2664
4336 2 2 5 1 2662 2664 863
4337 2 2 5 1 693 1949 2663
4338 2 2 5 1 1949 2547 2663
4339 2 2 5 1 1949 194 2547
4340 2 2 5 1 2663 2547 835
4341 2 2 5 1 863 2664 2659
4342 2 2 5 1 2664 2552 2659
4343 2 2 5 1 2664 835 2552
4344 2 2 5 1 2659 2552 408
4345 2 2 5 1 402 2661 2513
4346 2 2 5 1 2661 2665 2513
4347 2 2 5 1 2661 864 2665
4348 2 2 5 1 2513 2665 823
4349 2 2 5 1 864 2666 2665
4350 2 2 5 1 2666 2667 2665
4351 2 2 5 1 2666 840 2667
4352 2 2 5 1 2665 2667 823
4353 2 2 5 1 864 2660 2666
4354 2 2 5 1 2660 2566 2666
4355 2 2 5 1 2660 408 2566
4356 2 2 5 1 2666 2566 840
4357 2 2 5 1 823 2667 2514
4358 2 2 5 1 2667 2571 2514
4359 2 2 5 1 2667 840 2571
4360 2 2 5 1 2514 2571 298
4361 2 2 5 1 60 1959 2589
4362 2 2 5 1 1959 2668 2589
4363 2 2 5 1 1959 697 2668
4364 2 2 5 1 2589 2668 845
4365 2 2 5 1 697 2669 2668
4366 2 2 5 1 2669 2670 2668
4367 2 2 5 1 2669 865 2670
4368 2 2 5 1 2668 2670 845
4369 2 2 5 1 697 1964 2669
4370 2 2 5 1 1964 2671 2669
4371 2 2 5 1 1964 378 2671
4372 2 2 5 1 2669 2671 865
4373 2 2 5 1 845 2670 2590
4374 2 2 5 1 2670 2672 2590
4375 2 2 5 1 2670 865 2672
4376 2 2 5 1 2590 2672 409
4377 2 2 5 1 378 2673 2671
4378 2 2 5 1 2673 2674 2671
4379 2 2 5 1 2673 866 2674
4380 2 2 5 1 2671 2674 865
4381 2 2 5 1 866 2675 2674
4382 2 2 5 1 2675 2676 2674
4383 2 2 5 1 2675 867 2676
4384 2 2 5 1 2674 2676 865
4385 2 2 5 1 866 2677 2675
4386 2 2 5 1 2677 2678 2675
4387 2 2 5 1 2677 406 2678
4388 2 2 5 1 2675 2678 867
4389 2 2 5 1 865 2676 2672
4390 2 2 5 1 2676 2679 2672
4391 2 2 5 1 2676 867 2679
4392 2 2 5 1 2672 2679 409
4393 2 2 5 1 378 1978 2673
4394 2 2 5 1 1978 2680 2673
4395 2 2 5 1 1978 702 2680
4396 2 2 5 1 2673 2680 866
4397 2 2 5 1 702 2681 2680
4398 2 2 5 1 2681 2682 2680
4399 2 2 5 1 2681 827 2682
4400 2 2 5 1 2680 2682 866
4401 2 2 5 1 702 1983 2681
4402 2 2 5 1 1983 2518 2681
4403 2 2 5 1 1983 283 2518
4404 2 2 5 1 2681 2518 827
4405 2 2 5 1 866 2682 2677
4406 2 2 5 1 2682 2524 2677
4407 2 2 5 1 2682 827 2524
4408 2 2 5 1 2677 2524 406
4409 2 2 5 1 409 2679 2595
4410 2 2 5 1 2679 2683 2595
4411 2 2 5 1 2679 867 2683
4412 2 2 5 1 2595 2683 846
4413 2 2 5 1 867 2684 2683
4414 2 2 5 1 2684 2685 2683
4415 2 2 5 1 2684 833 2685
4416 2 2 5 1 2683 2685 846
4417 2 2 5 1 867 2678 2684
4418 2 2 5 1 2678 2540 2684
4419 2 2 5 1 2678 406 2540
4420 2 2 5 1 2684 2540 833
4421 2 2 5 1 846 2685 2596
4422 2 2 5 1 2685 2545 2596
4423 2 2 5 1 2685 833 2545
4424 2 2 5 1 2596 2545 299
4425 2 2 5 1 278 1100 2687
4426 2 2 5 1 1100 2686 2687
4427 2 2 5 1 1100 458 2686
4428 2 2 5 1 2687 2686 869
4429 2 2 5 1 458 2688 2686
4430 2 2 5 1 2688 2689 2686
4431 2 2 5 1 2688 868 2689
4432 2 2 5 1 2686 2689 869
4433 2 2 5 1 458 1099 2688
4434 2 2 5 1 1099 2690 2688
4435 2 2 5 1 1099 305 2690
4436 2 2 5 1 2688 2690 868
4437 2 2 5 1 869 2689 2692
4438 2 2 5 1 2689 2691 2692
4439 2 2 5 1 2689 868 2691
4440 2 2 5 1 2692 2691 416
4441 2 2 5 1 305 2693 2690
4442 2 2 5 1 2693 2694 2690
4443 2 2 5 1 2693 870 2694
4444 2 2 5 1 2690 2694 868
4445 2 2 5 1 870 2695 2694
4446 2 2 5 1 2695 2696 2694
4447 2 2 5 1 2695 871 2696
4448 2 2 5 1 2694 2696 868
4449 2 2 5 1 870 2697 2695
4450 2 2 5 1 2697 2698 2695
4451 2 2 5 1 2697 415 2698
4452 2 2 5 1 2695 2698 871
4453 2 2 5 1 868 2696 2691
4454 2 2 5 1 2696 2699 2691
4455 2 2 5 1 2696 871 2699
4456 2 2 5 1 2691 2699 416
4457 2 2 5 1 305 1094 2693
4458 2 2 5 1 1094 2700 2693
4459 2 2 5 1 1094 457 2700
4460 2 2 5 1 2693 2700 870
4461 2 2 5 1 457 2701 2700
4462 2 2 5 1 2701 2702 2700
4463 2 2 5 1 2701 872 2702
4464 2 2 5 1 2700 2702 870
4465 2 2 5 1 457 1093 2701
4466 2 2 5 1 1093 2703 2701
4467 2 2 5 1 1093 276 2703
4468 2 2 5 1 2701 2703 872
4469 2 2 5 1 870 2702 2697
4470 2 2 5 1 2702 2704 2697
4471 2 2 5 1 2702 872 2704
4472 2 2 5 1 2697 2704 415
4473 2 2 5 1 416 2699 2706
4474 2 2 5 1 2699 2705 2706
4475 2 2 5 1 2699 871 2705
4476 2 2 5 1 2706 2705 874
4477 2 2 5 1 871 2707 2705
4478 2 2 5 1 2707 2708 2705
4479 2 2 5 1 2707 873 2708
4480 2 2 5 1 2705 2708 874
4481 2 2 5 1 871 2698 2707
4482 2 2 5 1 2698 2709 2707
4483 2 2 5 1 2698 415 2709
4484 2 2 5 1 2707 2709 873
4485 2 2 5 1 874 2708 2711
4486 2 2 5 1 2708 2710 2711
4487 2 2 5 1 2708 873 2710
4488 2 2 5 1 2711 2710 293
4489 2 2 5 1 275 1104 2713
4490 2 2 5 1 1104 2712 2713
4491 2 2 5 1 1104 462 2712
4492 2 2 5 1 2713 2712 876
4493 2 2 5 1 462 2714 2712
4494 2 2 5 1 2714 2715 2712
4495 2 2 5 1 2714 875 2715
4496 2 2 5 1 2712 2715 876
4497 2 2 5 1 462 1110 2714
4498 2 2 5 1 1110 2716 2714
4499 2 2 5 1 1110 309 2716
4500 2 2 5 1 2714 2716 875
4501 2 2 5 1 876 2715 2718
4502 2 2 5 1 2715 2717 2718
4503 2 2 5 1 2715 875 2717
4504 2 2 5 1 2718 2717 418
4505 2 2 5 1 309 2719 2716
4506 2 2 5 1 2719 2720 2716
4507 2 2 5 1 2719 877 2720
4508 2 2 5 1 2716 2720 875
4509 2 2 5 1 877 2721 2720
4510 2 2 5 1 2721 2722 2720
4511 2 2 5 1 2721 878 2722
4512 2 2 5 1 2720 2722 875
4513 2 2 5 1 877 2723 2721
4514 2 2 5 1 2723 2724 2721
4515 2 2 5 1 2723 417 2724
4516 2 2 5 1 2721 2724 878
4517 2 2 5 1 875 2722 2717
4518 2 2 5 1 2722 2725 2717
4519 2 2 5 1 2722 878 2725
4520 2 2 5 1 2717 2725 418
4521 2 2 5 1 309 1126 2719
4522 2 2 5 1 1126 2726 2719
4523 2 2 5 1 1126 468 2726
4524 2 2 5 1 2719 2726 877
4525 2 2 5 1 468 2727 2726
4526 2 2 5 1 2727 2728 2726
4527 2 2 5 1 2727 879 2728
4528 2 2 5 1 2726 2728 877
4529 2 2 5 1 468 1131 2727
4530 2 2 5 1 1131 2729 2727
4531 2 2 5 1 1131 277 2729
4532 2 2 5 1 2727 2729 879
4533 2 2 5 1 877 2728 2723
4534 2 2 5 1 2728 2730 2723
4535 2 2 5 1 2728 879 2730
4536 2 2 5 1 2723 2730 417
4537 2 2 5 1 418 2725 2732
4538 2 2 5 1 2725 2731 2732
4539 2 2 5 1 2725 878 2731
4540 2 2 5 1 2732 2731 881
4541 2 2 5 1 878 2733 2731
4542 2 2 5 1 2733 2734 2731
4543 2 2 5 1 2733 880 2734
4544 2 2 5 1 2731 2734 881
4545 2 2 5 1 878 2724 2733
4546 2 2 5 1 2724 2735 2733
4547 2 2 5 1 2724 417 2735
4548 2 2 5 1 2733 2735 880
4549 2 2 5 1 881 2734 2737
4550 2 2 5 1 2734 2736 2737
4551 2 2 5 1 2734 880 2736
4552 2 2 5 1 2737 2736 292
4553 2 2 5 1 6 163 2615
4554 2 2 5 1 163 2738 2615
4555 2 2 5 1 163 164 2738
4556 2 2 5 1 2615 2738 852
4557 2 2 5 1 164 2739 2738
4558 2 2 5 1 2739 2740 2738
4559 2 2 5 1 2739 882 2740
4560 2 2 5 1 2738 2740 852
4561 2 2 5 1 164 165 2739
4562 2 2 5 1 165 2741 2739
4563 2 2 5 1 165 166 2741
4564 2 2 5 1 2739 2741 882
4565 2 2 5 1 852 2740 2616
4566 2 2 5 1 2740 2742 2616
4567 2 2 5 1 2740 882 2742
4568 2 2 5 1 2616 2742 411
4569 2 2 5 1 166 2743 2741
4570 2 2 5 1 2743 2744 2741
4571 2 2 5 1 2743 883 2744
4572 2 2 5 1 2741 2744 882
4573 2 2 5 1 883 2745 2744
4574 2 2 5 1 2745 2746 2744
4575 2 2 5 1 2745 884 2746
4576 2 2 5 1 2744 2746 882
4577 2 2 5 1 883 2747 2745
4578 2 2 5 1 2747 2748 2745
4579 2 2 5 1 2747 419 2748
4580 2 2 5 1 2745 2748 884
4581 2 2 5 1 882 2746 2742
4582 2 2 5 1 2746 2749 2742
4583 2 2 5 1 2746 884 2749
4584 2 2 5 1 2742 2749 411
4585 2 2 5 1 166 167 2743
4586 2 2 5 1 167 2750 2743
4587 2 2 5 1 167 168 2750
4588 2 2 5 1 2743 2750 883
4589 2 2 5 1 168 2751 2750
4590 2 2 5 1 2751 2752 2750
4591 2 2 5 1 2751 885 2752
4592 2 2 5 1 2750 2752 883
4593 2 2 5 1 168 169 2751
4594 2 2 5 1 169 2753 2751
4595 2 2 5 1 169 170 2753
4596 2 2 5 1 2751 2753 885
4597 2 2 5 1 883 2752 2747
4598 2 2 5 1 2752 2754 2747
4599 2 2 5 1 2752 885 2754
4600 2 2 5 1 2747 2754 419
4601 2 2 5 1 411 2749 2621
4602 2 2 5 1 2749 2755 2621
4603 2 2 5 1 2749 884 2755
4604 2 2 5 1 2621 2755 853
4605 2 2 5 1 884 2756 2755
4606 2 2 5 1 2756 2757 2755
4607 2 2 5 1 2756 886 2757
4608 2 2 5 1 2755 2757 853
4609 2 2 5 1 884 2748 2756
4610 2 2 5 1 2748 2758 2756
4611 2 2 5 1 2748 419 2758
4612 2 2 5 1 2756 2758 886
4613 2 2 5 1 853 2757 2622
4614 2 2 5 1 2757 2759 2622
4615 2 2 5 1 2757 886 2759
4616 2 2 5 1 2622 2759 294
4617 2 2 5 1 84 85 2761
4618 2 2 5 1 85 2760 2761
4619 2 2 5 1 85 86 2760
4620 2 2 5 1 2761 2760 888
4621 2 2 5 1 86 2762 2760
4622 2 2 5 1 2762 2763 2760
4623 2 2 5 1 2762 887 2763
4624 2 2 5 1 2760 2763 888
4625 2 2 5 1 86 87 2762
4626 2 2 5 1 87 2764 2762
4627 2 2 5 1 87 88 2764
4628 2 2 5 1 2762 2764 887
4629 2 2 5 1 888 2763 2766
4630 2 2 5 1 2763 2765 2766
4631 2 2 5 1 2763 887 2765
4632 2 2 5 1 2766 2765 420
4633 2 2 5 1 88 2767 2764
4634 2 2 5 1 2767 2768 2764
4635 2 2 5 1 2767 889 2768
4636 2 2 5 1 2764 2768 887
4637 2 2 5 1 889 2769 2768
4638 2 2 5 1 2769 2770 2768
4639 2 2 5 1 2769 890 2770
4640 2 2 5 1 2768 2770 887
4641 2 2 5 1 889 2771 2769
4642 2 2 5 1 2771 2772 2769
4643 2 2 5 1 2771 414 2772
4644 2 2 5 1 2769 2772 890
4645 2 2 5 1 887 2770 2765
4646 2 2 5 1 2770 2773 2765
4647 2 2 5 1 2770 890 2773
4648 2 2 5 1 2765 2773 420
4649 2 2 5 1 88 89 2767
4650 2 2 5 1 89 2774 2767
4651 2 2 5 1 89 90 2774
4652 2 2 5 1 2767 2774 889
4653 2 2 5 1 90 2775 2774
4654 2 2 5 1 2775 2776 2774
4655 2 2 5 1 2775 856 2776
4656 2 2 5 1 2774 2776 889
4657 2 2 5 1 90 91 2775
4658 2 2 5 1 91 2625 2775
4659 2 2 5 1 91 5 2625
4660 2 2 5 1 2775 2625 856
4661 2 2 5 1 889 2776 2771
4662 2 2 5 1 2776 2630 2771
4663 2 2 5 1 2776 856 2630
4664 2 2 5 1 2771 2630 414
4665 2 2 5 1 420 2773 2778
4666 2 2 5 1 2773 2777 2778
4667 2 2 5 1 2773 890 2777
4668 2 2 5 1 2778 2777 891
4669 2 2 5 1 890 2779 2777
4670 2 2 5 1 2779 2780 2777
4671 2 2 5 1 2779 861 2780
4672 2 2 5 1 2777 2780 891
4673 2 2 5 1 890 2772 2779
4674 2 2 5 1 2772 2644 2779
4675 2 2 5 1 2772 414 2644
4676 2 2 5 1 2779 2644 861
4677 2 2 5 1 891 2780 2781
4678 2 2 5 1 2780 2649 2781
4679 2 2 5 1 2780 861 2649
4680 2 2 5 1 2781 2649 295
4681 2 2 5 1 22 23 2783
4682 2 2 5 1 23 2782 2783
4683 2 2 5 1 23 24 2782
4684 2 2 5 1 2783 2782 893
4685 2 2 5 1 24 2784 2782
4686 2 2 5 1 2784 2785 2782
4687 2 2 5 1 2784 892 2785
4688 2 2 5 1 2782 2785 893
4689 2 2 5 1 24 25 2784
4690 2 2 5 1 25 2786 2784
4691 2 2 5 1 25 26 2786
4692 2 2 5 1 2784 2786 892
4693 2 2 5 1 893 2785 2788
4694 2 2 5 1 2785 2787 2788
4695 2 2 5 1 2785 892 2787
4696 2 2 5 1 2788 2787 421
4697 2 2 5 1 26 2789 2786
4698 2 2 5 1 2789 2790 2786
4699 2 2 5 1 2789 894 2790
4700 2 2 5 1 2786 2790 892
4701 2 2 5 1 894 2791 2790
4702 2 2 5 1 2791 2792 2790
4703 2 2 5 1 2791 895 2792
4704 2 2 5 1 2790 2792 892
4705 2 2 5 1 894 2793 2791
4706 2 2 5 1 2793 2794 2791
4707 2 2 5 1 2793 400 2794
4708 2 2 5 1 2791 2794 895
4709 2 2 5 1 892 2792 2787
4710 2 2 5 1 2792 2795 2787
4711 2 2 5 1 2792 895 2795
4712 2 2 5 1 2787 2795 421
4713 2 2 5 1 26 27 2789
4714 2 2 5 1 27 2796 2789
4715 2 2 5 1 27 28 2796
4716 2 2 5 1 2789 2796 894
4717 2 2 5 1 28 2797 2796
4718 2 2 5 1 2797 2798 2796
4719 2 2 5 1 2797 812 2798
4720 2 2 5 1 2796 2798 894
4721 2 2 5 1 28 29 2797
4722 2 2 5 1 29 2465 2797
4723 2 2 5 1 29 2 2465
4724 2 2 5 1 2797 2465 812
4725 2 2 5 1 894 2798 2793
4726 2 2 5 1 2798 2470 2793
4727 2 2 5 1 2798 812 2470
4728 2 2 5 1 2793 2470 400
4729 2 2 5 1 421 2795 2800
4730 2 2 5 1 2795 2799 2800
4731 2 2 5 1 2795 895 2799
4732 2 2 5 1 2800 2799 896
4733 2 2 5 1 895 2801 2799
4734 2 2 5 1 2801 2802 2799
4735 2 2 5 1 2801 815 2802
4736 2 2 5 1 2799 2802 896
4737 2 2 5 1 895 2794 2801
4738 2 2 5 1 2794 2482 2801
4739 2 2 5 1 2794 400 2482
4740 2 2 5 1 2801 2482 815
4741 2 2 5 1 896 2802 2803
4742 2 2 5 1 2802 2485 2803
4743 2 2 5 1 2802 815 2485
4744 2 2 5 1 2803 2485 289
4745 2 2 5 1 3 30 2457
4746 2 2 5 1 30 2804 2457
4747 2 2 5 1 30 31 2804
4748 2 2 5 1 2457 2804 809
4749 2 2 5 1 31 2805 2804
4750 2 2 5 1 2805 2806 2804
4751 2 2 5 1 2805 897 2806
4752 2 2 5 1 2804 2806 809
4753 2 2 5 1 31 32 2805
4754 2 2 5 1 32 2807 2805
4755 2 2 5 1 32 33 2807
4756 2 2 5 1 2805 2807 897
4757 2 2 5 1 809 2806 2458
4758 2 2 5 1 2806 2808 2458
4759 2 2 5 1 2806 897 2808
4760 2 2 5 1 2458 2808 399
4761 2 2 5 1 33 2809 2807
4762 2 2 5 1 2809 2810 2807
4763 2 2 5 1 2809 898 2810
4764 2 2 5 1 2807 2810 897
4765 2 2 5 1 898 2811 2810
4766 2 2 5 1 2811 2812 2810
4767 2 2 5 1 2811 899 2812
4768 2 2 5 1 2810 2812 897
4769 2 2 5 1 898 2813 2811
4770 2 2 5 1 2813 2814 2811
4771 2 2 5 1 2813 422 2814
4772 2 2 5 1 2811 2814 899
4773 2 2 5 1 897 2812 2808
4774 2 2 5 1 2812 2815 2808
4775 2 2 5 1 2812 899 2815
4776 2 2 5 1 2808 2815 399
4777 2 2 5 1 33 34 2809
4778 2 2 5 1 34 2816 2809
4779 2 2 5 1 34 35 2816
4780 2 2 5 1 2809 2816 898
4781 2 2 5 1 35 2817 2816
4782 2 2 5 1 2817 2818 2816
4783 2 2 5 1 2817 900 2818
4784 2 2 5 1 2816 2818 898
4785 2 2 5 1 35 36 2817
4786 2 2 5 1 36 2819 2817
4787 2 2 5 1 36 37 2819
4788 2 2 5 1 2817 2819 900
4789 2 2 5 1 898 2818 2813
4790 2 2 5 1 2818 2820 2813
4791 2 2 5 1 2818 900 2820
4792 2 2 5 1 2813 2820 422
4793 2 2 5 1 399 2815 2462
4794 2 2 5 1 2815 2821 2462
4795 2 2 5 1 2815 899 2821
4796 2 2 5 1 2462 2821 810
4797 2 2 5 1 899 2822 2821
4798 2 2 5 1 2822 2823 2821
4799 2 2 5 1 2822 901 2823
4800 2 2 5 1 2821 2823 810
4801 2 2 5 1 899 2814 2822
4802 2 2 5 1 2814 2824 2822
4803 2 2 5 1 2814 422 2824
4804 2 2 5 1 2822 2824 901
4805 2 2 5 1 810 2823 2463
4806 2 2 5 1 2823 2825 2463
4807 2 2 5 1 2823 901 2825
4808 2 2 5 1 2463 2825 288
4809 2 2 5 1 115 2399 2827
4810 2 2 5 1 2399 2826 2827
4811 2 2 5 1 2399 797 2826
4812 2 2 5 1 2827 2826 903
4813 2 2 5 1 797 2828 2826
4814 2 2 5 1 2828 2829 2826
4815 2 2 5 1 2828 902 2829
4816 2 2 5 1 2826 2829 903
4817 2 2 5 1 797 2404 2828
4818 2 2 5 1 2404 2830 2828
4819 2 2 5 1 2404 397 2830
4820 2 2 5 1 2828 2830 902
4821 2 2 5 1 903 2829 2832
4822 2 2 5 1 2829 2831 2832
4823 2 2 5 1 2829 902 2831
4824 2 2 5 1 2832 2831 423
4825 2 2 5 1 397 2833 2830
4826 2 2 5 1 2833 2834 2830
4827 2 2 5 1 2833 904 2834
4828 2 2 5 1 2830 2834 902
4829 2 2 5 1 904 2835 2834
4830 2 2 5 1 2835 2836 2834
4831 2 2 5 1 2835 905 2836
4832 2 2 5 1 2834 2836 902
4833 2 2 5 1 904 2837 2835
4834 2 2 5 1 2837 2838 2835
4835 2 2 5 1 2837 360 2838
4836 2 2 5 1 2835 2838 905
4837 2 2 5 1 902 2836 2831
4838 2 2 5 1 2836 2839 2831
4839 2 2 5 1 2836 905 2839
4840 2 2 5 1 2831 2839 423
4841 2 2 5 1 397 2416 2833
4842 2 2 5 1 2416 2840 2833
4843 2 2 5 1 2416 800 2840
4844 2 2 5 1 2833 2840 904
4845 2 2 5 1 800 2841 2840
4846 2 2 5 1 2841 2842 2840
4847 2 2 5 1 2841 630 2842
4848 2 2 5 1 2840 2842 904
4849 2 2 5 1 800 2419 2841
4850 2 2 5 1 2419 1704 2841
4851 2 2 5 1 2419 286 1704
4852 2 2 5 1 2841 1704 630
4853 2 2 5 1 904 2842 2837
4854 2 2 5 1 2842 1710 2837
4855 2 2 5 1 2842 630 1710
4856 2 2 5 1 2837 1710 360
4857 2 2 5 1 423 2839 2844
4858 2 2 5 1 2839 2843 2844
4859 2 2 5 1 2839 905 2843
4860 2 2 5 1 2844 2843 906
4861 2 2 5 1 905 2845 2843
4862 2 2 5 1 2845 2846 2843
4863 2 2 5 1 2845 636 2846
4864 2 2 5 1 2843 2846 906
4865 2 2 5 1 905 2838 2845
4866 2 2 5 1 2838 1726 2845
4867 2 2 5 1 2838 360 1726
4868 2 2 5 1 2845 1726 636
4869 2 2 5 1 906 2846 2847
4870 2 2 5 1 2846 1731 2847
4871 2 2 5 1 2846 636 1731
4872 2 2 5 1 2847 1731 303
4873 2 2 5 1 287 2441 1693
4874 2 2 5 1 2441 2848 1693
4875 2 2 5 1 2441 805 2848
4876 2 2 5 1 1693 2848 625
4877 2 2 5 1 805 2849 2848
4878 2 2 5 1 2849 2850 2848
4879 2 2 5 1 2849 907 2850
4880 2 2 5 1 2848 2850 625
4881 2 2 5 1 805 2440 2849
4882 2 2 5 1 2440 2851 2849
4883 2 2 5 1 2440 398 2851
4884 2 2 5 1 2849 2851 907
4885 2 2 5 1 625 2850 1694
4886 2 2 5 1 2850 2852 1694
4887 2 2 5 1 2850 907 2852
4888 2 2 5 1 1694 2852 356
4889 2 2 5 1 398 2853 2851
4890 2 2 5 1 2853 2854 2851
4891 2 2 5 1 2853 908 2854
4892 2 2 5 1 2851 2854 907
4893 2 2 5 1 908 2855 2854
4894 2 2 5 1 2855 2856 2854
4895 2 2 5 1 2855 909 2856
4896 2 2 5 1 2854 2856 907
4897 2 2 5 1 908 2857 2855
4898 2 2 5 1 2857 2858 2855
4899 2 2 5 1 2857 424 2858
4900 2 2 5 1 2855 2858 909
4901 2 2 5 1 907 2856 2852
4902 2 2 5 1 2856 2859 2852
4903 2 2 5 1 2856 909 2859
4904 2 2 5 1 2852 2859 356
4905 2 2 5 1 398 2436 2853
4906 2 2 5 1 2436 2860 2853
4907 2 2 5 1 2436 804 2860
4908 2 2 5 1 2853 2860 908
4909 2 2 5 1 804 2861 2860
4910 2 2 5 1 2861 2862 2860
4911 2 2 5 1 2861 910 2862
4912 2 2 5 1 2860 2862 908
4913 2 2 5 1 804 2435 2861
4914 2 2 5 1 2435 2863 2861
4915 2 2 5 1 2435 139 2863
4916 2 2 5 1 2861 2863 910
4917 2 2 5 1 908 2862 2857
4918 2 2 5 1 2862 2864 2857
4919 2 2 5 1 2862 910 2864
4920 2 2 5 1 2857 2864 424
4921 2 2 5 1 356 2859 1699
4922 2 2 5 1 2859 2865 1699
4923 2 2 5 1 2859 909 2865
4924 2 2 5 1 1699 2865 626
4925 2 2 5 1 909 2866 2865
4926 2 2 5 1 2866 2867 2865
4927 2 2 5 1 2866 911 2867
4928 2 2 5 1 2865 2867 626
4929 2 2 5 1 909 2858 2866
4930 2 2 5 1 2858 2868 2866
4931 2 2 5 1 2858 424 2868
4932 2 2 5 1 2866 2868 911
4933 2 2 5 1 626 2867 1700
4934 2 2 5 1 2867 2869 1700
4935 2 2 5 1 2867 911 2869
4936 2 2 5 1 1700 2869 302
4937 2 2 5 1 265 2259 2871
4938 2 2 5 1 2259 2870 2871
4939 2 2 5 1 2259 763 2870
4940 2 2 5 1 2871 2870 913
4941 2 2 5 1 763 2872 2870
4942 2 2 5 1 2872 2873 2870
4943 2 2 5 1 2872 912 2873
4944 2 2 5 1 2870 2873 913
4945 2 2 5 1 763 2264 2872
4946 2 2 5 1 2264 2874 2872
4947 2 2 5 1 2264 389 2874
4948 2 2 5 1 2872 2874 912
4949 2 2 5 1 913 2873 2876
4950 2 2 5 1 2873 2875 2876
4951 2 2 5 1 2873 912 2875
4952 2 2 5 1 2876 2875 426
4953 2 2 5 1 389 2877 2874
4954 2 2 5 1 2877 2878 2874
4955 2 2 5 1 2877 914 2878
4956 2 2 5 1 2874 2878 912
4957 2 2 5 1 914 2879 2878
4958 2 2 5 1 2879 2880 2878
4959 2 2 5 1 2879 915 2880
4960 2 2 5 1 2878 2880 912
4961 2 2 5 1 914 2881 2879
4962 2 2 5 1 2881 2882 2879
4963 2 2 5 1 2881 425 2882
4964 2 2 5 1 2879 2882 915
4965 2 2 5 1 912 2880 2875
4966 2 2 5 1 2880 2883 2875
4967 2 2 5 1 2880 915 2883
4968 2 2 5 1 2875 2883 426
4969 2 2 5 1 389 2276 2877
4970 2 2 5 1 2276 2884 2877
4971 2 2 5 1 2276 766 2884
4972 2 2 5 1 2877 2884 914
4973 2 2 5 1 766 2885 2884
4974 2 2 5 1 2885 2886 2884
4975 2 2 5 1 2885 916 2886
4976 2 2 5 1 2884 2886 914
4977 2 2 5 1 766 2279 2885
4978 2 2 5 1 2279 2887 2885
4979 2 2 5 1 2279 282 2887
4980 2 2 5 1 2885 2887 916
4981 2 2 5 1 914 2886 2881
4982 2 2 5 1 2886 2888 2881
4983 2 2 5 1 2886 916 2888
4984 2 2 5 1 2881 2888 425
4985 2 2 5 1 426 2883 2890
4986 2 2 5 1 2883 2889 2890
4987 2 2 5 1 2883 915 2889
4988 2 2 5 1 2890 2889 918
4989 2 2 5 1 915 2891 2889
4990 2 2 5 1 2891 2892 2889
4991 2 2 5 1 2891 917 2892
4992 2 2 5 1 2889 2892 918
4993 2 2 5 1 915 2882 2891
4994 2 2 5 1 2882 2893 2891
4995 2 2 5 1 2882 425 2893
4996 2 2 5 1 2891 2893 917
4997 2 2 5 1 918 2892 2895
4998 2 2 5 1 2892 2894 2895
4999 2 2 5 1 2892 917 2894
5000 2 2 5 1 2895 2894 292
5001 2 2 5 1 283 2301 2897
5002 2 2 5 1 2301 2896 2897
5003 2 2 5 1 2301 771 2896
5004 2 2 5 1 2897 2896 920
5005 2 2 5 1 771 2898 2896
5006 2 2 5 1 2898 2899 2896
5007 2 2 5 1 2898 919 2899
5008 2 2 5 1 2896 2899 920
5009 2 2 5 1 771 2300 2898
5010 2 2 5 1 2300 2900 2898
5011 2 2 5 1 2300 390 2900
5012 2 2 5 1 2898 2900 919
5013 2 2 5 1 920 2899 2902
5014 2 2 5 1 2899 2901 2902
5015 2 2 5 1 2899 919 2901
5016 2 2 5 1 2902 2901 428
5017 2 2 5 1 390 2903 2900
5018 2 2 5 1 2903 2904 2900
5019 2 2 5 1 2903 921 2904
5020 2 2 5 1 2900 2904 919
5021 2 2 5 1 921 2905 2904
5022 2 2 5 1 2905 2906 2904
5023 2 2 5 1 2905 922 2906
5024 2 2 5 1 2904 2906 919
5025 2 2 5 1 921 2907 2905
5026 2 2 5 1 2907 2908 2905
5027 2 2 5 1 2907 427 2908
5028 2 2 5 1 2905 2908 922
5029 2 2 5 1 919 2906 2901
5030 2 2 5 1 2906 2909 2901
5031 2 2 5 1 2906 922 2909
5032 2 2 5 1 2901 2909 428
5033 2 2 5 1 390 2296 2903
5034 2 2 5 1 2296 2910 2903
5035 2 2 5 1 2296 770 2910
5036 2 2 5 1 2903 2910 921
5037 2 2 5 1 770 2911 2910
5038 2 2 5 1 2911 2912 2910
5039 2 2 5 1 2911 923 2912
5040 2 2 5 1 2910 2912 921
5041 2 2 5 1 770 2295 2911
5042 2 2 5 1 2295 2913 2911
5043 2 2 5 1 2295 266 2913
5044 2 2 5 1 2911 2913 923
5045 2 2 5 1 921 2912 2907
5046 2 2 5 1 2912 2914 2907
5047 2 2 5 1 2912 923 2914
5048 2 2 5 1 2907 2914 427
5049 2 2 5 1 428 2909 2916
5050 2 2 5 1 2909 2915 2916
5051 2 2 5 1 2909 922 2915
5052 2 2 5 1 2916 2915 925
5053 2 2 5 1 922 2917 2915
5054 2 2 5 1 2917 2918 2915
5055 2 2 5 1 2917 924 2918
5056 2 2 5 1 2915 2918 925
5057 2 2 5 1 922 2908 2917
5058 2 2 5 1 2908 2919 2917
5059 2 2 5 1 2908 427 2919
5060 2 2 5 1 2917 2919 924
5061 2 2 5 1 925 2918 2921
5062 2 2 5 1 2918 2920 2921
5063 2 2 5 1 2918 924 2920
5064 2 2 5 1 2921 2920 293
5065 2 2 5 1 1 7 2563
5066 2 2 5 1 7 2922 2563
5067 2 2 5 1 7 8 2922
5068 2 2 5 1 2563 2922 838
5069 2 2 5 1 8 2923 2922
5070 2 2 5 1 2923 2924 2922
5071 2 2 5 1 2923 926 2924
5072 2 2 5 1 2922 2924 838
5073 2 2 5 1 8 9 2923
5074 2 2 5 1 9 2925 2923
5075 2 2 5 1 9 10 2925
5076 2 2 5 1 2923 2925 926
5077 2 2 5 1 838 2924 2564
5078 2 2 5 1 2924 2926 2564
5079 2 2 5 1 2924 926 2926
5080 2 2 5 1 2564 2926 407
5081 2 2 5 1 10 2927 2925
5082 2 2 5 1 2927 2928 2925
5083 2 2 5 1 2927 927 2928
5084 2 2 5 1 2925 2928 926
5085 2 2 5 1 927 2929 2928
5086 2 2 5 1 2929 2930 2928
5087 2 2 5 1 2929 928 2930
5088 2 2 5 1 2928 2930 926
5089 2 2 5 1 927 2931 2929
5090 2 2 5 1 2931 2932 2929
5091 2 2 5 1 2931 429 2932
5092 2 2 5 1 2929 2932 928
5093 2 2 5 1 926 2930 2926
5094 2 2 5 1 2930 2933 2926
5095 2 2 5 1 2930 928 2933
5096 2 2 5 1 2926 2933 407
5097 2 2 5 1 10 11 2927
5098 2 2 5 1 11 2934 2927
5099 2 2 5 1 11 12 2934
5100 2 2 5 1 2927 2934 927
5101 2 2 5 1 12 2935 2934
5102 2 2 5 1 2935 2936 2934
5103 2 2 5 1 2935 929 2936
5104 2 2 5 1 2934 2936 927
5105 2 2 5 1 12 13 2935
5106 2 2 5 1 13 2937 2935
5107 2 2 5 1 13 14 2937
5108 2 2 5 1 2935 2937 929
5109 2 2 5 1 927 2936 2931
5110 2 2 5 1 2936 2938 2931
5111 2 2 5 1 2936 929 2938
5112 2 2 5 1 2931 2938 429
5113 2 2 5 1 407 2933 2569
5114 2 2 5 1 2933 2939 2569
5115 2 2 5 1 2933 928 2939
5116 2 2 5 1 2569 2939 839
5117 2 2 5 1 928 2940 2939
5118 2 2 5 1 2940 2941 2939
5119 2 2 5 1 2940 930 2941
5120 2 2 5 1 2939 2941 839
5121 2 2 5 1 928 2932 2940
5122 2 2 5 1 2932 2942 2940
5123 2 2 5 1 2932 429 2942
5124 2 2 5 1 2940 2942 930
5125 2 2 5 1 839 2941 2570
5126 2 2 5 1 2941 2943 2570
5127 2 2 5 1 2941 930 2943
5128 2 2 5 1 2570 2943 298
5129 2 2 5 1 45 46 2945
5130 2 2 5 1 46 2944 2945
5131 2 2 5 1 46 47 2944
5132 2 2 5 1 2945 2944 932
5133 2 2 5 1 47 2946 2944
5134 2 2 5 1 2946 2947 2944
5135 2 2 5 1 2946 931 2947
5136 2 2 5 1 2944 2947 932
5137 2 2 5 1 47 48 2946
5138 2 2 5 1 48 2948 2946
5139 2 2 5 1 48 49 2948
5140 2 2 5 1 2946 2948 931
5141 2 2 5 1 932 2947 2950
5142 2 2 5 1 2947 2949 2950
5143 2 2 5 1 2947 931 2949
5144 2 2 5 1 2950 2949 430
5145 2 2 5 1 49 2951 2948
5146 2 2 5 1 2951 2952 2948
5147 2 2 5 1 2951 933 2952
5148 2 2 5 1 2948 2952 931
5149 2 2 5 1 933 2953 2952
5150 2 2 5 1 2953 2954 2952
5151 2 2 5 1 2953 934 2954
5152 2 2 5 1 2952 2954 931
5153 2 2 5 1 933 2955 2953
5154 2 2 5 1 2955 2956 2953
5155 2 2 5 1 2955 410 2956
5156 2 2 5 1 2953 2956 934
5157 2 2 5 1 931 2954 2949
5158 2 2 5 1 2954 2957 2949
5159 2 2 5 1 2954 934 2957
5160 2 2 5 1 2949 2957 430
5161 2 2 5 1 49 50 2951
5162 2 2 5 1 50 2958 2951
5163 2 2 5 1 50 51 2958
5164 2 2 5 1 2951 2958 933
5165 2 2 5 1 51 2959 2958
5166 2 2 5 1 2959 2960 2958
5167 2 2 5 1 2959 842 2960
5168 2 2 5 1 2958 2960 933
5169 2 2 5 1 51 52 2959
5170 2 2 5 1 52 2573 2959
5171 2 2 5 1 52 4 2573
5172 2 2 5 1 2959 2573 842
5173 2 2 5 1 933 2960 2955
5174 2 2 5 1 2960 2578 2955
5175 2 2 5 1 2960 842 2578
5176 2 2 5 1 2955 2578 410
5177 2 2 5 1 430 2957 2962
5178 2 2 5 1 2957 2961 2962
5179 2 2 5 1 2957 934 2961
5180 2 2 5 1 2962 2961 935
5181 2 2 5 1 934 2963 2961
5182 2 2 5 1 2963 2964 2961
5183 2 2 5 1 2963 847 2964
5184 2 2 5 1 2961 2964 935
5185 2 2 5 1 934 2956 2963
5186 2 2 5 1 2956 2592 2963
5187 2 2 5 1 2956 410 2592
5188 2 2 5 1 2963 2592 847
5189 2 2 5 1 935 2964 2965
5190 2 2 5 1 2964 2597 2965
5191 2 2 5 1 2964 847 2597
5192 2 2 5 1 2965 2597 299
5193 2 2 5 1 271 2966 1489
5194 2 2 5 1 2966 2967 1489
5195 2 2 5 1 2966 936 2967
5196 2 2 5 1 1489 2967 571
5197 2 2 5 1 936 2968 2967
5198 2 2 5 1 2968 2969 2967
5199 2 2 5 1 2968 937 2969
5200 2 2 5 1 2967 2969 571
5201 2 2 5 1 936 2970 2968
5202 2 2 5 1 2970 2971 2968
5203 2 2 5 1 2970 431 2971
5204 2 2 5 1 2968 2971 937
5205 2 2 5 1 571 2969 1490
5206 2 2 5 1 2969 2972 1490
5207 2 2 5 1 2969 937 2972
5208 2 2 5 1 1490 2972 341
5209 2 2 5 1 431 2973 2971
5210 2 2 5 1 2973 2974 2971
5211 2 2 5 1 2973 938 2974
5212 2 2 5 1 2971 2974 937
5213 2 2 5 1 938 2975 2974
5214 2 2 5 1 2975 2976 2974
5215 2 2 5 1 2975 939 2976
5216 2 2 5 1 2974 2976 937
5217 2 2 5 1 938 2977 2975
5218 2 2 5 1 2977 2978 2975
5219 2 2 5 1 2977 432 2978
5220 2 2 5 1 2975 2978 939
5221 2 2 5 1 937 2976 2972
5222 2 2 5 1 2976 2979 2972
5223 2 2 5 1 2976 939 2979
5224 2 2 5 1 2972 2979 341
5225 2 2 5 1 431 2980 2973
5226 2 2 5 1 2980 2981 2973
5227 2 2 5 1 2980 940 2981
5228 2 2 5 1 2973 2981 938
5229 2 2 5 1 940 2982 2981
5230 2 2 5 1 2982 2983 2981
5231 2 2 5 1 2982 941 2983
5232 2 2 5 1 2981 2983 938
5233 2 2 5 1 940 2984 2982
5234 2 2 5 1 2984 2985 2982
5235 2 2 5 1 2984 284 2985
5236 2 2 5 1 2982 2985 941
5237 2 2 5 1 938 2983 2977
5238 2 2 5 1 2983 2986 2977
5239 2 2 5 1 2983 941 2986
5240 2 2 5 1 2977 2986 432
5241 2 2 5 1 341 2979 1495
5242 2 2 5 1 2979 2987 1495
5243 2 2 5 1 2979 939 2987
5244 2 2 5 1 1495 2987 572
5245 2 2 5 1 939 2988 2987
5246 2 2 5 1 2988 2989 2987
5247 2 2 5 1 2988 942 2989
5248 2 2 5 1 2987 2989 572
5249 2 2 5 1 939 2978 2988
5250 2 2 5 1 2978 2990 2988
5251 2 2 5 1 2978 432 2990
5252 2 2 5 1 2988 2990 942
5253 2 2 5 1 572 2989 1496
5254 2 2 5 1 2989 2991 1496
5255 2 2 5 1 2989 942 2991
5256 2 2 5 1 1496 2991 301
5257 2 2 5 1 285 2992 2994
5258 2 2 5 1 2992 2993 2994
5259 2 2 5 1 2992 943 2993
5260 2 2 5 1 2994 2993 945
5261 2 2 5 1 943 2995 2993
5262 2 2 5 1 2995 2996 2993
5263 2 2 5 1 2995 944 2996
5264 2 2 5 1 2993 2996 945
5265 2 2 5 1 943 2997 2995
5266 2 2 5 1 2997 2998 2995
5267 2 2 5 1 2997 433 2998
5268 2 2 5 1 2995 2998 944
5269 2 2 5 1 945 2996 3000
5270 2 2 5 1 2996 2999 3000
5271 2 2 5 1 2996 944 2999
5272 2 2 5 1 3000 2999 434
5273 2 2 5 1 433 3001 2998
5274 2 2 5 1 3001 3002 2998
5275 2 2 5 1 3001 946 3002
5276 2 2 5 1 2998 3002 944
5277 2 2 5 1 946 3003 3002
5278 2 2 5 1 3003 3004 3002
5279 2 2 5 1 3003 947 3004
5280 2 2 5 1 3002 3004 944
5281 2 2 5 1 946 3005 3003
5282 2 2 5 1 3005 3006 3003
5283 2 2 5 1 3005 344 3006
5284 2 2 5 1 3003 3006 947
5285 2 2 5 1 944 3004 2999
5286 2 2 5 1 3004 3007 2999
5287 2 2 5 1 3004 947 3007
5288 2 2 5 1 2999 3007 434
5289 2 2 5 1 433 3008 3001
5290 2 2 5 1 3008 3009 3001
5291 2 2 5 1 3008 948 3009
5292 2 2 5 1 3001 3009 946
5293 2 2 5 1 948 3010 3009
5294 2 2 5 1 3010 3011 3009
5295 2 2 5 1 3010 575 3011
5296 2 2 5 1 3009 3011 946
5297 2 2 5 1 948 3012 3010
5298 2 2 5 1 3012 1499 3010
5299 2 2 5 1 3012 272 1499
5300 2 2 5 1 3010 1499 575
5301 2 2 5 1 946 3011 3005
5302 2 2 5 1 3011 1504 3005
5303 2 2 5 1 3011 575 1504
5304 2 2 5 1 3005 1504 344
5305 2 2 5 1 434 3007 3014
5306 2 2 5 1 3007 3013 3014
5307 2 2 5 1 3007 947 3013
5308 2 2 5 1 3014 3013 949
5309 2 2 5 1 947 3015 3013
5310 2 2 5 1 3015 3016 3013
5311 2 2 5 1 3015 580 3016
5312 2 2 5 1 3013 3016 949
5313 2 2 5 1 947 3006 3015
5314 2 2 5 1 3006 1518 3015
5315 2 2 5 1 3006 344 1518
5316 2 2 5 1 3015 1518 580
5317 2 2 5 1 949 3016 3017
5318 2 2 5 1 3016 1523 3017
5319 2 2 5 1 3016 580 1523
5320 2 2 5 1 3017 1523 300
5321 2 2 5 1 271 1756 3019
5322 2 2 5 1 1756 3018 3019
5323 2 2 5 1 1756 642 3018
5324 2 2 5 1 3019 3018 951
5325 2 2 5 1 642 3020 3018
5326 2 2 5 1 3020 3021 3018
5327 2 2 5 1 3020 950 3021
5328 2 2 5 1 3018 3021 951
5329 2 2 5 1 642 1755 3020
5330 2 2 5 1 1755 3022 3020
5331 2 2 5 1 1755 361 3022
5332 2 2 5 1 3020 3022 950
5333 2 2 5 1 951 3021 3024
5334 2 2 5 1 3021 3023 3024
5335 2 2 5 1 3021 950 3023
5336 2 2 5 1 3024 3023 435
5337 2 2 5 1 361 3025 3022
5338 2 2 5 1 3025 3026 3022
5339 2 2 5 1 3025 952 3026
5340 2 2 5 1 3022 3026 950
5341 2 2 5 1 952 3027 3026
5342 2 2 5 1 3027 3028 3026
5343 2 2 5 1 3027 953 3028
5344 2 2 5 1 3026 3028 950
5345 2 2 5 1 952 3029 3027
5346 2 2 5 1 3029 3030 3027
5347 2 2 5 1 3029 412 3030
5348 2 2 5 1 3027 3030 953
5349 2 2 5 1 950 3028 3023
5350 2 2 5 1 3028 3031 3023
5351 2 2 5 1 3028 953 3031
5352 2 2 5 1 3023 3031 435
5353 2 2 5 1 361 1750 3025
5354 2 2 5 1 1750 3032 3025
5355 2 2 5 1 1750 641 3032
5356 2 2 5 1 3025 3032 952
5357 2 2 5 1 641 3033 3032
5358 2 2 5 1 3033 3034 3032
5359 2 2 5 1 3033 849 3034
5360 2 2 5 1 3032 3034 952
5361 2 2 5 1 641 1749 3033
5362 2 2 5 1 1749 2599 3033
5363 2 2 5 1 1749 155 2599
5364 2 2 5 1 3033 2599 849
5365 2 2 5 1 952 3034 3029
5366 2 2 5 1 3034 2604 3029
5367 2 2 5 1 3034 849 2604
5368 2 2 5 1 3029 2604 412
5369 2 2 5 1 435 3031 3036
5370 2 2 5 1 3031 3035 3036
5371 2 2 5 1 3031 953 3035
5372 2 2 5 1 3036 3035 954
5373 2 2 5 1 953 3037 3035
5374 2 2 5 1 3037 3038 3035
5375 2 2 5 1 3037 854 3038
5376 2 2 5 1 3035 3038 954
5377 2 2 5 1 953 3030 3037
5378 2 2 5 1 3030 2618 3037
5379 2 2 5 1 3030 412 2618
5380 2 2 5 1 3037 2618 854
5381 2 2 5 1 954 3038 3039
5382 2 2 5 1 3038 2623 3039
5383 2 2 5 1 3038 854 2623
5384 2 2 5 1 3039 2623 294
5385 2 2 5 1 99 1759 2641
5386 2 2 5 1 1759 3040 2641
5387 2 2 5 1 1759 645 3040
5388 2 2 5 1 2641 3040 859
5389 2 2 5 1 645 3041 3040
5390 2 2 5 1 3041 3042 3040
5391 2 2 5 1 3041 955 3042
5392 2 2 5 1 3040 3042 859
5393 2 2 5 1 645 1764 3041
5394 2 2 5 1 1764 3043 3041
5395 2 2 5 1 1764 364 3043
5396 2 2 5 1 3041 3043 955
5397 2 2 5 1 859 3042 2642
5398 2 2 5 1 3042 3044 2642
5399 2 2 5 1 3042 955 3044
5400 2 2 5 1 2642 3044 413
5401 2 2 5 1 364 3045 3043
5402 2 2 5 1 3045 3046 3043
5403 2 2 5 1 3045 956 3046
5404 2 2 5 1 3043 3046 955
5405 2 2 5 1 956 3047 3046
5406 2 2 5 1 3047 3048 3046
5407 2 2 5 1 3047 957 3048
5408 2 2 5 1 3046 3048 955
5409 2 2 5 1 956 3049 3047
5410 2 2 5 1 3049 3050 3047
5411 2 2 5 1 3049 436 3050
5412 2 2 5 1 3047 3050 957
5413 2 2 5 1 955 3048 3044
5414 2 2 5 1 3048 3051 3044
5415 2 2 5 1 3048 957 3051
5416 2 2 5 1 3044 3051 413
5417 2 2 5 1 364 1778 3045
5418 2 2 5 1 1778 3052 3045
5419 2 2 5 1 1778 650 3052
5420 2 2 5 1 3045 3052 956
5421 2 2 5 1 650 3053 3052
5422 2 2 5 1 3053 3054 3052
5423 2 2 5 1 3053 958 3054
5424 2 2 5 1 3052 3054 956
5425 2 2 5 1 650 1783 3053
5426 2 2 5 1 1783 3055 3053
5427 2 2 5 1 1783 272 3055
5428 2 2 5 1 3053 3055 958
5429 2 2 5 1 956 3054 3049
5430 2 2 5 1 3054 3056 3049
5431 2 2 5 1 3054 958 3056
5432 2 2 5 1 3049 3056 436
5433 2 2 5 1 413 3051 2647
5434 2 2 5 1 3051 3057 2647
5435 2 2 5 1 3051 957 3057
5436 2 2 5 1 2647 3057 860
5437 2 2 5 1 957 3058 3057
5438 2 2 5 1 3058 3059 3057
5439 2 2 5 1 3058 959 3059
5440 2 2 5 1 3057 3059 860
5441 2 2 5 1 957 3050 3058
5442 2 2 5 1 3050 3060 3058
5443 2 2 5 1 3050 436 3060
5444 2 2 5 1 3058 3060 959
5445 2 2 5 1 860 3059 2648
5446 2 2 5 1 3059 3061 2648
5447 2 2 5 1 3059 959 3061
5448 2 2 5 1 2648 3061 295
5449 2 2 5 1 269 2536 3063
5450 2 2 5 1 2536 3062 3063
5451 2 2 5 1 2536 830 3062
5452 2 2 5 1 3063 3062 961
5453 2 2 5 1 830 3064 3062
5454 2 2 5 1 3064 3065 3062
5455 2 2 5 1 3064 960 3065
5456 2 2 5 1 3062 3065 961
5457 2 2 5 1 830 2532 3064
5458 2 2 5 1 2532 3066 3064
5459 2 2 5 1 2532 404 3066
5460 2 2 5 1 3064 3066 960
5461 2 2 5 1 961 3065 3068
5462 2 2 5 1 3065 3067 3068
5463 2 2 5 1 3065 960 3067
5464 2 2 5 1 3068 3067 438
5465 2 2 5 1 404 3069 3066
5466 2 2 5 1 3069 3070 3066
5467 2 2 5 1 3069 962 3070
5468 2 2 5 1 3066 3070 960
5469 2 2 5 1 962 3071 3070
5470 2 2 5 1 3071 3072 3070
5471 2 2 5 1 3071 963 3072
5472 2 2 5 1 3070 3072 960
5473 2 2 5 1 962 3073 3071
5474 2 2 5 1 3073 3074 3071
5475 2 2 5 1 3073 437 3074
5476 2 2 5 1 3071 3074 963
5477 2 2 5 1 960 3072 3067
5478 2 2 5 1 3072 3075 3067
5479 2 2 5 1 3072 963 3075
5480 2 2 5 1 3067 3075 438
5481 2 2 5 1 404 2521 3069
5482 2 2 5 1 2521 3076 3069
5483 2 2 5 1 2521 825 3076
5484 2 2 5 1 3069 3076 962
5485 2 2 5 1 825 3077 3076
5486 2 2 5 1 3077 3078 3076
5487 2 2 5 1 3077 964 3078
5488 2 2 5 1 3076 3078 962
5489 2 2 5 1 825 2516 3077
5490 2 2 5 1 2516 3079 3077
5491 2 2 5 1 2516 283 3079
5492 2 2 5 1 3077 3079 964
5493 2 2 5 1 962 3078 3073
5494 2 2 5 1 3078 3080 3073
5495 2 2 5 1 3078 964 3080
5496 2 2 5 1 3073 3080 437
5497 2 2 5 1 438 3075 3082
5498 2 2 5 1 3075 3081 3082
5499 2 2 5 1 3075 963 3081
5500 2 2 5 1 3082 3081 966
5501 2 2 5 1 963 3083 3081
5502 2 2 5 1 3083 3084 3081
5503 2 2 5 1 3083 965 3084
5504 2 2 5 1 3081 3084 966
5505 2 2 5 1 963 3074 3083
5506 2 2 5 1 3074 3085 3083
5507 2 2 5 1 3074 437 3085
5508 2 2 5 1 3083 3085 965
5509 2 2 5 1 966 3084 3087
5510 2 2 5 1 3084 3086 3087
5511 2 2 5 1 3084 965 3086
5512 2 2 5 1 3087 3086 290
5513 2 2 5 1 282 2506 3089
5514 2 2 5 1 2506 3088 3089
5515 2 2 5 1 2506 821 3088
5516 2 2 5 1 3089 3088 968
5517 2 2 5 1 821 3090 3088
5518 2 2 5 1 3090 3091 3088
5519 2 2 5 1 3090 967 3091
5520 2 2 5 1 3088 3091 968
5521 2 2 5 1 821 2502 3090
5522 2 2 5 1 2502 3092 3090
5523 2 2 5 1 2502 401 3092
5524 2 2 5 1 3090 3092 967
5525 2 2 5 1 968 3091 3094
5526 2 2 5 1 3091 3093 3094
5527 2 2 5 1 3091 967 3093
5528 2 2 5 1 3094 3093 440
5529 2 2 5 1 401 3095 3092
5530 2 2 5 1 3095 3096 3092
5531 2 2 5 1 3095 969 3096
5532 2 2 5 1 3092 3096 967
5533 2 2 5 1 969 3097 3096
5534 2 2 5 1 3097 3098 3096
5535 2 2 5 1 3097 970 3098
5536 2 2 5 1 3096 3098 967
5537 2 2 5 1 969 3099 3097
5538 2 2 5 1 3099 3100 3097
5539 2 2 5 1 3099 439 3100
5540 2 2 5 1 3097 3100 970
5541 2 2 5 1 967 3098 3093
5542 2 2 5 1 3098 3101 3093
5543 2 2 5 1 3098 970 3101
5544 2 2 5 1 3093 3101 440
5545 2 2 5 1 401 2491 3095
5546 2 2 5 1 2491 3102 3095
5547 2 2 5 1 2491 816 3102
5548 2 2 5 1 3095 3102 969
5549 2 2 5 1 816 3103 3102
5550 2 2 5 1 3103 3104 3102
5551 2 2 5 1 3103 971 3104
5552 2 2 5 1 3102 3104 969
5553 2 2 5 1 816 2486 3103
5554 2 2 5 1 2486 3105 3103
5555 2 2 5 1 2486 270 3105
5556 2 2 5 1 3103 3105 971
5557 2 2 5 1 969 3104 3099
5558 2 2 5 1 3104 3106 3099
5559 2 2 5 1 3104 971 3106
5560 2 2 5 1 3099 3106 439
5561 2 2 5 1 440 3101 3108
5562 2 2 5 1 3101 3107 3108
5563 2 2 5 1 3101 970 3107
5564 2 2 5 1 3108 3107 973
5565 2 2 5 1 970 3109 3107
5566 2 2 5 1 3109 3110 3107
5567 2 2 5 1 3109 972 3110
5568 2 2 5 1 3107 3110 973
5569 2 2 5 1 970 3100 3109
5570 2 2 5 1 3100 3111 3109
5571 2 2 5 1 3100 439 3111
5572 2 2 5 1 3109 3111 972
5573 2 2 5 1 973 3110 3113
5574 2 2 5 1 3110 3112 3113
5575 2 2 5 1 3110 972 3112
5576 2 2 5 1 3113 3112 291
5577 2 2 5 1 282 3089 2887
5578 2 2 5 1 3089 3114 2887
5579 2 2 5 1 3089 968 3114
5580 2 2 5 1 2887 3114 916
5581 2 2 5 1 968 3115 3114
5582 2 2 5 1 3115 3116 3114
5583 2 2 5 1 3115 974 3116
5584 2 2 5 1 3114 3116 916
5585 2 2 5 1 968 3094 3115
5586 2 2 5 1 3094 3117 3115
5587 2 2 5 1 3094 440 3117
5588 2 2 5 1 3115 3117 974
5589 2 2 5 1 916 3116 2888
5590 2 2 5 1 3116 3118 2888
5591 2 2 5 1 3116 974 3118
5592 2 2 5 1 2888 3118 425
5593 2 2 5 1 440 3119 3117
5594 2 2 5 1 3119 3120 3117
5595 2 2 5 1 3119 975 3120
5596 2 2 5 1 3117 3120 974
5597 2 2 5 1 975 3121 3120
5598 2 2 5 1 3121 3122 3120
5599 2 2 5 1 3121 976 3122
5600 2 2 5 1 3120 3122 974
5601 2 2 5 1 975 3123 3121
5602 2 2 5 1 3123 3124 3121
5603 2 2 5 1 3123 441 3124
5604 2 2 5 1 3121 3124 976
5605 2 2 5 1 974 3122 3118
5606 2 2 5 1 3122 3125 3118
5607 2 2 5 1 3122 976 3125
5608 2 2 5 1 3118 3125 425
5609 2 2 5 1 440 3108 3119
5610 2 2 5 1 3108 3126 3119
5611 2 2 5 1 3108 973 3126
5612 2 2 5 1 3119 3126 975
5613 2 2 5 1 973 3127 3126
5614 2 2 5 1 3127 3128 3126
5615 2 2 5 1 3127 977 3128
5616 2 2 5 1 3126 3128 975
5617 2 2 5 1 973 3113 3127
5618 2 2 5 1 3113 3129 3127
5619 2 2 5 1 3113 291 3129
5620 2 2 5 1 3127 3129 977
5621 2 2 5 1 975 3128 3123
5622 2 2 5 1 3128 3130 3123
5623 2 2 5 1 3128 977 3130
5624 2 2 5 1 3123 3130 441
5625 2 2 5 1 425 3125 2893
5626 2 2 5 1 3125 3131 2893
5627 2 2 5 1 3125 976 3131
5628 2 2 5 1 2893 3131 917
5629 2 2 5 1 976 3132 3131
5630 2 2 5 1 3132 3133 3131
5631 2 2 5 1 3132 978 3133
5632 2 2 5 1 3131 3133 917
5633 2 2 5 1 976 3124 3132
5634 2 2 5 1 3124 3134 3132
5635 2 2 5 1 3124 441 3134
5636 2 2 5 1 3132 3134 978
5637 2 2 5 1 917 3133 2894
5638 2 2 5 1 3133 3135 2894
5639 2 2 5 1 3133 978 3135
5640 2 2 5 1 2894 3135 292
5641 2 2 5 1 290 3086 3137
5642 2 2 5 1 3086 3136 3137
5643 2 2 5 1 3086 965 3136
5644 2 2 5 1 3137 3136 980
5645 2 2 5 1 965 3138 3136
5646 2 2 5 1 3138 3139 3136
5647 2 2 5 1 3138 979 3139
5648 2 2 5 1 3136 3139 980
5649 2 2 5 1 965 3085 3138
5650 2 2 5 1 3085 3140 3138
5651 2 2 5 1 3085 437 3140
5652 2 2 5 1 3138 3140 979
5653 2 2 5 1 980 3139 3142
5654 2 2 5 1 3139 3141 3142
5655 2 2 5 1 3139 979 3141
5656 2 2 5 1 3142 3141 442
5657 2 2 5 1 437 3143 3140
5658 2 2 5 1 3143 3144 3140
5659 2 2 5 1 3143 981 3144
5660 2 2 5 1 3140 3144 979
5661 2 2 5 1 981 3145 3144
5662 2 2 5 1 3145 3146 3144
5663 2 2 5 1 3145 982 3146
5664 2 2 5 1 3144 3146 979
5665 2 2 5 1 981 3147 3145
5666 2 2 5 1 3147 3148 3145
5667 2 2 5 1 3147 428 3148
5668 2 2 5 1 3145 3148 982
5669 2 2 5 1 979 3146 3141
5670 2 2 5 1 3146 3149 3141
5671 2 2 5 1 3146 982 3149
5672 2 2 5 1 3141 3149 442
5673 2 2 5 1 437 3080 3143
5674 2 2 5 1 3080 3150 3143
5675 2 2 5 1 3080 964 3150
5676 2 2 5 1 3143 3150 981
5677 2 2 5 1 964 3151 3150
5678 2 2 5 1 3151 3152 3150
5679 2 2 5 1 3151 920 3152
5680 2 2 5 1 3150 3152 981
5681 2 2 5 1 964 3079 3151
5682 2 2 5 1 3079 2897 3151
5683 2 2 5 1 3079 283 2897
5684 2 2 5 1 3151 2897 920
5685 2 2 5 1 981 3152 3147
5686 2 2 5 1 3152 2902 3147
5687 2 2 5 1 3152 920 2902
5688 2 2 5 1 3147 2902 428
5689 2 2 5 1 442 3149 3154
5690 2 2 5 1 3149 3153 3154
5691 2 2 5 1 3149 982 3153
5692 2 2 5 1 3154 3153 983
5693 2 2 5 1 982 3155 3153
5694 2 2 5 1 3155 3156 3153
5695 2 2 5 1 3155 925 3156
5696 2 2 5 1 3153 3156 983
5697 2 2 5 1 982 3148 3155
5698 2 2 5 1 3148 2916 3155
5699 2 2 5 1 3148 428 2916
5700 2 2 5 1 3155 2916 925
5701 2 2 5 1 983 3156 3157
5702 2 2 5 1 3156 2921 3157
5703 2 2 5 1 3156 925 2921
5704 2 2 5 1 3157 2921 293
5705 2 2 5 1 268 1577 1463
5706 2 2 5 1 1577 3158 1463
5707 2 2 5 1 1577 596 3158
5708 2 2 5 1 1463 3158 564
5709 2 2 5 1 596 3159 3158
5710 2 2 5 1 3159 3160 3158
5711 2 2 5 1 3159 984 3160
5712 2 2 5 1 3158 3160 564
5713 2 2 5 1 596 1582 3159
5714 2 2 5 1 1582 3161 3159
5715 2 2 5 1 1582 349 3161
5716 2 2 5 1 3159 3161 984
5717 2 2 5 1 564 3160 1464
5718 2 2 5 1 3160 3162 1464
5719 2 2 5 1 3160 984 3162
5720 2 2 5 1 1464 3162 339
5721 2 2 5 1 349 3163 3161
5722 2 2 5 1 3163 3164 3161
5723 2 2 5 1 3163 985 3164
5724 2 2 5 1 3161 3164 984
5725 2 2 5 1 985 3165 3164
5726 2 2 5 1 3165 3166 3164
5727 2 2 5 1 3165 986 3166
5728 2 2 5 1 3164 3166 984
5729 2 2 5 1 985 3167 3165
5730 2 2 5 1 3167 3168 3165
5731 2 2 5 1 3167 374 3168
5732 2 2 5 1 3165 3168 986
5733 2 2 5 1 984 3166 3162
5734 2 2 5 1 3166 3169 3162
5735 2 2 5 1 3166 986 3169
5736 2 2 5 1 3162 3169 339
5737 2 2 5 1 349 1594 3163
5738 2 2 5 1 1594 3170 3163
5739 2 2 5 1 1594 599 3170
5740 2 2 5 1 3163 3170 985
5741 2 2 5 1 599 3171 3170
5742 2 2 5 1 3171 3172 3170
5743 2 2 5 1 3171 683 3172
5744 2 2 5 1 3170 3172 985
5745 2 2 5 1 599 1597 3171
5746 2 2 5 1 1597 1907 3171
5747 2 2 5 1 1597 279 1907
5748 2 2 5 1 3171 1907 683
5749 2 2 5 1 985 3172 3167
5750 2 2 5 1 3172 1912 3167
5751 2 2 5 1 3172 683 1912
5752 2 2 5 1 3167 1912 374
5753 2 2 5 1 339 3169 1469
5754 2 2 5 1 3169 3173 1469
5755 2 2 5 1 3169 986 3173
5756 2 2 5 1 1469 3173 565
5757 2 2 5 1 986 3174 3173
5758 2 2 5 1 3174 3175 3173
5759 2 2 5 1 3174 688 3175
5760 2 2 5 1 3173 3175 565
5761 2 2 5 1 986 3168 3174
5762 2 2 5 1 3168 1926 3174
5763 2 2 5 1 3168 374 1926
5764 2 2 5 1 3174 1926 688
5765 2 2 5 1 565 3175 1470
5766 2 2 5 1 3175 1931 1470
5767 2 2 5 1 3175 688 1931
5768 2 2 5 1 1470 1931 297
5769 2 2 5 1 280 1619 1897
5770 2 2 5 1 1619 3176 1897
5771 2 2 5 1 1619 604 3176
5772 2 2 5 1 1897 3176 679
5773 2 2 5 1 604 3177 3176
5774 2 2 5 1 3177 3178 3176
5775 2 2 5 1 3177 987 3178
5776 2 2 5 1 3176 3178 679
5777 2 2 5 1 604 1618 3177
5778 2 2 5 1 1618 3179 3177
5779 2 2 5 1 1618 350 3179
5780 2 2 5 1 3177 3179 987
5781 2 2 5 1 679 3178 1898
5782 2 2 5 1 3178 3180 1898
5783 2 2 5 1 3178 987 3180
5784 2 2 5 1 1898 3180 371
5785 2 2 5 1 350 3181 3179
5786 2 2 5 1 3181 3182 3179
5787 2 2 5 1 3181 988 3182
5788 2 2 5 1 3179 3182 987
5789 2 2 5 1 988 3183 3182
5790 2 2 5 1 3183 3184 3182
5791 2 2 5 1 3183 989 3184
5792 2 2 5 1 3182 3184 987
5793 2 2 5 1 988 3185 3183
5794 2 2 5 1 3185 3186 3183
5795 2 2 5 1 3185 337 3186
5796 2 2 5 1 3183 3186 989
5797 2 2 5 1 987 3184 3180
5798 2 2 5 1 3184 3187 3180
5799 2 2 5 1 3184 989 3187
5800 2 2 5 1 3180 3187 371
5801 2 2 5 1 350 1614 3181
5802 2 2 5 1 1614 3188 3181
5803 2 2 5 1 1614 603 3188
5804 2 2 5 1 3181 3188 988
5805 2 2 5 1 603 3189 3188
5806 2 2 5 1 3189 3190 3188
5807 2 2 5 1 3189 551 3190
5808 2 2 5 1 3188 3190 988
5809 2 2 5 1 603 1613 3189
5810 2 2 5 1 1613 1414 3189
5811 2 2 5 1 1613 267 1414
5812 2 2 5 1 3189 1414 551
5813 2 2 5 1 988 3190 3185
5814 2 2 5 1 3190 1420 3185
5815 2 2 5 1 3190 551 1420
5816 2 2 5 1 3185 1420 337
5817 2 2 5 1 371 3187 1903
5818 2 2 5 1 3187 3191 1903
5819 2 2 5 1 3187 989 3191
5820 2 2 5 1 1903 3191 680
5821 2 2 5 1 989 3192 3191
5822 2 2 5 1 3192 3193 3191
5823 2 2 5 1 3192 557 3193
5824 2 2 5 1 3191 3193 680
5825 2 2 5 1 989 3186 3192
5826 2 2 5 1 3186 1436 3192
5827 2 2 5 1 3186 337 1436
5828 2 2 5 1 3192 1436 557
5829 2 2 5 1 680 3193 1904
5830 2 2 5 1 3193 1441 1904
5831 2 2 5 1 3193 557 1441
5832 2 2 5 1 1904 1441 296
5833 2 2 5 1 37 2329 2819
5834 2 2 5 1 2329 3194 2819
5835 2 2 5 1 2329 780 3194
5836 2 2 5 1 2819 3194 900
5837 2 2 5 1 780 3195 3194
5838 2 2 5 1 3195 3196 3194
5839 2 2 5 1 3195 990 3196
5840 2 2 5 1 3194 3196 900
5841 2 2 5 1 780 2334 3195
5842 2 2 5 1 2334 3197 3195
5843 2 2 5 1 2334 394 3197
5844 2 2 5 1 3195 3197 990
5845 2 2 5 1 900 3196 2820
5846 2 2 5 1 3196 3198 2820
5847 2 2 5 1 3196 990 3198
5848 2 2 5 1 2820 3198 422
5849 2 2 5 1 394 3199 3197
5850 2 2 5 1 3199 3200 3197
5851 2 2 5 1 3199 991 3200
5852 2 2 5 1 3197 3200 990
5853 2 2 5 1 991 3201 3200
5854 2 2 5 1 3201 3202 3200
5855 2 2 5 1 3201 992 3202
5856 2 2 5 1 3200 3202 990
5857 2 2 5 1 991 3203 3201
5858 2 2 5 1 3203 3204 3201
5859 2 2 5 1 3203 443 3204
5860 2 2 5 1 3201 3204 992
5861 2 2 5 1 990 3202 3198
5862 2 2 5 1 3202 3205 3198
5863 2 2 5 1 3202 992 3205
5864 2 2 5 1 3198 3205 422
5865 2 2 5 1 394 2348 3199
5866 2 2 5 1 2348 3206 3199
5867 2 2 5 1 2348 785 3206
5868 2 2 5 1 3199 3206 991
5869 2 2 5 1 785 3207 3206
5870 2 2 5 1 3207 3208 3206
5871 2 2 5 1 3207 993 3208
5872 2 2 5 1 3206 3208 991
5873 2 2 5 1 785 2353 3207
5874 2 2 5 1 2353 3209 3207
5875 2 2 5 1 2353 269 3209
5876 2 2 5 1 3207 3209 993
5877 2 2 5 1 991 3208 3203
5878 2 2 5 1 3208 3210 3203
5879 2 2 5 1 3208 993 3210
5880 2 2 5 1 3203 3210 443
5881 2 2 5 1 422 3205 2824
5882 2 2 5 1 3205 3211 2824
5883 2 2 5 1 3205 992 3211
5884 2 2 5 1 2824 3211 901
5885 2 2 5 1 992 3212 3211
5886 2 2 5 1 3212 3213 3211
5887 2 2 5 1 3212 994 3213
5888 2 2 5 1 3211 3213 901
5889 2 2 5 1 992 3204 3212
5890 2 2 5 1 3204 3214 3212
5891 2 2 5 1 3204 443 3214
5892 2 2 5 1 3212 3214 994
5893 2 2 5 1 901 3213 2825
5894 2 2 5 1 3213 3215 2825
5895 2 2 5 1 3213 994 3215
5896 2 2 5 1 2825 3215 288
5897 2 2 5 1 270 2326 3217
5898 2 2 5 1 2326 3216 3217
5899 2 2 5 1 2326 777 3216
5900 2 2 5 1 3217 3216 996
5901 2 2 5 1 777 3218 3216
5902 2 2 5 1 3218 3219 3216
5903 2 2 5 1 3218 995 3219
5904 2 2 5 1 3216 3219 996
5905 2 2 5 1 777 2325 3218
5906 2 2 5 1 2325 3220 3218
5907 2 2 5 1 2325 391 3220
5908 2 2 5 1 3218 3220 995
5909 2 2 5 1 996 3219 3222
5910 2 2 5 1 3219 3221 3222
5911 2 2 5 1 3219 995 3221
5912 2 2 5 1 3222 3221 444
5913 2 2 5 1 391 3223 3220
5914 2 2 5 1 3223 3224 3220
5915 2 2 5 1 3223 997 3224
5916 2 2 5 1 3220 3224 995
5917 2 2 5 1 997 3225 3224
5918 2 2 5 1 3225 3226 3224
5919 2 2 5 1 3225 998 3226
5920 2 2 5 1 3224 3226 995
5921 2 2 5 1 997 3227 3225
5922 2 2 5 1 3227 3228 3225
5923 2 2 5 1 3227 421 3228
5924 2 2 5 1 3225 3228 998
5925 2 2 5 1 995 3226 3221
5926 2 2 5 1 3226 3229 3221
5927 2 2 5 1 3226 998 3229
5928 2 2 5 1 3221 3229 444
5929 2 2 5 1 391 2320 3223
5930 2 2 5 1 2320 3230 3223
5931 2 2 5 1 2320 776 3230
5932 2 2 5 1 3223 3230 997
5933 2 2 5 1 776 3231 3230
5934 2 2 5 1 3231 3232 3230
5935 2 2 5 1 3231 893 3232
5936 2 2 5 1 3230 3232 997
5937 2 2 5 1 776 2319 3231
5938 2 2 5 1 2319 2783 3231
5939 2 2 5 1 2319 22 2783
5940 2 2 5 1 3231 2783 893
5941 2 2 5 1 997 3232 3227
5942 2 2 5 1 3232 2788 3227
5943 2 2 5 1 3232 893 2788
5944 2 2 5 1 3227 2788 421
5945 2 2 5 1 444 3229 3234
5946 2 2 5 1 3229 3233 3234
5947 2 2 5 1 3229 998 3233
5948 2 2 5 1 3234 3233 999
5949 2 2 5 1 998 3235 3233
5950 2 2 5 1 3235 3236 3233
5951 2 2 5 1 3235 896 3236
5952 2 2 5 1 3233 3236 999
5953 2 2 5 1 998 3228 3235
5954 2 2 5 1 3228 2800 3235
5955 2 2 5 1 3228 421 2800
5956 2 2 5 1 3235 2800 896
5957 2 2 5 1 999 3236 3237
5958 2 2 5 1 3236 2803 3237
5959 2 2 5 1 3236 896 2803
5960 2 2 5 1 3237 2803 289
5961 2 2 5 1 284 2984 3239
5962 2 2 5 1 2984 3238 3239
5963 2 2 5 1 2984 940 3238
5964 2 2 5 1 3239 3238 1001
5965 2 2 5 1 940 3240 3238
5966 2 2 5 1 3240 3241 3238
5967 2 2 5 1 3240 1000 3241
5968 2 2 5 1 3238 3241 1001
5969 2 2 5 1 940 2980 3240
5970 2 2 5 1 2980 3242 3240
5971 2 2 5 1 2980 431 3242
5972 2 2 5 1 3240 3242 1000
5973 2 2 5 1 1001 3241 3244
5974 2 2 5 1 3241 3243 3244
5975 2 2 5 1 3241 1000 3243
5976 2 2 5 1 3244 3243 445
5977 2 2 5 1 431 3245 3242
5978 2 2 5 1 3245 3246 3242
5979 2 2 5 1 3245 1002 3246
5980 2 2 5 1 3242 3246 1000
5981 2 2 5 1 1002 3247 3246
5982 2 2 5 1 3247 3248 3246
5983 2 2 5 1 3247 1003 3248
5984 2 2 5 1 3246 3248 1000
5985 2 2 5 1 1002 3249 3247
5986 2 2 5 1 3249 3250 3247
5987 2 2 5 1 3249 435 3250
5988 2 2 5 1 3247 3250 1003
5989 2 2 5 1 1000 3248 3243
5990 2 2 5 1 3248 3251 3243
5991 2 2 5 1 3248 1003 3251
5992 2 2 5 1 3243 3251 445
5993 2 2 5 1 431 2970 3245
5994 2 2 5 1 2970 3252 3245
5995 2 2 5 1 2970 936 3252
5996 2 2 5 1 3245 3252 1002
5997 2 2 5 1 936 3253 3252
5998 2 2 5 1 3253 3254 3252
5999 2 2 5 1 3253 951 3254
6000 2 2 5 1 3252 3254 1002
6001 2 2 5 1 936 2966 3253
6002 2 2 5 1 2966 3019 3253
6003 2 2 5 1 2966 271 3019
6004 2 2 5 1 3253 3019 951
6005 2 2 5 1 1002 3254 3249
6006 2 2 5 1 3254 3024 3249
6007 2 2 5 1 3254 951 3024
6008 2 2 5 1 3249 3024 435
6009 2 2 5 1 445 3251 3256
6010 2 2 5 1 3251 3255 3256
6011 2 2 5 1 3251 1003 3255
6012 2 2 5 1 3256 3255 1004
6013 2 2 5 1 1003 3257 3255
6014 2 2 5 1 3257 3258 3255
6015 2 2 5 1 3257 954 3258
6016 2 2 5 1 3255 3258 1004
6017 2 2 5 1 1003 3250 3257
6018 2 2 5 1 3250 3036 3257
6019 2 2 5 1 3250 435 3036
6020 2 2 5 1 3257 3036 954
6021 2 2 5 1 1004 3258 3259
6022 2 2 5 1 3258 3039 3259
6023 2 2 5 1 3258 954 3039
6024 2 2 5 1 3259 3039 294
6025 2 2 5 1 272 3012 3055
6026 2 2 5 1 3012 3260 3055
6027 2 2 5 1 3012 948 3260
6028 2 2 5 1 3055 3260 958
6029 2 2 5 1 948 3261 3260
6030 2 2 5 1 3261 3262 3260
6031 2 2 5 1 3261 1005 3262
6032 2 2 5 1 3260 3262 958
6033 2 2 5 1 948 3008 3261
6034 2 2 5 1 3008 3263 3261
6035 2 2 5 1 3008 433 3263
6036 2 2 5 1 3261 3263 1005
6037 2 2 5 1 958 3262 3056
6038 2 2 5 1 3262 3264 3056
6039 2 2 5 1 3262 1005 3264
6040 2 2 5 1 3056 3264 436
6041 2 2 5 1 433 3265 3263
6042 2 2 5 1 3265 3266 3263
6043 2 2 5 1 3265 1006 3266
6044 2 2 5 1 3263 3266 1005
6045 2 2 5 1 1006 3267 3266
6046 2 2 5 1 3267 3268 3266
6047 2 2 5 1 3267 1007 3268
6048 2 2 5 1 3266 3268 1005
6049 2 2 5 1 1006 3269 3267
6050 2 2 5 1 3269 3270 3267
6051 2 2 5 1 3269 446 3270
6052 2 2 5 1 3267 3270 1007
6053 2 2 5 1 1005 3268 3264
6054 2 2 5 1 3268 3271 3264
6055 2 2 5 1 3268 1007 3271
6056 2 2 5 1 3264 3271 436
6057 2 2 5 1 433 2997 3265
6058 2 2 5 1 2997 3272 3265
6059 2 2 5 1 2997 943 3272
6060 2 2 5 1 3265 3272 1006
6061 2 2 5 1 943 3273 3272
6062 2 2 5 1 3273 3274 3272
6063 2 2 5 1 3273 1008 3274
6064 2 2 5 1 3272 3274 1006
6065 2 2 5 1 943 2992 3273
6066 2 2 5 1 2992 3275 3273
6067 2 2 5 1 2992 285 3275
6068 2 2 5 1 3273 3275 1008
6069 2 2 5 1 1006 3274 3269
6070 2 2 5 1 3274 3276 3269
6071 2 2 5 1 3274 1008 3276
6072 2 2 5 1 3269 3276 446
6073 2 2 5 1 436 3271 3060
6074 2 2 5 1 3271 3277 3060
6075 2 2 5 1 3271 1007 3277
6076 2 2 5 1 3060 3277 959
6077 2 2 5 1 1007 3278 3277
6078 2 2 5 1 3278 3279 3277
6079 2 2 5 1 3278 1009 3279
6080 2 2 5 1 3277 3279 959
6081 2 2 5 1 1007 3270 3278
6082 2 2 5 1 3270 3280 3278
6083 2 2 5 1 3270 446 3280
6084 2 2 5 1 3278 3280 1009
6085 2 2 5 1 959 3279 3061
6086 2 2 5 1 3279 3281 3061
6087 2 2 5 1 3279 1009 3281
6088 2 2 5 1 3061 3281 295
6089 2 2 5 1 107 108 2369
6090 2 2 5 1 108 3282 2369
6091 2 2 5 1 108 109 3282
6092 2 2 5 1 2369 3282 789
6093 2 2 5 1 109 3283 3282
6094 2 2 5 1 3283 3284 3282
6095 2 2 5 1 3283 1010 3284
6096 2 2 5 1 3282 3284 789
6097 2 2 5 1 109 110 3283
6098 2 2 5 1 110 3285 3283
6099 2 2 5 1 110 111 3285
6100 2 2 5 1 3283 3285 1010
6101 2 2 5 1 789 3284 2370
6102 2 2 5 1 3284 3286 2370
6103 2 2 5 1 3284 1010 3286
6104 2 2 5 1 2370 3286 395
6105 2 2 5 1 111 3287 3285
6106 2 2 5 1 3287 3288 3285
6107 2 2 5 1 3287 1011 3288
6108 2 2 5 1 3285 3288 1010
6109 2 2 5 1 1011 3289 3288
6110 2 2 5 1 3289 3290 3288
6111 2 2 5 1 3289 1012 3290
6112 2 2 5 1 3288 3290 1010
6113 2 2 5 1 1011 3291 3289
6114 2 2 5 1 3291 3292 3289
6115 2 2 5 1 3291 423 3292
6116 2 2 5 1 3289 3292 1012
6117 2 2 5 1 1010 3290 3286
6118 2 2 5 1 3290 3293 3286
6119 2 2 5 1 3290 1012 3293
6120 2 2 5 1 3286 3293 395
6121 2 2 5 1 111 112 3287
6122 2 2 5 1 112 3294 3287
6123 2 2 5 1 112 113 3294
6124 2 2 5 1 3287 3294 1011
6125 2 2 5 1 113 3295 3294
6126 2 2 5 1 3295 3296 3294
6127 2 2 5 1 3295 903 3296
6128 2 2 5 1 3294 3296 1011
6129 2 2 5 1 113 114 3295
6130 2 2 5 1 114 2827 3295
6131 2 2 5 1 114 115 2827
6132 2 2 5 1 3295 2827 903
6133 2 2 5 1 1011 3296 3291
6134 2 2 5 1 3296 2832 3291
6135 2 2 5 1 3296 903 2832
6136 2 2 5 1 3291 2832 423
6137 2 2 5 1 395 3293 2374
6138 2 2 5 1 3293 3297 2374
6139 2 2 5 1 3293 1012 3297
6140 2 2 5 1 2374 3297 790
6141 2 2 5 1 1012 3298 3297
6142 2 2 5 1 3298 3299 3297
6143 2 2 5 1 3298 906 3299
6144 2 2 5 1 3297 3299 790
6145 2 2 5 1 1012 3292 3298
6146 2 2 5 1 3292 2844 3298
6147 2 2 5 1 3292 423 2844
6148 2 2 5 1 3298 2844 906
6149 2 2 5 1 790 3299 2375
6150 2 2 5 1 3299 2847 2375
6151 2 2 5 1 3299 906 2847
6152 2 2 5 1 2375 2847 303
6153 2 2 5 1 139 140 2863
6154 2 2 5 1 140 3300 2863
6155 2 2 5 1 140 141 3300
6156 2 2 5 1 2863 3300 910
6157 2 2 5 1 141 3301 3300
6158 2 2 5 1 3301 3302 3300
6159 2 2 5 1 3301 1013 3302
6160 2 2 5 1 3300 3302 910
6161 2 2 5 1 141 142 3301
6162 2 2 5 1 142 3303 3301
6163 2 2 5 1 142 143 3303
6164 2 2 5 1 3301 3303 1013
6165 2 2 5 1 910 3302 2864
6166 2 2 5 1 3302 3304 2864
6167 2 2 5 1 3302 1013 3304
6168 2 2 5 1 2864 3304 424
6169 2 2 5 1 143 3305 3303
6170 2 2 5 1 3305 3306 3303
6171 2 2 5 1 3305 1014 3306
6172 2 2 5 1 3303 3306 1013
6173 2 2 5 1 1014 3307 3306
6174 2 2 5 1 3307 3308 3306
6175 2 2 5 1 3307 1015 3308
6176 2 2 5 1 3306 3308 1013
6177 2 2 5 1 1014 3309 3307
6178 2 2 5 1 3309 3310 3307
6179 2 2 5 1 3309 396 3310
6180 2 2 5 1 3307 3310 1015
6181 2 2 5 1 1013 3308 3304
6182 2 2 5 1 3308 3311 3304
6183 2 2 5 1 3308 1015 3311
6184 2 2 5 1 3304 3311 424
6185 2 2 5 1 143 144 3305
6186 2 2 5 1 144 3312 3305
6187 2 2 5 1 144 145 3312
6188 2 2 5 1 3305 3312 1014
6189 2 2 5 1 145 3313 3312
6190 2 2 5 1 3313 3314 3312
6191 2 2 5 1 3313 792 3314
6192 2 2 5 1 3312 3314 1014
6193 2 2 5 1 145 146 3313
6194 2 2 5 1 146 2377 3313
6195 2 2 5 1 146 147 2377
6196 2 2 5 1 3313 2377 792
6197 2 2 5 1 1014 3314 3309
6198 2 2 5 1 3314 2382 3309
6199 2 2 5 1 3314 792 2382
6200 2 2 5 1 3309 2382 396
6201 2 2 5 1 424 3311 2868
6202 2 2 5 1 3311 3315 2868
6203 2 2 5 1 3311 1015 3315
6204 2 2 5 1 2868 3315 911
6205 2 2 5 1 1015 3316 3315
6206 2 2 5 1 3316 3317 3315
6207 2 2 5 1 3316 795 3317
6208 2 2 5 1 3315 3317 911
6209 2 2 5 1 1015 3310 3316
6210 2 2 5 1 3310 2394 3316
6211 2 2 5 1 3310 396 2394
6212 2 2 5 1 3316 2394 795
6213 2 2 5 1 911 3317 2869
6214 2 2 5 1 3317 2397 2869
6215 2 2 5 1 3317 795 2397
6216 2 2 5 1 2869 2397 302
6217 2 2 5 1 288 3215 1321
6218 2 2 5 1 3215 3318 1321
6219 2 2 5 1 3215 994 3318
6220 2 2 5 1 1321 3318 523
6221 2 2 5 1 994 3319 3318
6222 2 2 5 1 3319 3320 3318
6223 2 2 5 1 3319 1016 3320
6224 2 2 5 1 3318 3320 523
6225 2 2 5 1 994 3214 3319
6226 2 2 5 1 3214 3321 3319
6227 2 2 5 1 3214 443 3321
6228 2 2 5 1 3319 3321 1016
6229 2 2 5 1 523 3320 1322
6230 2 2 5 1 3320 3322 1322
6231 2 2 5 1 3320 1016 3322
6232 2 2 5 1 1322 3322 326
6233 2 2 5 1 443 3323 3321
6234 2 2 5 1 3323 3324 3321
6235 2 2 5 1 3323 1017 3324
6236 2 2 5 1 3321 3324 1016
6237 2 2 5 1 1017 3325 3324
6238 2 2 5 1 3325 3326 3324
6239 2 2 5 1 3325 1018 3326
6240 2 2 5 1 3324 3326 1016
6241 2 2 5 1 1017 3327 3325
6242 2 2 5 1 3327 3328 3325
6243 2 2 5 1 3327 438 3328
6244 2 2 5 1 3325 3328 1018
6245 2 2 5 1 1016 3326 3322
6246 2 2 5 1 3326 3329 3322
6247 2 2 5 1 3326 1018 3329
6248 2 2 5 1 3322 3329 326
6249 2 2 5 1 443 3210 3323
6250 2 2 5 1 3210 3330 3323
6251 2 2 5 1 3210 993 3330
6252 2 2 5 1 3323 3330 1017
6253 2 2 5 1 993 3331 3330
6254 2 2 5 1 3331 3332 3330
6255 2 2 5 1 3331 961 3332
6256 2 2 5 1 3330 3332 1017
6257 2 2 5 1 993 3209 3331
6258 2 2 5 1 3209 3063 3331
6259 2 2 5 1 3209 269 3063
6260 2 2 5 1 3331 3063 961
6261 2 2 5 1 1017 3332 3327
6262 2 2 5 1 3332 3068 3327
6263 2 2 5 1 3332 961 3068
6264 2 2 5 1 3327 3068 438
6265 2 2 5 1 326 3329 1327
6266 2 2 5 1 3329 3333 1327
6267 2 2 5 1 3329 1018 3333
6268 2 2 5 1 1327 3333 524
6269 2 2 5 1 1018 3334 3333
6270 2 2 5 1 3334 3335 3333
6271 2 2 5 1 3334 966 3335
6272 2 2 5 1 3333 3335 524
6273 2 2 5 1 1018 3328 3334
6274 2 2 5 1 3328 3082 3334
6275 2 2 5 1 3328 438 3082
6276 2 2 5 1 3334 3082 966
6277 2 2 5 1 524 3335 1328
6278 2 2 5 1 3335 3087 1328
6279 2 2 5 1 3335 966 3087
6280 2 2 5 1 1328 3087 290
6281 2 2 5 1 270 3217 3105
6282 2 2 5 1 3217 3336 3105
6283 2 2 5 1 3217 996 3336
6284 2 2 5 1 3105 3336 971
6285 2 2 5 1 996 3337 3336
6286 2 2 5 1 3337 3338 3336
6287 2 2 5 1 3337 1019 3338
6288 2 2 5 1 3336 3338 971
6289 2 2 5 1 996 3222 3337
6290 2 2 5 1 3222 3339 3337
6291 2 2 5 1 3222 444 3339
6292 2 2 5 1 3337 3339 1019
6293 2 2 5 1 971 3338 3106
6294 2 2 5 1 3338 3340 3106
6295 2 2 5 1 3338 1019 3340
6296 2 2 5 1 3106 3340 439
6297 2 2 5 1 444 3341 3339
6298 2 2 5 1 3341 3342 3339
6299 2 2 5 1 3341 1020 3342
6300 2 2 5 1 3339 3342 1019
6301 2 2 5 1 1020 3343 3342
6302 2 2 5 1 3343 3344 3342
6303 2 2 5 1 3343 1021 3344
6304 2 2 5 1 3342 3344 1019
6305 2 2 5 1 1020 3345 3343
6306 2 2 5 1 3345 3346 3343
6307 2 2 5 1 3345 330 3346
6308 2 2 5 1 3343 3346 1021
6309 2 2 5 1 1019 3344 3340
6310 2 2 5 1 3344 3347 3340
6311 2 2 5 1 3344 1021 3347
6312 2 2 5 1 3340 3347 439
6313 2 2 5 1 444 3234 3341
6314 2 2 5 1 3234 3348 3341
6315 2 2 5 1 3234 999 3348
6316 2 2 5 1 3341 3348 1020
6317 2 2 5 1 999 3349 3348
6318 2 2 5 1 3349 3350 3348
6319 2 2 5 1 3349 528 3350
6320 2 2 5 1 3348 3350 1020
6321 2 2 5 1 999 3237 3349
6322 2 2 5 1 3237 1332 3349
6323 2 2 5 1 3237 289 1332
6324 2 2 5 1 3349 1332 528
6325 2 2 5 1 1020 3350 3345
6326 2 2 5 1 3350 1338 3345
6327 2 2 5 1 3350 528 1338
6328 2 2 5 1 3345 1338 330
6329 2 2 5 1 439 3347 3111
6330 2 2 5 1 3347 3351 3111
6331 2 2 5 1 3347 1021 3351
6332 2 2 5 1 3111 3351 972
6333 2 2 5 1 1021 3352 3351
6334 2 2 5 1 3352 3353 3351
6335 2 2 5 1 3352 534 3353
6336 2 2 5 1 3351 3353 972
6337 2 2 5 1 1021 3346 3352
6338 2 2 5 1 3346 1354 3352
6339 2 2 5 1 3346 330 1354
6340 2 2 5 1 3352 1354 534
6341 2 2 5 1 972 3353 3112
6342 2 2 5 1 3353 1359 3112
6343 2 2 5 1 3353 534 1359
6344 2 2 5 1 3112 1359 291
6345 2 2 5 1 170 2163 2753
6346 2 2 5 1 2163 3354 2753
6347 2 2 5 1 2163 739 3354
6348 2 2 5 1 2753 3354 885
6349 2 2 5 1 739 3355 3354
6350 2 2 5 1 3355 3356 3354
6351 2 2 5 1 3355 1022 3356
6352 2 2 5 1 3354 3356 885
6353 2 2 5 1 739 2168 3355
6354 2 2 5 1 2168 3357 3355
6355 2 2 5 1 2168 384 3357
6356 2 2 5 1 3355 3357 1022
6357 2 2 5 1 885 3356 2754
6358 2 2 5 1 3356 3358 2754
6359 2 2 5 1 3356 1022 3358
6360 2 2 5 1 2754 3358 419
6361 2 2 5 1 384 3359 3357
6362 2 2 5 1 3359 3360 3357
6363 2 2 5 1 3359 1023 3360
6364 2 2 5 1 3357 3360 1022
6365 2 2 5 1 1023 3361 3360
6366 2 2 5 1 3361 3362 3360
6367 2 2 5 1 3361 1024 3362
6368 2 2 5 1 3360 3362 1022
6369 2 2 5 1 1023 3363 3361
6370 2 2 5 1 3363 3364 3361
6371 2 2 5 1 3363 445 3364
6372 2 2 5 1 3361 3364 1024
6373 2 2 5 1 1022 3362 3358
6374 2 2 5 1 3362 3365 3358
6375 2 2 5 1 3362 1024 3365
6376 2 2 5 1 3358 3365 419
6377 2 2 5 1 384 2182 3359
6378 2 2 5 1 2182 3366 3359
6379 2 2 5 1 2182 744 3366
6380 2 2 5 1 3359 3366 1023
6381 2 2 5 1 744 3367 3366
6382 2 2 5 1 3367 3368 3366
6383 2 2 5 1 3367 1001 3368
6384 2 2 5 1 3366 3368 1023
6385 2 2 5 1 744 2187 3367
6386 2 2 5 1 2187 3239 3367
6387 2 2 5 1 2187 284 3239
6388 2 2 5 1 3367 3239 1001
6389 2 2 5 1 1023 3368 3363
6390 2 2 5 1 3368 3244 3363
6391 2 2 5 1 3368 1001 3244
6392 2 2 5 1 3363 3244 445
6393 2 2 5 1 419 3365 2758
6394 2 2 5 1 3365 3369 2758
6395 2 2 5 1 3365 1024 3369
6396 2 2 5 1 2758 3369 886
6397 2 2 5 1 1024 3370 3369
6398 2 2 5 1 3370 3371 3369
6399 2 2 5 1 3370 1004 3371
6400 2 2 5 1 3369 3371 886
6401 2 2 5 1 1024 3364 3370
6402 2 2 5 1 3364 3256 3370
6403 2 2 5 1 3364 445 3256
6404 2 2 5 1 3370 3256 1004
6405 2 2 5 1 886 3371 2759
6406 2 2 5 1 3371 3259 2759
6407 2 2 5 1 3371 1004 3259
6408 2 2 5 1 2759 3259 294
6409 2 2 5 1 285 2212 3275
6410 2 2 5 1 2212 3372 3275
6411 2 2 5 1 2212 750 3372
6412 2 2 5 1 3275 3372 1008
6413 2 2 5 1 750 3373 3372
6414 2 2 5 1 3373 3374 3372
6415 2 2 5 1 3373 1025 3374
6416 2 2 5 1 3372 3374 1008
6417 2 2 5 1 750 2211 3373
6418 2 2 5 1 2211 3375 3373
6419 2 2 5 1 2211 385 3375
6420 2 2 5 1 3373 3375 1025
6421 2 2 5 1 1008 3374 3276
6422 2 2 5 1 3374 3376 3276
6423 2 2 5 1 3374 1025 3376
6424 2 2 5 1 3276 3376 446
6425 2 2 5 1 385 3377 3375
6426 2 2 5 1 3377 3378 3375
6427 2 2 5 1 3377 1026 3378
6428 2 2 5 1 3375 3378 1025
6429 2 2 5 1 1026 3379 3378
6430 2 2 5 1 3379 3380 3378
6431 2 2 5 1 3379 1027 3380
6432 2 2 5 1 3378 3380 1025
6433 2 2 5 1 1026 3381 3379
6434 2 2 5 1 3381 3382 3379
6435 2 2 5 1 3381 420 3382
6436 2 2 5 1 3379 3382 1027
6437 2 2 5 1 1025 3380 3376
6438 2 2 5 1 3380 3383 3376
6439 2 2 5 1 3380 1027 3383
6440 2 2 5 1 3376 3383 446
6441 2 2 5 1 385 2206 3377
6442 2 2 5 1 2206 3384 3377
6443 2 2 5 1 2206 749 3384
6444 2 2 5 1 3377 3384 1026
6445 2 2 5 1 749 3385 3384
6446 2 2 5 1 3385 3386 3384
6447 2 2 5 1 3385 888 3386
6448 2 2 5 1 3384 3386 1026
6449 2 2 5 1 749 2205 3385
6450 2 2 5 1 2205 2761 3385
6451 2 2 5 1 2205 84 2761
6452 2 2 5 1 3385 2761 888
6453 2 2 5 1 1026 3386 3381
6454 2 2 5 1 3386 2766 3381
6455 2 2 5 1 3386 888 2766
6456 2 2 5 1 3381 2766 420
6457 2 2 5 1 446 3383 3280
6458 2 2 5 1 3383 3387 3280
6459 2 2 5 1 3383 1027 3387
6460 2 2 5 1 3280 3387 1009
6461 2 2 5 1 1027 3388 3387
6462 2 2 5 1 3388 3389 3387
6463 2 2 5 1 3388 891 3389
6464 2 2 5 1 3387 3389 1009
6465 2 2 5 1 1027 3382 3388
6466 2 2 5 1 3382 2778 3388
6467 2 2 5 1 3382 420 2778
6468 2 2 5 1 3388 2778 891
6469 2 2 5 1 1009 3389 3281
6470 2 2 5 1 3389 2781 3281
6471 2 2 5 1 3389 891 2781
6472 2 2 5 1 3281 2781 295
6473 2 2 5 1 273 1647 1543
6474 2 2 5 1 1647 3390 1543
6475 2 2 5 1 1647 613 3390
6476 2 2 5 1 1543 3390 586
6477 2 2 5 1 613 3391 3390
6478 2 2 5 1 3391 3392 3390
6479 2 2 5 1 3391 1028 3392
6480 2 2 5 1 3390 3392 586
6481 2 2 5 1 613 1652 3391
6482 2 2 5 1 1652 3393 3391
6483 2 2 5 1 1652 354 3393
6484 2 2 5 1 3391 3393 1028
6485 2 2 5 1 586 3392 1544
6486 2 2 5 1 3392 3394 1544
6487 2 2 5 1 3392 1028 3394
6488 2 2 5 1 1544 3394 346
6489 2 2 5 1 354 3395 3393
6490 2 2 5 1 3395 3396 3393
6491 2 2 5 1 3395 1029 3396
6492 2 2 5 1 3393 3396 1028
6493 2 2 5 1 1029 3397 3396
6494 2 2 5 1 3397 3398 3396
6495 2 2 5 1 3397 1030 3398
6496 2 2 5 1 3396 3398 1028
6497 2 2 5 1 1029 3399 3397
6498 2 2 5 1 3399 3400 3397
6499 2 2 5 1 3399 372 3400
6500 2 2 5 1 3397 3400 1030
6501 2 2 5 1 1028 3398 3394
6502 2 2 5 1 3398 3401 3394
6503 2 2 5 1 3398 1030 3401
6504 2 2 5 1 3394 3401 346
6505 2 2 5 1 354 1666 3395
6506 2 2 5 1 1666 3402 3395
6507 2 2 5 1 1666 618 3402
6508 2 2 5 1 3395 3402 1029
6509 2 2 5 1 618 3403 3402
6510 2 2 5 1 3403 3404 3402
6511 2 2 5 1 3403 676 3404
6512 2 2 5 1 3402 3404 1029
6513 2 2 5 1 618 1671 3403
6514 2 2 5 1 1671 1881 3403
6515 2 2 5 1 1671 287 1881
6516 2 2 5 1 3403 1881 676
6517 2 2 5 1 1029 3404 3399
6518 2 2 5 1 3404 1886 3399
6519 2 2 5 1 3404 676 1886
6520 2 2 5 1 3399 1886 372
6521 2 2 5 1 346 3401 1548
6522 2 2 5 1 3401 3405 1548
6523 2 2 5 1 3401 1030 3405
6524 2 2 5 1 1548 3405 587
6525 2 2 5 1 1030 3406 3405
6526 2 2 5 1 3406 3407 3405
6527 2 2 5 1 3406 681 3407
6528 2 2 5 1 3405 3407 587
6529 2 2 5 1 1030 3400 3406
6530 2 2 5 1 3400 1900 3406
6531 2 2 5 1 3400 372 1900
6532 2 2 5 1 3406 1900 681
6533 2 2 5 1 587 3407 1549
6534 2 2 5 1 3407 1905 1549
6535 2 2 5 1 3407 681 1905
6536 2 2 5 1 1549 1905 296
6537 2 2 5 1 286 1644 1923
6538 2 2 5 1 1644 3408 1923
6539 2 2 5 1 1644 610 3408
6540 2 2 5 1 1923 3408 686
6541 2 2 5 1 610 3409 3408
6542 2 2 5 1 3409 3410 3408
6543 2 2 5 1 3409 1031 3410
6544 2 2 5 1 3408 3410 686
6545 2 2 5 1 610 1643 3409
6546 2 2 5 1 1643 3411 3409
6547 2 2 5 1 1643 351 3411
6548 2 2 5 1 3409 3411 1031
6549 2 2 5 1 686 3410 1924
6550 2 2 5 1 3410 3412 1924
6551 2 2 5 1 3410 1031 3412
6552 2 2 5 1 1924 3412 373
6553 2 2 5 1 351 3413 3411
6554 2 2 5 1 3413 3414 3411
6555 2 2 5 1 3413 1032 3414
6556 2 2 5 1 3411 3414 1031
6557 2 2 5 1 1032 3415 3414
6558 2 2 5 1 3415 3416 3414
6559 2 2 5 1 3415 1033 3416
6560 2 2 5 1 3414 3416 1031
6561 2 2 5 1 1032 3417 3415
6562 2 2 5 1 3417 3418 3415
6563 2 2 5 1 3417 348 3418
6564 2 2 5 1 3415 3418 1033
6565 2 2 5 1 1031 3416 3412
6566 2 2 5 1 3416 3419 3412
6567 2 2 5 1 3416 1033 3419
6568 2 2 5 1 3412 3419 373
6569 2 2 5 1 351 1638 3413
6570 2 2 5 1 1638 3420 3413
6571 2 2 5 1 1638 609 3420
6572 2 2 5 1 3413 3420 1032
6573 2 2 5 1 609 3421 3420
6574 2 2 5 1 3421 3422 3420
6575 2 2 5 1 3421 590 3422
6576 2 2 5 1 3420 3422 1032
6577 2 2 5 1 609 1637 3421
6578 2 2 5 1 1637 1552 3421
6579 2 2 5 1 1637 274 1552
6580 2 2 5 1 3421 1552 590
6581 2 2 5 1 1032 3422 3417
6582 2 2 5 1 3422 1558 3417
6583 2 2 5 1 3422 590 1558
6584 2 2 5 1 3417 1558 348
6585 2 2 5 1 373 3419 1929
6586 2 2 5 1 3419 3423 1929
6587 2 2 5 1 3419 1033 3423
6588 2 2 5 1 1929 3423 687
6589 2 2 5 1 1033 3424 3423
6590 2 2 5 1 3424 3425 3423
6591 2 2 5 1 3424 594 3425
6592 2 2 5 1 3423 3425 687
6593 2 2 5 1 1033 3418 3424
6594 2 2 5 1 3418 1572 3424
6595 2 2 5 1 3418 348 1572
6596 2 2 5 1 3424 1572 594
6597 2 2 5 1 687 3425 1930
6598 2 2 5 1 3425 1575 1930
6599 2 2 5 1 3425 594 1575
6600 2 2 5 1 1930 1575 297
6601 2 2 5 1 14 2303 2937
6602 2 2 5 1 2303 3426 2937
6603 2 2 5 1 2303 773 3426
6604 2 2 5 1 2937 3426 929
6605 2 2 5 1 773 3427 3426
6606 2 2 5 1 3427 3428 3426
6607 2 2 5 1 3427 1034 3428
6608 2 2 5 1 3426 3428 929
6609 2 2 5 1 773 2308 3427
6610 2 2 5 1 2308 3429 3427
6611 2 2 5 1 2308 392 3429
6612 2 2 5 1 3427 3429 1034
6613 2 2 5 1 929 3428 2938
6614 2 2 5 1 3428 3430 2938
6615 2 2 5 1 3428 1034 3430
6616 2 2 5 1 2938 3430 429
6617 2 2 5 1 392 3431 3429
6618 2 2 5 1 3431 3432 3429
6619 2 2 5 1 3431 1035 3432
6620 2 2 5 1 3429 3432 1034
6621 2 2 5 1 1035 3433 3432
6622 2 2 5 1 3433 3434 3432
6623 2 2 5 1 3433 1036 3434
6624 2 2 5 1 3432 3434 1034
6625 2 2 5 1 1035 3435 3433
6626 2 2 5 1 3435 3436 3433
6627 2 2 5 1 3435 403 3436
6628 2 2 5 1 3433 3436 1036
6629 2 2 5 1 1034 3434 3430
6630 2 2 5 1 3434 3437 3430
6631 2 2 5 1 3434 1036 3437
6632 2 2 5 1 3430 3437 429
6633 2 2 5 1 392 2322 3431
6634 2 2 5 1 2322 3438 3431
6635 2 2 5 1 2322 778 3438
6636 2 2 5 1 3431 3438 1035
6637 2 2 5 1 778 3439 3438
6638 2 2 5 1 3439 3440 3438
6639 2 2 5 1 3439 818 3440
6640 2 2 5 1 3438 3440 1035
6641 2 2 5 1 778 2327 3439
6642 2 2 5 1 2327 2488 3439
6643 2 2 5 1 2327 270 2488
6644 2 2 5 1 3439 2488 818
6645 2 2 5 1 1035 3440 3435
6646 2 2 5 1 3440 2494 3435
6647 2 2 5 1 3440 818 2494
6648 2 2 5 1 3435 2494 403
6649 2 2 5 1 429 3437 2942
6650 2 2 5 1 3437 3441 2942
6651 2 2 5 1 3437 1036 3441
6652 2 2 5 1 2942 3441 930
6653 2 2 5 1 1036 3442 3441
6654 2 2 5 1 3442 3443 3441
6655 2 2 5 1 3442 824 3443
6656 2 2 5 1 3441 3443 930
6657 2 2 5 1 1036 3436 3442
6658 2 2 5 1 3436 2510 3442
6659 2 2 5 1 3436 403 2510
6660 2 2 5 1 3442 2510 824
6661 2 2 5 1 930 3443 2943
6662 2 2 5 1 3443 2515 2943
6663 2 2 5 1 3443 824 2515
6664 2 2 5 1 2943 2515 298
6665 2 2 5 1 269 2352 2537
6666 2 2 5 1 2352 3444 2537
6667 2 2 5 1 2352 784 3444
6668 2 2 5 1 2537 3444 831
6669 2 2 5 1 784 3445 3444
6670 2 2 5 1 3445 3446 3444
6671 2 2 5 1 3445 1037 3446
6672 2 2 5 1 3444 3446 831
6673 2 2 5 1 784 2351 3445
6674 2 2 5 1 2351 3447 3445
6675 2 2 5 1 2351 393 3447
6676 2 2 5 1 3445 3447 1037
6677 2 2 5 1 831 3446 2538
6678 2 2 5 1 3446 3448 2538
6679 2 2 5 1 3446 1037 3448
6680 2 2 5 1 2538 3448 405
6681 2 2 5 1 393 3449 3447
6682 2 2 5 1 3449 3450 3447
6683 2 2 5 1 3449 1038 3450
6684 2 2 5 1 3447 3450 1037
6685 2 2 5 1 1038 3451 3450
6686 2 2 5 1 3451 3452 3450
6687 2 2 5 1 3451 1039 3452
6688 2 2 5 1 3450 3452 1037
6689 2 2 5 1 1038 3453 3451
6690 2 2 5 1 3453 3454 3451
6691 2 2 5 1 3453 430 3454
6692 2 2 5 1 3451 3454 1039
6693 2 2 5 1 1037 3452 3448
6694 2 2 5 1 3452 3455 3448
6695 2 2 5 1 3452 1039 3455
6696 2 2 5 1 3448 3455 405
6697 2 2 5 1 393 2346 3449
6698 2 2 5 1 2346 3456 3449
6699 2 2 5 1 2346 783 3456
6700 2 2 5 1 3449 3456 1038
6701 2 2 5 1 783 3457 3456
6702 2 2 5 1 3457 3458 3456
6703 2 2 5 1 3457 932 3458
6704 2 2 5 1 3456 3458 1038
6705 2 2 5 1 783 2345 3457
6706 2 2 5 1 2345 2945 3457
6707 2 2 5 1 2345 45 2945
6708 2 2 5 1 3457 2945 932
6709 2 2 5 1 1038 3458 3453
6710 2 2 5 1 3458 2950 3453
6711 2 2 5 1 3458 932 2950
6712 2 2 5 1 3453 2950 430
6713 2 2 5 1 405 3455 2543
6714 2 2 5 1 3455 3459 2543
6715 2 2 5 1 3455 1039 3459
6716 2 2 5 1 2543 3459 832
6717 2 2 5 1 1039 3460 3459
6718 2 2 5 1 3460 3461 3459
6719 2 2 5 1 3460 935 3461
6720 2 2 5 1 3459 3461 832
6721 2 2 5 1 1039 3454 3460
6722 2 2 5 1 3454 2962 3460
6723 2 2 5 1 3454 430 2962
6724 2 2 5 1 3460 2962 935
6725 2 2 5 1 832 3461 2544
6726 2 2 5 1 3461 2965 2544
6727 2 2 5 1 3461 935 2965
6728 2 2 5 1 2544 2965 299
6729 2 2 5 1 284 2235 2985
6730 2 2 5 1 2235 3462 2985
6731 2 2 5 1 2235 756 3462
6732 2 2 5 1 2985 3462 941
6733 2 2 5 1 756 3463 3462
6734 2 2 5 1 3463 3464 3462
6735 2 2 5 1 3463 1040 3464
6736 2 2 5 1 3462 3464 941
6737 2 2 5 1 756 2234 3463
6738 2 2 5 1 2234 3465 3463
6739 2 2 5 1 2234 387 3465
6740 2 2 5 1 3463 3465 1040
6741 2 2 5 1 941 3464 2986
6742 2 2 5 1 3464 3466 2986
6743 2 2 5 1 3464 1040 3466
6744 2 2 5 1 2986 3466 432
6745 2 2 5 1 387 3467 3465
6746 2 2 5 1 3467 3468 3465
6747 2 2 5 1 3467 1041 3468
6748 2 2 5 1 3465 3468 1040
6749 2 2 5 1 1041 3469 3468
6750 2 2 5 1 3469 3470 3468
6751 2 2 5 1 3469 1042 3470
6752 2 2 5 1 3468 3470 1040
6753 2 2 5 1 1041 3471 3469
6754 2 2 5 1 3471 3472 3469
6755 2 2 5 1 3471 447 3472
6756 2 2 5 1 3469 3472 1042
6757 2 2 5 1 1040 3470 3466
6758 2 2 5 1 3470 3473 3466
6759 2 2 5 1 3470 1042 3473
6760 2 2 5 1 3466 3473 432
6761 2 2 5 1 387 2230 3467
6762 2 2 5 1 2230 3474 3467
6763 2 2 5 1 2230 755 3474
6764 2 2 5 1 3467 3474 1041
6765 2 2 5 1 755 3475 3474
6766 2 2 5 1 3475 3476 3474
6767 2 2 5 1 3475 1043 3476
6768 2 2 5 1 3474 3476 1041
6769 2 2 5 1 755 2229 3475
6770 2 2 5 1 2229 3477 3475
6771 2 2 5 1 2229 265 3477
6772 2 2 5 1 3475 3477 1043
6773 2 2 5 1 1041 3476 3471
6774 2 2 5 1 3476 3478 3471
6775 2 2 5 1 3476 1043 3478
6776 2 2 5 1 3471 3478 447
6777 2 2 5 1 432 3473 2990
6778 2 2 5 1 3473 3479 2990
6779 2 2 5 1 3473 1042 3479
6780 2 2 5 1 2990 3479 942
6781 2 2 5 1 1042 3480 3479
6782 2 2 5 1 3480 3481 3479
6783 2 2 5 1 3480 1044 3481
6784 2 2 5 1 3479 3481 942
6785 2 2 5 1 1042 3472 3480
6786 2 2 5 1 3472 3482 3480
6787 2 2 5 1 3472 447 3482
6788 2 2 5 1 3480 3482 1044
6789 2 2 5 1 942 3481 2991
6790 2 2 5 1 3481 3483 2991
6791 2 2 5 1 3481 1044 3483
6792 2 2 5 1 2991 3483 301
6793 2 2 5 1 266 2237 3485
6794 2 2 5 1 2237 3484 3485
6795 2 2 5 1 2237 758 3484
6796 2 2 5 1 3485 3484 1046
6797 2 2 5 1 758 3486 3484
6798 2 2 5 1 3486 3487 3484
6799 2 2 5 1 3486 1045 3487
6800 2 2 5 1 3484 3487 1046
6801 2 2 5 1 758 2242 3486
6802 2 2 5 1 2242 3488 3486
6803 2 2 5 1 2242 388 3488
6804 2 2 5 1 3486 3488 1045
6805 2 2 5 1 1046 3487 3490
6806 2 2 5 1 3487 3489 3490
6807 2 2 5 1 3487 1045 3489
6808 2 2 5 1 3490 3489 448
6809 2 2 5 1 388 3491 3488
6810 2 2 5 1 3491 3492 3488
6811 2 2 5 1 3491 1047 3492
6812 2 2 5 1 3488 3492 1045
6813 2 2 5 1 1047 3493 3492
6814 2 2 5 1 3493 3494 3492
6815 2 2 5 1 3493 1048 3494
6816 2 2 5 1 3492 3494 1045
6817 2 2 5 1 1047 3495 3493
6818 2 2 5 1 3495 3496 3493
6819 2 2 5 1 3495 434 3496
6820 2 2 5 1 3493 3496 1048
6821 2 2 5 1 1045 3494 3489
6822 2 2 5 1 3494 3497 3489
6823 2 2 5 1 3494 1048 3497
6824 2 2 5 1 3489 3497 448
6825 2 2 5 1 388 2254 3491
6826 2 2 5 1 2254 3498 3491
6827 2 2 5 1 2254 761 3498
6828 2 2 5 1 3491 3498 1047
6829 2 2 5 1 761 3499 3498
6830 2 2 5 1 3499 3500 3498
6831 2 2 5 1 3499 945 3500
6832 2 2 5 1 3498 3500 1047
6833 2 2 5 1 761 2257 3499
6834 2 2 5 1 2257 2994 3499
6835 2 2 5 1 2257 285 2994
6836 2 2 5 1 3499 2994 945
6837 2 2 5 1 1047 3500 3495
6838 2 2 5 1 3500 3000 3495
6839 2 2 5 1 3500 945 3000
6840 2 2 5 1 3495 3000 434
6841 2 2 5 1 448 3497 3502
6842 2 2 5 1 3497 3501 3502
6843 2 2 5 1 3497 1048 3501
6844 2 2 5 1 3502 3501 1049
6845 2 2 5 1 1048 3503 3501
6846 2 2 5 1 3503 3504 3501
6847 2 2 5 1 3503 949 3504
6848 2 2 5 1 3501 3504 1049
6849 2 2 5 1 1048 3496 3503
6850 2 2 5 1 3496 3014 3503
6851 2 2 5 1 3496 434 3014
6852 2 2 5 1 3503 3014 949
6853 2 2 5 1 1049 3504 3505
6854 2 2 5 1 3504 3017 3505
6855 2 2 5 1 3504 949 3017
6856 2 2 5 1 3505 3017 300
6857 2 2 5 1 278 2687 1515
6858 2 2 5 1 2687 3506 1515
6859 2 2 5 1 2687 869 3506
6860 2 2 5 1 1515 3506 578
6861 2 2 5 1 869 3507 3506
6862 2 2 5 1 3507 3508 3506
6863 2 2 5 1 3507 1050 3508
6864 2 2 5 1 3506 3508 578
6865 2 2 5 1 869 2692 3507
6866 2 2 5 1 2692 3509 3507
6867 2 2 5 1 2692 416 3509
6868 2 2 5 1 3507 3509 1050
6869 2 2 5 1 578 3508 1516
6870 2 2 5 1 3508 3510 1516
6871 2 2 5 1 3508 1050 3510
6872 2 2 5 1 1516 3510 343
6873 2 2 5 1 416 3511 3509
6874 2 2 5 1 3511 3512 3509
6875 2 2 5 1 3511 1051 3512
6876 2 2 5 1 3509 3512 1050
6877 2 2 5 1 1051 3513 3512
6878 2 2 5 1 3513 3514 3512
6879 2 2 5 1 3513 1052 3514
6880 2 2 5 1 3512 3514 1050
6881 2 2 5 1 1051 3515 3513
6882 2 2 5 1 3515 3516 3513
6883 2 2 5 1 3515 449 3516
6884 2 2 5 1 3513 3516 1052
6885 2 2 5 1 1050 3514 3510
6886 2 2 5 1 3514 3517 3510
6887 2 2 5 1 3514 1052 3517
6888 2 2 5 1 3510 3517 343
6889 2 2 5 1 416 2706 3511
6890 2 2 5 1 2706 3518 3511
6891 2 2 5 1 2706 874 3518
6892 2 2 5 1 3511 3518 1051
6893 2 2 5 1 874 3519 3518
6894 2 2 5 1 3519 3520 3518
6895 2 2 5 1 3519 1053 3520
6896 2 2 5 1 3518 3520 1051
6897 2 2 5 1 874 2711 3519
6898 2 2 5 1 2711 3521 3519
6899 2 2 5 1 2711 293 3521
6900 2 2 5 1 3519 3521 1053
6901 2 2 5 1 1051 3520 3515
6902 2 2 5 1 3520 3522 3515
6903 2 2 5 1 3520 1053 3522
6904 2 2 5 1 3515 3522 449
6905 2 2 5 1 343 3517 1521
6906 2 2 5 1 3517 3523 1521
6907 2 2 5 1 3517 1052 3523
6908 2 2 5 1 1521 3523 579
6909 2 2 5 1 1052 3524 3523
6910 2 2 5 1 3524 3525 3523
6911 2 2 5 1 3524 1054 3525
6912 2 2 5 1 3523 3525 579
6913 2 2 5 1 1052 3516 3524
6914 2 2 5 1 3516 3526 3524
6915 2 2 5 1 3516 449 3526
6916 2 2 5 1 3524 3526 1054
6917 2 2 5 1 579 3525 1522
6918 2 2 5 1 3525 3527 1522
6919 2 2 5 1 3525 1054 3527
6920 2 2 5 1 1522 3527 300
6921 2 2 5 1 292 2736 3529
6922 2 2 5 1 2736 3528 3529
6923 2 2 5 1 2736 880 3528
6924 2 2 5 1 3529 3528 1056
6925 2 2 5 1 880 3530 3528
6926 2 2 5 1 3530 3531 3528
6927 2 2 5 1 3530 1055 3531
6928 2 2 5 1 3528 3531 1056
6929 2 2 5 1 880 2735 3530
6930 2 2 5 1 2735 3532 3530
6931 2 2 5 1 2735 417 3532
6932 2 2 5 1 3530 3532 1055
6933 2 2 5 1 1056 3531 3534
6934 2 2 5 1 3531 3533 3534
6935 2 2 5 1 3531 1055 3533
6936 2 2 5 1 3534 3533 450
6937 2 2 5 1 417 3535 3532
6938 2 2 5 1 3535 3536 3532
6939 2 2 5 1 3535 1057 3536
6940 2 2 5 1 3532 3536 1055
6941 2 2 5 1 1057 3537 3536
6942 2 2 5 1 3537 3538 3536
6943 2 2 5 1 3537 1058 3538
6944 2 2 5 1 3536 3538 1055
6945 2 2 5 1 1057 3539 3537
6946 2 2 5 1 3539 3540 3537
6947 2 2 5 1 3539 342 3540
6948 2 2 5 1 3537 3540 1058
6949 2 2 5 1 1055 3538 3533
6950 2 2 5 1 3538 3541 3533
6951 2 2 5 1 3538 1058 3541
6952 2 2 5 1 3533 3541 450
6953 2 2 5 1 417 2730 3535
6954 2 2 5 1 2730 3542 3535
6955 2 2 5 1 2730 879 3542
6956 2 2 5 1 3535 3542 1057
6957 2 2 5 1 879 3543 3542
6958 2 2 5 1 3543 3544 3542
6959 2 2 5 1 3543 568 3544
6960 2 2 5 1 3542 3544 1057
6961 2 2 5 1 879 2729 3543
6962 2 2 5 1 2729 1473 3543
6963 2 2 5 1 2729 277 1473
6964 2 2 5 1 3543 1473 568
6965 2 2 5 1 1057 3544 3539
6966 2 2 5 1 3544 1478 3539
6967 2 2 5 1 3544 568 1478
6968 2 2 5 1 3539 1478 342
6969 2 2 5 1 450 3541 3546
6970 2 2 5 1 3541 3545 3546
6971 2 2 5 1 3541 1058 3545
6972 2 2 5 1 3546 3545 1059
6973 2 2 5 1 1058 3547 3545
6974 2 2 5 1 3547 3548 3545
6975 2 2 5 1 3547 573 3548
6976 2 2 5 1 3545 3548 1059
6977 2 2 5 1 1058 3540 3547
6978 2 2 5 1 3540 1492 3547
6979 2 2 5 1 3540 342 1492
6980 2 2 5 1 3547 1492 573
6981 2 2 5 1 1059 3548 3549
6982 2 2 5 1 3548 1497 3549
6983 2 2 5 1 3548 573 1497
6984 2 2 5 1 3549 1497 301
6985 2 2 5 1 291 1358 3129
6986 2 2 5 1 1358 3550 3129
6987 2 2 5 1 1358 533 3550
6988 2 2 5 1 3129 3550 977
6989 2 2 5 1 533 3551 3550
6990 2 2 5 1 3551 3552 3550
6991 2 2 5 1 3551 1060 3552
6992 2 2 5 1 3550 3552 977
6993 2 2 5 1 533 1357 3551
6994 2 2 5 1 1357 3553 3551
6995 2 2 5 1 1357 329 3553
6996 2 2 5 1 3551 3553 1060
6997 2 2 5 1 977 3552 3130
6998 2 2 5 1 3552 3554 3130
6999 2 2 5 1 3552 1060 3554
7000 2 2 5 1 3130 3554 441
7001 2 2 5 1 329 3555 3553
7002 2 2 5 1 3555 3556 3553
7003 2 2 5 1 3555 1061 3556
7004 2 2 5 1 3553 3556 1060
7005 2 2 5 1 1061 3557 3556
7006 2 2 5 1 3557 3558 3556
7007 2 2 5 1 3557 1062 3558
7008 2 2 5 1 3556 3558 1060
7009 2 2 5 1 1061 3559 3557
7010 2 2 5 1 3559 3560 3557
7011 2 2 5 1 3559 418 3560
7012 2 2 5 1 3557 3560 1062
7013 2 2 5 1 1060 3558 3554
7014 2 2 5 1 3558 3561 3554
7015 2 2 5 1 3558 1062 3561
7016 2 2 5 1 3554 3561 441
7017 2 2 5 1 329 1352 3555
7018 2 2 5 1 1352 3562 3555
7019 2 2 5 1 1352 532 3562
7020 2 2 5 1 3555 3562 1061
7021 2 2 5 1 532 3563 3562
7022 2 2 5 1 3563 3564 3562
7023 2 2 5 1 3563 876 3564
7024 2 2 5 1 3562 3564 1061
7025 2 2 5 1 532 1351 3563
7026 2 2 5 1 1351 2713 3563
7027 2 2 5 1 1351 275 2713
7028 2 2 5 1 3563 2713 876
7029 2 2 5 1 1061 3564 3559
7030 2 2 5 1 3564 2718 3559
7031 2 2 5 1 3564 876 2718
7032 2 2 5 1 3559 2718 418
7033 2 2 5 1 441 3561 3134
7034 2 2 5 1 3561 3565 3134
7035 2 2 5 1 3561 1062 3565
7036 2 2 5 1 3134 3565 978
7037 2 2 5 1 1062 3566 3565
7038 2 2 5 1 3566 3567 3565
7039 2 2 5 1 3566 881 3567
7040 2 2 5 1 3565 3567 978
7041 2 2 5 1 1062 3560 3566
7042 2 2 5 1 3560 2732 3566
7043 2 2 5 1 3560 418 2732
7044 2 2 5 1 3566 2732 881
7045 2 2 5 1 978 3567 3135
7046 2 2 5 1 3567 2737 3135
7047 2 2 5 1 3567 881 2737
7048 2 2 5 1 3135 2737 292
7049 2 2 5 1 276 1302 2703
7050 2 2 5 1 1302 3568 2703
7051 2 2 5 1 1302 519 3568
7052 2 2 5 1 2703 3568 872
7053 2 2 5 1 519 3569 3568
7054 2 2 5 1 3569 3570 3568
7055 2 2 5 1 3569 1063 3570
7056 2 2 5 1 3568 3570 872
7057 2 2 5 1 519 1308 3569
7058 2 2 5 1 1308 3571 3569
7059 2 2 5 1 1308 327 3571
7060 2 2 5 1 3569 3571 1063
7061 2 2 5 1 872 3570 2704
7062 2 2 5 1 3570 3572 2704
7063 2 2 5 1 3570 1063 3572
7064 2 2 5 1 2704 3572 415
7065 2 2 5 1 327 3573 3571
7066 2 2 5 1 3573 3574 3571
7067 2 2 5 1 3573 1064 3574
7068 2 2 5 1 3571 3574 1063
7069 2 2 5 1 1064 3575 3574
7070 2 2 5 1 3575 3576 3574
7071 2 2 5 1 3575 1065 3576
7072 2 2 5 1 3574 3576 1063
7073 2 2 5 1 1064 3577 3575
7074 2 2 5 1 3577 3578 3575
7075 2 2 5 1 3577 442 3578
7076 2 2 5 1 3575 3578 1065
7077 2 2 5 1 1063 3576 3572
7078 2 2 5 1 3576 3579 3572
7079 2 2 5 1 3576 1065 3579
7080 2 2 5 1 3572 3579 415
7081 2 2 5 1 327 1324 3573
7082 2 2 5 1 1324 3580 3573
7083 2 2 5 1 1324 525 3580
7084 2 2 5 1 3573 3580 1064
7085 2 2 5 1 525 3581 3580
7086 2 2 5 1 3581 3582 3580
7087 2 2 5 1 3581 980 3582
7088 2 2 5 1 3580 3582 1064
7089 2 2 5 1 525 1329 3581
7090 2 2 5 1 1329 3137 3581
7091 2 2 5 1 1329 290 3137
7092 2 2 5 1 3581 3137 980
7093 2 2 5 1 1064 3582 3577
7094 2 2 5 1 3582 3142 3577
7095 2 2 5 1 3582 980 3142
7096 2 2 5 1 3577 3142 442
7097 2 2 5 1 415 3579 2709
7098 2 2 5 1 3579 3583 2709
7099 2 2 5 1 3579 1065 3583
7100 2 2 5 1 2709 3583 873
7101 2 2 5 1 1065 3584 3583
7102 2 2 5 1 3584 3585 3583
7103 2 2 5 1 3584 983 3585
7104 2 2 5 1 3583 3585 873
7105 2 2 5 1 1065 3578 3584
7106 2 2 5 1 3578 3154 3584
7107 2 2 5 1 3578 442 3154
7108 2 2 5 1 3584 3154 983
7109 2 2 5 1 873 3585 2710
7110 2 2 5 1 3585 3157 2710
7111 2 2 5 1 3585 983 3157
7112 2 2 5 1 2710 3157 293
7113 2 2 5 1 265 2871 3477
7114 2 2 5 1 2871 3586 3477
7115 2 2 5 1 2871 913 3586
7116 2 2 5 1 3477 3586 1043
7117 2 2 5 1 913 3587 3586
7118 2 2 5 1 3587 3588 3586
7119 2 2 5 1 3587 1066 3588
7120 2 2 5 1 3586 3588 1043
7121 2 2 5 1 913 2876 3587
7122 2 2 5 1 2876 3589 3587
7123 2 2 5 1 2876 426 3589
7124 2 2 5 1 3587 3589 1066
7125 2 2 5 1 1043 3588 3478
7126 2 2 5 1 3588 3590 3478
7127 2 2 5 1 3588 1066 3590
7128 2 2 5 1 3478 3590 447
7129 2 2 5 1 426 3591 3589
7130 2 2 5 1 3591 3592 3589
7131 2 2 5 1 3591 1067 3592
7132 2 2 5 1 3589 3592 1066
7133 2 2 5 1 1067 3593 3592
7134 2 2 5 1 3593 3594 3592
7135 2 2 5 1 3593 1068 3594
7136 2 2 5 1 3592 3594 1066
7137 2 2 5 1 1067 3595 3593
7138 2 2 5 1 3595 3596 3593
7139 2 2 5 1 3595 450 3596
7140 2 2 5 1 3593 3596 1068
7141 2 2 5 1 1066 3594 3590
7142 2 2 5 1 3594 3597 3590
7143 2 2 5 1 3594 1068 3597
7144 2 2 5 1 3590 3597 447
7145 2 2 5 1 426 2890 3591
7146 2 2 5 1 2890 3598 3591
7147 2 2 5 1 2890 918 3598
7148 2 2 5 1 3591 3598 1067
7149 2 2 5 1 918 3599 3598
7150 2 2 5 1 3599 3600 3598
7151 2 2 5 1 3599 1056 3600
7152 2 2 5 1 3598 3600 1067
7153 2 2 5 1 918 2895 3599
7154 2 2 5 1 2895 3529 3599
7155 2 2 5 1 2895 292 3529
7156 2 2 5 1 3599 3529 1056
7157 2 2 5 1 1067 3600 3595
7158 2 2 5 1 3600 3534 3595
7159 2 2 5 1 3600 1056 3534
7160 2 2 5 1 3595 3534 450
7161 2 2 5 1 447 3597 3482
7162 2 2 5 1 3597 3601 3482
7163 2 2 5 1 3597 1068 3601
7164 2 2 5 1 3482 3601 1044
7165 2 2 5 1 1068 3602 3601
7166 2 2 5 1 3602 3603 3601
7167 2 2 5 1 3602 1059 3603
7168 2 2 5 1 3601 3603 1044
7169 2 2 5 1 1068 3596 3602
7170 2 2 5 1 3596 3546 3602
7171 2 2 5 1 3596 450 3546
7172 2 2 5 1 3602 3546 1059
7173 2 2 5 1 1044 3603 3483
7174 2 2 5 1 3603 3549 3483
7175 2 2 5 1 3603 1059 3549
7176 2 2 5 1 3483 3549 301
7177 2 2 5 1 293 2920 3521
7178 2 2 5 1 2920 3604 3521
7179 2 2 5 1 2920 924 3604
7180 2 2 5 1 3521 3604 1053
7181 2 2 5 1 924 3605 3604
7182 2 2 5 1 3605 3606 3604
7183 2 2 5 1 3605 1069 3606
7184 2 2 5 1 3604 3606 1053
7185 2 2 5 1 924 2919 3605
7186 2 2 5 1 2919 3607 3605
7187 2 2 5 1 2919 427 3607
7188 2 2 5 1 3605 3607 1069
7189 2 2 5 1 1053 3606 3522
7190 2 2 5 1 3606 3608 3522
7191 2 2 5 1 3606 1069 3608
7192 2 2 5 1 3522 3608 449
7193 2 2 5 1 427 3609 3607
7194 2 2 5 1 3609 3610 3607
7195 2 2 5 1 3609 1070 3610
7196 2 2 5 1 3607 3610 1069
7197 2 2 5 1 1070 3611 3610
7198 2 2 5 1 3611 3612 3610
7199 2 2 5 1 3611 1071 3612
7200 2 2 5 1 3610 3612 1069
7201 2 2 5 1 1070 3613 3611
7202 2 2 5 1 3613 3614 3611
7203 2 2 5 1 3613 448 3614
7204 2 2 5 1 3611 3614 1071
7205 2 2 5 1 1069 3612 3608
7206 2 2 5 1 3612 3615 3608
7207 2 2 5 1 3612 1071 3615
7208 2 2 5 1 3608 3615 449
7209 2 2 5 1 427 2914 3609
7210 2 2 5 1 2914 3616 3609
7211 2 2 5 1 2914 923 3616
7212 2 2 5 1 3609 3616 1070
7213 2 2 5 1 923 3617 3616
7214 2 2 5 1 3617 3618 3616
7215 2 2 5 1 3617 1046 3618
7216 2 2 5 1 3616 3618 1070
7217 2 2 5 1 923 2913 3617
7218 2 2 5 1 2913 3485 3617
7219 2 2 5 1 2913 266 3485
7220 2 2 5 1 3617 3485 1046
7221 2 2 5 1 1070 3618 3613
7222 2 2 5 1 3618 3490 3613
7223 2 2 5 1 3618 1046 3490
7224 2 2 5 1 3613 3490 448
7225 2 2 5 1 449 3615 3526
7226 2 2 5 1 3615 3619 3526
7227 2 2 5 1 3615 1071 3619
7228 2 2 5 1 3526 3619 1054
7229 2 2 5 1 1071 3620 3619
7230 2 2 5 1 3620 3621 3619
7231 2 2 5 1 3620 1049 3621
7232 2 2 5 1 3619 3621 1054
7233 2 2 5 1 1071 3614 3620
7234 2 2 5 1 3614 3502 3620
7235 2 2 5 1 3614 448 3502
7236 2 2 5 1 3620 3502 1049
7237 2 2 5 1 1054 3621 3527
7238 2 2 5 1 3621 3505 3527
7239 2 2 5 1 3621 1049 3505
7240 2 2 5 1 3527 3505 300
$EndElements
